step,hour,global_hour,day_index,hour_of_day,time_label,expected_passing_total,expected_passing_ab,expected_passing_ba,arrivals_total,arrivals_ab,arrivals_ba,starts_total,starts_ab,starts_ba,completions_total,completions_ab,completions_ba,queue_length,queue_wait_mean_minutes,queue_wait_max_minutes,active_plugs,utilization,started_service_mean_minutes,started_wait_mean_minutes,completed_wait_mean_minutes,disruption_active,disruption_type,disruption_type_code,disruption_day_index,disruption_start_hour,disruption_end_hour,disruption_remaining_minutes,effective_num_plugs,demand_multiplier_ab,demand_multiplier_ba,service_time_multiplier,scripted_disruption,step_in_day,day_progress,queue_length_rolling_1h,utilization_rolling_1h,arrivals_total_rolling_1h,starts_total_rolling_1h,completions_total_rolling_1h,queue_wait_mean_minutes_rolling_1h,started_service_mean_minutes_rolling_1h,started_wait_mean_minutes_rolling_1h,effective_num_plugs_rolling_1h
0,0.0,0.0,0,0.0,00:00,11.00008198637012,5.5000508316227625,5.500031154747357,1,1,0,1,1,0,0,0,0,0,0.0,0.0,1,0.1,34.79076970107702,0.0,0.0,0,none,0,-1,-1.0,-1.0,0.0,10,1.0,1.0,1.0,0,0,0.0,0.0,0.1,1.0,1.0,0.0,0.0,34.79076970107702,0.0,10.0
1,0.08333333333333333,0.08333333333333333,0,0.08333333333333333,00:05,11.000106230721423,5.50006586317033,5.500040367551093,1,1,0,1,1,0,0,0,0,0,0.0,0.0,2,0.2,46.942710040408386,0.0,0.0,0,none,0,-1,-1.0,-1.0,0.0,10,1.0,1.0,1.0,0,1,0.003472222222222222,0.0,0.15000000000000002,1.0,1.0,0.0,0.0,40.866739870742705,0.0,10.0
2,0.16666666666666666,0.16666666666666666,0,0.16666666666666666,00:10,11.000137271539305,5.500085108559844,5.500052162979461,1,0,1,1,0,1,0,0,0,0,0.0,0.0,3,0.3,25.949666733485483,0.0,0.0,0,none,0,-1,-1.0,-1.0,0.0,10,1.0,1.0,1.0,0,2,0.006944444444444444,0.0,0.19999999999999998,1.0,1.0,0.0,0.0,35.89438215832363,0.0,10.0
3,0.25,0.25,0,0.25,00:15,11.000176902014061,5.5001096795899755,5.500067222424086,0,0,0,0,0,0,0,0,0,0,0.0,0.0,3,0.3,0.0,0.0,0.0,0,none,0,-1,-1.0,-1.0,0.0,10,1.0,1.0,1.0,0,3,0.010416666666666666,0.0,0.22499999999999998,0.75,0.75,0.0,0.0,26.92078661874272,0.0,10.0
4,0.3333333333333333,0.3333333333333333,0,0.3333333333333333,00:20,11.000227356278621,5.500140961456445,5.500086394822176,1,0,1,1,0,1,0,0,0,0,0.0,0.0,4,0.4,18.14545381022231,0.0,0.0,0,none,0,-1,-1.0,-1.0,0.0,10,1.0,1.0,1.0,0,4,0.013888888888888888,0.0,0.26,0.8,0.8,0.0,0.0,25.16572005703864,0.0,10.0
5,0.4166666666666667,0.4166666666666667,0,0.4166666666666667,00:25,11.000291409044976,5.50018067453398,5.500110734510996,0,0,0,0,0,0,0,0,0,0,0.0,0.0,4,0.4,0.0,0.0,0.0,0,none,0,-1,-1.0,-1.0,0.0,10,1.0,1.0,1.0,0,5,0.017361111111111112,0.0,0.2833333333333333,0.6666666666666666,0.6666666666666666,0.0,0.0,20.971433380865534,0.0,10.0
6,0.5,0.5,0,0.5,00:30,11.000372495477256,5.500230948709127,5.500141546768129,2,2,0,2,2,0,0,0,0,0,0.0,0.0,6,0.6,27.822768561706013,0.0,0.0,0,none,0,-1,-1.0,-1.0,0.0,10,1.0,1.0,1.0,0,6,0.020833333333333332,0.0,0.32857142857142857,0.8571428571428571,0.8571428571428571,0.0,0.0,21.95019554955703,0.0,10.0
7,0.5833333333333334,0.5833333333333334,0,0.5833333333333334,00:35,11.000474854853564,5.5002944124684205,5.500180442385144,0,0,0,0,0,0,1,1,0,0,0.0,0.0,5,0.5,0.0,0.0,0.0,0,none,0,-1,-1.0,-1.0,0.0,10,1.0,1.0,1.0,0,7,0.024305555555555556,0.0,0.35,0.75,0.75,0.125,0.0,19.2064211058624,0.0,10.0
8,0.6666666666666666,0.6666666666666666,0,0.6666666666666666,00:40,11.000603702062527,5.500374299253697,5.50022940280883,1,1,0,1,1,0,2,0,2,0,0.0,0.0,4,0.4,32.25932673795521,0.0,0.0,0,none,0,-1,-1.0,-1.0,0.0,10,1.0,1.0,1.0,0,8,0.027777777777777776,0.0,0.35555555555555557,0.7777777777777778,0.7777777777777778,0.3333333333333333,0.0,20.656743953872713,0.0,10.0
9,0.75,0.75,0,0.75,00:45,11.000765431513953,5.500474573928727,5.500290857585226,2,0,2,2,0,2,0,0,0,0,0.0,0.0,6,0.6,40.54452569978879,0.0,0.0,0,none,0,-1,-1.0,-1.0,0.0,10,1.0,1.0,1.0,0,9,0.03125,0.0,0.38,0.9,0.9,0.3,0.0,22.64552212846432,0.0,10.0
10,0.8333333333333334,0.8333333333333334,0,0.8333333333333334,00:50,11.000967858612453,5.500600082556764,5.50036777605569,3,0,3,3,0,3,0,0,0,0,0.0,0.0,9,0.9,25.114791098637824,0.0,0.0,0,none,0,-1,-1.0,-1.0,0.0,10,1.0,1.0,1.0,0,10,0.034722222222222224,0.0,0.4272727272727273,1.0909090909090908,1.0909090909090908,0.2727272727272727,0.0,22.87000112575282,0.0,10.0
11,0.9166666666666666,0.9166666666666666,0,0.9166666666666666,00:55,11.00122050454246,5.500756729063854,5.500463775478606,0,0,0,0,0,0,2,2,0,0,0.0,0.0,7,0.7,0.0,0.0,0.0,0,none,0,-1,-1.0,-1.0,0.0,10,1.0,1.0,1.0,0,11,0.03819444444444444,0.0,0.45,1.0,1.0,0.4166666666666667,0.0,20.964167698606754,0.0,10.0
12,1.0,1.0,0,1.0,01:00,11.001534930734644,5.5009516827530724,5.500583247981572,1,1,0,1,1,0,0,0,0,0,0.0,0.0,8,0.8,26.496095395181595,0.0,0.0,0,none,0,-1,-1.0,-1.0,0.0,10,1.0,1.0,1.0,0,12,0.041666666666666664,0.0,0.5083333333333334,1.0,1.0,0.4166666666666667,0.0,20.272944839782134,0.0,10.0
13,1.0833333333333333,1.0833333333333333,0,1.0833333333333333,01:04,11.001925130016067,5.501193621034091,5.500731508981977,0,0,0,0,0,0,1,1,0,0,0.0,0.0,7,0.7,0.0,0.0,0.0,0,none,0,-1,-1.0,-1.0,0.0,10,1.0,1.0,1.0,0,13,0.04513888888888889,0.0,0.55,0.9166666666666666,0.9166666666666666,0.5,0.0,16.36105233641477,0.0,10.0
14,1.1666666666666667,1.1666666666666667,0,1.1666666666666667,01:10,11.002407982075074,5.501493012132404,5.500914969942669,0,0,0,0,0,0,0,0,0,0,0.0,0.0,7,0.7,0.0,0.0,0.0,0,none,0,-1,-1.0,-1.0,0.0,10,1.0,1.0,1.0,0,14,0.04861111111111111,0.0,0.5833333333333334,0.8333333333333334,0.8333333333333334,0.5,0.0,14.198580108624311,0.0,10.0
15,1.25,1.25,0,1.25,01:15,11.003003781478727,5.501862442933056,5.501141338545671,0,0,0,0,0,0,3,1,2,0,0.0,0.0,4,0.4,0.0,0.0,0.0,0,none,0,-1,-1.0,-1.0,0.0,10,1.0,1.0,1.0,0,15,0.052083333333333336,0.0,0.5916666666666667,0.8333333333333334,0.8333333333333334,0.75,0.0,14.198580108624311,0.0,10.0
16,1.3333333333333333,1.3333333333333333,0,1.3333333333333333,01:19,11.003736847043271,5.502316997482579,5.501419849560692,1,0,1,1,0,1,0,0,0,0,0.0,0.0,5,0.5,30.316183124267074,0.0,0.0,0,none,0,-1,-1.0,-1.0,0.0,10,1.0,1.0,1.0,0,16,0.05555555555555555,0.0,0.6,0.8333333333333334,0.8333333333333334,0.75,0.0,15.212807551461376,0.0,10.0
17,1.4166666666666667,1.4166666666666667,0,1.4166666666666667,01:25,11.004636221850088,5.502874692005684,5.501761529844404,0,0,0,0,0,0,2,0,2,0,0.0,0.0,3,0.3,0.0,0.0,0.0,0,none,0,-1,-1.0,-1.0,0.0,10,1.0,1.0,1.0,0,17,0.05902777777777778,0.0,0.5916666666666667,0.8333333333333334,0.8333333333333334,0.9166666666666666,0.0,15.212807551461376,0.0,10.0
18,1.5,1.5,0,1.5,01:30,11.005736473589717,5.503556972573228,5.50217950101649,1,0,1,1,0,1,1,1,0,0,0.0,0.0,3,0.3,28.195153353911312,0.0,0.0,0,none,0,-1,-1.0,-1.0,0.0,10,1.0,1.0,1.0,0,18,0.0625,0.0,0.5666666666666667,0.75,0.75,1.0,0.0,15.243839617478486,0.0,10.0
19,1.5833333333333333,1.5833333333333333,0,1.5833333333333333,01:34,11.007078605168505,5.5043892817663895,5.502689323402116,0,0,0,0,0,0,1,0,1,0,0.0,0.0,2,0.2,0.0,0.0,0.0,0,none,0,-1,-1.0,-1.0,0.0,10,1.0,1.0,1.0,0,19,0.06597222222222222,0.0,0.5416666666666666,0.75,0.75,1.0,0.0,15.243839617478486,0.0,10.0
20,1.6666666666666667,1.6666666666666667,0,1.6666666666666667,01:40,11.008711085586196,5.505401700798184,5.503309384788012,2,2,0,2,2,0,0,0,0,0,0.0,0.0,4,0.4,28.898607240424308,0.0,0.0,0,none,0,-1,-1.0,-1.0,0.0,10,1.0,1.0,1.0,0,20,0.06944444444444445,0.0,0.5416666666666666,0.8333333333333334,0.8333333333333334,0.8333333333333334,0.0,14.963779659350907,0.0,10.0
21,1.75,1.75,0,1.75,01:45,11.010691010942473,5.5066296735548965,5.504061337387577,1,0,1,1,0,1,0,0,0,0,0.0,0.0,5,0.5,39.1029629939642,0.0,0.0,0,none,0,-1,-1.0,-1.0,0.0,10,1.0,1.0,1.0,0,21,0.07291666666666667,0.0,0.5333333333333333,0.75,0.75,0.8333333333333334,0.0,14.843649433865528,0.0,10.0
22,1.8333333333333333,1.8333333333333333,0,1.8333333333333333,01:49,11.013085405007352,5.5081148188834455,5.504970586123907,1,1,0,1,1,0,0,0,0,0,0.0,0.0,6,0.6,34.90807509148298,0.0,0.0,0,none,0,-1,-1.0,-1.0,0.0,10,1.0,1.0,1.0,0,22,0.07638888888888888,0.0,0.5083333333333333,0.5833333333333334,0.5833333333333334,0.8333333333333334,0.0,15.659756433269289,0.0,10.0
23,1.9166666666666667,1.9166666666666667,0,1.9166666666666667,01:55,11.015972668041416,5.509905837152156,5.506066830889259,1,1,0,1,1,0,1,0,1,0,0.0,0.0,6,0.6,34.559998486923675,0.0,0.0,0,none,0,-1,-1.0,-1.0,0.0,10,1.0,1.0,1.0,0,23,0.07986111111111112,0.0,0.5,0.6666666666666666,0.6666666666666666,0.75,0.0,18.539756307179594,0.0,10.0
24,2.0,2.0,0,2.0,02:00,11.019444181421887,5.512059516628226,5.507384664793661,2,2,0,2,2,0,2,1,1,0,0.0,0.0,6,0.6,19.781876469874327,0.0,0.0,0,none,0,-1,-1.0,-1.0,0.0,10,1.0,1.0,1.0,0,24,0.08333333333333333,0.0,0.48333333333333334,0.75,0.75,0.9166666666666666,0.0,17.98023806340399,0.0,10.0
25,2.0833333333333335,2.0833333333333335,0,2.0833333333333335,02:05,11.023606074063139,5.514641844523217,5.508964229539922,2,0,2,2,0,2,0,0,0,0,0.0,0.0,8,0.8,23.975002408542935,0.0,0.0,0,none,0,-1,-1.0,-1.0,0.0,10,1.0,1.0,1.0,0,25,0.08680555555555557,0.0,0.49166666666666664,0.9166666666666666,0.9166666666666666,0.8333333333333334,0.0,19.97815493078257,0.0,10.0
26,2.1666666666666665,2.1666666666666665,0,2.1666666666666665,02:09,11.02858115455895,5.517729226638116,5.510851927920833,0,0,0,0,0,0,0,0,0,0,0.0,0.0,8,0.8,0.0,0.0,0.0,0,none,0,-1,-1.0,-1.0,0.0,10,1.0,1.0,1.0,0,26,0.09027777777777778,0.0,0.5,0.9166666666666666,0.9166666666666666,0.8333333333333334,0.0,19.97815493078257,0.0,10.0
27,2.25,2.25,0,2.25,02:15,11.03451101036479,5.5214098183757105,5.5131011919890796,0,0,0,0,0,0,0,0,0,0,0.0,0.0,8,0.8,0.0,0.0,0.0,0,none,0,-1,-1.0,-1.0,0.0,10,1.0,1.0,1.0,0,27,0.09375,0.0,0.5333333333333333,0.9166666666666666,0.9166666666666666,0.5833333333333334,0.0,19.97815493078257,0.0,10.0
28,2.3333333333333335,2.3333333333333335,0,2.3333333333333335,02:20,11.041558272131947,5.525784968468751,5.515773303663196,1,1,0,1,1,0,1,1,0,0,0.0,0.0,8,0.8,25.555846337595728,0.0,0.0,0,none,0,-1,-1.0,-1.0,0.0,10,1.0,1.0,1.0,0,28,0.09722222222222222,0.0,0.5583333333333333,0.9166666666666666,0.9166666666666666,0.6666666666666666,0.0,19.581460198559956,0.0,10.0
29,2.4166666666666665,2.4166666666666665,0,2.4166666666666665,02:24,11.049909037458988,5.530970775092245,5.518938262366743,0,0,0,0,0,0,5,3,2,0,0.0,0.0,3,0.3,0.0,0.0,0.0,0,none,0,-1,-1.0,-1.0,0.0,10,1.0,1.0,1.0,0,29,0.10069444444444443,0.0,0.5583333333333333,0.9166666666666666,0.9166666666666666,0.9166666666666666,0.0,19.581460198559956,0.0,10.0
30,2.5,2.5,0,2.5,02:30,11.059775443807403,5.537099752089127,5.522675691718276,0,0,0,0,0,0,1,1,0,0,0.0,0.0,2,0.2,0.0,0.0,0.0,0,none,0,-1,-1.0,-1.0,0.0,10,1.0,1.0,1.0,0,30,0.10416666666666667,0.0,0.55,0.8333333333333334,0.8333333333333334,0.9166666666666666,0.0,17.231864085734014,0.0,10.0
31,2.5833333333333335,2.5833333333333335,0,2.5833333333333335,02:35,11.071398375117802,5.5443226008501485,5.5270757742676535,1,0,1,1,0,1,0,0,0,0,0.0,0.0,3,0.3,32.173347190843344,0.0,0.0,0,none,0,-1,-1.0,-1.0,0.0,10,1.0,1.0,1.0,0,31,0.1076388888888889,0.0,0.5583333333333333,0.9166666666666666,0.9166666666666666,0.8333333333333334,0.0,19.912976351637624,0.0,10.0
32,2.6666666666666665,2.6666666666666665,0,2.6666666666666665,02:39,11.085050280758281,5.552810080969729,5.532240199788553,0,0,0,0,0,0,1,0,1,0,0.0,0.0,2,0.2,0.0,0.0,0.0,0,none,0,-1,-1.0,-1.0,0.0,10,1.0,1.0,1.0,0,32,0.1111111111111111,0.0,0.5416666666666666,0.75,0.75,0.9166666666666666,0.0,17.504759081602263,0.0,10.0
33,2.75,2.75,0,2.75,02:45,11.101038078854435,5.562754970176136,5.538283108678299,0,0,0,0,0,0,0,0,0,0,0.0,0.0,2,0.2,0.0,0.0,0.0,0,none,0,-1,-1.0,-1.0,0.0,10,1.0,1.0,1.0,0,33,0.11458333333333333,0.0,0.5166666666666667,0.6666666666666666,0.6666666666666666,0.9166666666666666,0.0,14.24617883210525,0.0,10.0
34,2.8333333333333335,2.8333333333333335,0,2.8333333333333335,02:50,11.11970610883199,5.5743741012412,5.5453320075907895,0,0,0,0,0,0,1,1,0,0,0.0,0.0,1,0.1,0.0,0.0,0.0,0,none,0,-1,-1.0,-1.0,0.0,10,1.0,1.0,1.0,0,34,0.11805555555555557,0.0,0.47500000000000003,0.5833333333333334,0.5833333333333334,1.0,0.0,11.337172574481665,0.0,10.0
35,2.9166666666666665,2.9166666666666665,0,2.9166666666666665,02:54,11.141439090215897,5.587910460652415,5.553528629563482,0,0,0,0,0,0,0,0,0,0,0.0,0.0,1,0.1,0.0,0.0,0.0,0,none,0,-1,-1.0,-1.0,0.0,10,1.0,1.0,1.0,0,35,0.12152777777777778,0.0,0.43333333333333335,0.5,0.5,0.9166666666666666,0.0,8.45717270057136,0.0,10.0
36,3.0,3.0,0,3.0,03:00,11.166665036471228,5.60363533082227,5.563029705648958,0,0,0,0,0,0,0,0,0,0,0.0,0.0,1,0.1,0.0,0.0,0.0,0,none,0,-1,-1.0,-1.0,0.0,10,1.0,1.0,1.0,0,36,0.125,0.0,0.39166666666666666,0.3333333333333333,0.3333333333333333,0.75,0.0,6.808682994748501,0.0,10.0
37,3.0833333333333335,3.0833333333333335,0,3.0833333333333335,03:05,11.195858064071933,5.621850454560362,5.574007609511571,1,0,1,1,0,1,0,0,0,0,0.0,0.0,2,0.2,18.588352248245766,0.0,0.0,0,none,0,-1,-1.0,-1.0,0.0,10,1.0,1.0,1.0,0,37,0.12847222222222224,0.0,0.34166666666666673,0.25,0.25,0.75,0.0,6.359795481390403,0.0,10.0
38,3.1666666666666665,3.1666666666666665,0,3.1666666666666665,03:09,11.229541028207668,5.642890197482153,5.586650830725516,0,0,0,0,0,0,1,0,1,0,0.0,0.0,1,0.1,0.0,0.0,0.0,0,none,0,-1,-1.0,-1.0,0.0,10,1.0,1.0,1.0,0,38,0.13194444444444445,0.0,0.2833333333333334,0.25,0.25,0.8333333333333334,0.0,6.359795481390403,0.0,10.0
39,3.25,3.25,0,3.25,03:15,11.268287907786952,5.667123681003905,5.601164226783047,1,0,1,1,0,1,0,0,0,0,0.0,0.0,2,0.2,43.72998399532762,0.0,0.0,0,none,0,-1,-1.0,-1.0,0.0,10,1.0,1.0,1.0,0,39,0.13541666666666666,0.0,0.23333333333333336,0.3333333333333333,0.3333333333333333,0.8333333333333334,0.0,10.003960814334372,0.0,10.0
40,3.3333333333333335,3.3333333333333335,0,3.3333333333333335,03:20,11.312725853902098,5.6949568555891945,5.617768998312903,1,0,1,1,0,1,0,0,0,0,0.0,0.0,3,0.3,31.10021507858503,0.0,0.0,0,none,0,-1,-1.0,-1.0,0.0,10,1.0,1.0,1.0,0,40,0.1388888888888889,0.0,0.19166666666666665,0.3333333333333333,0.3333333333333333,0.75,0.0,10.465991542750146,0.0,10.0
41,3.4166666666666665,3.4166666666666665,0,3.4166666666666665,03:24,11.363536807958473,5.72683448095971,5.636702326998764,2,0,2,2,0,2,1,0,1,0,0.0,0.0,4,0.4,21.537565310222497,0.0,0.0,0,none,0,-1,-1.0,-1.0,0.0,10,1.0,1.0,1.0,0,41,0.1423611111111111,0.0,0.19999999999999998,0.5,0.5,0.4166666666666667,0.0,12.260788651935355,0.0,10.0
42,3.5,3.5,0,3.5,03:30,11.421458588538663,5.76324197702404,5.658216611514622,2,1,1,2,1,1,0,0,0,0,0.0,0.0,6,0.6,36.973982812148066,0.0,0.0,0,none,0,-1,-1.0,-1.0,0.0,10,1.0,1.0,1.0,0,42,0.14583333333333334,0.0,0.23333333333333336,0.6666666666666666,0.6666666666666666,0.3333333333333333,0.0,15.341953886281027,0.0,10.0
43,3.5833333333333335,3.5833333333333335,0,3.5833333333333335,03:35,11.487285340100799,5.804707106241756,5.682578233859043,1,0,1,1,0,1,0,0,0,0,0.0,0.0,7,0.7,16.44164021026704,0.0,0.0,0,none,0,-1,-1.0,-1.0,0.0,10,1.0,1.0,1.0,0,43,0.14930555555555555,0.0,0.26666666666666666,0.6666666666666666,0.6666666666666666,0.3333333333333333,0.0,14.030978304566334,0.0,10.0
44,3.6666666666666665,3.6666666666666665,0,3.6666666666666665,03:39,11.561867232150437,5.851801444918895,5.710065787231542,1,1,0,1,1,0,1,0,1,0,0.0,0.0,7,0.7,25.419124759498573,0.0,0.0,0,none,0,-1,-1.0,-1.0,0.0,10,1.0,1.0,1.0,0,44,0.15277777777777776,0.0,0.3083333333333333,0.75,0.75,0.3333333333333333,0.0,16.149238701191216,0.0,10.0
45,3.75,3.75,0,3.75,03:45,11.646109294941454,5.905141597380265,5.740967697561189,0,0,0,0,0,0,0,0,0,0,0.0,0.0,7,0.7,0.0,0.0,0.0,0,none,0,-1,-1.0,-1.0,0.0,10,1.0,1.0,1.0,0,45,0.15625,0.0,0.35000000000000003,0.75,0.75,0.3333333333333333,0.0,16.149238701191216,0.0,10.0
46,3.8333333333333335,3.8333333333333335,0,3.8333333333333335,03:50,11.740969277423117,5.965390102906246,5.775579174516871,1,1,0,1,1,0,0,0,0,0,0.0,0.0,8,0.8,39.4673621344894,0.0,0.0,0,none,0,-1,-1.0,-1.0,0.0,10,1.0,1.0,1.0,0,46,0.15972222222222224,0.0,0.4083333333333334,0.8333333333333334,0.8333333333333334,0.25,0.0,19.438185545732,0.0,10.0
47,3.9166666666666665,3.9166666666666665,0,3.9166666666666665,03:54,11.84745441542011,6.033255980554622,5.814198434865488,0,0,0,0,0,0,3,0,3,0,0.0,0.0,5,0.5,0.0,0.0,0.0,0,none,0,-1,-1.0,-1.0,0.0,10,1.0,1.0,1.0,0,47,0.16319444444444445,0.0,0.44166666666666665,0.8333333333333334,0.8333333333333334,0.5,0.0,19.438185545732,0.0,10.0
48,4.0,4.0,0,4.0,04:00,11.966617003253864,6.109494851299408,5.8571221519544565,3,2,1,3,2,1,1,0,1,0,0.0,0.0,7,0.7,26.103325465907005,0.0,0.0,0,none,0,-1,-1.0,-1.0,0.0,10,1.0,1.0,1.0,0,48,0.16666666666666666,0.0,0.4916666666666667,1.0833333333333333,1.0833333333333333,0.5833333333333334,0.0,21.613462667890914,0.0,10.0
49,4.083333333333333,4.083333333333333,0,4.083333333333333,04:04,12.099548670496912,6.194908570107196,5.904640100389716,1,1,0,1,1,0,1,0,1,0,0.0,0.0,7,0.7,40.3097853497961,0.0,0.0,0,none,0,-1,-1.0,-1.0,0.0,10,1.0,1.0,1.0,0,49,0.17013888888888887,0.0,0.5333333333333333,1.0833333333333333,1.0833333333333333,0.6666666666666666,0.0,23.423582093020112,0.0,10.0
50,4.166666666666667,4.166666666666667,0,4.166666666666667,04:10,12.24737327756024,6.290344292475275,5.957028985084964,0,0,0,0,0,0,1,1,0,0,0.0,0.0,6,0.6,0.0,0.0,0.0,0,none,0,-1,-1.0,-1.0,0.0,10,1.0,1.0,1.0,0,50,0.17361111111111113,0.0,0.5750000000000001,1.0833333333333333,1.0833333333333333,0.6666666666666666,0.0,23.423582093020112,0.0,10.0
51,4.25,4.25,0,4.25,04:15,12.411238359545287,6.396692890485549,6.014545469059738,0,0,0,0,0,0,1,1,0,0,0.0,0.0,5,0.5,0.0,0.0,0.0,0,none,0,-1,-1.0,-1.0,0.0,10,1.0,1.0,1.0,0,51,0.17708333333333334,0.0,0.6,1.0,1.0,0.75,0.0,19.779416760076142,0.0,10.0
52,4.333333333333333,4.333333333333333,0,4.333333333333333,04:19,12.592305067367628,6.514886622608013,6.077418444759615,0,0,0,0,0,0,1,1,0,0,0.0,0.0,4,0.4,0.0,0.0,0.0,0,none,0,-1,-1.0,-1.0,0.0,10,1.0,1.0,1.0,0,52,0.18055555555555555,0.0,0.6083333333333334,0.9166666666666666,0.9166666666666666,0.8333333333333334,0.0,17.187732170194057,0.0,10.0
53,4.416666666666667,4.416666666666667,0,4.416666666666667,04:25,12.79173657860472,6.645895949497362,6.145840629107358,0,0,0,0,0,0,1,0,1,0,0.0,0.0,3,0.3,0.0,0.0,0.0,0,none,0,-1,-1.0,-1.0,0.0,10,1.0,1.0,1.0,0,53,0.1840277777777778,0.0,0.6,0.75,0.75,0.8333333333333334,0.0,15.39293506100885,0.0,10.0
54,4.5,4.5,0,4.5,04:30,13.01068497775341,6.790725375245666,6.219959602507744,0,0,0,0,0,0,1,1,0,0,0.0,0.0,2,0.2,0.0,0.0,0.0,0,none,0,-1,-1.0,-1.0,0.0,10,1.0,1.0,1.0,0,54,0.1875,0.0,0.5666666666666665,0.5833333333333334,0.5833333333333334,0.9166666666666666,0.0,12.311769826663175,0.0,10.0
55,4.583333333333333,4.583333333333333,0,4.583333333333333,04:34,13.250276636403363,6.950408180603698,6.299868455799666,1,1,0,1,1,0,0,0,0,0,0.0,0.0,3,0.3,40.13654003827843,0.0,0.0,0,none,0,-1,-1.0,-1.0,0.0,10,1.0,1.0,1.0,0,55,0.1909722222222222,0.0,0.5333333333333333,0.5833333333333334,0.5833333333333334,0.9166666666666666,0.0,14.28634481233079,0.0,10.0
56,4.666666666666667,4.666666666666667,0,4.666666666666667,04:40,13.511596157908452,7.125999902456289,6.385596255452163,1,0,1,1,0,1,1,1,0,0,0.0,0.0,3,0.3,15.580840636072992,0.0,0.0,0,none,0,-1,-1.0,-1.0,0.0,10,1.0,1.0,1.0,0,56,0.19444444444444445,0.0,0.5,0.5833333333333334,0.5833333333333334,0.9166666666666666,0.0,13.466487802045327,0.0,10.0
57,4.75,4.75,0,4.75,04:45,13.795668988004156,7.318570403520486,6.47709858448367,2,0,2,2,0,2,0,0,0,0,0.0,0.0,5,0.5,26.056614668804762,0.0,0.0,0,none,0,-1,-1.0,-1.0,0.0,10,1.0,1.0,1.0,0,57,0.19791666666666666,0.0,0.48333333333333334,0.75,0.75,0.9166666666666666,0.0,15.637872357779058,0.0,10.0
58,4.833333333333333,4.833333333333333,0,4.833333333333333,04:49,14.103442831869675,7.529194369309713,6.574248462559962,2,2,0,2,2,0,1,1,0,0,0.0,0.0,6,0.6,19.375073710307415,0.0,0.0,0,none,0,-1,-1.0,-1.0,0.0,10,1.0,1.0,1.0,0,58,0.20138888888888887,0.0,0.4666666666666666,0.8333333333333334,0.8333333333333334,1.0,0.0,13.963514989097225,0.0,10.0
59,4.916666666666667,4.916666666666667,0,4.916666666666667,04:55,14.435768058628604,7.758940067625665,6.676827991002939,0,0,0,0,0,0,0,0,0,0,0.0,0.0,6,0.6,0.0,0.0,0.0,0,none,0,-1,-1.0,-1.0,0.0,10,1.0,1.0,1.0,0,59,0.20486111111111113,0.0,0.47500000000000003,0.8333333333333334,0.8333333333333334,0.75,0.0,13.963514989097225,0.0,10.0
60,5.0,5.0,0,5.0,05:00,14.793377315351826,8.008856211174379,6.784521104177447,1,1,0,1,1,0,1,0,1,0,0.0,0.0,6,0.6,21.932400277558955,0.0,0.0,0,none,0,-1,-1.0,-1.0,0.0,10,1.0,1.0,1.0,0,60,0.20833333333333334,0.0,0.4666666666666666,0.6666666666666666,0.6666666666666666,0.75,0.0,13.615937890068222,0.0,10.0
61,5.083333333333333,5.083333333333333,0,5.083333333333333,05:04,15.176864613283556,8.279956778461818,6.896907834821737,1,1,0,1,1,0,1,1,0,0,0.0,0.0,6,0.6,15.0,0.0,0.0,0,none,0,-1,-1.0,-1.0,0.0,10,1.0,1.0,1.0,0,61,0.21180555555555555,0.0,0.4583333333333333,0.6666666666666666,0.6666666666666666,0.75,0.0,11.506789110918547,0.0,10.0
62,5.166666666666667,5.166666666666667,0,5.166666666666667,05:10,15.586664188169642,8.573203674031834,7.013460514137808,1,0,1,1,0,1,1,0,1,0,0.0,0.0,6,0.6,35.21407241671234,0.0,0.0,0,none,0,-1,-1.0,-1.0,0.0,10,1.0,1.0,1.0,0,62,0.2152777777777778,0.0,0.4583333333333333,0.75,0.75,0.75,0.0,14.441295145644574,0.0,10.0
63,5.25,5.25,0,5.25,05:15,16.023029473063175,8.88948714835656,7.133542324706616,0,0,0,0,0,0,2,1,1,0,0.0,0.0,4,0.4,0.0,0.0,0.0,0,none,0,-1,-1.0,-1.0,0.0,10,1.0,1.0,1.0,0,63,0.21875,0.0,0.44999999999999996,0.75,0.75,0.8333333333333334,0.0,14.441295145644574,0.0,10.0
64,5.333333333333333,5.333333333333333,0,5.333333333333333,05:19,16.48601255460398,9.229603951951697,7.256408602652284,1,0,1,1,0,1,2,2,0,0,0.0,0.0,3,0.3,28.981489409112022,0.0,0.0,0,none,0,-1,-1.0,-1.0,0.0,10,1.0,1.0,1.0,0,64,0.2222222222222222,0.0,0.4416666666666667,0.8333333333333334,0.8333333333333334,0.9166666666666666,0.0,16.856419263070574,0.0,10.0
65,5.416666666666667,5.416666666666667,0,5.416666666666667,05:25,16.97544451128737,9.59423326872679,7.381211242560582,0,0,0,0,0,0,1,1,0,0,0.0,0.0,2,0.2,0.0,0.0,0.0,0,none,0,-1,-1.0,-1.0,0.0,10,1.0,1.0,1.0,0,65,0.22569444444444445,0.0,0.4333333333333333,0.8333333333333334,0.8333333333333334,0.9166666666666666,0.0,16.856419263070574,0.0,10.0
66,5.5,5.5,0,5.5,05:30,17.490917053446246,9.983910560626,7.507006492820245,2,0,2,2,0,2,0,0,0,0,0.0,0.0,4,0.4,32.53411389128516,0.0,0.0,0,none,0,-1,-1.0,-1.0,0.0,10,1.0,1.0,1.0,0,66,0.22916666666666666,0.0,0.45,1.0,1.0,0.8333333333333334,0.0,19.567595420677673,0.0,10.0
67,5.583333333333333,5.583333333333333,0,5.583333333333333,05:34,18.031765898421348,10.398999558766876,7.632766339654471,2,2,0,2,2,0,0,0,0,0,0.0,0.0,6,0.6,25.175432010130642,0.0,0.0,0,none,0,-1,-1.0,-1.0,0.0,10,1.0,1.0,1.0,0,67,0.23263888888888887,0.0,0.4749999999999999,1.0833333333333333,1.0833333333333333,0.8333333333333334,0.0,18.32083641833202,0.0,10.0
68,5.666666666666667,5.666666666666667,0,5.666666666666667,05:40,18.597056319640423,10.83966275392382,7.757393565716602,0,0,0,0,0,0,0,0,0,0,0.0,0.0,6,0.6,0.0,0.0,0.0,0,none,0,-1,-1.0,-1.0,0.0,10,1.0,1.0,1.0,0,68,0.23611111111111113,0.0,0.5,1.0,1.0,0.75,0.0,17.022433031992605,0.0,10.0
69,5.75,5.75,0,5.75,05:45,19.185571304165776,11.305830868451876,7.879740435713901,2,1,1,2,1,1,0,0,0,0,0.0,0.0,8,0.8,36.17507486437871,0.0,0.0,0,none,0,-1,-1.0,-1.0,0.0,10,1.0,1.0,1.0,0,69,0.23958333333333334,0.0,0.525,1.0,1.0,0.75,0.0,17.86563804829044,0.0,10.0
70,5.833333333333333,5.833333333333333,0,5.833333333333333,05:49,19.795802738980814,11.797171928386632,7.998630810594182,1,1,0,1,1,0,2,0,2,0,0.0,0.0,7,0.7,50.0,0.0,0.0,0,none,0,-1,-1.0,-1.0,0.0,10,1.0,1.0,1.0,0,70,0.24305555555555555,0.0,0.5333333333333333,0.9166666666666666,0.9166666666666666,0.8333333333333334,0.0,20.417715239098154,0.0,10.0
71,5.916666666666667,5.916666666666667,0,5.916666666666667,05:55,20.425946021372965,12.313060692932444,8.112885328440521,0,0,0,0,0,0,1,1,0,0,0.0,0.0,6,0.6,0.0,0.0,0.0,0,none,0,-1,-1.0,-1.0,0.0,10,1.0,1.0,1.0,0,71,0.2465277777777778,0.0,0.5333333333333333,0.9166666666666666,0.9166666666666666,0.9166666666666666,0.0,20.417715239098154,0.0,10.0
72,6.0,6.0,0,6.0,06:00,21.073898452991536,12.852549332068135,8.221349120923401,2,2,0,2,2,0,0,0,0,0,0.0,0.0,8,0.8,24.915351001026067,0.0,0.0,0,none,0,-1,-1.0,-1.0,0.0,10,1.0,1.0,1.0,0,72,0.25,0.0,0.5499999999999999,1.0,1.0,0.8333333333333334,0.0,20.666294466053746,0.0,10.0
73,6.083333333333333,6.083333333333333,0,6.083333333333333,06:04,21.73726173055763,13.41434036372573,8.3229213668319,0,0,0,0,0,0,2,0,2,0,0.0,0.0,6,0.6,0.0,0.0,0.0,0,none,0,-1,-1.0,-1.0,0.0,10,1.0,1.0,1.0,0,73,0.2534722222222222,0.0,0.55,0.9166666666666666,0.9166666666666666,0.9166666666666666,0.0,19.416294466053746,0.0,10.0
74,6.166666666666667,6.166666666666667,0,6.166666666666667,06:10,22.413348789126818,13.996762961383725,8.416585827743093,1,0,1,1,0,1,1,1,0,0,0.0,0.0,6,0.6,43.14949390478826,0.0,0.0,0,none,0,-1,-1.0,-1.0,0.0,10,1.0,1.0,1.0,0,74,0.2569444444444445,0.0,0.5499999999999999,0.9166666666666666,0.9166666666666666,0.9166666666666666,0.0,20.077579590060072,0.0,10.0
75,6.25,6.25,0,6.25,06:15,23.099195186920248,14.597753812116144,8.501441374804104,0,0,0,0,0,0,1,1,0,0,0.0,0.0,5,0.5,0.0,0.0,0.0,0,none,0,-1,-1.0,-1.0,0.0,10,1.0,1.0,1.0,0,75,0.2604166666666667,0.0,0.5583333333333333,0.9166666666666666,0.9166666666666666,0.8333333333333334,0.0,20.077579590060072,0.0,10.0
76,6.333333333333333,6.333333333333333,0,6.333333333333333,06:19,23.791575145030517,15.214843735523223,8.576731409507294,0,0,0,0,0,0,0,0,0,0,0.0,0.0,5,0.5,0.0,0.0,0.0,0,none,0,-1,-1.0,-1.0,0.0,10,1.0,1.0,1.0,0,76,0.2638888888888889,0.0,0.575,0.8333333333333334,0.8333333333333334,0.6666666666666666,0.0,17.66245547263407,0.0,10.0
77,6.416666666666667,6.416666666666667,0,6.416666666666667,06:25,24.487022272072135,15.845151257710988,8.641871014361147,3,1,2,3,1,2,1,1,0,0,0.0,0.0,7,0.7,34.425432720544826,0.0,0.0,0,none,0,-1,-1.0,-1.0,0.0,10,1.0,1.0,1.0,0,77,0.2673611111111111,0.0,0.6166666666666667,1.0833333333333333,1.0833333333333333,0.6666666666666666,0.0,20.531241532679473,0.0,10.0
78,6.5,6.5,0,6.5,06:30,25.18185491467317,16.48538426517569,8.696470649497481,0,0,0,0,0,0,1,1,0,0,0.0,0.0,6,0.6,0.0,0.0,0.0,0,none,0,-1,-1.0,-1.0,0.0,10,1.0,1.0,1.0,0,78,0.2708333333333333,0.0,0.6333333333333333,0.9166666666666666,0.9166666666666666,0.75,0.0,17.820065375072375,0.0,10.0
79,6.583333333333333,6.583333333333333,0,6.583333333333333,06:34,25.872205981445973,17.13185073670151,8.740355244744462,0,0,0,0,0,0,1,0,1,0,0.0,0.0,5,0.5,0.0,0.0,0.0,0,none,0,-1,-1.0,-1.0,0.0,10,1.0,1.0,1.0,0,79,0.2743055555555555,0.0,0.625,0.75,0.75,0.8333333333333334,0.0,15.722112707561488,0.0,10.0
80,6.666666666666667,6.666666666666667,0,6.666666666666667,06:40,26.55405699280672,17.780479365401774,8.773577627404945,3,2,1,3,2,1,1,1,0,0,0.0,0.0,7,0.7,38.206948710668065,0.0,0.0,0,none,0,-1,-1.0,-1.0,0.0,10,1.0,1.0,1.0,0,80,0.2777777777777778,0.0,0.6333333333333333,1.0,1.0,0.9166666666666666,0.0,18.906025100117162,0.0,10.0
81,6.75,6.75,0,6.75,06:45,27.223276013981916,18.426850639071922,8.796425374909996,1,1,0,1,1,0,0,0,0,0,0.0,0.0,8,0.8,28.772279993794502,0.0,0.0,0,none,0,-1,-1.0,-1.0,0.0,10,1.0,1.0,1.0,0,81,0.28125,0.0,0.6333333333333333,0.9166666666666666,0.9166666666666666,0.9166666666666666,0.0,18.289125527568476,0.0,10.0
82,6.833333333333333,6.833333333333333,0,6.833333333333333,06:49,27.87565903610473,19.066238649677036,8.809420386427693,1,1,0,1,1,0,0,0,0,0,0.0,0.0,9,0.9,31.915921759569557,0.0,0.0,0,none,0,-1,-1.0,-1.0,0.0,10,1.0,1.0,1.0,0,82,0.2847222222222222,0.0,0.65,0.9166666666666666,0.9166666666666666,0.75,0.0,16.782119007532604,0.0,10.0
83,6.916666666666667,6.916666666666667,0,6.916666666666667,06:55,28.50697428287284,19.693663560141477,8.813310722731362,1,1,0,1,1,0,2,0,2,0,0.0,0.0,8,0.8,30.624505762801725,0.0,0.0,0,none,0,-1,-1.0,-1.0,0.0,10,1.0,1.0,1.0,0,83,0.2881944444444445,0.0,0.6666666666666666,1.0,1.0,0.8333333333333334,0.0,19.33416115443275,0.0,10.0
84,7.0,7.0,0,7.0,07:00,29.1130088401957,20.303954280090416,8.809054560105285,1,1,0,1,1,0,0,0,0,0,0.0,0.0,9,0.9,36.14822702126864,0.0,0.0,0,none,0,-1,-1.0,-1.0,0.0,10,1.0,1.0,1.0,0,84,0.2916666666666667,0.0,0.6749999999999999,0.9166666666666666,0.9166666666666666,0.8333333333333334,0.0,20.27023415611963,0.0,10.0
85,7.083333333333333,7.083333333333333,0,7.083333333333333,07:04,29.68961693589145,20.891820506302683,8.797796429588766,4,3,1,3,3,0,2,1,1,1,0.0,0.0,10,1.0,27.702572122359353,0.0,0.0,0,none,0,-1,-1.0,-1.0,0.0,10,1.0,1.0,1.0,0,85,0.2951388888888889,0.08333333333333333,0.7083333333333334,1.25,1.1666666666666667,0.8333333333333334,0.0,22.57878183298291,0.0,10.0
86,7.166666666666667,7.166666666666667,0,7.166666666666667,07:10,30.232769137920034,21.45193288532973,8.780836252590305,3,3,0,0,0,0,0,0,0,4,1.25,5.0,10,1.0,0.0,0.0,0.0,0,none,0,-1,-1.0,-1.0,0.0,10,1.0,1.0,1.0,0,86,0.2986111111111111,0.4166666666666667,0.7416666666666667,1.4166666666666667,1.0833333333333333,0.75,0.10416666666666667,18.982990674250555,0.0,10.0
87,7.25,7.25,0,7.25,07:15,30.73860169473985,21.979009673661682,8.759592021078165,1,1,0,1,0,1,1,1,0,4,3.75,5.0,10,1.0,29.226546772852704,10.0,0.0,0,none,0,-1,-1.0,-1.0,0.0,10,1.0,1.0,1.0,0,87,0.3020833333333333,0.75,0.7833333333333333,1.5,1.1666666666666667,0.75,0.4166666666666667,21.418536238654948,0.8333333333333334,10.0
88,7.333333333333333,7.333333333333333,0,7.333333333333333,07:19,31.203465211722794,22.467907924336398,8.735557287386397,3,3,0,3,3,0,3,2,1,4,1.25,5.0,10,1.0,24.02796384554235,10.0,0.0,0,none,0,-1,-1.0,-1.0,0.0,10,1.0,1.0,1.0,0,88,0.3055555555555555,1.0833333333333333,0.8250000000000001,1.75,1.4166666666666667,1.0,0.5208333333333334,23.420866559116813,1.6666666666666667,10.0
89,7.416666666666667,7.416666666666667,0,7.416666666666667,07:25,31.623971844371177,22.91371693697449,8.710254907396685,1,1,0,2,2,0,2,2,0,3,3.3333333333333335,5.0,10,1.0,24.431842312022745,7.5,0.0,0,none,0,-1,-1.0,-1.0,0.0,10,1.0,1.0,1.0,0,89,0.3090277777777778,1.3333333333333333,0.8500000000000001,1.5833333333333333,1.3333333333333333,1.0833333333333333,0.7986111111111112,22.588067358406633,2.2916666666666665,10.0
90,7.5,7.5,0,7.5,07:30,31.997040193149484,23.311851488333524,8.68518870481596,3,3,0,1,1,0,1,1,0,5,3.0,10.0,10,1.0,41.53327070201564,10.0,0.0,0,none,0,-1,-1.0,-1.0,0.0,10,1.0,1.0,1.0,0,90,0.3125,1.75,0.8833333333333333,1.8333333333333333,1.4166666666666667,1.0833333333333333,1.0486111111111112,26.04917325024127,3.125,10.0
91,7.583333333333333,7.583333333333333,0,7.583333333333333,07:34,32.319937106434125,23.658142227397715,8.661794879036409,2,1,1,1,1,0,1,1,0,6,4.166666666666667,10.0,10,1.0,31.315383529184757,15.0,0.0,0,none,0,-1,-1.0,-1.0,0.0,10,1.0,1.0,1.0,0,91,0.3159722222222222,2.25,0.9249999999999999,2.0,1.5,1.0833333333333333,1.3958333333333333,28.658788544340002,4.375,10.0
92,7.666666666666667,7.666666666666667,0,7.666666666666667,07:40,32.590315637283716,23.948920583849123,8.641395053434593,0,0,0,1,1,0,1,1,0,5,8.0,10.0,10,1.0,24.794105552007313,15.0,0.0,0,none,0,-1,-1.0,-1.0,0.0,10,1.0,1.0,1.0,0,92,0.3194444444444445,2.6666666666666665,0.9500000000000001,1.75,1.3333333333333333,1.0833333333333333,2.0625,27.541051614451607,5.625,10.0
93,7.75,7.75,0,7.75,07:45,32.80624845586041,24.181095608048782,8.62515284781163,3,2,1,4,4,0,4,3,1,4,2.5,10.0,10,1.0,26.481532996168767,13.75,7.5,0,none,0,-1,-1.0,-1.0,0.0,10,1.0,1.0,1.0,0,93,0.3229166666666667,3.0,0.9666666666666667,1.9166666666666667,1.5833333333333333,1.4166666666666667,2.2708333333333335,27.35015603131613,6.770833333333333,10.0
94,7.833333333333333,7.833333333333333,0,7.833333333333333,07:49,32.96625609134107,24.352220335784285,8.614035755556788,2,1,1,2,0,2,2,2,0,4,2.5,5.0,10,1.0,34.11768209196394,10.0,10.0,0,none,0,-1,-1.0,-1.0,0.0,10,1.0,1.0,1.0,0,94,0.3263888888888889,3.3333333333333335,0.9750000000000001,2.0,1.6666666666666667,1.5833333333333333,2.4791666666666665,27.533636059015663,7.604166666666667,10.0
95,7.916666666666667,7.916666666666667,0,7.916666666666667,07:55,33.0693294635577,24.460545547952474,8.608783915605228,0,0,0,1,1,0,1,1,0,3,6.666666666666667,10.0,10,1.0,27.523061639788484,10.0,5.0,0,none,0,-1,-1.0,-1.0,0.0,10,1.0,1.0,1.0,0,95,0.3298611111111111,3.5833333333333335,0.9916666666666667,1.9166666666666667,1.6666666666666667,1.5,3.034722222222222,27.275182382097892,8.4375,10.0
96,8.0,8.0,0,8.0,08:00,33.11494626351003,24.505059164561004,8.609887098949025,3,2,1,0,0,0,0,0,0,6,5.833333333333333,15.0,10,2.0,0.0,0.0,0.0,1,capacity_drop,1,0,8.0,10.0,120.0,5,1.0,1.0,1.0,1,96,0.3333333333333333,4.083333333333333,1.0833333333333333,2.0833333333333335,1.5833333333333333,1.5,3.5208333333333335,24.2628301303255,8.4375,9.583333333333334
97,8.083333333333334,8.083333333333334,0,8.083333333333334,08:05,33.10308085105868,24.48550995942837,8.617570891630306,2,2,0,0,0,0,2,2,0,8,8.125,20.0,8,1.6,0.0,0.0,15.0,1,capacity_drop,1,0,8.0,10.0,115.0,5,1.0,1.0,1.0,1,97,0.3368055555555556,4.666666666666667,1.1333333333333333,1.9166666666666667,1.3333333333333333,1.5,4.197916666666667,21.954282453462227,8.4375,9.166666666666666
98,8.166666666666666,8.166666666666666,0,8.166666666666666,08:09,33.03420745500948,24.402414787887224,8.631792667122253,1,1,0,0,0,0,3,3,0,9,11.666666666666666,25.0,5,1.0,0.0,0.0,15.0,1,capacity_drop,1,0,8.0,10.0,110.0,5,1.0,1.0,1.0,1,98,0.34027777777777773,5.083333333333333,1.1333333333333333,1.75,1.3333333333333333,1.75,5.065972222222222,21.954282453462227,8.4375,8.75
99,8.25,8.25,0,8.25,08:15,32.909296582700236,24.25704906246724,8.652247520232999,4,3,1,1,1,0,1,1,0,12,10.0,25.0,5,1.0,29.275416447521042,30.0,10.0,1,capacity_drop,1,0,8.0,10.0,105.0,5,1.0,1.0,1.0,1,99,0.34375,5.75,1.1333333333333333,2.0,1.3333333333333333,1.75,5.586805555555556,21.95835492635125,10.104166666666666,8.333333333333334
100,8.333333333333334,8.333333333333334,0,8.333333333333334,08:20,32.729804670231495,24.05142076666158,8.678383903569916,3,3,0,1,1,0,1,0,1,14,10.714285714285714,30.0,5,1.0,21.394652066144673,30.0,5.0,1,capacity_drop,1,0,8.0,10.0,100.0,5,1.0,1.0,1.0,1,100,0.34722222222222227,6.583333333333333,1.1333333333333333,2.0,1.1666666666666667,1.5833333333333333,6.375496031746032,21.738912278068113,11.770833333333334,7.916666666666667
101,8.416666666666666,8.416666666666666,0,8.416666666666666,08:24,32.4976571277268,23.788228839436012,8.709428288290784,2,1,1,1,0,1,1,1,0,15,12.333333333333334,25.0,5,1.0,31.725604695121778,35.0,10.0,1,capacity_drop,1,0,8.0,10.0,95.0,5,1.0,1.0,1.0,1,101,0.3506944444444444,7.583333333333333,1.1333333333333333,2.0833333333333335,1.0833333333333333,1.5,7.125496031746032,22.346725809993032,14.0625,7.5
102,8.5,8.5,0,8.5,08:30,32.215225053589485,23.470807268775776,8.744417784813711,2,2,0,2,2,0,2,1,1,15,13.333333333333334,30.0,5,1.0,31.50584446248142,30.0,12.5,1,capacity_drop,1,0,8.0,10.0,90.0,5,1.0,1.0,1.0,1,102,0.3541666666666667,8.416666666666666,1.1333333333333333,2.0,1.1666666666666667,1.5833333333333333,7.986607142857143,21.511106956698512,15.729166666666666,7.083333333333333
103,8.583333333333334,8.583333333333334,0,8.583333333333334,08:35,31.885296004891355,23.10305667899454,8.782239325896814,1,0,1,0,0,0,0,0,0,16,17.1875,35.0,5,1.0,0.0,0.0,0.0,1,capacity_drop,1,0,8.0,10.0,85.0,5,1.0,1.0,1.0,1,103,0.3576388888888889,9.25,1.1333333333333333,1.9166666666666667,1.0833333333333333,1.5,9.071676587301587,18.901491662599785,14.479166666666666,6.666666666666667
104,8.666666666666666,8.666666666666666,0,8.666666666666666,08:39,31.511039315232885,22.6893655647599,8.821673750472984,1,1,0,0,0,0,0,0,0,17,20.88235294117647,40.0,5,1.0,0.0,0.0,0.0,1,capacity_drop,1,0,8.0,10.0,80.0,5,1.0,1.0,1.0,1,104,0.3611111111111111,10.25,1.1333333333333333,2.0,1.0,1.4166666666666667,10.145205999066294,16.83531619993251,13.229166666666666,6.25
105,8.75,8.75,0,8.75,08:45,31.09596654438335,22.234523600145966,8.861442944237385,1,0,1,2,1,1,2,2,0,16,22.1875,40.0,5,1.0,38.55709042519736,42.5,30.0,1,capacity_drop,1,0,8.0,10.0,75.0,5,1.0,1.0,1.0,1,105,0.3645833333333333,11.25,1.1333333333333333,1.8333333333333333,0.8333333333333334,1.25,11.785830999066294,17.841612652351557,15.625,5.833333333333333
106,8.833333333333334,8.833333333333334,0,8.833333333333334,08:50,30.643887723802273,21.743629623876995,8.900258099925276,1,1,0,0,0,0,0,0,0,17,25.58823529411765,45.0,5,1.0,0.0,0.0,0.0,1,capacity_drop,1,0,8.0,10.0,70.0,5,1.0,1.0,1.0,1,106,0.3680555555555556,12.333333333333334,1.1333333333333333,1.75,0.6666666666666666,1.0833333333333333,13.709850606909432,14.998472478021228,14.791666666666666,5.416666666666667
107,8.916666666666666,8.916666666666666,0,8.916666666666666,08:54,30.15886412721001,21.22199696810257,8.93686715910744,3,3,0,0,0,0,0,0,0,20,26.0,50.0,5,1.0,0.0,0.0,0.0,1,capacity_drop,1,0,8.0,10.0,65.0,5,1.0,1.0,1.0,1,107,0.37152777777777773,13.75,1.1333333333333333,2.0,0.5833333333333334,1.0,15.320961718020541,12.704884008038855,13.958333333333334,5.0
108,9.0,9.0,0,9.0,09:00,29.645158344583038,20.6750587588802,8.970099585702838,0,0,0,2,2,0,2,1,1,18,28.61111111111111,45.0,5,1.0,38.71958822968374,52.5,32.5,1,capacity_drop,1,0,8.0,10.0,60.0,5,1.0,1.0,1.0,1,108,0.375,14.75,1.05,1.75,0.75,1.1666666666666667,17.21910986616869,15.931516360512502,18.333333333333332,5.0
109,9.083333333333334,9.083333333333334,0,9.083333333333334,09:05,29.10718247060931,20.1082756785997,8.998906792009612,0,0,0,0,0,0,0,0,0,18,33.611111111111114,50.0,5,1.0,0.0,0.0,0.0,1,capacity_drop,1,0,8.0,10.0,55.0,5,1.0,1.0,1.0,1,109,0.37847222222222227,15.583333333333334,1.0,1.5833333333333333,0.75,1.0,19.342952458761285,15.931516360512502,18.333333333333332,5.0
110,9.166666666666666,9.166666666666666,0,9.166666666666666,09:09,28.549445234508667,19.527048455065145,9.022396779443524,2,2,0,1,1,0,1,1,0,19,33.68421052631579,55.0,5,1.0,27.563010075260593,55.0,30.0,1,capacity_drop,1,0,8.0,10.0,50.0,5,1.0,1.0,1.0,1,110,0.3819444444444444,16.416666666666668,1.0,1.6666666666666667,0.8333333333333334,0.8333333333333334,21.17774778039871,18.22843386678422,22.916666666666668,5.0
111,9.25,9.25,0,9.25,09:15,27.97649889740076,18.936637043846602,9.039861853554159,4,4,0,0,0,0,0,0,0,23,31.956521739130434,60.0,5,1.0,0.0,0.0,0.0,1,capacity_drop,1,0,8.0,10.0,45.0,5,1.0,1.0,1.0,1,111,0.3854166666666667,17.333333333333332,1.0,1.6666666666666667,0.75,0.75,23.007457925326246,15.788815829490796,20.416666666666668,5.0
112,9.333333333333334,9.333333333333334,0,9.333333333333334,09:20,27.392886726700702,18.34208811756888,9.05079860913182,2,0,2,0,0,0,0,0,0,25,34.0,65.0,5,1.0,0.0,0.0,0.0,1,capacity_drop,1,0,8.0,10.0,40.0,5,1.0,1.0,1.0,1,112,0.3888888888888889,18.25,1.0,1.5833333333333333,0.6666666666666666,0.6666666666666666,24.947934115802436,14.005928157312075,17.916666666666668,5.0
113,9.416666666666666,9.416666666666666,0,9.416666666666666,09:24,26.803091825334022,17.748172087371678,9.054919737962342,0,0,0,1,1,0,1,0,1,24,37.708333333333336,70.0,5,1.0,21.914889018188234,70.0,45.0,1,capacity_drop,1,0,8.0,10.0,35.0,5,1.0,1.0,1.0,1,113,0.3923611111111111,19.0,1.0,1.4166666666666667,0.6666666666666666,0.6666666666666666,27.062517449135772,13.188368517567612,20.833333333333332,5.0
114,9.5,9.5,0,9.5,09:30,26.21148804821528,17.15933047764443,9.05215757057085,1,1,0,1,1,0,1,1,0,24,39.583333333333336,75.0,5,1.0,25.515337197680797,75.0,40.0,1,capacity_drop,1,0,8.0,10.0,30.0,5,1.0,1.0,1.0,1,114,0.3958333333333333,19.75,1.0,1.3333333333333333,0.5833333333333334,0.5833333333333334,29.25001744913577,12.689159578834227,24.583333333333332,5.0
115,9.583333333333334,9.583333333333334,0,9.583333333333334,09:35,25.62229368103433,16.57963407441119,9.042659606623141,3,3,0,0,0,0,0,0,0,27,39.629629629629626,80.0,5,1.0,0.0,0.0,0.0,1,capacity_drop,1,0,8.0,10.0,25.0,5,1.0,1.0,1.0,1,115,0.3993055555555556,20.666666666666668,1.0,1.5,0.5833333333333334,0.5833333333333334,31.12019491827157,12.689159578834227,24.583333333333332,5.0
116,9.666666666666666,9.666666666666666,0,9.666666666666666,09:39,25.039528488762734,16.012751887827868,9.026776600934868,1,1,0,2,1,1,2,2,0,26,40.0,80.0,5,1.0,26.92078603954606,82.5,52.5,1,capacity_drop,1,0,8.0,10.0,20.0,5,1.0,1.0,1.0,1,116,0.40277777777777773,21.416666666666668,1.0,1.5,0.75,0.75,32.713332173173534,14.932558415463065,31.458333333333332,5.0
117,9.75,9.75,0,9.75,09:45,24.466974665405278,15.461930625056299,9.005044040348979,1,1,0,1,1,0,1,1,0,26,41.73076923076923,85.0,5,1.0,30.23424529794134,85.0,55.0,1,capacity_drop,1,0,8.0,10.0,15.0,5,1.0,1.0,1.0,1,117,0.40625,22.25,1.0,1.5,0.6666666666666666,0.6666666666666666,34.3419379424043,14.238987988191731,35.0,5.0
118,9.833333333333334,9.833333333333334,0,9.833333333333334,09:50,23.908142134435693,14.929984073073747,8.978158061361945,1,1,0,1,1,0,1,1,0,26,43.26923076923077,85.0,5,1.0,35.18935313780504,90.0,70.0,1,capacity_drop,1,0,8.0,10.0,10.0,5,1.0,1.0,1.0,1,118,0.40972222222222227,23.0,1.0,1.5,0.75,0.75,35.81535423199706,17.171434083008815,42.5,5.0
119,9.916666666666666,9.916666666666666,0,9.916666666666666,09:54,23.36623856314929,14.419291550051323,8.946947013097969,2,1,1,0,0,0,0,0,0,28,44.82142857142857,90.0,5,1.0,0.0,0.0,0.0,1,capacity_drop,1,0,8.0,10.0,5.0,5,1.0,1.0,1.0,1,119,0.4131944444444444,23.666666666666668,1.0,1.4166666666666667,0.75,0.75,37.38380661294944,17.171434083008815,42.5,5.0
120,10.0,10.0,0,10.0,10:00,22.844144365874875,13.931804403464822,8.912339962410053,1,1,0,6,4,2,1,1,0,23,37.391304347826086,75.0,10,1.0,29.310588455121067,89.16666666666667,75.0,0,none,0,-1,-1.0,-1.0,0.0,10,1.0,1.0,1.0,0,120,0.4166666666666667,24.083333333333332,1.0,1.5,1.0833333333333333,0.6666666666666666,38.11548938267569,16.38735076846193,45.55555555555555,5.416666666666667
121,10.083333333333334,10.083333333333334,0,10.083333333333334,10:05,22.344392882550014,13.469059414244787,8.875333468305227,2,1,1,1,0,1,1,0,1,24,37.291666666666664,75.0,10,1.0,36.683889149939915,80.0,85.0,0,none,0,-1,-1.0,-1.0,0.0,10,1.0,1.0,1.0,0,121,0.4201388888888889,24.583333333333332,1.0,1.6666666666666667,1.1666666666666667,0.75,38.42220234563865,19.44434153095692,52.22222222222222,5.833333333333333
122,10.166666666666666,10.166666666666666,0,10.166666666666666,10:09,21.869155832367476,13.032197906976,8.836957925391475,0,0,0,1,1,0,1,1,0,23,40.65217391304348,75.0,10,1.0,26.30483168866471,80.0,80.0,0,none,0,-1,-1.0,-1.0,0.0,10,1.0,1.0,1.0,0,122,0.4236111111111111,24.916666666666668,1.0,1.5,1.1666666666666667,0.75,39.0028659611993,19.339493332073932,54.30555555555555,6.25
123,10.25,10.25,0,10.25,10:15,21.420234058650554,12.621989361614977,8.798244697035576,2,1,1,0,0,0,0,0,0,25,42.0,80.0,10,1.0,0.0,0.0,0.0,0,none,0,-1,-1.0,-1.0,0.0,10,1.0,1.0,1.0,0,123,0.4270833333333333,25.083333333333332,1.0,1.3333333333333333,1.1666666666666667,0.75,39.83982248293842,19.339493332073932,54.30555555555555,6.666666666666667
124,10.333333333333334,10.333333333333334,0,10.333333333333334,10:20,20.99905350219605,12.238858365423972,8.760195136772076,2,2,0,1,1,0,1,1,0,26,41.92307692307692,85.0,10,1.0,26.87487005317601,85.0,85.0,0,none,0,-1,-1.0,-1.0,0.0,10,1.0,1.0,1.0,0,124,0.4305555555555556,25.166666666666668,1.0,1.3333333333333333,1.25,0.8333333333333334,40.50007889319483,21.579065836505265,61.388888888888886,7.083333333333333
125,10.416666666666666,10.416666666666666,0,10.416666666666666,10:24,20.606666267184455,11.882913826299536,8.723752440884919,0,0,0,1,1,0,1,1,0,25,45.2,90.0,10,1.0,27.296462527859088,90.0,95.0,0,none,0,-1,-1.0,-1.0,0.0,10,1.0,1.0,1.0,0,125,0.43402777777777773,25.25,1.0,1.3333333333333333,1.25,0.8333333333333334,41.12438444875039,22.0275302956445,63.05555555555555,7.5
126,10.5,10.5,0,10.5,10:30,20.243756577299482,11.55397948099992,8.689777096299562,2,2,0,3,3,0,3,2,1,24,41.666666666666664,75.0,10,1.0,29.22032515928471,85.0,85.0,0,none,0,-1,-1.0,-1.0,0.0,10,1.0,1.0,1.0,0,126,0.4375,25.25,1.0,1.4166666666666667,1.4166666666666667,1.0,41.2979955598615,22.33627929244483,63.888888888888886,7.916666666666667
127,10.583333333333334,10.583333333333334,0,10.583333333333334,10:35,19.910651360575347,11.251624864288175,8.659026496287172,1,1,0,3,3,0,3,2,1,22,40.0,80.0,10,1.0,37.84900905119861,80.0,91.66666666666667,0,none,0,-1,-1.0,-1.0,0.0,10,1.0,1.0,1.0,0,127,0.44097222222222227,24.833333333333332,1.0,1.25,1.6666666666666667,1.25,41.328859757392365,25.490363380044712,70.55555555555556,8.333333333333334
128,10.666666666666666,10.666666666666666,0,10.666666666666666,10:39,19.607335150113403,10.975196048358073,8.63213910175533,1,0,1,1,1,0,1,1,0,22,41.13636363636363,80.0,10,1.0,39.221138718723665,85.0,80.0,0,none,0,-1,-1.0,-1.0,0.0,10,1.0,1.0,1.0,0,128,0.4444444444444444,24.5,1.0,1.25,1.5833333333333333,1.1666666666666667,41.423556727089334,26.515392769976177,70.76388888888889,8.75
129,10.75,10.75,0,10.75,10:45,19.333468944368136,10.723845607532295,8.60962333683584,2,2,0,1,0,1,1,0,1,23,40.43478260869565,85.0,10,1.0,27.985571958820184,85.0,80.0,0,none,0,-1,-1.0,-1.0,0.0,10,1.0,1.0,1.0,0,129,0.4479166666666667,24.25,1.0,1.3333333333333333,1.5833333333333333,1.1666666666666667,41.31555784191654,26.32800332504942,70.76388888888889,9.166666666666666
130,10.833333333333334,10.833333333333334,0,10.833333333333334,10:50,19.088412635182163,10.496561403697479,8.591851231484684,0,0,0,1,0,1,1,1,0,22,43.40909090909091,80.0,10,1.0,23.112206393713606,90.0,85.0,0,none,0,-1,-1.0,-1.0,0.0,10,1.0,1.0,1.0,0,130,0.4513888888888889,23.916666666666668,1.0,1.25,1.5833333333333333,1.1666666666666667,41.327212853571545,25.321574429708463,70.76388888888889,9.583333333333334
131,10.916666666666666,10.916666666666666,0,10.916666666666666,10:54,18.871250583960503,10.292193917243159,8.579056666717344,0,0,0,2,2,0,2,2,0,20,45.0,80.0,10,1.0,22.84239670215856,82.5,85.0,0,none,0,-1,-1.0,-1.0,0.0,10,1.0,1.0,1.0,0,131,0.4548611111111111,23.25,1.0,1.0833333333333333,1.75,1.3333333333333333,41.3420938059525,27.225107488221678,77.63888888888889,10.0
132,11.0,11.0,0,11.0,11:00,18.68081990598018,10.109481961899167,8.571337944081012,3,1,2,1,1,0,1,1,0,22,41.59090909090909,85.0,10,1.0,35.1279798703421,85.0,80.0,0,none,0,-1,-1.0,-1.0,0.0,10,1.0,1.0,1.0,0,132,0.4583333333333333,23.166666666666668,1.0,1.25,1.3333333333333333,1.3333333333333333,41.69206086787609,27.709890106156763,77.29166666666667,10.0
133,11.083333333333334,11.083333333333334,0,11.083333333333334,11:05,18.51574100938189,9.947076716859609,8.568664292522282,0,0,0,2,2,0,2,2,0,20,42.5,80.0,10,1.0,40.930429424351644,87.5,87.5,0,none,0,-1,-1.0,-1.0,0.0,10,1.0,1.0,1.0,0,133,0.4618055555555556,22.833333333333332,1.0,1.0833333333333333,1.4166666666666667,1.4166666666666667,42.126088645653866,28.063768462357743,77.91666666666667,10.0
134,11.166666666666666,11.166666666666666,0,11.166666666666666,11:09,18.374449928351616,9.803564084452125,8.570885843899491,0,0,0,1,1,0,1,1,0,19,45.526315789473685,80.0,10,1.0,26.965781403655797,85.0,80.0,0,none,0,-1,-1.0,-1.0,0.0,10,1.0,1.0,1.0,0,134,0.46527777777777773,22.5,1.0,1.0833333333333333,1.4166666666666667,1.4166666666666667,42.53226713535638,28.118847605273668,78.33333333333333,10.0
135,11.25,11.25,0,11.25,11:15,18.25523198878499,9.677485436192194,8.577746552592794,1,0,1,3,2,1,3,1,2,17,42.05882352941177,75.0,10,1.0,25.45907862555012,81.66666666666667,85.0,0,none,0,-1,-1.0,-1.0,0.0,10,1.0,1.0,1.0,0,135,0.46875,21.833333333333332,1.0,1.0,1.6666666666666667,1.6666666666666667,42.537169096140694,30.240437490736173,85.1388888888889,10.0
136,11.333333333333334,11.333333333333334,0,11.333333333333334,11:20,18.156256348724316,9.567356845303244,8.588899503421072,0,0,0,1,1,0,1,1,0,16,45.0,75.0,10,1.0,38.55479052962119,80.0,85.0,0,none,0,-1,-1.0,-1.0,0.0,10,1.0,1.0,1.0,0,136,0.47222222222222227,21.0,1.0,0.8333333333333334,1.6666666666666667,1.6666666666666667,42.79357935255095,31.213764197106602,84.72222222222223,10.0
137,11.416666666666666,11.416666666666666,0,11.416666666666666,11:24,18.075610964452643,9.471686921513752,8.60392404293889,1,1,0,2,1,1,2,2,0,15,42.666666666666664,70.0,10,1.0,27.374838510903754,80.0,82.5,0,none,0,-1,-1.0,-1.0,0.0,10,1.0,1.0,1.0,0,137,0.4756944444444444,20.166666666666668,1.0,0.9166666666666666,1.75,1.75,42.582468241439834,31.220295529026995,83.8888888888889,10.0
138,11.5,11.5,0,11.5,11:30,18.011337545728793,9.388993366620257,8.622344179108536,0,0,0,0,0,0,0,0,0,15,47.666666666666664,75.0,10,1.0,0.0,0.0,0.0,0,none,0,-1,-1.0,-1.0,0.0,10,1.0,1.0,1.0,0,138,0.4791666666666667,19.416666666666668,1.0,0.75,1.5,1.5,43.08246824143984,28.785268432419937,76.80555555555556,10.0
139,11.583333333333334,11.583333333333334,0,11.583333333333334,11:35,17.961466079692393,9.317818359768713,8.64364771992368,1,1,0,0,0,0,0,0,0,16,49.375,80.0,10,1.0,0.0,0.0,0.0,0,none,0,-1,-1.0,-1.0,0.0,10,1.0,1.0,1.0,0,139,0.4826388888888889,18.916666666666668,1.0,0.75,1.25,1.25,43.86371824143984,25.631184344820053,70.1388888888889,10.0
140,11.666666666666666,11.666666666666666,0,11.666666666666666,11:39,17.924048521947235,9.25674286264822,8.667305659299014,0,0,0,4,3,1,4,3,1,12,45.0,70.0,10,1.0,29.40695310229465,82.5,82.5,0,none,0,-1,-1.0,-1.0,0.0,10,1.0,1.0,1.0,0,140,0.4861111111111111,18.083333333333332,1.0,0.6666666666666666,1.5,1.5,44.18568793840954,24.81333554345097,69.93055555555556,10.0
141,11.75,11.75,0,11.75,11:45,17.897191274787914,9.204399909759529,8.692791365028386,2,1,1,2,2,0,2,1,1,12,37.5,70.0,10,1.0,16.40938729363519,75.0,82.5,0,none,0,-1,-1.0,-1.0,0.0,10,1.0,1.0,1.0,0,141,0.4895833333333333,17.166666666666668,1.0,0.6666666666666666,1.5833333333333333,1.5833333333333333,43.941122721018225,23.848653488018883,69.09722222222223,10.0
142,11.833333333333334,11.833333333333334,0,11.833333333333334,11:50,17.879086096068907,9.1594869203623,8.719599175706607,0,0,0,2,1,1,2,2,0,10,36.5,65.0,10,1.0,26.242354423013268,72.5,87.5,0,none,0,-1,-1.0,-1.0,0.0,10,1.0,1.0,1.0,0,142,0.4930555555555556,16.166666666666668,1.0,0.6666666666666666,1.6666666666666667,1.6666666666666667,43.365365145260654,24.10949915712719,67.6388888888889,10.0
143,11.916666666666666,11.916666666666666,0,11.916666666666666,11:54,17.868039107484766,9.12077703904663,8.747262068438136,1,0,1,1,1,0,1,1,0,10,34.5,70.0,10,1.0,26.07649441317776,70.0,85.0,0,none,0,-1,-1.0,-1.0,0.0,10,1.0,1.0,1.0,0,143,0.49652777777777773,15.333333333333334,1.0,0.75,1.5833333333333333,1.5833333333333333,42.49036514526066,24.379007299712125,66.59722222222223,10.0
144,12.0,12.0,0,12.0,12:00,17.86249759774826,9.0871294831504,8.775368114597859,0,0,0,1,1,0,1,1,0,9,35.55555555555556,60.0,10,1.0,36.091931909184154,75.0,80.0,0,none,0,-1,-1.0,-1.0,0.0,10,1.0,1.0,1.0,0,144,0.5,14.25,1.0,0.5,1.5833333333333333,1.5833333333333333,41.98741901731453,24.45933663628229,65.7638888888889,10.0
145,12.083333333333334,12.083333333333334,0,12.083333333333334,12:05,17.86107434408185,9.057498849062302,8.803575495019548,2,1,1,3,1,2,3,3,0,8,21.25,50.0,10,1.0,31.004553552893658,65.0,76.66666666666667,0,none,0,-1,-1.0,-1.0,0.0,10,1.0,1.0,1.0,0,145,0.5034722222222222,13.25,1.0,0.6666666666666666,1.6666666666666667,1.6666666666666667,40.216585683981194,23.632180313660793,63.88888888888889,10.0
146,12.166666666666666,12.166666666666666,0,12.166666666666666,12:09,17.86256920438291,9.030943306994764,8.831625897388147,0,0,0,2,1,1,2,1,1,6,18.333333333333332,35.0,10,1.0,27.6515401669602,50.0,75.0,0,none,0,-1,-1.0,-1.0,0.0,10,1.0,1.0,1.0,0,146,0.5069444444444444,12.166666666666666,1.0,0.6666666666666666,1.75,1.75,37.950503812636164,23.689326877269494,60.97222222222223,10.0
147,12.25,12.25,0,12.25,12:15,17.86598776222676,9.006631595875712,8.859356166351047,0,0,0,1,1,0,1,0,1,5,20.0,30.0,10,1.0,31.732304780342574,40.0,85.0,0,none,0,-1,-1.0,-1.0,0.0,10,1.0,1.0,1.0,0,147,0.5104166666666666,11.166666666666666,1.0,0.5833333333333334,1.5833333333333333,1.5833333333333333,36.11226851851852,24.212095723502202,57.5,10.0
148,12.333333333333334,12.333333333333334,0,12.333333333333334,12:20,17.870556837404767,8.983848717050272,8.886708120354495,1,0,1,0,0,0,0,0,0,6,20.833333333333332,35.0,10,1.0,0.0,0.0,0.0,0,none,0,-1,-1.0,-1.0,0.0,10,1.0,1.0,1.0,0,148,0.513888888888889,10.333333333333334,1.0,0.6666666666666666,1.5,1.5,34.098379629629626,20.999196512700436,50.833333333333336,10.0
149,12.416666666666666,12.416666666666666,0,12.416666666666666,12:24,17.87573670585183,8.962000217697103,8.913736488154726,2,0,2,3,1,2,3,3,0,5,9.0,20.0,10,1.0,27.91083780624705,36.666666666666664,75.0,0,none,0,-1,-1.0,-1.0,0.0,10,1.0,1.0,1.0,0,149,0.517361111111111,9.5,1.0,0.75,1.5833333333333333,1.5833333333333333,31.292824074074076,21.043863120645707,47.22222222222222,10.0
150,12.5,12.5,0,12.5,12:30,17.88122990450794,8.94061495225397,8.94061495225397,1,1,0,1,1,0,1,1,0,5,9.0,25.0,10,1.0,42.91440989003981,25.0,65.0,0,none,0,-1,-1.0,-1.0,0.0,10,1.0,1.0,1.0,0,150,0.5208333333333334,8.666666666666666,1.0,0.8333333333333334,1.6666666666666667,1.6666666666666667,28.070601851851848,24.620063944815694,49.30555555555555,10.0
151,12.583333333333334,12.583333333333334,0,12.583333333333334,12:35,17.886986528804712,8.919346212609193,8.96764031619552,2,1,1,1,0,1,1,0,1,6,6.666666666666667,15.0,10,1.0,40.49473289498026,30.0,55.0,0,none,0,-1,-1.0,-1.0,0.0,10,1.0,1.0,1.0,0,151,0.5243055555555556,7.833333333333333,1.0,0.9166666666666666,1.75,1.75,24.511574074074073,27.99462501939738,51.80555555555555,10.0
152,12.666666666666666,12.666666666666666,0,12.666666666666666,12:39,17.893205962998053,8.89797112520432,8.995234837793733,1,0,1,2,0,2,2,1,1,5,7.0,15.0,10,1.0,37.70411257695275,17.5,70.0,0,none,0,-1,-1.0,-1.0,0.0,10,1.0,1.0,1.0,0,152,0.5277777777777778,7.25,1.0,1.0,1.5833333333333333,1.5833333333333333,21.34490740740741,28.686054975618887,46.388888888888886,10.0
153,12.75,12.75,0,12.75,12:45,17.900335016416467,8.876388225381456,9.02394679103501,0,0,0,2,1,1,2,1,1,3,8.333333333333334,10.0,10,1.0,30.000947478439045,17.5,55.0,0,none,0,-1,-1.0,-1.0,0.0,10,1.0,1.0,1.0,0,153,0.53125,6.5,1.0,0.8333333333333334,1.5833333333333333,1.5833333333333333,18.91435185185185,29.81868499101921,41.59722222222222,10.0
154,12.833333333333334,12.833333333333334,0,12.833333333333334,12:50,17.90906247179544,8.854613136224648,9.054449335570792,0,0,0,1,0,1,1,1,0,2,12.5,15.0,10,1.0,28.41516176721591,15.0,40.0,0,none,0,-1,-1.0,-1.0,0.0,10,1.0,1.0,1.0,0,154,0.5347222222222222,5.833333333333333,1.0,0.8333333333333334,1.5,1.5,16.91435185185185,29.999752269702768,36.80555555555555,10.0
155,12.916666666666666,12.916666666666666,0,12.916666666666666,12:54,17.920310085157453,8.832772300794856,9.087537784362597,1,0,1,3,1,2,3,1,2,0,0.0,0.0,10,1.0,33.40104857477653,11.666666666666666,36.666666666666664,0,none,0,-1,-1.0,-1.0,0.0,10,1.0,1.0,1.0,0,155,0.5381944444444444,5.0,1.0,0.8333333333333334,1.6666666666666667,1.6666666666666667,14.039351851851853,30.610131783169333,31.944444444444443,10.0
156,13.0,13.0,0,13.0,13:00,17.935220110106556,8.811094743120563,9.124125366985993,0,0,0,0,0,0,0,0,0,0,0.0,0.0,10,1.0,0.0,0.0,0.0,0,none,0,-1,-1.0,-1.0,0.0,10,1.0,1.0,1.0,0,156,0.5416666666666666,4.25,1.0,0.8333333333333334,1.5833333333333333,1.5833333333333333,11.076388888888888,27.602470790737318,25.694444444444446,10.0
157,13.083333333333334,13.083333333333334,0,13.083333333333334,13:05,17.955139452865332,8.78990186470857,9.165237588156762,1,1,0,0,0,0,0,0,0,1,0.0,0.0,10,1.0,0.0,0.0,0.0,0,none,0,-1,-1.0,-1.0,0.0,10,1.0,1.0,1.0,0,157,0.545138888888889,3.6666666666666665,1.0,0.75,1.3333333333333333,1.3333333333333333,9.305555555555555,25.01875799466285,20.27777777777778,10.0
158,13.166666666666666,13.166666666666666,0,13.166666666666666,13:09,17.981600597810417,8.769595319809286,9.212005278001131,0,0,0,0,0,0,0,0,0,1,5.0,5.0,10,1.0,0.0,0.0,0.0,0,none,0,-1,-1.0,-1.0,0.0,10,1.0,1.0,1.0,0,158,0.548611111111111,3.25,1.0,0.75,1.1666666666666667,1.1666666666666667,8.194444444444445,22.7144629807495,16.11111111111111,10.0
159,13.25,13.25,0,13.25,13:15,18.01629947657129,8.750643054272226,9.265656422299063,1,1,0,2,2,0,2,2,0,0,0.0,0.0,10,1.0,38.96687423141147,5.0,20.0,0,none,0,-1,-1.0,-1.0,0.0,10,1.0,1.0,1.0,0,159,0.5520833333333334,2.8333333333333335,1.0,0.8333333333333334,1.25,1.25,6.527777777777778,23.31734376833857,13.194444444444445,10.0
160,13.333333333333334,13.333333333333334,0,13.333333333333334,13:20,18.061070486838766,8.73356363948125,9.327506847357515,1,0,1,1,0,1,5,0,5,0,0.0,0.0,6,0.6,31.304948301114525,0.0,20.0,0,none,0,-1,-1.0,-1.0,0.0,10,1.0,1.0,1.0,0,160,0.5555555555555556,2.3333333333333335,0.9666666666666667,0.8333333333333334,1.3333333333333333,1.6666666666666667,4.791666666666667,25.92608946009811,13.194444444444445,10.0
161,13.416666666666666,13.416666666666666,0,13.416666666666666,13:24,18.117858899756435,8.71890908425559,9.398949815500846,0,0,0,0,0,0,0,0,0,0,0.0,0.0,6,0.6,0.0,0.0,0.0,0,none,0,-1,-1.0,-1.0,0.0,10,1.0,1.0,1.0,0,161,0.5590277777777778,1.9166666666666667,0.9333333333333332,0.6666666666666666,1.0833333333333333,1.4166666666666667,4.041666666666667,23.600186309577524,10.13888888888889,10.0
162,13.5,13.5,0,13.5,13:30,18.188690926982243,8.707246363114217,9.481444563868026,0,0,0,0,0,0,3,1,2,0,0.0,0.0,3,0.3,0.0,0.0,11.666666666666666,0,none,0,-1,-1.0,-1.0,0.0,10,1.0,1.0,1.0,0,162,0.5625,1.5,0.875,0.5833333333333334,1.0,1.5833333333333333,3.2916666666666665,20.02398548540754,8.055555555555555,10.0
163,13.583333333333334,13.583333333333334,0,13.583333333333334,13:35,18.275641750014426,8.699137957899087,9.57650379211534,1,0,1,1,0,1,0,0,0,0,0.0,0.0,4,0.4,35.14229393539809,0.0,0.0,0,none,0,-1,-1.0,-1.0,0.0,10,1.0,1.0,1.0,0,163,0.5659722222222222,1.0,0.8250000000000001,0.5,1.0,1.5,2.736111111111111,19.57794890544236,5.5555555555555545,10.0
164,13.666666666666666,13.666666666666666,0,13.666666666666666,13:39,18.38080184493627,8.695121769942759,9.68568007499351,0,0,0,0,0,0,0,0,0,0,0.0,0.0,4,0.4,0.0,0.0,0.0,0,none,0,-1,-1.0,-1.0,0.0,10,1.0,1.0,1.0,0,164,0.5694444444444444,0.5833333333333334,0.775,0.4166666666666667,0.8333333333333334,1.3333333333333333,2.1527777777777777,16.43593952402963,4.097222222222222,10.0
165,13.75,13.75,0,13.75,13:45,18.506241965056223,8.69569081974589,9.810551145310333,1,0,1,1,0,1,0,0,0,0,0.0,0.0,5,0.5,37.8170252282013,0.0,0.0,0,none,0,-1,-1.0,-1.0,0.0,10,1.0,1.0,1.0,0,165,0.5729166666666666,0.3333333333333333,0.7333333333333334,0.5,0.75,1.1666666666666667,1.4583333333333333,17.08727933650982,2.638888888888889,10.0
166,13.833333333333334,13.833333333333334,0,13.833333333333334,13:50,18.65397717165216,8.701273207980098,9.952703963672061,1,0,1,1,0,1,1,1,0,0,0.0,0.0,5,0.5,31.952688432041644,0.0,10.0,0,none,0,-1,-1.0,-1.0,0.0,10,1.0,1.0,1.0,0,166,0.576388888888889,0.16666666666666666,0.6916666666666668,0.5833333333333334,0.75,1.1666666666666667,0.4166666666666667,17.382073225245296,1.3888888888888886,10.0
167,13.916666666666666,13.916666666666666,0,13.916666666666666,13:54,18.8259303287559,8.712212862546842,10.113717466209057,0,0,0,0,0,0,1,0,1,0,0.0,0.0,4,0.4,0.0,0.0,0.0,0,none,0,-1,-1.0,-1.0,0.0,10,1.0,1.0,1.0,0,167,0.579861111111111,0.16666666666666666,0.6416666666666667,0.5,0.5,1.0,0.4166666666666667,14.598652510680585,0.4166666666666667,10.0
168,14.0,14.0,0,14.0,14:00,19.023895501153813,8.72875163798738,10.295143863166434,1,1,0,1,1,0,0,0,0,0,0.0,0.0,5,0.5,29.463471030903193,0.0,0.0,0,none,0,-1,-1.0,-1.0,0.0,10,1.0,1.0,1.0,0,168,0.5833333333333334,0.16666666666666666,0.6,0.5833333333333334,0.5833333333333334,1.0,0.4166666666666667,17.053941763255853,0.4166666666666667,10.0
169,14.083333333333334,14.083333333333334,0,14.083333333333334,14:05,19.24950171498294,8.751013362054193,10.498488352928748,1,1,0,1,1,0,1,1,0,0,0.0,0.0,5,0.5,34.676073592130805,0.0,0.0,0,none,0,-1,-1.0,-1.0,0.0,10,1.0,1.0,1.0,0,169,0.5868055555555556,0.08333333333333333,0.5583333333333333,0.5833333333333334,0.6666666666666666,1.0833333333333333,0.4166666666666667,19.943614562600086,0.4166666666666667,10.0
170,14.166666666666666,14.166666666666666,0,14.166666666666666,14:09,19.50417755685996,8.778990435911853,10.725187120948108,0,0,0,0,0,0,0,0,0,0,0.0,0.0,5,0.5,0.0,0.0,0.0,0,none,0,-1,-1.0,-1.0,0.0,10,1.0,1.0,1.0,0,170,0.5902777777777778,0.0,0.5166666666666667,0.5833333333333334,0.6666666666666666,1.0833333333333333,0.0,19.943614562600086,0.4166666666666667,10.0
171,14.25,14.25,0,14.25,14:15,19.789117099729374,8.812533585538368,10.976583514191006,4,2,2,4,2,2,1,0,1,0,0.0,0.0,8,0.8,35.87560507973545,0.0,0.0,0,none,0,-1,-1.0,-1.0,0.0,10,1.0,1.0,1.0,0,171,0.59375,0.0,0.5,0.8333333333333334,0.8333333333333334,1.0,0.0,19.68600879996042,0.0,10.0
172,14.333333333333334,14.333333333333334,0,14.333333333333334,14:20,20.105247650857034,8.851345329119532,11.253902321737502,1,0,1,1,0,1,0,0,0,0,0.0,0.0,9,0.9,33.97716223576075,0.0,0.0,0,none,0,-1,-1.0,-1.0,0.0,10,1.0,1.0,1.0,0,172,0.5972222222222222,0.0,0.525,0.8333333333333334,0.8333333333333334,0.5833333333333334,0.0,19.90869329451427,0.0,10.0
173,14.416666666666666,14.416666666666666,0,14.416666666666666,14:24,20.45319981890424,8.894977665895409,11.558222153008831,1,0,1,1,0,1,2,0,2,0,0.0,0.0,8,0.8,32.55129513495678,0.0,0.0,0,none,0,-1,-1.0,-1.0,0.0,10,1.0,1.0,1.0,0,173,0.6006944444444444,0.0,0.5416666666666666,0.9166666666666666,0.9166666666666666,0.75,0.0,22.621301222427334,0.0,10.0
174,14.5,14.5,0,14.5,14:30,20.833280392079033,8.942834404306268,11.890445987772763,4,2,2,3,2,1,1,1,0,1,0.0,0.0,10,1.0,32.11836457351093,0.0,0.0,0,none,0,-1,-1.0,-1.0,0.0,10,1.0,1.0,1.0,0,174,0.6041666666666666,0.08333333333333333,0.6,1.25,1.1666666666666667,0.5833333333333334,0.0,25.297831603553245,0.0,10.0
175,14.583333333333334,14.583333333333334,0,14.583333333333334,14:35,21.245448507288454,8.994178430904247,12.251270076384207,2,0,2,0,0,0,0,0,0,3,1.6666666666666667,5.0,10,1.0,0.0,0.0,0.0,0,none,0,-1,-1.0,-1.0,0.0,10,1.0,1.0,1.0,0,175,0.607638888888889,0.3333333333333333,0.65,1.3333333333333333,1.0833333333333333,0.5833333333333334,0.1388888888888889,22.369307108936738,0.0,10.0
176,14.666666666666666,14.666666666666666,0,14.666666666666666,14:39,21.68929557038579,9.048144077343085,12.641151493042706,2,1,1,1,0,1,1,1,0,4,2.5,5.0,10,1.0,21.394238791620634,10.0,0.0,0,none,0,-1,-1.0,-1.0,0.0,10,1.0,1.0,1.0,0,176,0.611111111111111,0.6666666666666666,0.7000000000000001,1.5,1.1666666666666667,0.6666666666666666,0.34722222222222227,24.15216034157179,0.8333333333333334,10.0
177,14.75,14.75,0,14.75,14:45,22.164029359491966,9.103754573509828,13.060274785982138,1,0,1,0,0,0,0,0,0,5,6.0,10.0,10,1.0,0.0,0.0,0.0,0,none,0,-1,-1.0,-1.0,0.0,10,1.0,1.0,1.0,0,177,0.6145833333333334,1.0833333333333333,0.7416666666666667,1.5,1.0833333333333333,0.6666666666666666,0.8472222222222223,21.000741572555015,0.8333333333333334,10.0
178,14.833333333333334,14.833333333333334,0,14.833333333333334,14:50,22.668462706575397,9.159944384996713,13.508518321578686,0,0,0,1,0,1,1,0,1,4,10.0,15.0,10,1.0,17.456413874020928,15.0,0.0,0,none,0,-1,-1.0,-1.0,0.0,10,1.0,1.0,1.0,0,178,0.6180555555555556,1.4166666666666667,0.7833333333333333,1.4166666666666667,1.0833333333333333,0.6666666666666666,1.6805555555555556,19.792718692719955,2.0833333333333335,10.0
179,14.916666666666666,14.916666666666666,0,14.916666666666666,14:54,23.201007106769826,9.215586028918848,13.985421077850978,0,0,0,4,1,3,5,3,2,0,0.0,0.0,9,0.9,28.533138367936544,15.0,0.0,0,none,0,-1,-1.0,-1.0,0.0,10,1.0,1.0,1.0,0,179,0.6215277777777778,1.4166666666666667,0.8250000000000001,1.4166666666666667,1.4166666666666667,1.0,1.6805555555555556,22.170480223381333,3.3333333333333335,10.0
180,15.0,15.0,0,15.0,15:00,23.759671550263715,9.26952075156188,14.490150798701835,1,0,1,1,0,1,1,0,1,0,0.0,0.0,9,0.9,46.644504148823984,0.0,0.0,0,none,0,-1,-1.0,-1.0,0.0,10,1.0,1.0,1.0,0,180,0.625,1.4166666666666667,0.8583333333333334,1.4166666666666667,1.4166666666666667,1.0833333333333333,1.6805555555555556,23.60223298320807,3.3333333333333335,10.0
181,15.083333333333334,15.083333333333334,0,15.083333333333334,15:05,24.342066808205345,9.320592243964095,15.02147456424125,0,0,0,0,0,0,1,0,1,0,0.0,0.0,8,0.8,0.0,0.0,10.0,0,none,0,-1,-1.0,-1.0,0.0,10,1.0,1.0,1.0,0,181,0.6284722222222222,1.4166666666666667,0.8833333333333333,1.3333333333333333,1.3333333333333333,1.0833333333333333,1.6805555555555556,20.712560183863832,3.3333333333333335,10.0
182,15.166666666666666,15.166666666666666,0,15.166666666666666,15:09,24.94541533238444,9.367682377874381,15.577732954510058,1,0,1,1,0,1,4,1,3,0,0.0,0.0,5,0.5,31.446697712252526,0.0,7.5,0,none,0,-1,-1.0,-1.0,0.0,10,1.0,1.0,1.0,0,182,0.6319444444444444,1.4166666666666667,0.8833333333333333,1.4166666666666667,1.4166666666666667,1.4166666666666667,1.6805555555555556,23.333118326551542,3.3333333333333335,10.0
183,15.25,15.25,0,15.25,15:15,25.566566849190355,9.409747775764568,16.156819073425787,1,1,0,1,1,0,0,0,0,0,0.0,0.0,6,0.6,28.140865118650172,0.0,0.0,0,none,0,-1,-1.0,-1.0,0.0,10,1.0,1.0,1.0,0,183,0.6354166666666666,1.4166666666666667,0.8666666666666666,1.1666666666666667,1.1666666666666667,1.3333333333333333,1.6805555555555556,22.68855666312777,3.3333333333333335,10.0
184,15.333333333333334,15.333333333333334,0,15.333333333333334,15:20,26.20201964250461,9.445855895902431,16.756163746602176,2,2,0,2,2,0,0,0,0,0,0.0,0.0,8,0.8,30.746174958321873,0.0,0.0,0,none,0,-1,-1.0,-1.0,0.0,10,1.0,1.0,1.0,0,184,0.638888888888889,1.4166666666666667,0.8583333333333334,1.25,1.25,1.3333333333333333,1.6805555555555556,22.419307723341195,3.3333333333333335,10.0
185,15.416666666666666,15.416666666666666,0,15.416666666666666,15:24,26.84794742903174,9.475219227424235,17.372728201607508,1,1,0,1,1,0,1,1,0,0,0.0,0.0,8,0.8,31.029992645620133,0.0,15.0,0,none,0,-1,-1.0,-1.0,0.0,10,1.0,1.0,1.0,0,185,0.642361111111111,1.4166666666666667,0.8583333333333334,1.25,1.25,1.25,1.6805555555555556,22.29253251589648,3.3333333333333335,10.0
186,15.5,15.5,0,15.5,15:30,27.500231634640805,9.497226159997263,18.003005474643544,0,0,0,0,0,0,1,0,1,0,0.0,0.0,7,0.7,0.0,0.0,20.0,0,none,0,-1,-1.0,-1.0,0.0,10,1.0,1.0,1.0,0,186,0.6458333333333334,1.3333333333333333,0.8333333333333334,0.9166666666666666,1.0,1.25,1.6805555555555556,19.616002134770568,3.3333333333333335,10.0
187,15.583333333333334,15.583333333333334,0,15.583333333333334,15:35,28.15449878335403,9.51146712503016,18.64303165832387,1,0,1,1,0,1,1,0,1,0,0.0,0.0,7,0.7,39.19749827567831,0.0,10.0,0,none,0,-1,-1.0,-1.0,0.0,10,1.0,1.0,1.0,0,187,0.6493055555555556,1.0833333333333333,0.8083333333333332,0.8333333333333334,1.0833333333333333,1.3333333333333333,1.5416666666666667,22.882460324410427,3.3333333333333335,10.0
188,15.666666666666666,15.666666666666666,0,15.666666666666666,15:39,28.806162613663684,9.517754704692791,19.288407908970893,0,0,0,0,0,0,0,0,0,0,0.0,0.0,7,0.7,0.0,0.0,0.0,0,none,0,-1,-1.0,-1.0,0.0,10,1.0,1.0,1.0,0,188,0.6527777777777778,0.75,0.7833333333333333,0.6666666666666666,1.0,1.25,1.3333333333333333,21.099607091775372,2.5,10.0
189,15.75,15.75,0,15.75,15:45,29.450470442021608,9.516136572142347,19.93433386987926,1,1,0,1,1,0,2,1,1,0,0.0,0.0,6,0.6,36.97559470012419,0.0,0.0,0,none,0,-1,-1.0,-1.0,0.0,10,1.0,1.0,1.0,0,189,0.65625,0.3333333333333333,0.75,0.6666666666666666,1.0833333333333333,1.4166666666666667,0.8333333333333334,24.180906650119056,2.5,10.0
190,15.833333333333334,15.833333333333334,0,15.833333333333334,15:50,30.082553202885276,9.506900358507846,20.57565284437743,2,1,1,2,1,1,2,1,1,0,0.0,0.0,6,0.6,34.91353992615639,0.0,0.0,0,none,0,-1,-1.0,-1.0,0.0,10,1.0,1.0,1.0,0,190,0.6597222222222222,0.0,0.7166666666666667,0.8333333333333334,1.1666666666666667,1.5,0.0,25.635667154463675,1.25,10.0
191,15.916666666666666,15.916666666666666,0,15.916666666666666,15:54,30.697478510914777,9.490569832664994,21.206908678249782,1,0,1,1,0,1,1,1,0,0,0.0,0.0,6,0.6,23.943263307727655,0.0,0.0,0,none,0,-1,-1.0,-1.0,0.0,10,1.0,1.0,1.0,0,191,0.6631944444444444,0.0,0.6916666666666665,0.9166666666666666,0.9166666666666666,1.1666666666666667,0.0,25.253177566112935,0.0,10.0
192,16.0,16.0,0,16.0,16:00,31.290306016074027,9.467892118126867,21.822413897947158,1,0,1,1,0,1,1,1,0,0,0.0,0.0,6,0.6,30.086372192932185,0.0,0.0,0,none,0,-1,-1.0,-1.0,0.0,10,1.0,1.0,1.0,0,192,0.6666666666666666,0.0,0.6666666666666666,0.9166666666666666,0.9166666666666666,1.1666666666666667,0.0,23.873333236455284,0.0,10.0
193,16.083333333333332,16.083333333333332,0,16.083333333333332,16:04,31.85614425867987,9.439816043480489,22.416328215199382,2,1,1,2,1,1,0,0,0,0,0.0,0.0,8,0.8,42.74589584309032,0.0,0.0,0,none,0,-1,-1.0,-1.0,0.0,10,1.0,1.0,1.0,0,193,0.6701388888888888,0.0,0.6666666666666666,1.0833333333333333,1.0833333333333333,1.0833333333333333,0.0,27.435491223379476,0.0,10.0
194,16.166666666666668,16.166666666666668,0,16.166666666666668,16:10,32.3902081808799,9.40746211180715,22.98274606907275,3,2,1,2,1,1,0,0,0,1,0.0,0.0,10,1.0,37.78187071054591,0.0,0.0,0,none,0,-1,-1.0,-1.0,0.0,10,1.0,1.0,1.0,0,194,0.6736111111111112,0.08333333333333333,0.7083333333333334,1.25,1.1666666666666667,0.75,0.0,27.963422306570592,0.0,10.0
195,16.25,16.25,0,16.25,16:15,32.88787641539791,9.372084961443933,23.515791453953977,4,2,2,1,1,0,1,0,1,4,0.0,0.0,10,1.0,35.936321201964454,5.0,0.0,0,none,0,-1,-1.0,-1.0,0.0,10,1.0,1.0,1.0,0,195,0.6770833333333334,0.4166666666666667,0.7416666666666667,1.5,1.1666666666666667,0.8333333333333334,0.0,28.61304364684678,0.4166666666666667,10.0
196,16.333333333333332,16.333333333333332,0,16.333333333333332,16:19,33.344747453138154,9.335029555223219,24.009717897914935,1,1,0,1,0,1,1,0,1,4,3.75,5.0,10,1.0,25.56151397018766,5.0,0.0,0,none,0,-1,-1.0,-1.0,0.0,10,1.0,1.0,1.0,0,196,0.6805555555555555,0.75,0.7583333333333333,1.4166666666666667,1.0833333333333333,0.9166666666666666,0.3125,28.180988564502268,0.8333333333333334,10.0
197,16.416666666666668,16.416666666666668,0,16.416666666666668,16:25,33.756693789482114,9.29768265801165,24.45901113147046,1,1,0,2,1,1,2,2,0,3,5.0,10.0,10,1.0,46.40552852201777,10.0,0.0,0,none,0,-1,-1.0,-1.0,0.0,10,1.0,1.0,1.0,0,197,0.6840277777777778,1.0,0.775,1.4166666666666667,1.1666666666666667,1.0,0.7291666666666666,29.462283220868738,1.6666666666666667,10.0
198,16.5,16.5,0,16.5,16:30,34.11991316553358,9.26142142433202,24.85849174120156,5,0,5,1,1,0,1,0,1,7,2.142857142857143,10.0,10,1.0,35.73083025938132,15.0,0.0,0,none,0,-1,-1.0,-1.0,0.0,10,1.0,1.0,1.0,0,198,0.6875,1.5833333333333333,0.7999999999999999,1.8333333333333333,1.25,1.0,0.9077380952380952,32.43985240915051,2.9166666666666665,10.0
199,16.583333333333332,16.583333333333332,0,16.583333333333332,16:34,34.43097605539087,9.227561102995123,25.20341495239575,1,0,1,1,1,0,1,0,1,7,5.0,10.0,10,1.0,15.05695611139264,15.0,0.0,0,none,0,-1,-1.0,-1.0,0.0,10,1.0,1.0,1.0,0,199,0.6909722222222222,2.1666666666666665,0.8250000000000001,1.8333333333333333,1.25,1.0,1.3244047619047619,30.42814056212671,4.166666666666667,10.0
200,16.666666666666668,16.666666666666668,0,16.666666666666668,16:40,34.686868603495384,9.197303961535981,25.489564641959404,3,1,2,1,1,0,1,0,1,9,6.111111111111111,10.0,10,1.0,25.33070206167679,15.0,0.0,0,none,0,-1,-1.0,-1.0,0.0,10,1.0,1.0,1.0,0,200,0.6944444444444445,2.9166666666666665,0.8500000000000001,2.0833333333333335,1.3333333333333333,1.0833333333333333,1.8336640211640212,32.53903240059977,5.416666666666667,10.0
201,16.75,16.75,0,16.75,16:45,34.88503028647547,9.171691531932606,25.713338754542864,3,1,2,1,0,1,1,0,1,11,7.7272727272727275,15.0,10,1.0,32.984981195660744,15.0,0.0,0,none,0,-1,-1.0,-1.0,0.0,10,1.0,1.0,1.0,0,201,0.6979166666666666,3.8333333333333335,0.8833333333333333,2.25,1.3333333333333333,1.0,2.477603415103415,32.20648127522782,6.666666666666667,10.0
202,16.833333333333332,16.833333333333332,0,16.833333333333332,16:49,35.02338566044036,9.151562177882349,25.87182348255801,1,1,0,1,0,1,1,0,1,11,10.909090909090908,20.0,10,1.0,50.0,20.0,5.0,0,none,0,-1,-1.0,-1.0,0.0,10,1.0,1.0,1.0,0,202,0.7013888888888888,4.75,0.9166666666666666,2.1666666666666665,1.25,0.9166666666666666,3.3866943241943246,33.463686281381456,8.333333333333334,10.0
203,16.916666666666668,16.916666666666668,0,16.916666666666668,16:55,35.10036965568599,9.137515785653212,25.962853870032774,2,0,2,3,0,3,3,3,0,10,10.0,20.0,10,1.0,25.279818817029064,25.0,6.666666666666667,0,none,0,-1,-1.0,-1.0,0.0,10,1.0,1.0,1.0,0,203,0.7048611111111112,5.583333333333333,0.9500000000000001,2.25,1.4166666666666667,1.0833333333333333,4.220027657527658,33.57506590715657,10.416666666666666,10.0
204,17.0,17.0,0,17.0,17:00,35.11494599413609,9.129887093561539,25.985058900574554,5,1,4,1,0,1,1,1,0,14,8.928571428571429,20.0,10,1.0,42.31418468347579,25.0,0.0,0,none,0,-1,-1.0,-1.0,0.0,10,1.0,1.0,1.0,0,204,0.7083333333333334,6.75,0.9833333333333334,2.5833333333333335,1.4166666666666667,1.0833333333333333,4.964075276575277,34.59405028136854,12.5,10.0
205,17.083333333333332,17.083333333333332,0,17.083333333333332,17:04,35.06661842807187,9.128728812929904,25.937889615141966,5,1,4,0,0,0,0,0,0,19,10.263157894736842,25.0,10,1.0,0.0,0.0,0.0,0,none,0,-1,-1.0,-1.0,0.0,10,1.0,1.0,1.0,0,205,0.7118055555555555,8.333333333333334,1.0,2.8333333333333335,1.25,1.0833333333333333,5.819338434470013,31.031892294444344,12.5,10.0
206,17.166666666666668,17.166666666666668,0,17.166666666666668,17:10,34.95543462901267,9.133805273824589,25.821629355188083,4,1,3,2,0,2,2,2,0,21,10.952380952380953,30.0,10,1.0,30.854982524167298,30.0,15.0,0,none,0,-1,-1.0,-1.0,0.0,10,1.0,1.0,1.0,0,206,0.7152777777777778,10.0,1.0,2.9166666666666665,1.25,1.25,6.732036847168426,30.454651612246128,15.0,10.0
207,17.25,17.25,0,17.25,17:15,34.78198268999153,9.144596873207066,25.637385816784462,2,0,2,3,2,1,3,1,2,20,12.0,30.0,10,1.0,34.820706083601415,31.666666666666668,15.0,0,none,0,-1,-1.0,-1.0,0.0,10,1.0,1.0,1.0,0,207,0.71875,11.333333333333334,1.0,2.75,1.4166666666666667,1.4166666666666667,7.732036847168426,30.361683685715875,17.22222222222222,10.0
208,17.333333333333332,17.333333333333332,0,17.333333333333332,17:19,34.54738033977345,9.16031513471171,25.387065205061734,3,1,2,1,0,1,1,0,1,22,13.863636363636363,30.0,10,1.0,32.42104159266178,35.0,15.0,0,none,0,-1,-1.0,-1.0,0.0,10,1.0,1.0,1.0,0,208,0.7222222222222222,12.833333333333334,1.0,2.9166666666666665,1.4166666666666667,1.4166666666666667,8.574839877471456,30.933310987588715,19.722222222222225,10.0
209,17.416666666666668,17.416666666666668,0,17.416666666666668,17:25,34.25325710060369,9.179927732138497,25.073329368465192,3,3,0,2,1,1,2,0,2,23,15.217391304347826,30.0,10,1.0,28.589724216065203,32.5,25.0,0,none,0,-1,-1.0,-1.0,0.0,10,1.0,1.0,1.0,0,209,0.7256944444444445,14.5,1.0,3.0833333333333335,1.4166666666666667,1.4166666666666667,9.426289152833775,29.448660628759338,21.597222222222225,10.0
210,17.5,17.5,0,17.5,17:30,33.90172974870734,9.202192406228747,24.699537342478592,0,0,0,0,0,0,0,0,0,23,20.217391304347824,35.0,10,1.0,0.0,0.0,0.0,0,none,0,-1,-1.0,-1.0,0.0,10,1.0,1.0,1.0,0,210,0.7291666666666666,15.833333333333334,1.0,2.6666666666666665,1.3333333333333333,1.3333333333333333,10.932500332958,26.47109144047756,20.347222222222225,10.0
211,17.583333333333332,17.583333333333332,0,17.583333333333332,17:34,33.49537155599347,9.22569833752863,24.269673218464842,2,1,1,1,0,1,1,0,1,24,22.5,35.0,10,1.0,20.7705322628096,40.0,30.0,0,none,0,-1,-1.0,-1.0,0.0,10,1.0,1.0,1.0,0,211,0.7326388888888888,17.25,1.0,2.75,1.3333333333333333,1.3333333333333333,12.390833666291334,26.94722278642897,22.430555555555557,10.0
212,17.666666666666668,17.666666666666668,0,17.666666666666668,17:40,33.03717589948519,9.24891324489791,23.78826265458728,3,1,2,1,0,1,1,0,1,26,23.846153846153847,40.0,10,1.0,28.55433615206302,40.0,20.0,0,none,0,-1,-1.0,-1.0,0.0,10,1.0,1.0,1.0,0,212,0.7361111111111112,18.666666666666668,1.0,2.75,1.3333333333333333,1.3333333333333333,13.86875389421156,27.215858960627823,24.51388888888889,10.0
213,17.75,17.75,0,17.75,17:45,32.53051491944552,9.27023427284599,23.260280646599533,1,0,1,1,1,0,1,0,1,26,27.115384615384617,45.0,10,1.0,32.141056682220416,45.0,25.0,0,none,0,-1,-1.0,-1.0,0.0,10,1.0,1.0,1.0,0,213,0.7395833333333334,19.916666666666668,1.0,2.5833333333333335,1.3333333333333333,1.3333333333333333,15.484429884887552,27.14553191784113,27.01388888888889,10.0
214,17.833333333333332,17.833333333333332,0,17.833333333333332,17:49,31.979093985931627,9.288040619622178,22.69105336630945,4,2,2,2,0,2,2,2,0,28,26.25,50.0,10,1.0,29.069047031548372,50.0,32.5,0,none,0,-1,-1.0,-1.0,0.0,10,1.0,1.0,1.0,0,214,0.7430555555555555,21.333333333333332,1.0,2.8333333333333335,1.4166666666666667,1.4166666666666667,16.762838975796644,25.40128583713683,29.51388888888889,10.0
215,17.916666666666668,17.916666666666668,0,17.916666666666668,17:55,31.386902794955184,9.300745844635308,22.086156950319875,5,2,3,4,1,3,4,0,4,29,23.103448275862068,50.0,10,1.0,29.525929820396886,51.25,31.25,0,none,0,-1,-1.0,-1.0,0.0,10,1.0,1.0,1.0,0,215,0.7465277777777778,22.916666666666668,1.0,3.0833333333333335,1.5,1.5,17.854792998785147,25.755128420750818,31.70138888888889,10.0
216,18.0,18.0,0,18.0,18:00,30.758163958405603,9.306847875653567,21.451316082752037,3,0,3,2,0,2,2,1,1,30,23.5,50.0,10,1.0,24.2714020000313,55.0,37.5,0,none,0,-1,-1.0,-1.0,0.0,10,1.0,1.0,1.0,0,216,0.75,24.25,1.0,2.9166666666666665,1.5833333333333333,1.5833333333333333,19.069078713070862,24.251563197130437,34.20138888888889,10.0
217,18.083333333333332,18.083333333333332,0,18.083333333333332,18:04,30.09727997576591,9.304974905556126,20.792305070209785,3,0,3,0,0,0,0,0,0,33,25.90909090909091,55.0,10,1.0,0.0,0.0,0.0,0,none,0,-1,-1.0,-1.0,0.0,10,1.0,1.0,1.0,0,217,0.7534722222222222,25.416666666666668,1.0,2.75,1.5833333333333333,1.5833333333333333,20.372906464267032,24.25156319713044,34.20138888888889,10.0
218,18.166666666666668,18.166666666666668,0,18.166666666666668,18:10,29.40877948029533,9.293925612955572,20.114853867339757,2,2,0,1,0,1,1,0,1,34,28.235294117647058,60.0,10,1.0,42.73028109938205,60.0,40.0,0,none,0,-1,-1.0,-1.0,0.0,10,1.0,1.0,1.0,0,218,0.7569444444444445,26.5,1.0,2.5833333333333335,1.5,1.5,21.813149228039208,25.24117141173167,36.70138888888889,10.0
219,18.25,18.25,0,18.25,18:15,28.697263638153192,9.272702445050424,19.424561193102768,2,0,2,1,1,0,1,0,1,35,30.428571428571427,65.0,10,1.0,22.958620896290586,65.0,50.0,0,none,0,-1,-1.0,-1.0,0.0,10,1.0,1.0,1.0,0,219,0.7604166666666666,27.75,1.0,2.5833333333333335,1.3333333333333333,1.3333333333333333,23.348863513753496,24.252664312789104,39.479166666666664,10.0
220,18.333333333333332,18.333333333333332,0,18.333333333333332,18:19,27.967353546769075,9.240537046453097,18.72681650031598,3,2,1,4,0,4,4,2,2,34,28.529411764705884,60.0,10,1.0,27.712452972481508,67.5,50.0,0,none,0,-1,-1.0,-1.0,0.0,10,1.0,1.0,1.0,0,220,0.7638888888888888,28.75,1.0,2.5833333333333335,1.5833333333333333,1.5833333333333333,24.571011463842623,23.86028192777408,42.1875,10.0
221,18.416666666666668,18.416666666666668,0,18.416666666666668,18:25,27.223639429946466,9.196907285107597,18.026732144838867,3,1,2,2,1,1,2,0,2,35,28.857142857142858,65.0,10,1.0,20.777774392151933,65.0,50.0,0,none,0,-1,-1.0,-1.0,0.0,10,1.0,1.0,1.0,0,221,0.7673611111111112,29.75,1.0,2.5833333333333335,1.5833333333333333,1.5833333333333333,25.70765742657554,23.20928610911464,44.895833333333336,10.0
222,18.5,18.5,0,18.5,18:30,26.47063236343379,9.14154569638572,17.32908666704807,2,1,1,0,0,0,0,0,0,37,32.027027027027025,70.0,10,1.0,0.0,0.0,0.0,0,none,0,-1,-1.0,-1.0,0.0,10,1.0,1.0,1.0,0,222,0.7708333333333334,30.916666666666668,1.0,2.75,1.5833333333333333,1.5833333333333333,26.69179373679881,23.20928610911464,44.895833333333336,10.0
223,18.583333333333332,18.583333333333332,0,18.583333333333332,18:34,25.712719188060802,9.074439520771785,16.63827966728902,4,1,3,1,0,1,1,0,1,40,32.375,70.0,10,1.0,29.393983751555812,75.0,55.0,0,none,0,-1,-1.0,-1.0,0.0,10,1.0,1.0,1.0,0,223,0.7743055555555555,32.25,1.0,2.9166666666666665,1.5833333333333333,1.5833333333333333,27.514710403465475,23.92790706651016,47.8125,10.0
224,18.666666666666668,18.666666666666668,0,18.666666666666668,18:40,24.95412118033061,8.995822833054307,15.958298347276303,2,1,1,3,3,0,3,1,2,39,32.56410256410256,65.0,10,1.0,26.15198819532631,75.0,63.333333333333336,0,none,0,-1,-1.0,-1.0,0.0,10,1.0,1.0,1.0,0,224,0.7777777777777778,33.333333333333336,1.0,2.8333333333333335,1.75,1.75,28.2412061299612,23.727711403448765,50.729166666666664,10.0
225,18.75,18.75,0,18.75,18:45,24.198856955072106,8.90616153835985,15.292695416712256,2,0,2,2,1,1,2,1,1,39,33.97435897435897,65.0,10,1.0,37.528906021865005,70.0,65.0,0,none,0,-1,-1.0,-1.0,0.0,10,1.0,1.0,1.0,0,225,0.78125,34.416666666666664,1.0,2.9166666666666665,1.8333333333333333,1.8333333333333333,28.812787326542395,24.176698848419147,52.8125,10.0
226,18.833333333333332,18.833333333333332,0,18.833333333333332,18:49,23.450709973998734,8.806132232833587,14.644577741165149,1,0,1,1,0,1,1,0,1,39,37.17948717948718,70.0,10,1.0,41.570180352170524,70.0,65.0,0,none,0,-1,-1.0,-1.0,0.0,10,1.0,1.0,1.0,0,226,0.7847222222222222,35.333333333333336,1.0,2.6666666666666665,1.75,1.75,29.723577924832995,25.21845995847099,54.479166666666664,10.0
227,18.916666666666668,18.916666666666668,0,18.916666666666668,18:55,22.71320093041409,8.696596088142153,14.016604842271937,3,0,3,2,1,1,2,0,2,40,37.375,70.0,10,1.0,30.761806206158248,75.0,62.5,0,none,0,-1,-1.0,-1.0,0.0,10,1.0,1.0,1.0,0,227,0.7881944444444445,36.25,1.0,2.5,1.5833333333333333,1.5833333333333333,30.912873901844492,25.321449657284436,56.458333333333336,10.0
228,19.0,19.0,0,19.0,19:00,21.989565176425764,8.57856901683194,13.410996159593822,4,1,3,2,1,1,2,1,1,42,36.904761904761905,70.0,10,1.0,31.25648678115538,72.5,72.5,0,none,0,-1,-1.0,-1.0,0.0,10,1.0,1.0,1.0,0,228,0.7916666666666666,37.25,1.0,2.5833333333333335,1.5833333333333333,1.5833333333333333,32.02993739390798,25.903540055711446,57.916666666666664,10.0
229,19.083333333333332,19.083333333333332,0,19.083333333333332,19:04,21.282735257331538,8.45318941103727,12.829545846294268,0,0,0,1,0,1,1,0,1,41,41.09756097560975,75.0,10,1.0,18.657027848615957,75.0,75.0,0,none,0,-1,-1.0,-1.0,0.0,10,1.0,1.0,1.0,0,229,0.7951388888888888,37.916666666666664,1.0,2.3333333333333335,1.6666666666666667,1.6666666666666667,33.29564323278455,27.458292376429444,64.16666666666667,10.0
230,19.166666666666668,19.166666666666668,0,19.166666666666668,19:10,20.59532852059018,8.321684724343898,12.273643796246281,1,0,1,2,1,1,2,2,0,40,43.25,75.0,10,1.0,32.9509473510573,80.0,75.0,0,none,0,-1,-1.0,-1.0,0.0,10,1.0,1.0,1.0,0,230,0.7986111111111112,38.416666666666664,1.0,2.25,1.75,1.75,34.54686872298063,26.64334789740238,65.83333333333333,10.0
231,19.25,19.25,0,19.25,19:15,19.9296396760039,8.185338092596583,11.744301583407319,1,1,0,0,0,0,0,0,0,41,47.073170731707314,80.0,10,1.0,0.0,0.0,0.0,0,none,0,-1,-1.0,-1.0,0.0,10,1.0,1.0,1.0,0,231,0.8020833333333334,38.916666666666664,1.0,2.1666666666666665,1.6666666666666667,1.6666666666666667,35.933918664908624,24.73012948937816,60.416666666666664,10.0
232,19.333333333333332,19.333333333333332,0,19.333333333333332,19:19,19.28763810115783,8.045456072839656,11.242182028318176,1,0,1,2,1,1,2,2,0,40,49.125,85.0,10,1.0,15.0,85.0,72.5,0,none,0,-1,-1.0,-1.0,0.0,10,1.0,1.0,1.0,0,232,0.8055555555555555,39.416666666666664,1.0,2.0,1.5,1.5,37.65021768451646,23.670758408338042,61.875,10.0
233,19.416666666666668,19.416666666666668,0,19.416666666666668,19:25,18.670969613200644,7.9033384303656025,10.767631182835041,0,0,0,2,1,1,2,1,1,38,52.23684210526316,90.0,10,1.0,34.290760801253754,90.0,72.5,0,none,0,-1,-1.0,-1.0,0.0,10,1.0,1.0,1.0,0,233,0.8090277777777778,39.666666666666664,1.0,1.75,1.5,1.5,39.59852595519316,24.796840609096524,63.958333333333336,10.0
234,19.5,19.5,0,19.5,19:30,18.080962365783023,7.760250732515361,10.320711633267662,0,0,0,1,0,1,1,0,1,37,56.21621621621622,90.0,10,1.0,29.875161013405034,95.0,70.0,0,none,0,-1,-1.0,-1.0,0.0,10,1.0,1.0,1.0,0,234,0.8125,39.666666666666664,1.0,1.5833333333333333,1.5833333333333333,1.5833333333333333,41.614291720958924,27.28643736021361,71.875,10.0
235,19.583333333333332,19.583333333333332,0,19.583333333333332,19:34,17.518636479126254,7.617400324809062,9.901236154317193,1,0,1,3,0,3,3,1,2,35,56.57142857142857,90.0,10,1.0,33.548306779114974,95.0,80.0,0,none,0,-1,-1.0,-1.0,0.0,10,1.0,1.0,1.0,0,235,0.8159722222222222,39.25,1.0,1.3333333333333333,1.75,1.75,43.63066076857797,27.63263094584354,73.54166666666667,10.0
236,19.666666666666668,19.666666666666668,0,19.666666666666668,19:40,16.984716972152874,7.4759160798967965,9.508800892256076,1,0,1,1,0,1,1,1,0,35,58.857142857142854,95.0,10,1.0,33.217882649392976,95.0,80.0,0,none,0,-1,-1.0,-1.0,0.0,10,1.0,1.0,1.0,0,236,0.8194444444444445,38.916666666666664,1.0,1.25,1.5833333333333333,1.5833333333333333,45.821747459664664,28.22145548368243,75.20833333333333,10.0
237,19.75,19.75,0,19.75,19:45,16.479649538420226,7.336832131294739,9.142817407125486,2,1,1,2,0,2,2,0,2,35,58.142857142857146,95.0,10,1.0,27.97871227279711,100.0,75.0,0,none,0,-1,-1.0,-1.0,0.0,10,1.0,1.0,1.0,0,237,0.8229166666666666,38.583333333333336,1.0,1.25,1.5833333333333333,1.5833333333333333,47.83578897370617,27.425606004593437,77.70833333333333,10.0
238,19.833333333333332,19.833333333333332,0,19.833333333333332,19:49,16.003618691996355,7.201075639059797,8.802543052936556,0,0,0,2,2,0,2,0,2,33,60.90909090909091,95.0,10,1.0,29.45038405720898,100.0,87.5,0,none,0,-1,-1.0,-1.0,0.0,10,1.0,1.0,1.0,0,238,0.8263888888888888,38.083333333333336,1.0,1.1666666666666667,1.6666666666666667,1.6666666666666667,49.81325595117315,26.41562298001331,80.20833333333333,10.0
239,19.916666666666668,19.916666666666668,0,19.916666666666668,19:55,15.556567804863045,7.069458488968005,8.48710931589504,1,1,0,1,0,1,1,0,1,33,62.878787878787875,100.0,10,1.0,32.87797007962928,100.0,90.0,0,none,0,-1,-1.0,-1.0,0.0,10,1.0,1.0,1.0,0,239,0.8298611111111112,37.5,1.0,1.0,1.5833333333333333,1.5833333333333333,51.9385716077388,26.591969969469233,82.29166666666667,10.0
240,20.0,20.0,0,20.0,20:00,15.138220563138113,6.942672704205335,8.195547858932777,0,0,0,1,0,1,1,0,1,32,66.71875,100.0,10,1.0,23.15771281933371,105.0,95.0,0,none,0,-1,-1.0,-1.0,0.0,10,1.0,1.0,1.0,0,240,0.8333333333333334,36.666666666666664,1.0,0.6666666666666666,1.5,1.5,54.42307061567531,25.917072139317426,85.0,10.0
241,20.083333333333332,20.083333333333332,0,20.083333333333332,20:04,14.748103384393719,6.821289251199,7.926814133194719,0,0,0,0,0,0,0,0,0,32,71.71875,105.0,10,1.0,0.0,0.0,0.0,0,none,0,-1,-1.0,-1.0,0.0,10,1.0,1.0,1.0,0,241,0.8368055555555555,35.916666666666664,1.0,0.6666666666666666,1.4166666666666667,1.4166666666666667,56.97483636770784,24.362319818599428,78.75,10.0
242,20.166666666666668,20.166666666666668,0,20.166666666666668,20:10,14.385568361469629,6.705759849625692,7.6798085118439365,0,0,0,2,2,0,2,1,1,30,74.5,110.0,10,1.0,22.423147269954242,110.0,95.0,0,none,0,-1,-1.0,-1.0,0.0,10,1.0,1.0,1.0,0,242,0.8402777777777778,35.083333333333336,1.0,0.5833333333333334,1.4166666666666667,1.4166666666666667,59.5790030343745,23.485003145174172,81.25,10.0
243,20.25,20.25,0,20.25,20:15,14.04981632818525,6.596421350111682,7.453394978073567,1,0,1,1,0,1,1,0,1,30,75.66666666666667,110.0,10,1.0,28.487455730149293,115.0,95.0,0,none,0,-1,-1.0,-1.0,0.0,10,1.0,1.0,1.0,0,243,0.84375,34.166666666666664,1.0,0.5833333333333334,1.5,1.5,61.96179436228778,25.85895778935328,90.83333333333333,10.0
244,20.333333333333332,20.333333333333332,0,20.333333333333332,20:19,13.739919677927578,6.493502219886455,7.2464174580411225,0,0,0,4,1,3,4,1,3,26,75.57692307692308,110.0,10,1.0,29.439435851604667,113.75,97.5,0,none,0,-1,-1.0,-1.0,0.0,10,1.0,1.0,1.0,0,244,0.8472222222222222,33.0,1.0,0.5,1.6666666666666667,1.6666666666666667,64.1661212853647,27.062244110320336,93.22916666666667,10.0
245,20.416666666666668,20.416666666666668,0,20.416666666666668,20:25,13.45484460589288,6.397130674047498,7.057713931845384,1,1,0,2,1,1,2,1,1,25,74.8,110.0,10,1.0,30.656816932923633,112.5,102.5,0,none,0,-1,-1.0,-1.0,0.0,10,1.0,1.0,1.0,0,245,0.8506944444444445,31.916666666666668,1.0,0.5833333333333334,1.6666666666666667,1.6666666666666667,66.04638444325944,26.759415454626154,95.10416666666667,10.0
246,20.5,20.5,0,20.5,20:30,13.193472488465396,6.3073440049750635,6.8861284834903325,0,0,0,1,0,1,1,0,1,24,78.33333333333333,115.0,10,1.0,31.990923184926274,115.0,100.0,0,none,0,-1,-1.0,-1.0,0.0,10,1.0,1.0,1.0,0,246,0.8541666666666666,30.833333333333332,1.0,0.5833333333333334,1.6666666666666667,1.6666666666666667,67.88947753635254,26.935728968919594,96.77083333333333,10.0
247,20.583333333333332,20.583333333333332,0,20.583333333333332,20:34,12.954620157558598,6.224098691349158,6.7305214662094395,0,0,0,3,1,2,3,3,0,21,78.33333333333333,115.0,10,1.0,36.53363434483126,118.33333333333333,111.66666666666667,0,none,0,-1,-1.0,-1.0,0.0,10,1.0,1.0,1.0,0,247,0.8576388888888888,29.666666666666668,1.0,0.5,1.6666666666666667,1.6666666666666667,69.7029695998446,27.184506266062616,98.71527777777777,10.0
248,20.666666666666668,20.666666666666668,0,20.666666666666668,20:40,12.737058872538054,6.14728090765147,6.589777964886584,1,1,0,0,0,0,0,0,0,22,79.54545454545455,120.0,10,1.0,0.0,0.0,0.0,0,none,0,-1,-1.0,-1.0,0.0,10,1.0,1.0,1.0,0,248,0.8611111111111112,28.583333333333332,1.0,0.5,1.5833333333333333,1.5833333333333333,71.42699557387057,24.416349378613205,90.7986111111111,10.0
249,20.75,20.75,0,20.75,20:45,12.539531836511904,6.076717101595184,6.462814734916719,1,0,1,2,1,1,2,0,2,21,76.9047619047619,120.0,10,1.0,29.86819213313104,122.5,115.0,0,none,0,-1,-1.0,-1.0,0.0,10,1.0,1.0,1.0,0,249,0.8645833333333334,27.416666666666668,1.0,0.4166666666666667,1.5833333333333333,1.5833333333333333,72.99048763736263,24.573806033641034,92.6736111111111,10.0
250,20.833333333333332,20.833333333333332,0,20.833333333333332,20:49,12.360770146367823,6.012184357506111,6.348585788861711,0,0,0,0,0,0,0,0,0,21,81.9047619047619,125.0,10,1.0,0.0,0.0,0.0,0,none,0,-1,-1.0,-1.0,0.0,10,1.0,1.0,1.0,0,250,0.8680555555555555,26.416666666666668,1.0,0.4166666666666667,1.4166666666666667,1.4166666666666667,74.74012688700189,22.11960736220695,84.34027777777777,10.0
251,20.916666666666668,20.916666666666668,0,20.916666666666668,20:55,12.199507106145443,5.953420315551106,6.2460867905943385,1,1,0,1,0,1,1,1,0,21,80.71428571428571,125.0,10,1.0,22.8834684290949,130.0,115.0,0,none,0,-1,-1.0,-1.0,0.0,10,1.0,1.0,1.0,0,251,0.8715277777777778,25.416666666666668,1.0,0.4166666666666667,1.4166666666666667,1.4166666666666667,76.22641837329337,21.28673222466242,86.84027777777777,10.0
252,21.0,21.0,0,21.0,21:00,12.054490870500668,5.90013246759247,6.1543584029081995,0,0,0,2,0,2,2,0,2,19,81.3157894736842,125.0,10,1.0,28.11043915244589,127.5,112.5,0,none,0,-1,-1.0,-1.0,0.0,10,1.0,1.0,1.0,0,252,0.875,24.333333333333332,1.0,0.4166666666666667,1.5,1.5,77.44283832943373,21.69945941908843,88.71527777777777,10.0
253,21.083333333333332,21.083333333333332,0,21.083333333333332,21:04,11.924495418634839,5.852006698531692,6.072488720103147,0,0,0,2,0,2,2,0,2,17,81.17647058823529,125.0,10,1.0,25.55829730205839,130.0,112.5,0,none,0,-1,-1.0,-1.0,0.0,10,1.0,1.0,1.0,0,253,0.8784722222222222,23.083333333333332,1.0,0.4166666666666667,1.6666666666666667,1.6666666666666667,78.23098171178667,23.8293175275933,99.5486111111111,10.0
254,21.166666666666668,21.166666666666668,0,21.166666666666668,21:10,11.808329888766323,5.808714985953209,5.999614902813114,2,1,1,2,1,1,2,0,2,17,70.88235294117646,130.0,10,1.0,30.789061338168807,130.0,120.0,0,none,0,-1,-1.0,-1.0,0.0,10,1.0,1.0,1.0,0,254,0.8819444444444445,22.0,1.0,0.5833333333333334,1.6666666666666667,1.6666666666666667,77.92951112355136,24.526477033277846,101.21527777777777,10.0
255,21.25,21.25,0,21.25,21:15,11.704846328794464,5.769922209790192,5.934924119004272,1,1,0,1,0,1,1,0,1,17,67.94117647058823,135.0,10,1.0,29.324235860572237,135.0,115.0,0,none,0,-1,-1.0,-1.0,0.0,10,1.0,1.0,1.0,0,255,0.8854166666666666,20.916666666666668,1.0,0.5833333333333334,1.6666666666666667,1.6666666666666667,77.28572027387817,24.59620871081309,102.88194444444444,10.0
256,21.333333333333332,21.333333333333332,0,21.333333333333332,21:19,11.6129459401572,5.735292057105528,5.877653883051672,1,1,0,4,1,3,4,2,2,14,51.785714285714285,105.0,10,1.0,37.57146997753617,128.75,126.25,0,none,0,-1,-1.0,-1.0,0.0,10,1.0,1.0,1.0,0,256,0.8888888888888888,19.916666666666668,1.0,0.6666666666666666,1.6666666666666667,1.6666666666666667,75.30311954127744,25.27387822130738,104.13194444444444,10.0
257,21.416666666666668,21.416666666666668,0,21.416666666666668,21:25,11.531583909042777,5.704492034744795,5.827091874297982,1,0,1,0,0,0,0,0,0,15,53.0,110.0,10,1.0,0.0,0.0,0.0,0,none,0,-1,-1.0,-1.0,0.0,10,1.0,1.0,1.0,0,257,0.8923611111111112,19.083333333333332,1.0,0.6666666666666666,1.5,1.5,73.48645287461076,22.719143476897077,94.75694444444444,10.0
258,21.5,21.5,0,21.5,21:30,11.459772932212921,5.677197624680009,5.782575307532912,1,0,1,1,0,1,1,0,1,15,50.333333333333336,110.0,10,1.0,32.11590905183254,115.0,130.0,0,none,0,-1,-1.0,-1.0,0.0,10,1.0,1.0,1.0,0,258,0.8958333333333334,18.333333333333332,1.0,0.75,1.5,1.5,71.15311954127743,22.729558965805936,94.75694444444444,10.0
259,21.583333333333332,21.583333333333332,0,21.583333333333332,21:34,11.396585553947569,5.653095633639937,5.743489920307631,1,1,0,0,0,0,0,0,0,16,51.875,115.0,10,1.0,0.0,0.0,0.0,0,none,0,-1,-1.0,-1.0,0.0,10,1.0,1.0,1.0,0,259,0.8993055555555555,17.916666666666668,1.0,0.8333333333333334,1.25,1.25,68.94825843016632,19.685089437069994,84.89583333333333,10.0
260,21.666666666666668,21.666666666666668,0,21.666666666666668,21:40,11.34115543631557,5.6318868005808955,5.7092686357346745,2,1,1,2,0,2,2,0,2,16,42.1875,115.0,10,1.0,33.733501760243264,117.5,127.5,0,none,0,-1,-1.0,-1.0,0.0,10,1.0,1.0,1.0,0,260,0.9027777777777778,17.416666666666668,1.0,0.9166666666666666,1.4166666666666667,1.4166666666666667,65.83509555137844,22.496214583756935,94.6875,10.0
261,21.75,21.75,0,21.75,21:45,11.292677687450254,5.613287733252455,5.6793899541977995,0,0,0,3,2,1,3,1,2,13,33.46153846153846,80.0,10,1.0,33.30764373519091,106.66666666666667,131.66666666666666,0,none,0,-1,-1.0,-1.0,0.0,10,1.0,1.0,1.0,0,261,0.90625,16.75,1.0,0.8333333333333334,1.5,1.5,62.214826931109826,22.782835550595255,93.36805555555556,10.0
262,21.833333333333332,21.833333333333332,0,21.833333333333332,21:49,11.250408372138352,5.597032249165732,5.653376122972621,1,0,1,0,0,0,0,0,0,14,35.714285714285715,85.0,10,1.0,0.0,0.0,0.0,0,none,0,-1,-1.0,-1.0,0.0,10,1.0,1.0,1.0,0,262,0.9097222222222222,16.166666666666668,1.0,0.9166666666666666,1.5,1.5,58.36562058190347,22.782835550595255,93.36805555555556,10.0
263,21.916666666666668,21.916666666666668,0,21.916666666666668,21:55,11.21366332621106,5.582872197297953,5.630791128913107,0,0,0,1,1,0,1,0,1,13,36.92307692307692,75.0,10,1.0,27.25597413557542,90.0,130.0,0,none,0,-1,-1.0,-1.0,0.0,10,1.0,1.0,1.0,0,263,0.9131944444444445,15.5,1.0,0.8333333333333334,1.5,1.5,54.71635318263608,23.1472110261353,90.03472222222223,10.0
264,22.0,22.0,0,22.0,22:00,11.181816391359748,5.570577835466623,5.611238555893125,1,0,1,2,1,1,2,1,1,12,32.5,65.0,10,1.0,39.45448529882388,77.5,122.5,0,none,0,-1,-1.0,-1.0,0.0,10,1.0,1.0,1.0,0,264,0.9166666666666666,14.916666666666666,1.0,0.9166666666666666,1.5,1.5,50.64837072649573,24.09254820500013,85.86805555555556,10.0
265,22.083333333333332,22.083333333333332,0,22.083333333333332,22:04,11.15429718048388,5.559937835039233,5.594359345444647,0,0,0,2,1,1,2,0,2,10,32.5,55.0,10,1.0,27.287917512627303,62.5,127.5,0,none,0,-1,-1.0,-1.0,0.0,10,1.0,1.0,1.0,0,265,0.9201388888888888,14.333333333333334,1.0,0.9166666666666666,1.5,1.5,46.591998177476114,24.23668322254754,80.24305555555556,10.0
266,22.166666666666668,22.166666666666668,0,22.166666666666668,22:10,11.130588475898081,5.55075898001428,5.579829495883802,2,1,1,1,1,0,1,1,0,11,28.636363636363637,55.0,10,1.0,33.566865592178544,60.0,110.0,0,none,0,-1,-1.0,-1.0,0.0,10,1.0,1.0,1.0,0,266,0.9236111111111112,13.833333333333334,1.0,0.9166666666666666,1.4166666666666667,1.4166666666666667,43.07149906874172,24.468166910381687,74.40972222222223,10.0
267,22.25,22.25,0,22.25,22:15,11.110223354037712,5.542865621956315,5.567357732081398,0,0,0,2,2,0,2,0,2,9,28.333333333333332,50.0,10,1.0,34.44834218839124,57.5,117.5,0,none,0,-1,-1.0,-1.0,0.0,10,1.0,1.0,1.0,0,267,0.9270833333333334,13.166666666666666,1.0,0.8333333333333334,1.5,1.5,39.770845473970475,24.895175771033276,67.9513888888889,10.0
268,22.333333333333332,22.333333333333332,0,22.333333333333332,22:19,11.092782121037228,5.536098946165533,5.556683174871695,1,1,0,0,0,0,0,0,0,10,30.0,55.0,10,1.0,0.0,0.0,0.0,0,none,0,-1,-1.0,-1.0,0.0,10,1.0,1.0,1.0,0,268,0.9305555555555555,12.833333333333334,1.0,0.8333333333333334,1.1666666666666667,1.1666666666666667,37.955369283494285,21.764219939571927,57.22222222222223,10.0
269,22.416666666666668,22.416666666666668,0,22.416666666666668,22:25,11.077889134007714,5.530316098118495,5.5475730358892195,0,0,0,2,0,2,2,2,0,8,29.375,50.0,10,1.0,35.597236656737145,57.5,105.0,0,none,0,-1,-1.0,-1.0,0.0,10,1.0,1.0,1.0,0,269,0.9340277777777778,12.25,1.0,0.75,1.3333333333333333,1.3333333333333333,35.986619283494285,24.73065632763335,62.01388888888889,10.0
270,22.5,22.5,0,22.5,22:30,11.065209573266051,5.525389212876043,5.539820360390008,3,1,2,2,1,1,2,1,1,9,18.88888888888889,50.0,10,1.0,36.66583143539943,52.5,85.0,0,none,0,-1,-1.0,-1.0,0.0,10,1.0,1.0,1.0,0,270,0.9375,11.75,1.0,0.9166666666666666,1.4166666666666667,1.4166666666666667,33.36624891312391,25.109816526263927,56.805555555555564,10.0
271,22.583333333333332,22.583333333333332,0,22.583333333333332,22:34,11.054446221386897,5.521204384006138,5.533241837380759,0,0,0,2,1,1,2,1,1,7,16.428571428571427,35.0,10,1.0,25.98193783442212,50.0,62.5,0,none,0,-1,-1.0,-1.0,0.0,10,1.0,1.0,1.0,0,271,0.9409722222222222,11.0,1.0,0.8333333333333334,1.5833333333333333,1.5833333333333333,30.412379865504864,27.27497801246577,60.97222222222223,10.0
272,22.666666666666668,22.666666666666668,0,22.666666666666668,22:40,11.045336295939368,5.51766060275124,5.527675693188129,0,0,0,0,0,0,0,0,0,7,21.428571428571427,40.0,10,1.0,0.0,0.0,0.0,0,none,0,-1,-1.0,-1.0,0.0,10,1.0,1.0,1.0,0,272,0.9444444444444445,10.25,1.0,0.6666666666666666,1.4166666666666667,1.4166666666666667,28.68246915121915,24.463852865778833,51.180555555555564,10.0
273,22.75,22.75,0,22.75,22:45,11.037648374275019,5.514668692777917,5.522979681497103,0,0,0,2,0,2,2,2,0,5,21.0,35.0,10,1.0,21.238395554443727,40.0,60.0,0,none,0,-1,-1.0,-1.0,0.0,10,1.0,1.0,1.0,0,273,0.9479166666666666,9.583333333333334,1.0,0.6666666666666666,1.3333333333333333,1.3333333333333333,27.64400761275761,23.458082184049903,45.625,10.0
274,22.833333333333332,22.833333333333332,0,22.833333333333332,22:49,11.03117944085892,5.512150260939815,5.519029179919106,1,0,1,1,1,0,1,0,1,5,18.0,30.0,10,1.0,27.96287760134989,40.0,75.0,0,none,0,-1,-1.0,-1.0,0.0,10,1.0,1.0,1.0,0,274,0.9513888888888888,8.833333333333334,1.0,0.6666666666666666,1.4166666666666667,1.4166666666666667,26.167817136567134,25.788321984162394,48.958333333333336,10.0
275,22.916666666666668,22.916666666666668,0,22.916666666666668,22:55,11.025752080455069,5.510036680094674,5.515715400360395,1,0,1,1,1,0,1,0,1,5,16.0,25.0,10,1.0,21.395054461075034,35.0,55.0,0,none,0,-1,-1.0,-1.0,0.0,10,1.0,1.0,1.0,0,275,0.9548611111111112,8.166666666666666,1.0,0.75,1.4166666666666667,1.4166666666666667,24.42422739297739,25.299912011287358,44.375,10.0
276,23.0,23.0,0,23.0,23:00,11.021211834035757,5.508268116149105,5.512943717886652,0,0,0,2,1,1,2,2,0,3,15.0,30.0,10,1.0,32.16602307264437,30.0,55.0,0,none,0,-1,-1.0,-1.0,0.0,10,1.0,1.0,1.0,0,276,0.9583333333333334,7.416666666666667,1.0,0.6666666666666666,1.4166666666666667,1.4166666666666667,22.965894059644057,24.692540159105736,40.416666666666664,10.0
277,23.083333333333332,23.083333333333332,0,23.083333333333332,23:04,11.017424728600275,5.5067926081511045,5.510632120449171,0,0,0,2,0,2,2,0,2,1,10.0,10.0,10,1.0,29.433172148386536,25.0,47.5,0,none,0,-1,-1.0,-1.0,0.0,10,1.0,1.0,1.0,0,277,0.9618055555555555,6.666666666666667,1.0,0.6666666666666666,1.4166666666666667,1.4166666666666667,21.09089405964406,24.87131137875234,37.291666666666664,10.0
278,23.166666666666668,23.166666666666668,0,23.166666666666668,23:10,11.014274987158913,5.505565207387003,5.508709779771911,1,1,0,2,1,1,3,0,3,0,0.0,0.0,9,0.9,37.844508744413325,7.5,46.666666666666664,0,none,0,-1,-1.0,-1.0,0.0,10,1.0,1.0,1.0,0,278,0.9652777777777778,5.75,0.9916666666666667,0.5833333333333334,1.5,1.5833333333333333,18.704530423280424,25.227781641438572,32.916666666666664,10.0
279,23.25,23.25,0,23.25,23:15,11.011662920942175,5.5045471790343425,5.507115741907833,0,0,0,0,0,0,1,1,0,0,0.0,0.0,8,0.8,0.0,0.0,55.0,0,none,0,-1,-1.0,-1.0,0.0,10,1.0,1.0,1.0,0,279,0.96875,5.0,0.975,0.5833333333333334,1.3333333333333333,1.5,16.343419312169313,22.357086459072633,28.125,10.0
280,23.333333333333332,23.333333333333332,0,23.333333333333332,23:19,11.00950300239716,5.503705267937626,5.505797734459534,1,1,0,1,1,0,2,2,0,0,0.0,0.0,7,0.7,25.683268603425102,0.0,37.5,0,none,0,-1,-1.0,-1.0,0.0,10,1.0,1.0,1.0,0,280,0.9722222222222222,4.166666666666667,0.9500000000000001,0.5833333333333334,1.4166666666666667,1.6666666666666667,13.843419312169312,24.497358842691387,28.125,10.0
281,23.416666666666668,23.416666666666668,0,23.416666666666668,23:25,11.007722114686809,5.503011028468728,5.504711086218081,0,0,0,0,0,0,0,0,0,0,0.0,0.0,7,0.7,0.0,0.0,0.0,0,none,0,-1,-1.0,-1.0,0.0,10,1.0,1.0,1.0,0,281,0.9756944444444445,3.5,0.9249999999999999,0.5833333333333334,1.25,1.5,11.395502645502646,21.530922454629962,23.333333333333332,10.0
282,23.5,23.5,0,23.5,23:30,11.006257971159055,5.502440217165992,5.503817753993062,2,2,0,2,2,0,1,0,1,0,0.0,0.0,8,0.8,28.904485005106835,0.0,30.0,0,none,0,-1,-1.0,-1.0,0.0,10,1.0,1.0,1.0,0,282,0.9791666666666666,2.75,0.9083333333333333,0.5,1.25,1.4166666666666667,9.821428571428571,20.88414358543891,18.958333333333332,10.0
283,23.583333333333332,23.583333333333332,0,23.583333333333332,23:34,11.005057696542984,5.501972245873942,5.503085450669041,1,0,1,1,0,1,1,0,1,0,0.0,0.0,8,0.8,25.69277077041531,0.0,35.0,0,none,0,-1,-1.0,-1.0,0.0,10,1.0,1.0,1.0,0,283,0.9826388888888888,2.1666666666666665,0.8916666666666666,0.5833333333333334,1.1666666666666667,1.3333333333333333,8.452380952380953,20.86004633010501,14.791666666666666,10.0
284,23.666666666666668,23.666666666666668,0,23.666666666666668,23:40,11.004076560396394,5.5015896923886345,5.502486868007759,1,0,1,1,0,1,3,1,2,0,0.0,0.0,6,0.6,23.047044423258487,0.0,20.0,0,none,0,-1,-1.0,-1.0,0.0,10,1.0,1.0,1.0,0,284,0.9861111111111112,1.5833333333333333,0.8583333333333333,0.6666666666666666,1.25,1.5833333333333333,6.666666666666667,22.78063336537655,14.791666666666666,10.0
285,23.75,23.75,0,23.75,23:45,11.003276852512217,5.5012778651142815,5.501998987397935,1,1,0,1,1,0,0,0,0,0,0.0,0.0,7,0.7,26.220801083518722,0.0,0.0,0,none,0,-1,-1.0,-1.0,0.0,10,1.0,1.0,1.0,0,285,0.9895833333333334,1.1666666666666667,0.8333333333333334,0.75,1.1666666666666667,1.4166666666666667,4.916666666666667,23.1958338261328,11.458333333333334,10.0
286,23.833333333333332,23.833333333333332,0,23.833333333333332,23:49,11.002626889529498,5.5010244179194245,5.501602471610074,1,1,0,1,1,0,1,1,0,0,0.0,0.0,7,0.7,45.00335239306055,0.0,0.0,0,none,0,-1,-1.0,-1.0,0.0,10,1.0,1.0,1.0,0,286,0.9930555555555555,0.75,0.8083333333333332,0.75,1.1666666666666667,1.4166666666666667,3.4166666666666665,24.615873392108693,8.125,10.0
287,23.916666666666668,23.916666666666668,0,23.916666666666668,23:55,11.002100141830912,5.5008190112139035,5.501281130617009,0,0,0,0,0,0,0,0,0,0,0.0,0.0,7,0.7,0.0,0.0,0.0,0,none,0,-1,-1.0,-1.0,0.0,10,1.0,1.0,1.0,0,287,0.9965277777777778,0.3333333333333333,0.7833333333333332,0.6666666666666666,1.0833333333333333,1.3333333333333333,2.0833333333333335,22.832952187019107,5.208333333333333,10.0
288,24.0,24.0,1,0.0,00:00,11.00008198637012,5.5000508316227625,5.500031154747357,0,0,0,0,0,0,2,2,0,0,0.0,0.0,5,0.5,0.0,0.0,0.0,0,none,0,-1,-1.0,-1.0,0.0,10,1.0,1.0,1.0,0,0,0.0,0.08333333333333333,0.7416666666666666,0.6666666666666666,0.9166666666666666,1.3333333333333333,0.8333333333333334,20.15245026429874,2.7083333333333335,10.0
289,24.083333333333332,24.083333333333332,1,0.08333333333333215,00:04,11.000106230721423,5.50006586317033,5.500040367551093,0,0,0,0,0,0,3,1,2,0,0.0,0.0,2,0.2,0.0,0.0,0.0,0,none,0,-1,-1.0,-1.0,0.0,10,1.0,1.0,1.0,0,1,0.003472222222222173,0.0,0.6749999999999999,0.6666666666666666,0.75,1.4166666666666667,0.0,17.69968591859986,0.625,10.0
290,24.166666666666668,24.166666666666668,1,0.16666666666666785,00:10,11.000137271539305,5.500085108559844,5.500052162979461,0,0,0,0,0,0,0,0,0,0,0.0,0.0,2,0.2,0.0,0.0,0.0,0,none,0,-1,-1.0,-1.0,0.0,10,1.0,1.0,1.0,0,2,0.0069444444444444935,0.0,0.6166666666666667,0.5833333333333334,0.5833333333333334,1.1666666666666667,0.0,14.545976856565417,0.0,10.0
291,24.25,24.25,1,0.25,00:15,11.000176902014061,5.5001096795899755,5.500067222424086,1,0,1,1,0,1,1,1,0,0,0.0,0.0,2,0.2,27.561118249802878,0.0,0.0,0,none,0,-1,-1.0,-1.0,0.0,10,1.0,1.0,1.0,0,3,0.010416666666666666,0.0,0.5666666666666665,0.6666666666666666,0.6666666666666666,1.1666666666666667,0.0,16.84273671071566,0.0,10.0
292,24.333333333333332,24.333333333333332,1,0.33333333333333215,00:19,11.000227356278621,5.500140961456445,5.500086394822176,2,1,1,2,1,1,0,0,0,0,0.0,0.0,4,0.4,24.987098201477252,0.0,0.0,0,none,0,-1,-1.0,-1.0,0.0,10,1.0,1.0,1.0,0,4,0.01388888888888884,0.0,0.5416666666666666,0.75,0.75,1.0,0.0,16.784722510553337,0.0,10.0
293,24.416666666666668,24.416666666666668,1,0.41666666666666785,00:25,11.000291409044976,5.50018067453398,5.500110734510996,1,1,0,1,1,0,0,0,0,0,0.0,0.0,5,0.5,25.703804190094846,0.0,0.0,0,none,0,-1,-1.0,-1.0,0.0,10,1.0,1.0,1.0,0,5,0.01736111111111116,0.0,0.525,0.8333333333333334,0.8333333333333334,1.0,0.0,18.92670619306124,0.0,10.0
294,24.5,24.5,1,0.5,00:30,11.000372495477256,5.500230948709127,5.500141546768129,1,0,1,1,0,1,0,0,0,0,0.0,0.0,6,0.6,31.215700677176077,0.0,0.0,0,none,0,-1,-1.0,-1.0,0.0,10,1.0,1.0,1.0,0,6,0.020833333333333332,0.0,0.5083333333333333,0.75,0.75,0.9166666666666666,0.0,19.11930749906701,0.0,10.0
295,24.583333333333332,24.583333333333332,1,0.5833333333333321,00:34,11.000474854853564,5.5002944124684205,5.500180442385144,0,0,0,0,0,0,0,0,0,0,0.0,0.0,6,0.6,0.0,0.0,0.0,0,none,0,-1,-1.0,-1.0,0.0,10,1.0,1.0,1.0,0,7,0.024305555555555507,0.0,0.49166666666666664,0.6666666666666666,0.6666666666666666,0.8333333333333334,0.0,16.978243268199066,0.0,10.0
296,24.666666666666668,24.666666666666668,1,0.6666666666666679,00:40,11.000603702062527,5.500374299253697,5.50022940280883,0,0,0,0,0,0,1,1,0,0,0.0,0.0,5,0.5,0.0,0.0,0.0,0,none,0,-1,-1.0,-1.0,0.0,10,1.0,1.0,1.0,0,8,0.02777777777777783,0.0,0.48333333333333334,0.5833333333333334,0.5833333333333334,0.6666666666666666,0.0,15.057656232927526,0.0,10.0
297,24.75,24.75,1,0.75,00:45,11.000765431513953,5.500474573928727,5.500290857585226,0,0,0,0,0,0,2,0,2,0,0.0,0.0,3,0.3,0.0,0.0,0.0,0,none,0,-1,-1.0,-1.0,0.0,10,1.0,1.0,1.0,0,9,0.03125,0.0,0.44999999999999996,0.5,0.5,0.8333333333333334,0.0,12.872589475967631,0.0,10.0
298,24.833333333333332,24.833333333333332,1,0.8333333333333321,00:49,11.000967858612453,5.500600082556764,5.50036777605569,0,0,0,0,0,0,1,1,0,0,0.0,0.0,2,0.2,0.0,0.0,0.0,0,none,0,-1,-1.0,-1.0,0.0,10,1.0,1.0,1.0,0,10,0.034722222222222175,0.0,0.4083333333333334,0.4166666666666667,0.4166666666666667,0.8333333333333334,0.0,9.122310109879255,0.0,10.0
299,24.916666666666668,24.916666666666668,1,0.9166666666666679,00:55,11.00122050454246,5.500756729063854,5.500463775478606,1,0,1,1,0,1,1,1,0,0,0.0,0.0,2,0.2,20.92985995427397,0.0,0.0,0,none,0,-1,-1.0,-1.0,0.0,10,1.0,1.0,1.0,0,11,0.038194444444444496,0.0,0.3666666666666667,0.5,0.5,0.9166666666666666,0.0,10.866465106068752,0.0,10.0
300,25.0,25.0,1,1.0,01:00,11.001534930734644,5.5009516827530724,5.500583247981572,1,1,0,1,1,0,0,0,0,0,0.0,0.0,3,0.3,38.49316558048813,0.0,0.0,0,none,0,-1,-1.0,-1.0,0.0,10,1.0,1.0,1.0,0,12,0.041666666666666664,0.0,0.35000000000000003,0.5833333333333334,0.5833333333333334,0.75,0.0,14.074228904442762,0.0,10.0
301,25.083333333333332,25.083333333333332,1,1.0833333333333321,01:04,11.001925130016067,5.501193621034091,5.500731508981977,0,0,0,0,0,0,1,0,1,0,0.0,0.0,2,0.2,0.0,0.0,0.0,0,none,0,-1,-1.0,-1.0,0.0,10,1.0,1.0,1.0,0,13,0.04513888888888884,0.0,0.35000000000000003,0.5833333333333334,0.5833333333333334,0.5833333333333334,0.0,14.074228904442762,0.0,10.0
302,25.166666666666668,25.166666666666668,1,1.1666666666666679,01:10,11.002407982075074,5.501493012132404,5.500914969942669,1,0,1,1,0,1,0,0,0,0,0.0,0.0,3,0.3,19.423729607372245,0.0,0.0,0,none,0,-1,-1.0,-1.0,0.0,10,1.0,1.0,1.0,0,14,0.04861111111111116,0.0,0.35833333333333334,0.6666666666666666,0.6666666666666666,0.5833333333333334,0.0,15.69287303839045,0.0,10.0
303,25.25,25.25,1,1.25,01:15,11.003003781478727,5.501862442933056,5.501141338545671,1,1,0,1,1,0,0,0,0,0,0.0,0.0,4,0.4,17.255391002614296,0.0,0.0,0,none,0,-1,-1.0,-1.0,0.0,10,1.0,1.0,1.0,0,15,0.052083333333333336,0.0,0.37499999999999994,0.6666666666666666,0.6666666666666666,0.5,0.0,14.834062434458067,0.0,10.0
304,25.333333333333332,25.333333333333332,1,1.3333333333333321,01:19,11.003736847043271,5.502316997482579,5.501419849560692,1,1,0,1,1,0,1,0,1,0,0.0,0.0,4,0.4,17.199296160112937,0.0,0.0,0,none,0,-1,-1.0,-1.0,0.0,10,1.0,1.0,1.0,0,16,0.055555555555555504,0.0,0.375,0.5833333333333334,0.5833333333333334,0.5833333333333334,0.0,14.185078931011041,0.0,10.0
305,25.416666666666668,25.416666666666668,1,1.4166666666666679,01:25,11.004636221850088,5.502874692005684,5.501761529844404,2,0,2,2,0,2,0,0,0,0,0.0,0.0,6,0.6,31.076324729748467,0.0,0.0,0,none,0,-1,-1.0,-1.0,0.0,10,1.0,1.0,1.0,0,17,0.059027777777777825,0.0,0.3833333333333333,0.6666666666666666,0.6666666666666666,0.5833333333333334,0.0,14.632788975982178,0.0,10.0
306,25.5,25.5,1,1.5,01:30,11.005736473589717,5.503556972573228,5.50217950101649,0,0,0,0,0,0,1,0,1,0,0.0,0.0,5,0.5,0.0,0.0,0.0,0,none,0,-1,-1.0,-1.0,0.0,10,1.0,1.0,1.0,0,18,0.0625,0.0,0.375,0.5833333333333334,0.5833333333333334,0.6666666666666666,0.0,12.031480586217505,0.0,10.0
307,25.583333333333332,25.583333333333332,1,1.5833333333333321,01:34,11.007078605168505,5.5043892817663895,5.502689323402116,0,0,0,0,0,0,1,1,0,0,0.0,0.0,4,0.4,0.0,0.0,0.0,0,none,0,-1,-1.0,-1.0,0.0,10,1.0,1.0,1.0,0,19,0.06597222222222217,0.0,0.35833333333333334,0.5833333333333334,0.5833333333333334,0.75,0.0,12.031480586217505,0.0,10.0
308,25.666666666666668,25.666666666666668,1,1.6666666666666679,01:40,11.008711085586196,5.505401700798184,5.503309384788012,1,0,1,1,0,1,2,2,0,0,0.0,0.0,3,0.3,27.705127318380043,0.0,0.0,0,none,0,-1,-1.0,-1.0,0.0,10,1.0,1.0,1.0,0,20,0.06944444444444449,0.0,0.3416666666666666,0.6666666666666666,0.6666666666666666,0.8333333333333334,0.0,14.34024119608251,0.0,10.0
309,25.75,25.75,1,1.75,01:45,11.010691010942473,5.5066296735548965,5.504061337387577,0,0,0,0,0,0,0,0,0,0,0.0,0.0,3,0.3,0.0,0.0,0.0,0,none,0,-1,-1.0,-1.0,0.0,10,1.0,1.0,1.0,0,21,0.07291666666666667,0.0,0.3416666666666666,0.6666666666666666,0.6666666666666666,0.6666666666666666,0.0,14.34024119608251,0.0,10.0
310,25.833333333333332,25.833333333333332,1,1.8333333333333321,01:49,11.013085405007352,5.5081148188834455,5.504970586123907,0,0,0,0,0,0,0,0,0,0,0.0,0.0,3,0.3,0.0,0.0,0.0,0,none,0,-1,-1.0,-1.0,0.0,10,1.0,1.0,1.0,0,22,0.07638888888888884,0.0,0.35000000000000003,0.6666666666666666,0.6666666666666666,0.5833333333333334,0.0,14.34024119608251,0.0,10.0
311,25.916666666666668,25.916666666666668,1,1.9166666666666679,01:55,11.015972668041416,5.509905837152156,5.506066830889259,0,0,0,0,0,0,1,0,1,0,0.0,0.0,2,0.2,0.0,0.0,0.0,0,none,0,-1,-1.0,-1.0,0.0,10,1.0,1.0,1.0,0,23,0.07986111111111116,0.0,0.3499999999999999,0.5833333333333334,0.5833333333333334,0.5833333333333334,0.0,12.59608619989301,0.0,10.0
312,26.0,26.0,1,2.0,02:00,11.019444181421887,5.512059516628226,5.507384664793661,0,0,0,0,0,0,0,0,0,0,0.0,0.0,2,0.2,0.0,0.0,0.0,0,none,0,-1,-1.0,-1.0,0.0,10,1.0,1.0,1.0,0,24,0.08333333333333333,0.0,0.3416666666666666,0.5,0.5,0.5833333333333334,0.0,9.388322401519,0.0,10.0
313,26.083333333333332,26.083333333333332,1,2.083333333333332,02:04,11.023606074063139,5.514641844523217,5.508964229539922,2,1,1,2,1,1,1,0,1,0,0.0,0.0,3,0.3,30.699064167898285,0.0,0.0,0,none,0,-1,-1.0,-1.0,0.0,10,1.0,1.0,1.0,0,25,0.08680555555555551,0.0,0.3499999999999999,0.6666666666666666,0.6666666666666666,0.5833333333333334,0.0,11.946577748843856,0.0,10.0
314,26.166666666666668,26.166666666666668,1,2.166666666666668,02:10,11.02858115455895,5.517729226638116,5.510851927920833,0,0,0,0,0,0,1,0,1,0,0.0,0.0,2,0.2,0.0,0.0,0.0,0,none,0,-1,-1.0,-1.0,0.0,10,1.0,1.0,1.0,0,26,0.09027777777777783,0.0,0.3416666666666666,0.5833333333333334,0.5833333333333334,0.6666666666666666,0.0,10.32793361489617,0.0,10.0
315,26.25,26.25,1,2.25,02:15,11.03451101036479,5.5214098183757105,5.5131011919890796,0,0,0,0,0,0,0,0,0,0,0.0,0.0,2,0.2,0.0,0.0,0.0,0,none,0,-1,-1.0,-1.0,0.0,10,1.0,1.0,1.0,0,27,0.09375,0.0,0.325,0.5,0.5,0.6666666666666666,0.0,8.88998436467831,0.0,10.0
316,26.333333333333332,26.333333333333332,1,2.333333333333332,02:19,11.041558272131947,5.525784968468751,5.515773303663196,0,0,0,0,0,0,0,0,0,0,0.0,0.0,2,0.2,0.0,0.0,0.0,0,none,0,-1,-1.0,-1.0,0.0,10,1.0,1.0,1.0,0,28,0.09722222222222217,0.0,0.30833333333333335,0.4166666666666667,0.4166666666666667,0.5833333333333334,0.0,7.4567096846688985,0.0,10.0
317,26.416666666666668,26.416666666666668,1,2.416666666666668,02:25,11.049909037458988,5.530970775092245,5.518938262366743,0,0,0,0,0,0,0,0,0,0,0.0,0.0,2,0.2,0.0,0.0,0.0,0,none,0,-1,-1.0,-1.0,0.0,10,1.0,1.0,1.0,0,29,0.10069444444444449,0.0,0.27499999999999997,0.25,0.25,0.5833333333333334,0.0,4.86701595718986,0.0,10.0
318,26.5,26.5,1,2.5,02:30,11.059775443807403,5.537099752089127,5.522675691718276,0,0,0,0,0,0,1,1,0,0,0.0,0.0,1,0.1,0.0,0.0,0.0,0,none,0,-1,-1.0,-1.0,0.0,10,1.0,1.0,1.0,0,30,0.10416666666666667,0.0,0.24166666666666667,0.25,0.25,0.5833333333333334,0.0,4.86701595718986,0.0,10.0
319,26.583333333333332,26.583333333333332,1,2.583333333333332,02:34,11.071398375117802,5.5443226008501485,5.5270757742676535,0,0,0,0,0,0,0,0,0,0,0.0,0.0,1,0.1,0.0,0.0,0.0,0,none,0,-1,-1.0,-1.0,0.0,10,1.0,1.0,1.0,0,31,0.10763888888888884,0.0,0.21666666666666667,0.25,0.25,0.5,0.0,4.86701595718986,0.0,10.0
320,26.666666666666668,26.666666666666668,1,2.666666666666668,02:40,11.085050280758281,5.552810080969729,5.532240199788553,0,0,0,0,0,0,0,0,0,0,0.0,0.0,1,0.1,0.0,0.0,0.0,0,none,0,-1,-1.0,-1.0,0.0,10,1.0,1.0,1.0,0,32,0.11111111111111116,0.0,0.19999999999999998,0.16666666666666666,0.16666666666666666,0.3333333333333333,0.0,2.5582553473248573,0.0,10.0
321,26.75,26.75,1,2.75,02:45,11.101038078854435,5.562754970176136,5.538283108678299,1,0,1,1,0,1,1,0,1,0,0.0,0.0,1,0.1,30.174878964943986,0.0,0.0,0,none,0,-1,-1.0,-1.0,0.0,10,1.0,1.0,1.0,0,33,0.11458333333333333,0.0,0.18333333333333335,0.25,0.25,0.4166666666666667,0.0,5.072828594403522,0.0,10.0
322,26.833333333333332,26.833333333333332,1,2.833333333333332,02:49,11.119706108831988,5.574374101241199,5.545332007590789,0,0,0,0,0,0,0,0,0,0,0.0,0.0,1,0.1,0.0,0.0,0.0,0,none,0,-1,-1.0,-1.0,0.0,10,1.0,1.0,1.0,0,34,0.11805555555555551,0.0,0.16666666666666666,0.25,0.25,0.4166666666666667,0.0,5.072828594403522,0.0,10.0
323,26.916666666666668,26.916666666666668,1,2.916666666666668,02:55,11.141439090215899,5.587910460652416,5.553528629563483,1,0,1,1,0,1,0,0,0,0,0.0,0.0,2,0.2,34.33035870081571,0.0,0.0,0,none,0,-1,-1.0,-1.0,0.0,10,1.0,1.0,1.0,0,35,0.12152777777777783,0.0,0.16666666666666666,0.3333333333333333,0.3333333333333333,0.3333333333333333,0.0,7.933691819471498,0.0,10.0
324,27.0,27.0,1,3.0,03:00,11.166665036471228,5.60363533082227,5.563029705648958,3,2,1,3,2,1,0,0,0,0,0.0,0.0,5,0.5,22.38449558596557,0.0,0.0,0,none,0,-1,-1.0,-1.0,0.0,10,1.0,1.0,1.0,0,36,0.125,0.0,0.19166666666666665,0.5833333333333334,0.5833333333333334,0.3333333333333333,0.0,9.799066451635296,0.0,10.0
325,27.083333333333332,27.083333333333332,1,3.083333333333332,03:04,11.195858064071931,5.621850454560361,5.57400760951157,1,0,1,1,0,1,0,0,0,0,0.0,0.0,6,0.6,29.170814018144682,0.0,0.0,0,none,0,-1,-1.0,-1.0,0.0,10,1.0,1.0,1.0,0,37,0.12847222222222218,0.0,0.21666666666666667,0.5,0.5,0.25,0.0,9.671712272489161,0.0,10.0
326,27.166666666666668,27.166666666666668,1,3.166666666666668,03:10,11.22954102820767,5.642890197482154,5.5866508307255165,1,0,1,1,0,1,0,0,0,0,0.0,0.0,7,0.7,41.00849245912797,0.0,0.0,0,none,0,-1,-1.0,-1.0,0.0,10,1.0,1.0,1.0,0,38,0.1319444444444445,0.0,0.2583333333333333,0.5833333333333334,0.5833333333333334,0.16666666666666666,0.0,13.08908664408316,0.0,10.0
327,27.25,27.25,1,3.25,03:15,11.268287907786952,5.667123681003905,5.601164226783047,2,2,0,2,2,0,0,0,0,0,0.0,0.0,9,0.9,33.358814341178146,0.0,0.0,0,none,0,-1,-1.0,-1.0,0.0,10,1.0,1.0,1.0,0,39,0.13541666666666666,0.0,0.31666666666666665,0.75,0.75,0.16666666666666666,0.0,15.868987839181338,0.0,10.0
328,27.333333333333332,27.333333333333332,1,3.333333333333332,03:19,11.312725853902098,5.6949568555891945,5.617768998312903,0,0,0,0,0,0,2,0,2,0,0.0,0.0,7,0.7,0.0,0.0,0.0,0,none,0,-1,-1.0,-1.0,0.0,10,1.0,1.0,1.0,0,40,0.13888888888888884,0.0,0.35833333333333334,0.75,0.75,0.3333333333333333,0.0,15.868987839181338,0.0,10.0
329,27.416666666666668,27.416666666666668,1,3.416666666666668,03:25,11.363536807958473,5.72683448095971,5.636702326998764,1,0,1,1,0,1,1,1,0,0,0.0,0.0,7,0.7,30.13873806093348,0.0,0.0,0,none,0,-1,-1.0,-1.0,0.0,10,1.0,1.0,1.0,0,41,0.14236111111111116,0.0,0.39999999999999997,0.8333333333333334,0.8333333333333334,0.4166666666666667,0.0,18.38054934425913,0.0,10.0
330,27.5,27.5,1,3.5,03:30,11.421458588538663,5.76324197702404,5.658216611514622,1,0,1,1,0,1,2,1,1,0,0.0,0.0,6,0.6,35.20955911265944,0.0,0.0,0,none,0,-1,-1.0,-1.0,0.0,10,1.0,1.0,1.0,0,42,0.14583333333333334,0.0,0.44166666666666665,0.9166666666666666,0.9166666666666666,0.5,0.0,21.314679270314084,0.0,10.0
331,27.583333333333332,27.583333333333332,1,3.583333333333332,03:34,11.487285340100797,5.8047071062417555,5.682578233859042,0,0,0,0,0,0,1,0,1,0,0.0,0.0,5,0.5,0.0,0.0,0.0,0,none,0,-1,-1.0,-1.0,0.0,10,1.0,1.0,1.0,0,43,0.1493055555555555,0.0,0.4749999999999999,0.9166666666666666,0.9166666666666666,0.5833333333333334,0.0,21.314679270314084,0.0,10.0
332,27.666666666666668,27.666666666666668,1,3.666666666666668,03:40,11.561867232150437,5.851801444918895,5.710065787231542,1,0,1,1,0,1,0,0,0,0,0.0,0.0,6,0.6,24.3832501738041,0.0,0.0,0,none,0,-1,-1.0,-1.0,0.0,10,1.0,1.0,1.0,0,44,0.15277777777777782,0.0,0.5166666666666666,1.0,1.0,0.5833333333333334,0.0,23.34661678479776,0.0,10.0
333,27.75,27.75,1,3.75,03:45,11.646109294941454,5.905141597380265,5.740967697561189,1,1,0,1,1,0,0,0,0,0,0.0,0.0,7,0.7,32.44801593991137,0.0,0.0,0,none,0,-1,-1.0,-1.0,0.0,10,1.0,1.0,1.0,0,45,0.15625,0.0,0.5666666666666667,1.0,1.0,0.5,0.0,23.536044866045042,0.0,10.0
334,27.833333333333332,27.833333333333332,1,3.833333333333332,03:49,11.740969277423115,5.9653901029062455,5.77557917451687,0,0,0,0,0,0,2,2,0,0,0.0,0.0,5,0.5,0.0,0.0,0.0,0,none,0,-1,-1.0,-1.0,0.0,10,1.0,1.0,1.0,0,46,0.15972222222222218,0.0,0.6,1.0,1.0,0.6666666666666666,0.0,23.536044866045042,0.0,10.0
335,27.916666666666668,27.916666666666668,1,3.916666666666668,03:55,11.847454415420112,6.033255980554623,5.814198434865489,1,1,0,1,1,0,1,0,1,0,0.0,0.0,5,0.5,28.8964326414659,0.0,0.0,0,none,0,-1,-1.0,-1.0,0.0,10,1.0,1.0,1.0,0,47,0.1631944444444445,0.0,0.6249999999999999,1.0,1.0,0.75,0.0,23.08321769443256,0.0,10.0
336,28.0,28.0,1,4.0,04:00,11.966617003253864,6.109494851299408,5.8571221519544565,0,0,0,0,0,0,1,0,1,0,0.0,0.0,4,0.4,0.0,0.0,0.0,0,none,0,-1,-1.0,-1.0,0.0,10,1.0,1.0,1.0,0,48,0.16666666666666666,0.0,0.6166666666666666,0.75,0.75,0.8333333333333334,0.0,21.21784306226876,0.0,10.0
337,28.083333333333332,28.083333333333332,1,4.083333333333332,04:04,12.09954867049691,6.194908570107195,5.904640100389715,0,0,0,0,0,0,1,0,1,0,0.0,0.0,3,0.3,0.0,0.0,0.0,0,none,0,-1,-1.0,-1.0,0.0,10,1.0,1.0,1.0,0,49,0.17013888888888884,0.0,0.5916666666666667,0.6666666666666666,0.6666666666666666,0.9166666666666666,0.0,18.786941894090035,0.0,10.0
338,28.166666666666668,28.166666666666668,1,4.166666666666668,04:10,12.247373277560241,6.290344292475276,5.957028985084965,1,0,1,1,0,1,1,0,1,0,0.0,0.0,3,0.3,35.966612001795966,0.0,0.0,0,none,0,-1,-1.0,-1.0,0.0,10,1.0,1.0,1.0,0,50,0.17361111111111116,0.0,0.5583333333333332,0.6666666666666666,0.6666666666666666,1.0,0.0,18.366785189312367,0.0,10.0
339,28.25,28.25,1,4.25,04:15,12.411238359545287,6.396692890485549,6.014545469059738,0,0,0,0,0,0,0,0,0,0,0.0,0.0,3,0.3,0.0,0.0,0.0,0,none,0,-1,-1.0,-1.0,0.0,10,1.0,1.0,1.0,0,51,0.17708333333333334,0.0,0.5083333333333332,0.5,0.5,1.0,0.0,15.586883994214189,0.0,10.0
340,28.333333333333332,28.333333333333332,1,4.333333333333332,04:19,12.592305067367626,6.514886622608012,6.077418444759614,0,0,0,0,0,0,1,1,0,0,0.0,0.0,2,0.2,0.0,0.0,0.0,0,none,0,-1,-1.0,-1.0,0.0,10,1.0,1.0,1.0,0,52,0.1805555555555555,0.0,0.4666666666666666,0.5,0.5,0.9166666666666666,0.0,15.586883994214189,0.0,10.0
341,28.416666666666668,28.416666666666668,1,4.416666666666668,04:25,12.791736578604722,6.645895949497363,6.145840629107359,2,1,1,2,1,1,1,1,0,0,0.0,0.0,3,0.3,29.385429438895805,0.0,0.0,0,none,0,-1,-1.0,-1.0,0.0,10,1.0,1.0,1.0,0,53,0.18402777777777782,0.0,0.4333333333333333,0.5833333333333334,0.5833333333333334,0.9166666666666666,0.0,15.524108275711049,0.0,10.0
342,28.5,28.5,1,4.5,04:30,13.01068497775341,6.790725375245666,6.219959602507744,0,0,0,0,0,0,0,0,0,0,0.0,0.0,3,0.3,0.0,0.0,0.0,0,none,0,-1,-1.0,-1.0,0.0,10,1.0,1.0,1.0,0,54,0.1875,0.0,0.4083333333333334,0.5,0.5,0.75,0.0,12.589978349656095,0.0,10.0
343,28.583333333333332,28.583333333333332,1,4.583333333333332,04:34,13.25027663640336,6.950408180603695,6.299868455799665,0,0,0,0,0,0,0,0,0,0,0.0,0.0,3,0.3,0.0,0.0,0.0,0,none,0,-1,-1.0,-1.0,0.0,10,1.0,1.0,1.0,0,55,0.19097222222222218,0.0,0.39166666666666666,0.5,0.5,0.6666666666666666,0.0,12.589978349656095,0.0,10.0
344,28.666666666666668,28.666666666666668,1,4.666666666666668,04:40,13.511596157908453,7.1259999024562894,6.385596255452164,0,0,0,0,0,0,0,0,0,0,0.0,0.0,3,0.3,0.0,0.0,0.0,0,none,0,-1,-1.0,-1.0,0.0,10,1.0,1.0,1.0,0,56,0.1944444444444445,0.0,0.36666666666666664,0.4166666666666667,0.4166666666666667,0.6666666666666666,0.0,10.55804083517242,0.0,10.0
345,28.75,28.75,1,4.75,04:45,13.795668988004156,7.318570403520486,6.47709858448367,2,1,1,2,1,1,0,0,0,0,0.0,0.0,5,0.5,34.975721238331715,0.0,0.0,0,none,0,-1,-1.0,-1.0,0.0,10,1.0,1.0,1.0,0,57,0.19791666666666666,0.0,0.3499999999999999,0.5,0.5,0.6666666666666666,0.0,10.768682943374117,0.0,10.0
346,28.833333333333332,28.833333333333332,1,4.833333333333332,04:49,14.103442831869671,7.529194369309711,6.57424846255996,0,0,0,0,0,0,2,0,2,0,0.0,0.0,3,0.3,0.0,0.0,0.0,0,none,0,-1,-1.0,-1.0,0.0,10,1.0,1.0,1.0,0,58,0.20138888888888884,0.0,0.3333333333333333,0.5,0.5,0.6666666666666666,0.0,10.768682943374117,0.0,10.0
347,28.916666666666668,28.916666666666668,1,4.916666666666668,04:55,14.435768058628607,7.758940067625667,6.67682799100294,1,1,0,1,1,0,0,0,0,0,0.0,0.0,4,0.4,26.425909495387295,0.0,0.0,0,none,0,-1,-1.0,-1.0,0.0,10,1.0,1.0,1.0,0,59,0.20486111111111116,0.0,0.325,0.5,0.5,0.5833333333333334,0.0,10.562806014534232,0.0,10.0
348,29.0,29.0,1,5.0,05:00,14.793377315351826,8.008856211174379,6.784521104177447,1,0,1,1,0,1,1,1,0,0,0.0,0.0,4,0.4,25.724615478376805,0.0,0.0,0,none,0,-1,-1.0,-1.0,0.0,10,1.0,1.0,1.0,0,60,0.20833333333333334,0.0,0.325,0.5833333333333334,0.5833333333333334,0.5833333333333334,0.0,12.70652397106563,0.0,10.0
349,29.083333333333332,29.083333333333332,1,5.083333333333332,05:04,15.176864613283552,8.279956778461814,6.896907834821737,0,0,0,0,0,0,0,0,0,0,0.0,0.0,4,0.4,0.0,0.0,0.0,0,none,0,-1,-1.0,-1.0,0.0,10,1.0,1.0,1.0,0,61,0.2118055555555555,0.0,0.3333333333333333,0.5833333333333334,0.5833333333333334,0.5,0.0,12.70652397106563,0.0,10.0
350,29.166666666666668,29.166666666666668,1,5.166666666666668,05:10,15.586664188169646,8.573203674031838,7.013460514137807,0,0,0,0,0,0,0,0,0,0,0.0,0.0,4,0.4,0.0,0.0,0.0,0,none,0,-1,-1.0,-1.0,0.0,10,1.0,1.0,1.0,0,62,0.21527777777777782,0.0,0.3416666666666666,0.5,0.5,0.4166666666666667,0.0,9.709306304249301,0.0,10.0
351,29.25,29.25,1,5.25,05:15,16.023029473063175,8.88948714835656,7.133542324706616,0,0,0,0,0,0,0,0,0,0,0.0,0.0,4,0.4,0.0,0.0,0.0,0,none,0,-1,-1.0,-1.0,0.0,10,1.0,1.0,1.0,0,63,0.21875,0.0,0.35000000000000003,0.5,0.5,0.4166666666666667,0.0,9.709306304249301,0.0,10.0
352,29.333333333333332,29.333333333333332,1,5.333333333333332,05:19,16.486012554603974,9.229603951951692,7.256408602652283,0,0,0,0,0,0,1,1,0,0,0.0,0.0,3,0.3,0.0,0.0,0.0,0,none,0,-1,-1.0,-1.0,0.0,10,1.0,1.0,1.0,0,64,0.22222222222222218,0.0,0.35833333333333334,0.5,0.5,0.4166666666666667,0.0,9.709306304249301,0.0,10.0
353,29.416666666666668,29.416666666666668,1,5.416666666666668,05:25,16.975444511287378,9.594233268726793,7.3812112425605845,1,0,1,1,0,1,2,1,1,0,0.0,0.0,2,0.2,34.188317524558464,0.0,0.0,0,none,0,-1,-1.0,-1.0,0.0,10,1.0,1.0,1.0,0,65,0.2256944444444445,0.0,0.35000000000000003,0.4166666666666667,0.4166666666666667,0.5,0.0,10.109546978054523,0.0,10.0
354,29.5,29.5,1,5.5,05:30,17.490917053446246,9.983910560626,7.507006492820245,0,0,0,0,0,0,1,0,1,0,0.0,0.0,1,0.1,0.0,0.0,0.0,0,none,0,-1,-1.0,-1.0,0.0,10,1.0,1.0,1.0,0,66,0.22916666666666666,0.0,0.3333333333333333,0.4166666666666667,0.4166666666666667,0.5833333333333334,0.0,10.109546978054523,0.0,10.0
355,29.583333333333332,29.583333333333332,1,5.583333333333332,05:34,18.03176589842134,10.39899955876687,7.63276633965447,0,0,0,0,0,0,0,0,0,0,0.0,0.0,1,0.1,0.0,0.0,0.0,0,none,0,-1,-1.0,-1.0,0.0,10,1.0,1.0,1.0,0,67,0.23263888888888884,0.0,0.31666666666666665,0.4166666666666667,0.4166666666666667,0.5833333333333334,0.0,10.109546978054523,0.0,10.0
356,29.666666666666668,29.666666666666668,1,5.666666666666668,05:40,18.597056319640426,10.839662753923824,7.757393565716604,2,1,1,2,1,1,0,0,0,0,0.0,0.0,3,0.3,41.766065798686625,0.0,0.0,0,none,0,-1,-1.0,-1.0,0.0,10,1.0,1.0,1.0,0,68,0.23611111111111116,0.0,0.3166666666666667,0.5833333333333334,0.5833333333333334,0.5833333333333334,0.0,13.59005246127841,0.0,10.0
357,29.75,29.75,1,5.75,05:45,19.185571304165776,11.305830868451876,7.879740435713901,1,1,0,1,1,0,0,0,0,0,0.0,0.0,4,0.4,28.46019548329215,0.0,0.0,0,none,0,-1,-1.0,-1.0,0.0,10,1.0,1.0,1.0,0,69,0.23958333333333334,0.0,0.3083333333333333,0.5,0.5,0.5833333333333334,0.0,13.047091981691779,0.0,10.0
358,29.833333333333332,29.833333333333332,1,5.833333333333332,05:49,19.795802738980807,11.797171928386625,7.9986308105941815,0,0,0,0,0,0,0,0,0,0,0.0,0.0,4,0.4,0.0,0.0,0.0,0,none,0,-1,-1.0,-1.0,0.0,10,1.0,1.0,1.0,0,70,0.2430555555555555,0.0,0.31666666666666665,0.5,0.5,0.4166666666666667,0.0,13.047091981691779,0.0,10.0
359,29.916666666666668,29.916666666666668,1,5.916666666666668,05:55,20.425946021372972,12.31306069293245,8.112885328440523,2,2,0,2,2,0,0,0,0,0,0.0,0.0,6,0.6,31.857835517312154,0.0,0.0,0,none,0,-1,-1.0,-1.0,0.0,10,1.0,1.0,1.0,0,71,0.24652777777777782,0.0,0.3333333333333333,0.5833333333333334,0.5833333333333334,0.4166666666666667,0.0,13.499752483518849,0.0,10.0
360,30.0,30.0,1,6.0,06:00,21.073898452991536,12.852549332068135,8.221349120923401,1,0,1,1,0,1,1,0,1,0,0.0,0.0,6,0.6,26.259136407706343,0.0,0.0,0,none,0,-1,-1.0,-1.0,0.0,10,1.0,1.0,1.0,0,72,0.25,0.0,0.35000000000000003,0.5833333333333334,0.5833333333333334,0.4166666666666667,0.0,13.544295894296312,0.0,10.0
361,30.083333333333332,30.083333333333332,1,6.083333333333332,06:04,21.737261730557623,13.414340363725726,8.322921366831897,1,1,0,1,1,0,0,0,0,0,0.0,0.0,7,0.7,37.64629589438882,0.0,0.0,0,none,0,-1,-1.0,-1.0,0.0,10,1.0,1.0,1.0,0,73,0.25347222222222215,0.0,0.375,0.6666666666666666,0.6666666666666666,0.4166666666666667,0.0,16.68148721882871,0.0,10.0
362,30.166666666666668,30.166666666666668,1,6.166666666666668,06:10,22.413348789126825,13.996762961383732,8.416585827743093,0,0,0,0,0,0,0,0,0,0,0.0,0.0,7,0.7,0.0,0.0,0.0,0,none,0,-1,-1.0,-1.0,0.0,10,1.0,1.0,1.0,0,74,0.2569444444444445,0.0,0.39999999999999997,0.6666666666666666,0.6666666666666666,0.4166666666666667,0.0,16.68148721882871,0.0,10.0
363,30.25,30.25,1,6.25,06:15,23.099195186920248,14.597753812116144,8.501441374804104,1,1,0,1,1,0,2,1,1,0,0.0,0.0,6,0.6,42.80558265216253,0.0,0.0,0,none,0,-1,-1.0,-1.0,0.0,10,1.0,1.0,1.0,0,75,0.2604166666666667,0.0,0.4166666666666667,0.75,0.75,0.5833333333333334,0.0,20.248619106508922,0.0,10.0
364,30.333333333333332,30.333333333333332,1,6.333333333333332,06:19,23.79157514503051,15.214843735523216,8.576731409507294,0,0,0,0,0,0,0,0,0,0,0.0,0.0,6,0.6,0.0,0.0,0.0,0,none,0,-1,-1.0,-1.0,0.0,10,1.0,1.0,1.0,0,76,0.26388888888888884,0.0,0.44166666666666665,0.75,0.75,0.5,0.0,20.248619106508922,0.0,10.0
365,30.416666666666668,30.416666666666668,1,6.416666666666668,06:25,24.487022272072142,15.845151257710995,8.641871014361147,0,0,0,0,0,0,0,0,0,0,0.0,0.0,6,0.6,0.0,0.0,0.0,0,none,0,-1,-1.0,-1.0,0.0,10,1.0,1.0,1.0,0,77,0.26736111111111116,0.0,0.4749999999999999,0.6666666666666666,0.6666666666666666,0.3333333333333333,0.0,17.39959264612905,0.0,10.0
366,30.5,30.5,1,6.5,06:30,25.18185491467317,16.48538426517569,8.696470649497481,2,0,2,2,0,2,4,3,1,0,0.0,0.0,4,0.4,24.387992596246825,0.0,0.0,0,none,0,-1,-1.0,-1.0,0.0,10,1.0,1.0,1.0,0,78,0.2708333333333333,0.0,0.5,0.8333333333333334,0.8333333333333334,0.5833333333333334,0.0,19.431925362482954,0.0,10.0
367,30.583333333333332,30.583333333333332,1,6.583333333333332,06:34,25.87220598144596,17.131850736701498,8.74035524474446,0,0,0,0,0,0,0,0,0,0,0.0,0.0,4,0.4,0.0,0.0,0.0,0,none,0,-1,-1.0,-1.0,0.0,10,1.0,1.0,1.0,0,79,0.2743055555555555,0.0,0.525,0.8333333333333334,0.8333333333333334,0.5833333333333334,0.0,19.431925362482954,0.0,10.0
368,30.666666666666668,30.666666666666668,1,6.666666666666668,06:40,26.55405699280673,17.780479365401785,8.773577627404945,2,0,2,2,0,2,0,0,0,0,0.0,0.0,6,0.6,16.582573224236704,0.0,0.0,0,none,0,-1,-1.0,-1.0,0.0,10,1.0,1.0,1.0,0,80,0.27777777777777785,0.0,0.5499999999999999,0.8333333333333334,0.8333333333333334,0.5833333333333334,0.0,17.333300981278793,0.0,10.0
369,30.75,30.75,1,6.75,06:45,27.223276013981916,18.426850639071922,8.796425374909996,0,0,0,0,0,0,1,1,0,0,0.0,0.0,5,0.5,0.0,0.0,0.0,0,none,0,-1,-1.0,-1.0,0.0,10,1.0,1.0,1.0,0,81,0.28125,0.0,0.5583333333333332,0.75,0.75,0.6666666666666666,0.0,14.961618024337781,0.0,10.0
370,30.833333333333332,30.833333333333332,1,6.833333333333332,06:49,27.87565903610472,19.06623864967703,8.809420386427695,2,2,0,2,2,0,0,0,0,0,0.0,0.0,7,0.7,19.54124666465336,0.0,0.0,0,none,0,-1,-1.0,-1.0,0.0,10,1.0,1.0,1.0,0,82,0.28472222222222215,0.0,0.5833333333333334,0.9166666666666666,0.9166666666666666,0.6666666666666666,0.0,16.59005524639223,0.0,10.0
371,30.916666666666668,30.916666666666668,1,6.916666666666668,06:55,28.506974282872847,19.69366356014148,8.813310722731366,1,0,1,1,0,1,2,0,2,0,0.0,0.0,6,0.6,47.84835282558048,0.0,0.0,0,none,0,-1,-1.0,-1.0,0.0,10,1.0,1.0,1.0,0,83,0.2881944444444445,0.0,0.5833333333333333,0.8333333333333334,0.8333333333333334,0.8333333333333334,0.0,17.92259835541459,0.0,10.0
372,31.0,31.0,1,7.0,07:00,29.1130088401957,20.303954280090416,8.809054560105285,2,1,1,2,1,1,3,1,2,0,0.0,0.0,5,0.5,25.3555938686054,0.0,0.0,0,none,0,-1,-1.0,-1.0,0.0,10,1.0,1.0,1.0,0,84,0.2916666666666667,0.0,0.575,0.9166666666666666,0.9166666666666666,1.0,0.0,17.84730314382284,0.0,10.0
373,31.083333333333332,31.083333333333332,1,7.083333333333332,07:04,29.689616935891436,20.891820506302672,8.797796429588766,3,3,0,3,3,0,0,0,0,0,0.0,0.0,8,0.8,29.739601939206466,0.0,0.0,0,none,0,-1,-1.0,-1.0,0.0,10,1.0,1.0,1.0,0,85,0.29513888888888884,0.0,0.5833333333333334,1.0833333333333333,1.0833333333333333,1.0,0.0,17.18841198089098,0.0,10.0
374,31.166666666666668,31.166666666666668,1,7.166666666666668,07:10,30.232769137920037,21.451932885329732,8.780836252590307,1,1,0,1,1,0,1,1,0,0,0.0,0.0,8,0.8,21.28676454465678,0.0,0.0,0,none,0,-1,-1.0,-1.0,0.0,10,1.0,1.0,1.0,0,86,0.29861111111111116,0.0,0.5916666666666667,1.1666666666666667,1.1666666666666667,1.0833333333333333,0.0,18.962309026279048,0.0,10.0
375,31.25,31.25,1,7.25,07:15,30.73860169473985,21.979009673661682,8.759592021078165,2,1,1,2,1,1,1,1,0,0,0.0,0.0,9,0.9,27.14727572102791,0.0,0.0,0,none,0,-1,-1.0,-1.0,0.0,10,1.0,1.0,1.0,0,87,0.3020833333333333,0.0,0.6166666666666666,1.25,1.25,1.0,0.0,17.65745011535116,0.0,10.0
376,31.333333333333332,31.333333333333332,1,7.333333333333332,07:19,31.203465211722794,22.467907924336398,8.735557287386397,3,3,0,1,1,0,0,0,0,2,0.0,0.0,10,1.0,23.686377783906124,0.0,0.0,0,none,0,-1,-1.0,-1.0,0.0,10,1.0,1.0,1.0,0,88,0.3055555555555555,0.16666666666666666,0.65,1.5,1.3333333333333333,1.0,0.0,19.63131493067667,0.0,10.0
377,31.416666666666668,31.416666666666668,1,7.416666666666668,07:25,31.623971844371184,22.9137169369745,8.710254907396683,4,1,3,1,1,0,1,0,1,5,1.0,5.0,10,1.0,26.29101337217659,5.0,0.0,0,none,0,-1,-1.0,-1.0,0.0,10,1.0,1.0,1.0,0,89,0.30902777777777785,0.5833333333333334,0.6833333333333332,1.8333333333333333,1.4166666666666667,1.0833333333333333,0.08333333333333333,21.822232711691385,0.4166666666666667,10.0
378,31.5,31.5,1,7.5,07:30,31.997040193149484,23.311851488333524,8.68518870481596,3,1,2,2,1,1,2,2,0,6,2.5,5.0,10,1.0,29.607723336232336,7.5,0.0,0,none,0,-1,-1.0,-1.0,0.0,10,1.0,1.0,1.0,0,90,0.3125,1.0833333333333333,0.7333333333333334,1.9166666666666667,1.4166666666666667,0.9166666666666666,0.2916666666666667,22.257210273356847,1.0416666666666667,10.0
379,31.583333333333332,31.583333333333332,1,7.583333333333332,07:34,32.31993710643412,23.658142227397708,8.66179487903641,2,0,2,2,0,2,2,2,0,6,4.166666666666667,10.0,10,1.0,25.523589011354794,10.0,0.0,0,none,0,-1,-1.0,-1.0,0.0,10,1.0,1.0,1.0,0,91,0.31597222222222215,1.5833333333333333,0.7833333333333333,2.0833333333333335,1.5833333333333333,1.0833333333333333,0.638888888888889,24.384176024303077,1.875,10.0
380,31.666666666666668,31.666666666666668,1,7.666666666666668,07:40,32.590315637283716,23.948920583849123,8.641395053434593,2,2,0,1,1,0,1,0,1,7,5.714285714285714,10.0,10,1.0,34.395264769098716,15.0,0.0,0,none,0,-1,-1.0,-1.0,0.0,10,1.0,1.0,1.0,0,92,0.3194444444444445,2.1666666666666665,0.8166666666666668,2.0833333333333335,1.5,1.1666666666666667,1.1150793650793651,25.868566986374912,3.125,10.0
381,31.75,31.75,1,7.75,07:45,32.80624845586041,24.181095608048782,8.62515284781163,1,0,1,3,1,2,3,2,1,5,6.0,10.0,10,1.0,30.935905844761397,15.0,0.0,0,none,0,-1,-1.0,-1.0,0.0,10,1.0,1.0,1.0,0,93,0.3229166666666667,2.5833333333333335,0.8583333333333334,2.1666666666666665,1.75,1.3333333333333333,1.615079365079365,28.446559140105027,4.375,10.0
382,31.833333333333332,31.833333333333332,1,7.833333333333332,07:49,32.96625609134107,24.352220335784285,8.614035755556788,2,2,0,1,0,1,1,1,0,6,6.666666666666667,15.0,10,1.0,48.358215671801204,15.0,0.0,0,none,0,-1,-1.0,-1.0,0.0,10,1.0,1.0,1.0,0,94,0.32638888888888884,3.0833333333333335,0.8833333333333333,2.1666666666666665,1.6666666666666667,1.4166666666666667,2.1706349206349205,30.847973224034018,5.625,10.0
383,31.916666666666668,31.916666666666668,1,7.916666666666668,07:55,33.0693294635577,24.460545547952474,8.608783915605228,2,1,1,1,0,1,1,1,0,7,7.142857142857143,15.0,10,1.0,25.812608257131274,20.0,5.0,0,none,0,-1,-1.0,-1.0,0.0,10,1.0,1.0,1.0,0,95,0.32986111111111116,3.6666666666666665,0.9166666666666666,2.25,1.6666666666666667,1.3333333333333333,2.765873015873016,29.01166117666325,7.291666666666667,10.0
384,32.0,32.0,1,8.0,08:00,33.11494626351003,24.505059164561004,8.609887098949025,1,1,0,2,2,0,2,1,1,6,7.5,15.0,10,1.0,32.82290561123458,20.0,10.0,0,none,0,-1,-1.0,-1.0,0.0,10,1.0,1.0,1.0,0,96,0.3333333333333333,4.166666666666667,0.9583333333333334,2.1666666666666665,1.6666666666666667,1.25,3.390873015873016,29.63393715521568,8.958333333333334,10.0
385,32.083333333333336,32.083333333333336,1,8.083333333333336,08:05,33.10308085105868,24.48550995942837,8.617570891630306,2,2,0,2,1,1,2,0,2,6,6.666666666666667,15.0,10,1.0,28.59301384646419,17.5,7.5,0,none,0,-1,-1.0,-1.0,0.0,10,1.0,1.0,1.0,0,97,0.33680555555555564,4.666666666666667,0.9750000000000001,2.0833333333333335,1.5833333333333333,1.4166666666666667,3.9464285714285716,29.538388147487154,10.416666666666666,10.0
386,32.166666666666664,32.166666666666664,1,8.166666666666664,08:09,33.03420745500948,24.402414787887224,8.631792667122253,1,1,0,0,0,0,0,0,0,7,10.0,20.0,10,1.0,0.0,0.0,0.0,0,none,0,-1,-1.0,-1.0,0.0,10,1.0,1.0,1.0,0,98,0.3402777777777777,5.25,0.9916666666666667,2.0833333333333335,1.5,1.3333333333333333,4.779761904761905,27.76449110209909,10.416666666666666,10.0
387,32.25,32.25,1,8.25,08:15,32.909296582700236,24.25704906246724,8.652247520232999,2,1,1,2,2,0,2,2,0,7,8.571428571428571,20.0,10,1.0,36.42834767019174,22.5,15.0,0,none,0,-1,-1.0,-1.0,0.0,10,1.0,1.0,1.0,0,99,0.34375,5.833333333333333,1.0,2.0833333333333335,1.5,1.4166666666666667,5.4940476190476195,28.537913764529417,12.291666666666666,10.0
388,32.333333333333336,32.333333333333336,1,8.333333333333336,08:20,32.72980467023149,24.051420766661572,8.678383903569918,4,2,2,2,1,1,2,0,2,9,5.555555555555555,15.0,10,1.0,32.35831215259334,22.5,15.0,0,none,0,-1,-1.0,-1.0,0.0,10,1.0,1.0,1.0,0,100,0.3472222222222223,6.416666666666667,1.0,2.1666666666666665,1.5833333333333333,1.5833333333333333,5.957010582010582,29.260574961920014,14.166666666666666,10.0
389,32.416666666666664,32.416666666666664,1,8.416666666666664,08:24,32.4976571277268,23.788228839436016,8.70942828829078,0,0,0,1,1,0,1,0,1,8,9.375,20.0,10,1.0,29.826404681563776,20.0,20.0,0,none,0,-1,-1.0,-1.0,0.0,10,1.0,1.0,1.0,0,101,0.35069444444444436,6.666666666666667,1.0,1.8333333333333333,1.5833333333333333,1.5833333333333333,6.654927248677249,29.555190904368946,15.416666666666666,10.0
390,32.5,32.5,1,8.5,08:30,32.215225053589485,23.470807268775776,8.744417784813711,0,0,0,2,2,0,2,2,0,6,11.666666666666666,15.0,10,1.0,33.06212853880973,22.5,17.5,0,none,0,-1,-1.0,-1.0,0.0,10,1.0,1.0,1.0,0,102,0.3541666666666667,6.666666666666667,1.0,1.5833333333333333,1.5833333333333333,1.5833333333333333,7.418816137566137,29.843058004583728,16.666666666666668,10.0
391,32.583333333333336,32.583333333333336,1,8.583333333333336,08:35,31.88529600489135,23.103056678994534,8.782239325896816,4,4,0,0,0,0,0,0,0,10,10.0,20.0,10,1.0,0.0,0.0,0.0,0,none,0,-1,-1.0,-1.0,0.0,10,1.0,1.0,1.0,0,103,0.357638888888889,7.0,1.0,1.75,1.4166666666666667,1.4166666666666667,7.9049272486772475,27.7160922536375,15.833333333333334,10.0
392,32.666666666666664,32.666666666666664,1,8.666666666666664,08:39,31.511039315232892,22.68936556475991,8.821673750472984,2,2,0,3,1,2,3,1,2,9,8.88888888888889,20.0,10,1.0,32.539164201249555,23.333333333333332,18.333333333333332,0,none,0,-1,-1.0,-1.0,0.0,10,1.0,1.0,1.0,0,104,0.361111111111111,7.166666666666667,1.0,1.75,1.5833333333333333,1.5833333333333333,8.169477513227514,27.561417206316733,16.52777777777778,10.0
393,32.75,32.75,1,8.75,08:45,31.09596654438335,22.234523600145966,8.861442944237385,3,2,1,1,0,1,1,0,1,11,9.090909090909092,25.0,10,1.0,36.58861123744392,25.0,25.0,0,none,0,-1,-1.0,-1.0,0.0,10,1.0,1.0,1.0,0,105,0.3645833333333333,7.666666666666667,1.0,1.9166666666666667,1.4166666666666667,1.4166666666666667,8.42705327080327,28.032475989040275,17.36111111111111,10.0
394,32.833333333333336,32.833333333333336,1,8.833333333333336,08:50,30.64388772380226,21.743629623876984,8.900258099925276,2,2,0,0,0,0,0,0,0,13,11.923076923076923,30.0,10,1.0,0.0,0.0,0.0,0,none,0,-1,-1.0,-1.0,0.0,10,1.0,1.0,1.0,0,106,0.36805555555555564,8.25,1.0,1.9166666666666667,1.3333333333333333,1.3333333333333333,8.86508745883746,24.00262468305684,16.11111111111111,10.0
395,32.916666666666664,32.916666666666664,1,8.916666666666664,08:54,30.158864127210023,21.221996968102584,8.93686715910744,2,2,0,3,3,0,3,3,0,12,10.833333333333334,20.0,10,1.0,29.44943531838187,30.0,21.666666666666668,0,none,0,-1,-1.0,-1.0,0.0,10,1.0,1.0,1.0,0,107,0.3715277777777777,8.666666666666666,1.0,1.9166666666666667,1.5,1.5,9.172627141377141,24.305693604827724,16.944444444444446,10.0
396,33.0,33.0,1,9.0,09:00,29.645158344583038,20.6750587588802,8.970099585702838,1,0,1,0,0,0,0,0,0,13,14.615384615384615,25.0,10,1.0,0.0,0.0,0.0,0,none,0,-1,-1.0,-1.0,0.0,10,1.0,1.0,1.0,0,108,0.375,9.25,1.0,1.9166666666666667,1.3333333333333333,1.3333333333333333,9.765575859325859,21.570451470558172,15.277777777777779,10.0
397,33.083333333333336,33.083333333333336,1,9.083333333333336,09:05,29.1071824706093,20.108275678599686,8.998906792009613,2,1,1,3,3,0,3,3,0,12,13.75,25.0,10,1.0,26.956291584341518,30.0,21.666666666666668,0,none,0,-1,-1.0,-1.0,0.0,10,1.0,1.0,1.0,0,109,0.3784722222222223,9.75,1.0,1.9166666666666667,1.4166666666666667,1.4166666666666667,10.355853637103637,21.43405794871462,16.319444444444446,10.0
398,33.166666666666664,33.166666666666664,1,9.166666666666664,09:09,28.54944523450868,19.527048455065156,9.022396779443524,1,1,0,0,0,0,0,0,0,13,17.307692307692307,30.0,10,1.0,0.0,0.0,0.0,0,none,0,-1,-1.0,-1.0,0.0,10,1.0,1.0,1.0,0,110,0.38194444444444436,10.25,1.0,1.9166666666666667,1.4166666666666667,1.4166666666666667,10.964827996077995,21.43405794871462,16.319444444444446,10.0
399,33.25,33.25,1,9.25,09:15,27.97649889740076,18.936637043846602,9.039861853554159,4,1,3,3,3,0,3,2,1,14,13.571428571428571,30.0,10,1.0,26.829508685183146,33.333333333333336,26.666666666666668,0,none,0,-1,-1.0,-1.0,0.0,10,1.0,1.0,1.0,0,111,0.3854166666666667,10.833333333333334,1.0,2.0833333333333335,1.5,1.5,11.381494662744663,20.634154699963904,17.222222222222225,10.0
400,33.333333333333336,33.333333333333336,1,9.333333333333336,09:20,27.392886726700688,18.342088117568867,9.05079860913182,5,4,1,1,1,0,1,0,1,18,12.5,35.0,10,1.0,26.784985862226087,35.0,25.0,0,none,0,-1,-1.0,-1.0,0.0,10,1.0,1.0,1.0,0,112,0.388888888888889,11.583333333333334,1.0,2.1666666666666665,1.4166666666666667,1.4166666666666667,11.960198366448367,20.1697108424333,18.26388888888889,10.0
401,33.416666666666664,33.416666666666664,1,9.416666666666664,09:24,26.803091825334036,17.748172087371692,9.054919737962344,0,0,0,1,0,1,1,0,1,17,16.176470588235293,35.0,10,1.0,32.34753405404434,40.0,25.0,0,none,0,-1,-1.0,-1.0,0.0,10,1.0,1.0,1.0,0,113,0.392361111111111,12.333333333333334,1.0,2.1666666666666665,1.4166666666666667,1.4166666666666667,12.526987582134643,20.37980495680668,19.930555555555557,10.0
402,33.5,33.5,1,9.5,09:30,26.21148804821528,17.15933047764443,9.05215757057085,1,1,0,2,2,0,2,2,0,16,17.5,35.0,10,1.0,27.83177842386835,40.0,25.0,0,none,0,-1,-1.0,-1.0,0.0,10,1.0,1.0,1.0,0,114,0.3958333333333333,13.166666666666666,1.0,2.25,1.4166666666666667,1.4166666666666667,13.013098693245752,19.94394244722823,21.38888888888889,10.0
403,33.583333333333336,33.583333333333336,1,9.583333333333336,09:35,25.62229368103432,16.579634074411178,9.042659606623143,1,1,0,3,2,1,3,3,0,14,17.5,30.0,10,1.0,34.89296561590461,38.333333333333336,31.666666666666668,0,none,0,-1,-1.0,-1.0,0.0,10,1.0,1.0,1.0,0,115,0.39930555555555564,13.5,1.0,2.0,1.6666666666666667,1.6666666666666667,13.638098693245752,22.851689581886948,24.583333333333332,10.0
404,33.666666666666664,33.666666666666664,1,9.666666666666664,09:39,25.03952848876275,16.012751887827882,9.026776600934866,0,0,0,1,0,1,1,1,0,13,21.53846153846154,35.0,10,1.0,33.67328574803671,35.0,30.0,0,none,0,-1,-1.0,-1.0,0.0,10,1.0,1.0,1.0,0,116,0.4027777777777777,13.833333333333334,1.0,1.8333333333333333,1.5,1.5,14.692229747376805,22.946199710785876,25.555555555555557,10.0
405,33.75,33.75,1,9.75,09:45,24.466974665405278,15.461930625056299,9.005044040348979,1,1,0,1,1,0,1,1,0,13,23.46153846153846,35.0,10,1.0,27.990602519554155,40.0,35.0,0,none,0,-1,-1.0,-1.0,0.0,10,1.0,1.0,1.0,0,117,0.40625,14.0,1.0,1.6666666666666667,1.5,1.5,15.889782194929253,22.229698984295066,26.805555555555557,10.0
406,33.833333333333336,33.833333333333336,1,9.833333333333336,09:50,23.908142134435682,14.929984073073737,8.978158061361945,1,0,1,1,1,0,1,1,0,13,25.384615384615383,35.0,10,1.0,15.0,40.0,35.0,0,none,0,-1,-1.0,-1.0,0.0,10,1.0,1.0,1.0,0,118,0.4097222222222223,14.0,1.0,1.5833333333333333,1.5833333333333333,1.5833333333333333,17.011577066724126,23.479698984295066,30.13888888888889,10.0
407,33.916666666666664,33.916666666666664,1,9.916666666666664,09:54,23.366238563149302,14.419291550051335,8.946947013097967,1,1,0,2,1,1,2,2,0,12,26.25,40.0,10,1.0,23.080561238019364,40.0,37.5,0,none,0,-1,-1.0,-1.0,0.0,10,1.0,1.0,1.0,0,119,0.41319444444444436,14.0,1.0,1.5,1.5,1.5,18.296299288946347,22.94895947759819,30.972222222222225,10.0
408,34.0,34.0,1,10.0,10:00,22.844144365874875,13.931804403464822,8.912339962410053,2,2,0,1,0,1,1,0,1,13,25.384615384615383,45.0,10,1.0,26.207312057838056,45.0,40.0,0,none,0,-1,-1.0,-1.0,0.0,10,1.0,1.0,1.0,0,120,0.4166666666666667,14.0,1.0,1.5833333333333333,1.5833333333333333,1.5833333333333333,19.193735186382245,25.132902149084696,34.72222222222222,10.0
409,34.083333333333336,34.083333333333336,1,10.083333333333336,10:05,22.344392882550007,13.46905941424478,8.875333468305227,1,1,0,3,1,2,3,3,0,11,23.181818181818183,45.0,10,1.0,24.7082844638401,46.666666666666664,40.0,0,none,0,-1,-1.0,-1.0,0.0,10,1.0,1.0,1.0,0,121,0.420138888888889,13.916666666666666,1.0,1.5,1.5833333333333333,1.5833333333333333,19.979720034867093,24.94556822237624,36.111111111111114,10.0
410,34.166666666666664,34.166666666666664,1,10.166666666666664,10:09,21.869155832367486,13.032197906976009,8.836957925391477,0,0,0,1,1,0,1,0,1,10,26.0,50.0,10,1.0,23.67058241619907,50.0,40.0,0,none,0,-1,-1.0,-1.0,0.0,10,1.0,1.0,1.0,0,122,0.423611111111111,13.666666666666666,1.0,1.4166666666666667,1.6666666666666667,1.6666666666666667,20.704079009226067,26.918116757059497,40.27777777777778,10.0
411,34.25,34.25,1,10.25,10:15,21.420234058650554,12.621989361614977,8.798244697035576,0,0,0,4,4,0,4,2,2,6,19.166666666666668,30.0,10,1.0,32.973587786634475,48.75,37.5,0,none,0,-1,-1.0,-1.0,0.0,10,1.0,1.0,1.0,0,123,0.4270833333333333,13.0,1.0,1.0833333333333333,1.75,1.75,21.17034885049591,27.430123348847108,41.5625,10.0
412,34.333333333333336,34.333333333333336,1,10.333333333333336,10:20,20.999053502196038,12.238858365423964,8.760195136772074,1,1,0,0,0,0,0,0,0,7,20.714285714285715,35.0,10,1.0,0.0,0.0,0.0,0,none,0,-1,-1.0,-1.0,0.0,10,1.0,1.0,1.0,0,124,0.43055555555555564,12.083333333333334,1.0,0.75,1.6666666666666667,1.6666666666666667,21.85487266001972,25.1980411936616,38.645833333333336,10.0
413,34.416666666666664,34.416666666666664,1,10.416666666666664,10:24,20.606666267184465,11.882913826299545,8.72375244088492,1,1,0,0,0,0,0,0,0,8,22.5,40.0,10,1.0,0.0,0.0,0.0,0,none,0,-1,-1.0,-1.0,0.0,10,1.0,1.0,1.0,0,125,0.4340277777777777,11.333333333333334,1.0,0.8333333333333334,1.5833333333333333,1.5833333333333333,22.38183344433344,22.502413355824572,35.3125,10.0
414,34.5,34.5,1,10.5,10:30,20.243756577299482,11.55397948099992,8.689777096299562,1,1,0,4,3,1,4,3,1,5,14.0,30.0,10,1.0,29.776780322049156,37.5,42.5,0,none,0,-1,-1.0,-1.0,0.0,10,1.0,1.0,1.0,0,126,0.4375,10.416666666666666,1.0,0.8333333333333334,1.75,1.75,22.090166777666777,22.664496847339638,35.104166666666664,10.0
415,34.583333333333336,34.583333333333336,1,10.583333333333336,10:35,19.91065136057534,11.25162486428817,8.65902649628717,0,0,0,3,3,0,3,1,2,2,7.5,10.0,10,1.0,25.623398281869374,26.666666666666668,48.333333333333336,0,none,0,-1,-1.0,-1.0,0.0,10,1.0,1.0,1.0,0,127,0.4409722222222223,9.416666666666666,1.0,0.75,1.75,1.75,21.25683344433344,21.892032902836707,34.13194444444444,10.0
416,34.666666666666664,34.666666666666664,1,10.666666666666664,10:39,19.60733515011341,10.975196048358079,8.632139101755332,1,0,1,0,0,0,0,0,0,3,8.333333333333334,15.0,10,1.0,0.0,0.0,0.0,0,none,0,-1,-1.0,-1.0,0.0,10,1.0,1.0,1.0,0,128,0.44444444444444436,8.583333333333334,1.0,0.8333333333333334,1.6666666666666667,1.6666666666666667,20.156406093906092,19.08592575716698,31.215277777777775,10.0
417,34.75,34.75,1,10.75,10:45,19.333468944368136,10.723845607532295,8.60962333683584,0,0,0,0,0,0,0,0,0,3,13.333333333333334,20.0,10,1.0,0.0,0.0,0.0,0,none,0,-1,-1.0,-1.0,0.0,10,1.0,1.0,1.0,0,129,0.4479166666666667,7.75,1.0,0.75,1.5833333333333333,1.5833333333333333,19.312388999889,16.753375547204133,27.881944444444443,10.0
418,34.833333333333336,34.833333333333336,1,10.833333333333336,10:50,19.08841263518216,10.496561403697475,8.591851231484684,2,0,2,1,1,0,1,1,0,4,7.5,20.0,10,1.0,30.224316402201747,25.0,45.0,0,none,0,-1,-1.0,-1.0,0.0,10,1.0,1.0,1.0,0,130,0.451388888888889,7.0,1.0,0.8333333333333334,1.5833333333333333,1.5833333333333333,17.822004384504385,18.022068580720944,26.631944444444443,10.0
419,34.916666666666664,34.916666666666664,1,10.916666666666664,10:54,18.87125058396051,10.292193917243164,8.579056666717346,1,0,1,2,1,1,2,1,1,3,3.3333333333333335,5.0,10,1.0,28.38544537329112,20.0,47.5,0,none,0,-1,-1.0,-1.0,0.0,10,1.0,1.0,1.0,0,131,0.454861111111111,6.25,1.0,0.8333333333333334,1.5833333333333333,1.5833333333333333,15.912282162282162,18.464142258660257,24.965277777777775,10.0
420,35.0,35.0,1,11.0,11:00,18.68081990598018,10.109481961899167,8.571337944081012,3,2,1,2,0,2,2,2,0,4,1.25,5.0,10,1.0,28.129654696273292,10.0,40.0,0,none,0,-1,-1.0,-1.0,0.0,10,1.0,1.0,1.0,0,132,0.4583333333333333,5.5,1.0,0.9166666666666666,1.6666666666666667,1.6666666666666667,13.901064213564217,18.624337478529863,22.04861111111111,10.0
421,35.083333333333336,35.083333333333336,1,11.083333333333336,11:05,18.51574100938189,9.947076716859607,8.568664292522284,0,0,0,4,2,2,4,4,0,0,0.0,0.0,10,1.0,32.69684130647699,6.25,33.75,0,none,0,-1,-1.0,-1.0,0.0,10,1.0,1.0,1.0,0,133,0.46180555555555564,4.583333333333333,1.0,0.8333333333333334,1.75,1.75,11.969246031746033,19.2900505487496,18.680555555555554,10.0
422,35.166666666666664,35.166666666666664,1,11.166666666666664,11:09,18.374449928351616,9.803564084452127,8.57088584389949,2,0,2,1,0,1,1,1,0,1,0.0,0.0,10,1.0,49.54778737559723,0.0,30.0,0,none,0,-1,-1.0,-1.0,0.0,10,1.0,1.0,1.0,0,134,0.4652777777777777,3.8333333333333335,1.0,1.0,1.75,1.75,9.802579365079366,21.446484295366115,14.513888888888891,10.0
423,35.25,35.25,1,11.25,11:15,18.25523198878499,9.677485436192194,8.577746552592794,1,1,0,0,0,0,0,0,0,2,2.5,5.0,10,1.0,0.0,0.0,0.0,0,none,0,-1,-1.0,-1.0,0.0,10,1.0,1.0,1.0,0,135,0.46875,3.5,1.0,1.0833333333333333,1.4166666666666667,1.4166666666666667,8.413690476190476,18.698685313146573,10.45138888888889,10.0
424,35.333333333333336,35.333333333333336,1,11.333333333333336,11:20,18.156256348724312,9.567356845303241,8.588899503421072,2,0,2,0,0,0,0,0,0,4,3.75,10.0,10,1.0,0.0,0.0,0.0,0,none,0,-1,-1.0,-1.0,0.0,10,1.0,1.0,1.0,0,136,0.4722222222222223,3.25,1.0,1.1666666666666667,1.4166666666666667,1.4166666666666667,7.0,18.698685313146573,10.45138888888889,10.0
425,35.416666666666664,35.416666666666664,1,11.416666666666664,11:24,18.075610964452643,9.471686921513756,8.603924042938887,3,2,1,4,1,3,4,2,2,3,0.0,0.0,10,1.0,28.887772968932595,8.75,18.75,0,none,0,-1,-1.0,-1.0,0.0,10,1.0,1.0,1.0,0,137,0.47569444444444436,2.8333333333333335,1.0,1.3333333333333333,1.75,1.75,5.125,21.10599972722429,11.180555555555555,10.0
426,35.5,35.5,1,11.5,11:30,18.011337545728793,9.388993366620257,8.622344179108536,0,0,0,1,1,0,1,0,1,2,5.0,5.0,10,1.0,31.80466745366701,5.0,5.0,0,none,0,-1,-1.0,-1.0,0.0,10,1.0,1.0,1.0,0,138,0.4791666666666667,2.5833333333333335,1.0,1.25,1.5,1.5,4.375,21.27499032152578,8.472222222222223,10.0
427,35.583333333333336,35.583333333333336,1,11.583333333333336,11:35,17.961466079692393,9.317818359768712,8.643647719923681,2,1,1,2,1,1,2,1,1,2,0.0,0.0,10,1.0,27.0362416471682,10.0,7.5,0,none,0,-1,-1.0,-1.0,0.0,10,1.0,1.0,1.0,0,139,0.482638888888889,2.5833333333333335,1.0,1.4166666666666667,1.4166666666666667,1.4166666666666667,3.75,21.39272726863402,7.083333333333333,10.0
428,35.666666666666664,35.666666666666664,1,11.666666666666664,11:39,17.924048521947235,9.25674286264822,8.667305659299014,0,0,0,0,0,0,0,0,0,2,5.0,5.0,10,1.0,0.0,0.0,0.0,0,none,0,-1,-1.0,-1.0,0.0,10,1.0,1.0,1.0,0,140,0.486111111111111,2.5,1.0,1.3333333333333333,1.4166666666666667,1.4166666666666667,3.472222222222222,21.39272726863402,7.083333333333333,10.0
429,35.75,35.75,1,11.75,11:45,17.897191274787914,9.204399909759529,8.692791365028386,1,0,1,2,1,1,2,1,1,1,0.0,0.0,10,1.0,24.99089901805847,10.0,10.0,0,none,0,-1,-1.0,-1.0,0.0,10,1.0,1.0,1.0,0,141,0.4895833333333333,2.3333333333333335,1.0,1.4166666666666667,1.5833333333333333,1.5833333333333333,2.361111111111111,23.475302186805553,7.916666666666667,10.0
430,35.833333333333336,35.833333333333336,1,11.833333333333336,11:50,17.879086096068907,9.1594869203623,8.719599175706607,2,2,0,2,1,1,2,1,1,1,0.0,0.0,10,1.0,22.92525681842323,2.5,10.0,0,none,0,-1,-1.0,-1.0,0.0,10,1.0,1.0,1.0,0,142,0.49305555555555564,2.0833333333333335,1.0,1.4166666666666667,1.6666666666666667,1.6666666666666667,1.7361111111111114,22.86704722149068,6.041666666666667,10.0
431,35.916666666666664,35.916666666666664,1,11.916666666666664,11:54,17.868039107484766,9.12077703904663,8.747262068438136,4,3,1,2,2,0,2,1,1,3,0.0,0.0,10,1.0,27.815710384967524,2.5,7.5,0,none,0,-1,-1.0,-1.0,0.0,10,1.0,1.0,1.0,0,143,0.4965277777777777,2.0833333333333335,1.0,1.6666666666666667,1.6666666666666667,1.6666666666666667,1.4583333333333333,22.819569305797046,4.583333333333333,10.0
432,36.0,36.0,1,12.0,12:00,17.86249759774826,9.0871294831504,8.775368114597859,0,0,0,0,0,0,1,0,1,3,5.0,5.0,9,1.8,0.0,0.0,0.0,1,capacity_drop,1,1,12.0,14.0,120.0,5,1.0,1.0,1.0,1,144,0.5,2.0,1.0666666666666667,1.4166666666666667,1.5,1.5833333333333333,1.7708333333333333,20.475431414440937,3.75,9.583333333333334
433,36.083333333333336,36.083333333333336,1,12.083333333333336,12:05,17.86107434408185,9.057498849062302,8.803575495019548,1,0,1,0,0,0,2,2,0,4,7.5,10.0,7,1.4,0.0,0.0,7.5,1,capacity_drop,1,1,12.0,14.0,115.0,5,1.0,1.0,1.0,1,145,0.5034722222222223,2.3333333333333335,1.0999999999999999,1.5,1.1666666666666667,1.4166666666666667,2.3958333333333335,17.75069463890119,3.2291666666666665,9.166666666666666
434,36.166666666666664,36.166666666666664,1,12.166666666666664,12:09,17.86256920438291,9.030943306994764,8.831625897388147,2,0,2,0,0,0,2,1,1,6,8.333333333333334,15.0,5,1.0,0.0,0.0,5.0,1,capacity_drop,1,1,12.0,14.0,110.0,5,1.0,1.0,1.0,1,146,0.5069444444444443,2.75,1.0999999999999999,1.5,1.0833333333333333,1.5,3.090277777777778,13.62171235760142,3.2291666666666665,8.75
435,36.25,36.25,1,12.25,12:15,17.86598776222676,9.006631595875712,8.859356166351047,3,3,0,1,1,0,1,0,1,8,7.5,20.0,5,1.0,22.494800797597826,20.0,5.0,1,capacity_drop,1,1,12.0,14.0,105.0,5,1.0,1.0,1.0,1,147,0.5104166666666666,3.25,1.0999999999999999,1.6666666666666667,1.1666666666666667,1.5833333333333333,3.5069444444444446,15.496279090734573,4.895833333333333,8.333333333333334
436,36.333333333333336,36.333333333333336,1,12.333333333333336,12:20,17.870556837404763,8.98384871705027,8.886708120354493,0,0,0,3,1,2,3,1,2,5,7.0,10.0,5,1.0,27.223459030213377,21.666666666666668,5.0,1,capacity_drop,1,1,12.0,14.0,100.0,5,1.0,1.0,1.0,1,148,0.513888888888889,3.3333333333333335,1.0999999999999999,1.5,1.4166666666666667,1.8333333333333333,3.777777777777778,17.764900676585686,6.701388888888888,7.916666666666667
437,36.416666666666664,36.416666666666664,1,12.416666666666664,12:24,17.87573670585183,8.962000217697103,8.913736488154726,2,0,2,0,0,0,0,0,0,7,8.571428571428571,15.0,5,1.0,0.0,0.0,0.0,1,capacity_drop,1,1,12.0,14.0,95.0,5,1.0,1.0,1.0,1,149,0.517361111111111,3.6666666666666665,1.0999999999999999,1.4166666666666667,1.0833333333333333,1.5,4.492063492063492,15.35758626250797,5.972222222222221,7.5
438,36.5,36.5,1,12.5,12:30,17.88122990450794,8.94061495225397,8.94061495225397,0,0,0,1,0,1,1,1,0,6,12.5,20.0,5,1.0,20.202599653137284,20.0,5.0,1,capacity_drop,1,1,12.0,14.0,90.0,5,1.0,1.0,1.0,1,150,0.5208333333333334,4.0,1.0999999999999999,1.4166666666666667,1.0833333333333333,1.5,5.117063492063492,14.390747279130492,7.222222222222221,7.083333333333333
439,36.583333333333336,36.583333333333336,1,12.583333333333336,12:35,17.886986528804712,8.919346212609192,8.96764031619552,1,0,1,0,0,0,0,0,0,7,15.0,25.0,5,1.0,0.0,0.0,0.0,1,capacity_drop,1,1,12.0,14.0,85.0,5,1.0,1.0,1.0,1,151,0.5243055555555557,4.416666666666667,1.0999999999999999,1.3333333333333333,0.9166666666666666,1.3333333333333333,6.367063492063493,12.137727141866476,6.388888888888888,6.666666666666667
440,36.666666666666664,36.666666666666664,1,12.666666666666664,12:39,17.893205962998053,8.897971125204322,8.995234837793733,0,0,0,1,0,1,1,1,0,6,18.333333333333332,25.0,5,1.0,20.834022229759174,30.0,20.0,1,capacity_drop,1,1,12.0,14.0,80.0,5,1.0,1.0,1.0,1,152,0.5277777777777777,4.75,1.0999999999999999,1.3333333333333333,1.0,1.4166666666666667,7.478174603174604,13.873895661013073,8.888888888888888,6.25
441,36.75,36.75,1,12.75,12:45,17.900335016416467,8.876388225381456,9.02394679103501,0,0,0,2,2,0,2,1,1,4,20.0,30.0,5,1.0,36.27932613370416,30.0,25.0,1,capacity_drop,1,1,12.0,14.0,75.0,5,1.0,1.0,1.0,1,153,0.53125,5.0,1.0999999999999999,1.25,1.0,1.4166666666666667,9.14484126984127,14.814597920650215,10.555555555555555,5.833333333333333
442,36.833333333333336,36.833333333333336,1,12.833333333333336,12:50,17.909062471795444,8.85461313622465,9.054449335570794,1,1,0,0,0,0,0,0,0,5,20.0,35.0,5,1.0,0.0,0.0,0.0,1,capacity_drop,1,1,12.0,14.0,70.0,5,1.0,1.0,1.0,1,154,0.5347222222222223,5.333333333333333,1.0999999999999999,1.1666666666666667,0.8333333333333334,1.25,10.811507936507937,12.904159852448279,10.347222222222221,5.416666666666667
443,36.916666666666664,36.916666666666664,1,12.916666666666664,12:54,17.920310085157453,8.832772300794858,9.087537784362596,3,0,3,1,1,0,1,0,1,7,12.142857142857142,30.0,5,1.0,21.814598594108233,40.0,20.0,1,capacity_drop,1,1,12.0,14.0,65.0,5,1.0,1.0,1.0,1,155,0.5381944444444443,5.666666666666667,1.0999999999999999,1.0833333333333333,0.75,1.1666666666666667,11.823412698412698,12.404067203210005,13.472222222222221,5.0
444,37.0,37.0,1,13.0,13:00,17.935220110106556,8.811094743120563,9.124125366985993,0,0,0,1,0,1,1,0,1,6,14.166666666666666,35.0,5,1.0,20.81634747490223,35.0,15.0,1,capacity_drop,1,1,12.0,14.0,60.0,5,1.0,1.0,1.0,1,156,0.5416666666666666,5.916666666666667,1.0333333333333332,1.0833333333333333,0.8333333333333334,1.1666666666666667,12.587301587301587,14.138762826118523,16.38888888888889,5.0
445,37.083333333333336,37.083333333333336,1,13.083333333333336,13:05,17.955139452865332,8.78990186470857,9.165237588156762,2,1,1,1,0,1,1,0,1,7,10.714285714285714,30.0,5,1.0,38.303723510091544,40.0,30.0,1,capacity_drop,1,1,12.0,14.0,55.0,5,1.0,1.0,1.0,1,157,0.545138888888889,6.166666666666667,1.0,1.1666666666666667,0.9166666666666666,1.0833333333333333,12.85515873015873,17.33073978529282,19.72222222222222,5.0
446,37.166666666666664,37.166666666666664,1,13.166666666666664,13:09,17.981600597810417,8.769595319809286,9.212005278001131,1,0,1,0,0,0,0,0,0,8,13.75,35.0,5,1.0,0.0,0.0,0.0,1,capacity_drop,1,1,12.0,14.0,50.0,5,1.0,1.0,1.0,1,158,0.548611111111111,6.333333333333333,1.0,1.0833333333333333,0.9166666666666666,0.9166666666666666,13.306547619047619,17.33073978529282,19.72222222222222,5.0
447,37.25,37.25,1,13.25,13:15,18.01629947657129,8.750643054272226,9.265656422299063,1,1,0,0,0,0,0,0,0,9,16.666666666666668,40.0,5,1.0,0.0,0.0,0.0,1,capacity_drop,1,1,12.0,14.0,45.0,5,1.0,1.0,1.0,1,159,0.5520833333333334,6.416666666666667,1.0,0.9166666666666666,0.8333333333333334,0.8333333333333334,14.070436507936506,15.456173052159665,18.055555555555554,5.0
448,37.333333333333336,37.333333333333336,1,13.333333333333336,13:20,18.061070486838766,8.73356363948125,9.327506847357515,0,0,0,2,1,1,2,2,0,7,17.142857142857142,25.0,5,1.0,26.568023561349612,37.5,35.0,1,capacity_drop,1,1,12.0,14.0,40.0,5,1.0,1.0,1.0,1,160,0.5555555555555557,6.583333333333333,1.0,0.9166666666666666,0.75,0.75,14.915674603174603,15.401553429754353,19.375,5.0
449,37.416666666666664,37.416666666666664,1,13.416666666666664,13:24,18.11785889975643,8.71890908425559,9.398949815500842,2,1,1,2,0,2,2,1,1,7,13.571428571428571,30.0,5,1.0,34.697947472284284,30.0,32.5,1,capacity_drop,1,1,12.0,14.0,35.0,5,1.0,1.0,1.0,1,161,0.5590277777777777,6.583333333333333,1.0,0.9166666666666666,0.9166666666666666,0.9166666666666666,15.33234126984127,18.29304905244471,21.875,5.0
450,37.5,37.5,1,13.5,13:30,18.188690926982243,8.707246363114217,9.481444563868026,2,2,0,0,0,0,0,0,0,9,14.444444444444445,35.0,5,1.0,0.0,0.0,0.0,1,capacity_drop,1,1,12.0,14.0,30.0,5,1.0,1.0,1.0,1,162,0.5625,6.833333333333333,1.0,1.0833333333333333,0.8333333333333334,0.8333333333333334,15.494378306878309,16.609499081349938,20.208333333333332,5.0
451,37.583333333333336,37.583333333333336,1,13.583333333333336,13:35,18.275641750014422,8.699137957899083,9.576503792115341,0,0,0,0,0,0,0,0,0,9,19.444444444444443,40.0,5,1.0,0.0,0.0,0.0,1,capacity_drop,1,1,12.0,14.0,25.0,5,1.0,1.0,1.0,1,163,0.5659722222222223,7.0,1.0,1.0,0.8333333333333334,0.8333333333333334,15.864748677248677,16.609499081349938,20.208333333333332,5.0
452,37.666666666666664,37.666666666666664,1,13.666666666666664,13:39,18.380801844936265,8.695121769942759,9.685680074993506,2,1,1,1,0,1,1,1,0,10,17.5,35.0,5,1.0,23.34043759356439,45.0,30.0,1,capacity_drop,1,1,12.0,14.0,20.0,5,1.0,1.0,1.0,1,164,0.5694444444444443,7.333333333333333,1.0,1.1666666666666667,0.8333333333333334,0.8333333333333334,15.795304232804233,16.818367028333707,21.458333333333332,5.0
453,37.75,37.75,1,13.75,13:45,18.506241965056223,8.69569081974589,9.810551145310333,1,1,0,1,0,1,1,0,1,10,18.5,40.0,5,1.0,33.08600656546077,40.0,40.0,1,capacity_drop,1,1,12.0,14.0,15.0,5,1.0,1.0,1.0,1,165,0.5729166666666666,7.833333333333333,1.0,1.25,0.75,0.75,15.670304232804233,16.552257064313423,22.291666666666668,5.0
454,37.833333333333336,37.833333333333336,1,13.833333333333336,13:50,18.653977171652162,8.701273207980098,9.952703963672064,0,0,0,0,0,0,0,0,0,10,23.5,45.0,5,1.0,0.0,0.0,0.0,1,capacity_drop,1,1,12.0,14.0,10.0,5,1.0,1.0,1.0,1,166,0.576388888888889,8.25,1.0,1.1666666666666667,0.75,0.75,15.961970899470899,16.552257064313423,22.291666666666668,5.0
455,37.916666666666664,37.916666666666664,1,13.916666666666664,13:54,18.825930328755895,8.71221286254684,10.113717466209055,3,3,0,0,0,0,0,0,0,13,21.923076923076923,50.0,5,1.0,0.0,0.0,0.0,1,capacity_drop,1,1,12.0,14.0,5.0,5,1.0,1.0,1.0,1,167,0.579861111111111,8.75,1.0,1.1666666666666667,0.6666666666666666,0.6666666666666666,16.776989214489216,14.734373848137736,18.958333333333332,5.0
456,38.0,38.0,1,14.0,14:00,19.023895501153813,8.72875163798738,10.295143863166434,1,0,1,7,5,2,2,0,2,7,10.0,20.0,10,1.0,30.668079180031093,40.0,37.5,0,none,0,-1,-1.0,-1.0,0.0,10,1.0,1.0,1.0,0,168,0.5833333333333334,8.833333333333334,1.0,1.25,1.1666666666666667,0.75,16.429766992266995,15.555351490231809,19.375,5.416666666666667
457,38.083333333333336,38.083333333333336,1,14.083333333333336,14:05,19.249501714982948,8.751013362054195,10.498488352928753,0,0,0,2,1,1,2,0,2,5,11.0,20.0,10,1.0,27.179349477322077,25.0,37.5,0,none,0,-1,-1.0,-1.0,0.0,10,1.0,1.0,1.0,0,169,0.5868055555555557,8.666666666666666,1.0,1.0833333333333333,1.25,0.8333333333333334,16.453576516076517,14.62832032083435,18.125,5.833333333333333
458,38.166666666666664,38.166666666666664,1,14.166666666666664,14:09,19.504177556859954,8.778990435911853,10.725187120948101,0,0,0,0,0,0,0,0,0,5,16.0,25.0,10,1.0,0.0,0.0,0.0,0,none,0,-1,-1.0,-1.0,0.0,10,1.0,1.0,1.0,0,170,0.5902777777777777,8.416666666666666,1.0,1.0,1.25,0.8333333333333334,16.641076516076517,14.628320320834353,18.125,6.25
459,38.25,38.25,1,14.25,14:15,19.789117099729374,8.812533585538368,10.976583514191006,1,1,0,0,0,0,0,0,0,6,17.5,30.0,10,1.0,0.0,0.0,0.0,0,none,0,-1,-1.0,-1.0,0.0,10,1.0,1.0,1.0,0,171,0.59375,8.166666666666666,1.0,1.0,1.25,0.8333333333333334,16.710520960520963,14.628320320834353,18.125,6.666666666666667
460,38.333333333333336,38.333333333333336,1,14.333333333333336,14:20,20.10524765085704,8.851345329119534,11.253902321737508,0,0,0,2,2,0,2,0,2,4,18.75,25.0,10,1.0,41.02680935136642,30.0,37.5,0,none,0,-1,-1.0,-1.0,0.0,10,1.0,1.0,1.0,0,172,0.5972222222222223,7.916666666666667,1.0,1.0,1.25,0.8333333333333334,16.844449531949532,15.833219136669086,17.5,7.083333333333333
461,38.416666666666664,38.416666666666664,1,14.416666666666664,14:24,20.453199818904228,8.894977665895407,11.55822215300882,0,0,0,0,0,0,0,0,0,4,23.75,30.0,10,1.0,0.0,0.0,0.0,0,none,0,-1,-1.0,-1.0,0.0,10,1.0,1.0,1.0,0,173,0.6006944444444443,7.666666666666667,1.0,0.8333333333333334,1.0833333333333333,0.6666666666666666,17.692663817663817,12.94172351397873,15.0,7.5
462,38.5,38.5,1,14.5,14:30,20.833280392079033,8.942834404306268,11.890445987772763,2,2,0,3,2,1,3,1,2,3,5.0,15.0,10,1.0,26.801523872556107,33.333333333333336,43.333333333333336,0,none,0,-1,-1.0,-1.0,0.0,10,1.0,1.0,1.0,0,174,0.6041666666666666,7.166666666666667,1.0,0.8333333333333334,1.3333333333333333,0.9166666666666666,16.90562678062678,15.175183836691737,17.77777777777778,7.916666666666667
463,38.583333333333336,38.583333333333336,1,14.583333333333336,14:35,21.245448507288465,8.994178430904247,12.251270076384218,2,1,1,2,2,0,2,2,0,3,1.6666666666666667,5.0,10,1.0,26.35199927528692,12.5,37.5,0,none,0,-1,-1.0,-1.0,0.0,10,1.0,1.0,1.0,0,175,0.607638888888889,6.666666666666667,1.0,1.0,1.5,1.0833333333333333,15.4241452991453,17.37118377629898,18.819444444444446,8.333333333333334
464,38.666666666666664,38.666666666666664,1,14.666666666666664,14:39,21.68929557038578,9.048144077343084,12.641151493042695,1,1,0,2,1,1,2,2,0,2,2.5,5.0,10,1.0,28.51070451941291,7.5,30.0,0,none,0,-1,-1.0,-1.0,0.0,10,1.0,1.0,1.0,0,176,0.611111111111111,6.0,1.0,0.9166666666666666,1.5833333333333333,1.1666666666666667,14.1741452991453,17.802039353453022,15.694444444444445,8.75
465,38.75,38.75,1,14.75,14:45,22.164029359491966,9.103754573509828,13.060274785982138,1,1,0,1,1,0,1,1,0,2,2.5,5.0,10,1.0,37.4383383652008,10.0,30.0,0,none,0,-1,-1.0,-1.0,0.0,10,1.0,1.0,1.0,0,177,0.6145833333333334,5.333333333333333,1.0,0.9166666666666666,1.5833333333333333,1.1666666666666667,12.840811965811966,18.164733670098027,13.194444444444445,9.166666666666666
466,38.833333333333336,38.833333333333336,1,14.833333333333336,14:50,22.668462706575408,9.159944384996713,13.508518321578695,0,0,0,2,2,0,2,2,0,0,0.0,0.0,10,1.0,37.46361834949677,7.5,20.0,0,none,0,-1,-1.0,-1.0,0.0,10,1.0,1.0,1.0,0,178,0.6180555555555557,4.5,1.0,0.9166666666666666,1.75,1.3333333333333333,10.882478632478632,21.286701865889423,13.819444444444445,9.583333333333334
467,38.916666666666664,38.916666666666664,1,14.916666666666664,14:54,23.201007106769815,9.215586028918846,13.985421077850969,3,1,2,1,1,0,1,1,0,2,0.0,0.0,10,1.0,32.82517138428244,0.0,25.0,0,none,0,-1,-1.0,-1.0,0.0,10,1.0,1.0,1.0,0,179,0.6215277777777777,3.5833333333333335,1.0,0.9166666666666666,1.8333333333333333,1.4166666666666667,9.055555555555555,24.022132814579624,13.819444444444445,10.0
468,39.0,39.0,1,15.0,15:00,23.759671550263715,9.26952075156188,14.490150798701835,1,0,1,1,0,1,1,1,0,2,2.5,5.0,10,1.0,25.53932201836041,5.0,35.0,0,none,0,-1,-1.0,-1.0,0.0,10,1.0,1.0,1.0,0,180,0.625,3.1666666666666665,1.0,0.9166666666666666,1.3333333333333333,1.3333333333333333,8.430555555555555,23.594736384440406,10.902777777777779,10.0
469,39.083333333333336,39.083333333333336,1,15.083333333333336,15:05,24.34206680820536,9.320592243964095,15.021474564241263,0,0,0,1,0,1,1,0,1,1,5.0,5.0,10,1.0,39.62215168013756,10.0,30.0,0,none,0,-1,-1.0,-1.0,0.0,10,1.0,1.0,1.0,0,181,0.6284722222222223,2.8333333333333335,1.0,0.9166666666666666,1.25,1.25,7.9305555555555545,24.63163656800836,9.652777777777779,10.0
470,39.166666666666664,39.166666666666664,1,15.166666666666664,15:09,24.945415332384425,9.367682377874381,15.577732954510044,2,1,1,2,0,2,2,2,0,1,0.0,0.0,10,1.0,44.62872026513823,5.0,22.5,0,none,0,-1,-1.0,-1.0,0.0,10,1.0,1.0,1.0,0,182,0.6319444444444443,2.5,1.0,1.0833333333333333,1.4166666666666667,1.4166666666666667,6.597222222222221,28.35069659010321,10.069444444444445,10.0
471,39.25,39.25,1,15.25,15:15,25.566566849190355,9.409747775764568,16.156819073425787,2,0,2,2,1,1,2,1,1,1,0.0,0.0,10,1.0,29.817465143575994,2.5,12.5,0,none,0,-1,-1.0,-1.0,0.0,10,1.0,1.0,1.0,0,183,0.6354166666666666,2.0833333333333335,1.0,1.1666666666666667,1.5833333333333333,1.5833333333333333,5.138888888888888,30.83548535206788,10.277777777777779,10.0
472,39.333333333333336,39.333333333333336,1,15.333333333333336,15:20,26.202019642504617,9.44585589590243,16.756163746602187,2,0,2,0,0,0,0,0,0,3,1.6666666666666667,5.0,10,1.0,0.0,0.0,0.0,0,none,0,-1,-1.0,-1.0,0.0,10,1.0,1.0,1.0,0,184,0.638888888888889,2.0,1.0,1.3333333333333333,1.4166666666666667,1.4166666666666667,3.715277777777778,27.416584572787347,7.777777777777779,10.0
473,39.416666666666664,39.416666666666664,1,15.416666666666664,15:24,26.847947429031734,9.475219227424237,17.372728201607497,2,0,2,2,0,2,2,2,0,3,1.6666666666666667,5.0,10,1.0,34.44205630836159,7.5,10.0,0,none,0,-1,-1.0,-1.0,0.0,10,1.0,1.0,1.0,0,185,0.642361111111111,1.9166666666666667,1.0,1.5,1.5833333333333333,1.5833333333333333,1.875,30.28675593181748,8.402777777777779,10.0
474,39.5,39.5,1,15.5,15:30,27.500231634640805,9.497226159997263,18.003005474643544,2,0,2,2,0,2,2,1,1,3,1.6666666666666667,5.0,10,1.0,28.40386267174357,7.5,2.5,0,none,0,-1,-1.0,-1.0,0.0,10,1.0,1.0,1.0,0,186,0.6458333333333334,1.9166666666666667,1.0,1.5,1.5,1.5,1.5972222222222223,30.4202841650831,6.25,10.0
475,39.583333333333336,39.583333333333336,1,15.583333333333336,15:35,28.154498783354047,9.511467125030162,18.643031658323885,1,0,1,1,0,1,1,1,0,3,3.3333333333333335,5.0,10,1.0,37.6764389127618,10.0,5.0,0,none,0,-1,-1.0,-1.0,0.0,10,1.0,1.0,1.0,0,187,0.6493055555555557,1.9166666666666667,1.0,1.4166666666666667,1.4166666666666667,1.4166666666666667,1.736111111111111,31.363987468206005,6.041666666666667,10.0
476,39.666666666666664,39.666666666666664,1,15.666666666666664,15:39,28.80616261366367,9.517754704692791,19.28840790897088,1,0,1,0,0,0,0,0,0,4,6.25,10.0,10,1.0,0.0,0.0,0.0,0,none,0,-1,-1.0,-1.0,0.0,10,1.0,1.0,1.0,0,188,0.6527777777777777,2.0833333333333335,1.0,1.4166666666666667,1.25,1.25,2.048611111111111,28.988095424921596,5.416666666666667,10.0
477,39.75,39.75,1,15.75,15:45,29.450470442021608,9.516136572142347,19.93433386987926,1,1,0,2,0,2,2,1,1,3,5.0,10.0,10,1.0,31.304969585158563,15.0,7.5,0,none,0,-1,-1.0,-1.0,0.0,10,1.0,1.0,1.0,0,189,0.65625,2.1666666666666665,1.0,1.4166666666666667,1.3333333333333333,1.3333333333333333,2.256944444444444,28.476981359918074,5.833333333333333,10.0
478,39.833333333333336,39.833333333333336,1,15.833333333333336,15:50,30.082553202885293,9.506900358507847,20.575652844377444,3,2,1,1,0,1,1,0,1,5,3.0,10.0,10,1.0,21.1455722501591,15.0,0.0,0,none,0,-1,-1.0,-1.0,0.0,10,1.0,1.0,1.0,0,190,0.6597222222222223,2.5833333333333335,1.0,1.6666666666666667,1.25,1.25,2.506944444444444,27.11714418497327,6.458333333333333,10.0
479,39.916666666666664,39.916666666666664,1,15.916666666666664,15:54,30.69747851091476,9.490569832664995,21.206908678249764,1,0,1,1,0,1,1,0,1,5,5.0,10.0,10,1.0,35.877437947716196,15.0,10.0,0,none,0,-1,-1.0,-1.0,0.0,10,1.0,1.0,1.0,0,191,0.6631944444444443,2.8333333333333335,1.0,1.5,1.25,1.25,2.923611111111111,27.371499731926082,7.708333333333333,10.0
480,40.0,40.0,1,16.0,16:00,31.290306016074027,9.467892118126867,21.822413897947158,0,0,0,5,3,2,5,0,5,0,0.0,0.0,10,1.0,31.73018973144745,10.0,6.0,0,none,0,-1,-1.0,-1.0,0.0,10,1.0,1.0,1.0,0,192,0.6666666666666666,2.6666666666666665,1.0,1.4166666666666667,1.5833333333333333,1.5833333333333333,2.715277777777778,27.88740537468334,8.125,10.0
481,40.083333333333336,40.083333333333336,1,16.083333333333336,16:05,31.856144258679898,9.43981604348049,22.416328215199407,0,0,0,0,0,0,0,0,0,0,0.0,0.0,10,1.0,0.0,0.0,0.0,0,none,0,-1,-1.0,-1.0,0.0,10,1.0,1.0,1.0,0,193,0.670138888888889,2.5833333333333335,1.0,1.4166666666666667,1.5,1.5,2.298611111111111,24.585559401338543,7.291666666666667,10.0
482,40.166666666666664,40.166666666666664,1,16.166666666666664,16:09,32.390208180879874,9.40746211180715,22.98274606907272,0,0,0,0,0,0,1,0,1,0,0.0,0.0,9,0.9,0.0,0.0,15.0,0,none,0,-1,-1.0,-1.0,0.0,10,1.0,1.0,1.0,0,194,0.673611111111111,2.5,0.9916666666666667,1.25,1.3333333333333333,1.4166666666666667,2.298611111111111,20.866499379243688,6.875,10.0
483,40.25,40.25,1,16.25,16:15,32.88787641539791,9.372084961443933,23.515791453953977,3,2,1,3,2,1,2,0,2,0,0.0,0.0,10,1.0,31.42611255445134,0.0,12.5,0,none,0,-1,-1.0,-1.0,0.0,10,1.0,1.0,1.0,0,195,0.6770833333333334,2.4166666666666665,0.9916666666666667,1.3333333333333333,1.4166666666666667,1.4166666666666667,2.298611111111111,21.00055333014997,6.666666666666667,10.0
484,40.333333333333336,40.333333333333336,1,16.333333333333336,16:20,33.34474745313816,9.335029555223215,24.009717897914946,2,1,1,0,0,0,0,0,0,2,0.0,0.0,10,1.0,0.0,0.0,0.0,0,none,0,-1,-1.0,-1.0,0.0,10,1.0,1.0,1.0,0,196,0.6805555555555557,2.3333333333333335,0.9916666666666667,1.3333333333333333,1.4166666666666667,1.4166666666666667,2.1597222222222223,21.00055333014997,6.666666666666667,10.0
485,40.416666666666664,40.416666666666664,1,16.416666666666664,16:24,33.75669378948209,9.297682658011649,24.459011131470444,1,0,1,1,0,1,1,0,1,2,2.5,5.0,10,1.0,42.00958805137405,5.0,5.0,0,none,0,-1,-1.0,-1.0,0.0,10,1.0,1.0,1.0,0,197,0.6840277777777777,2.25,0.9916666666666667,1.25,1.3333333333333333,1.3333333333333333,2.2291666666666665,21.63118097540101,6.458333333333333,10.0
486,40.5,40.5,1,16.5,16:30,34.11991316553358,9.26142142433202,24.85849174120156,5,1,4,3,2,1,3,2,1,4,0.0,0.0,10,1.0,25.826804595061787,5.0,11.666666666666666,0,none,0,-1,-1.0,-1.0,0.0,10,1.0,1.0,1.0,0,198,0.6875,2.3333333333333335,0.9916666666666667,1.5,1.4166666666666667,1.4166666666666667,2.0902777777777777,21.416426135677522,6.25,10.0
487,40.583333333333336,40.583333333333336,1,16.583333333333336,16:35,34.43097605539088,9.22756110299512,25.20341495239576,1,0,1,1,0,1,1,0,1,4,3.75,5.0,10,1.0,45.81382118083839,5.0,15.0,0,none,0,-1,-1.0,-1.0,0.0,10,1.0,1.0,1.0,0,199,0.6909722222222223,2.4166666666666665,0.9916666666666667,1.5,1.4166666666666667,1.4166666666666667,2.125,22.094541324683906,5.833333333333333,10.0
488,40.666666666666664,40.666666666666664,1,16.666666666666664,16:39,34.68686860349537,9.197303961535981,25.489564641959387,1,0,1,1,0,1,1,0,1,4,6.25,10.0,10,1.0,35.75614866973686,10.0,10.0,0,none,0,-1,-1.0,-1.0,0.0,10,1.0,1.0,1.0,0,200,0.6944444444444443,2.4166666666666665,0.9916666666666667,1.5,1.5,1.5,2.125,25.07422038049531,6.666666666666667,10.0
489,40.75,40.75,1,16.75,16:45,34.88503028647547,9.171691531932606,25.713338754542864,3,0,3,3,0,3,3,2,1,4,1.25,5.0,10,1.0,29.877562073782695,13.333333333333334,5.0,0,none,0,-1,-1.0,-1.0,0.0,10,1.0,1.0,1.0,0,201,0.6979166666666666,2.5,0.9916666666666667,1.6666666666666667,1.5833333333333333,1.5833333333333333,1.8125,24.95526975454732,6.527777777777778,10.0
490,40.833333333333336,40.833333333333336,1,16.833333333333336,16:50,35.02338566044037,9.151562177882349,25.87182348255802,3,1,2,1,0,1,1,1,0,6,2.5,5.0,10,1.0,40.562486417713494,10.0,0.0,0,none,0,-1,-1.0,-1.0,0.0,10,1.0,1.0,1.0,0,202,0.701388888888889,2.5833333333333335,0.9916666666666667,1.6666666666666667,1.5833333333333333,1.5833333333333333,1.7708333333333333,26.573345935176857,6.111111111111111,10.0
491,40.916666666666664,40.916666666666664,1,16.916666666666664,16:54,35.10036965568598,9.13751578565321,25.96285387003277,2,2,0,2,0,2,2,2,0,6,4.166666666666667,10.0,10,1.0,26.624715281111968,10.0,5.0,0,none,0,-1,-1.0,-1.0,0.0,10,1.0,1.0,1.0,0,203,0.704861111111111,2.6666666666666665,0.9916666666666667,1.75,1.6666666666666667,1.6666666666666667,1.701388888888889,25.802285712959833,5.694444444444444,10.0
492,41.0,41.0,1,17.0,17:00,35.11494599413609,9.129887093561539,25.985058900574554,4,0,4,0,0,0,0,0,0,10,5.5,15.0,10,1.0,0.0,0.0,0.0,0,none,0,-1,-1.0,-1.0,0.0,10,1.0,1.0,1.0,0,204,0.7083333333333334,3.5,0.9916666666666667,2.0833333333333335,1.25,1.25,2.1597222222222223,23.158103235339215,4.861111111111112,10.0
493,41.083333333333336,41.083333333333336,1,17.083333333333336,17:05,35.06661842807186,9.128728812929902,25.93788961514196,1,1,0,0,0,0,0,0,0,11,9.545454545454545,20.0,10,1.0,0.0,0.0,0.0,0,none,0,-1,-1.0,-1.0,0.0,10,1.0,1.0,1.0,0,205,0.7118055555555557,4.416666666666667,0.9916666666666667,2.1666666666666665,1.25,1.25,2.9551767676767677,23.158103235339215,4.861111111111112,10.0
494,41.166666666666664,41.166666666666664,1,17.166666666666664,17:09,34.95543462901268,9.13380527382459,25.821629355188087,1,0,1,3,1,2,3,0,3,9,10.555555555555555,20.0,10,1.0,27.081123148020982,21.666666666666668,8.333333333333334,0,none,0,-1,-1.0,-1.0,0.0,10,1.0,1.0,1.0,0,206,0.7152777777777777,5.166666666666667,1.0,2.25,1.5,1.4166666666666667,3.8348063973063975,25.4148634976743,6.666666666666667,10.0
495,41.25,41.25,1,17.25,17:15,34.78198268999153,9.144596873207066,25.637385816784462,1,1,0,1,0,1,1,0,1,9,12.777777777777779,20.0,10,1.0,39.5276222164683,25.0,10.0,0,none,0,-1,-1.0,-1.0,0.0,10,1.0,1.0,1.0,0,207,0.71875,5.916666666666667,1.0,2.0833333333333335,1.3333333333333333,1.3333333333333333,4.899621212121212,26.089989302842373,8.75,10.0
496,41.333333333333336,41.333333333333336,1,17.333333333333336,17:20,34.54738033977343,9.16031513471171,25.38706520506172,1,0,1,1,1,0,1,0,1,9,15.0,25.0,10,1.0,18.250428713595287,25.0,10.0,0,none,0,-1,-1.0,-1.0,0.0,10,1.0,1.0,1.0,0,208,0.7222222222222223,6.5,1.0,2.0,1.4166666666666667,1.4166666666666667,6.149621212121212,27.61085836230865,10.833333333333334,10.0
497,41.416666666666664,41.416666666666664,1,17.416666666666664,17:24,34.2532571006037,9.179927732138495,25.073329368465203,0,0,0,3,1,2,3,0,3,6,16.666666666666668,25.0,10,1.0,33.220004363372574,26.666666666666668,8.333333333333334,0,none,0,-1,-1.0,-1.0,0.0,10,1.0,1.0,1.0,0,209,0.7256944444444443,6.833333333333333,1.0,1.9166666666666667,1.5833333333333333,1.5833333333333333,7.330176767676768,26.878393054975195,12.638888888888888,10.0
498,41.5,41.5,1,17.5,17:30,33.90172974870734,9.202192406228747,24.699537342478592,2,0,2,1,0,1,1,0,1,7,14.285714285714286,30.0,10,1.0,40.8743834617967,30.0,15.0,0,none,0,-1,-1.0,-1.0,0.0,10,1.0,1.0,1.0,0,210,0.7291666666666666,7.083333333333333,1.0,1.6666666666666667,1.4166666666666667,1.4166666666666667,8.520652958152958,28.13235796053644,14.722222222222221,10.0
499,41.583333333333336,41.583333333333336,1,17.583333333333336,17:35,33.49537155599346,9.225698337528634,24.269673218464824,1,0,1,2,1,1,2,0,2,6,11.666666666666666,25.0,10,1.0,28.05158221337451,32.5,17.5,0,none,0,-1,-1.0,-1.0,0.0,10,1.0,1.0,1.0,0,211,0.732638888888889,7.25,1.0,1.6666666666666667,1.5,1.5,9.180375180375181,26.652171379914446,17.01388888888889,10.0
500,41.666666666666664,41.666666666666664,1,17.666666666666664,17:39,33.03717589948521,9.248913244897908,23.788262654587303,5,1,4,2,1,1,2,2,0,9,5.0,20.0,10,1.0,23.29822810933036,27.5,22.5,0,none,0,-1,-1.0,-1.0,0.0,10,1.0,1.0,1.0,0,212,0.736111111111111,7.666666666666667,1.0,2.0,1.5833333333333333,1.5833333333333333,9.076208513708513,25.61401133321391,18.472222222222225,10.0
501,41.75,41.75,1,17.75,17:45,32.53051491944552,9.27023427284599,23.260280646599533,1,0,1,1,0,1,1,0,1,9,7.222222222222222,15.0,10,1.0,29.191373724995945,25.0,20.0,0,none,0,-1,-1.0,-1.0,0.0,10,1.0,1.0,1.0,0,213,0.7395833333333334,8.083333333333334,1.0,1.8333333333333333,1.4166666666666667,1.4166666666666667,9.5738936988937,25.55682897081501,19.444444444444443,10.0
502,41.833333333333336,41.833333333333336,1,17.833333333333336,17:50,31.979093985931605,9.288040619622178,22.691053366309426,4,2,2,0,0,0,0,0,0,13,8.461538461538462,20.0,10,1.0,0.0,0.0,0.0,0,none,0,-1,-1.0,-1.0,0.0,10,1.0,1.0,1.0,0,214,0.7430555555555557,8.666666666666666,1.0,1.9166666666666667,1.3333333333333333,1.3333333333333333,10.07068857068857,22.176621769338883,18.61111111111111,10.0
503,41.916666666666664,41.916666666666664,1,17.916666666666664,17:54,31.386902794955205,9.300745844635307,22.086156950319896,7,1,6,1,0,1,1,0,1,19,7.894736842105263,25.0,10,1.0,29.81055179173522,25.0,25.0,0,none,0,-1,-1.0,-1.0,0.0,10,1.0,1.0,1.0,0,215,0.7465277777777777,9.75,1.0,2.3333333333333335,1.25,1.25,10.381361085308454,22.442108145224157,19.86111111111111,10.0
504,42.0,42.0,1,18.0,18:00,30.758163958405603,9.306847875653567,21.451316082752037,2,1,1,3,0,3,3,2,1,18,9.444444444444445,20.0,10,1.0,32.67184490576751,25.0,28.333333333333332,0,none,0,-1,-1.0,-1.0,0.0,10,1.0,1.0,1.0,0,216,0.75,10.416666666666666,1.0,2.1666666666666665,1.5,1.5,10.710064789012158,25.16476188737145,21.944444444444443,10.0
505,42.083333333333336,42.083333333333336,1,18.083333333333336,18:05,30.097279975765876,9.304974905556122,20.792305070209753,1,0,1,3,1,2,3,1,2,16,11.5625,25.0,10,1.0,24.231685098344155,25.0,26.666666666666668,0,none,0,-1,-1.0,-1.0,0.0,10,1.0,1.0,1.0,0,217,0.7534722222222223,10.833333333333334,1.0,2.1666666666666665,1.75,1.75,10.878151910224277,27.18406897890013,24.027777777777775,10.0
506,42.166666666666664,42.166666666666664,1,18.166666666666664,18:09,29.40877948029537,9.293925612955576,20.114853867339793,1,0,1,1,0,1,1,0,1,16,14.6875,25.0,10,1.0,37.36860478153244,30.0,35.0,0,none,0,-1,-1.0,-1.0,0.0,10,1.0,1.0,1.0,0,218,0.7569444444444443,11.416666666666666,1.0,2.1666666666666665,1.5833333333333333,1.5833333333333333,11.222480613927983,28.041359115026083,24.722222222222218,10.0
507,42.25,42.25,1,18.25,18:15,28.697263638153192,9.272702445050424,19.424561193102768,1,1,0,2,0,2,2,0,2,15,17.333333333333332,25.0,10,1.0,26.859711485325406,27.5,27.5,0,none,0,-1,-1.0,-1.0,0.0,10,1.0,1.0,1.0,0,219,0.7604166666666666,11.916666666666666,1.0,2.1666666666666665,1.6666666666666667,1.6666666666666667,11.602110243557611,26.985699887430844,24.930555555555554,10.0
508,42.333333333333336,42.333333333333336,1,18.333333333333336,18:20,27.96735354676904,9.240537046453095,18.726816500315945,1,0,1,0,0,0,0,0,0,16,20.9375,30.0,10,1.0,0.0,0.0,0.0,0,none,0,-1,-1.0,-1.0,0.0,10,1.0,1.0,1.0,0,220,0.763888888888889,12.5,1.0,2.1666666666666665,1.5833333333333333,1.5833333333333333,12.096901910224277,25.464830827964565,22.847222222222218,10.0
509,42.416666666666664,42.416666666666664,1,18.416666666666664,18:24,27.223639429946502,9.196907285107601,18.0267321448389,4,1,3,4,2,2,4,1,3,16,17.5,30.0,10,1.0,32.429128551995056,33.75,26.25,0,none,0,-1,-1.0,-1.0,0.0,10,1.0,1.0,1.0,0,221,0.767361111111111,13.333333333333334,1.0,2.5,1.6666666666666667,1.6666666666666667,12.166346354668724,25.398924510349776,23.4375,10.0
510,42.5,42.5,1,18.5,18:30,26.47063236343379,9.14154569638572,17.32908666704807,2,0,2,1,0,1,1,0,1,17,19.11764705882353,35.0,10,1.0,22.038154609766544,35.0,25.0,0,none,0,-1,-1.0,-1.0,0.0,10,1.0,1.0,1.0,0,222,0.7708333333333334,14.166666666666666,1.0,2.5,1.6666666666666667,1.6666666666666667,12.569007419094492,23.829238772680597,23.854166666666668,10.0
511,42.583333333333336,42.583333333333336,1,18.583333333333336,18:35,25.712719188060767,9.074439520771781,16.638279667288987,0,0,0,1,0,1,1,0,1,16,23.125,40.0,10,1.0,24.38153020154584,40.0,25.0,0,none,0,-1,-1.0,-1.0,0.0,10,1.0,1.0,1.0,0,223,0.7743055555555557,15.0,1.0,2.4166666666666665,1.5833333333333333,1.5833333333333333,13.523868530205604,23.52340110502821,24.479166666666668,10.0
512,42.666666666666664,42.666666666666664,1,18.666666666666664,18:39,24.95412118033064,8.995822833054309,15.958298347276333,1,0,1,1,0,1,1,0,1,16,25.3125,45.0,10,1.0,18.40860938629615,45.0,20.0,0,none,0,-1,-1.0,-1.0,0.0,10,1.0,1.0,1.0,0,224,0.7777777777777777,15.583333333333334,1.0,2.0833333333333335,1.5,1.5,15.216576863538938,23.11593287810869,25.9375,10.0
513,42.75,42.75,1,18.75,18:45,24.198856955072106,8.90616153835985,15.292695416712256,0,0,0,1,1,0,1,0,1,15,29.0,50.0,10,1.0,32.56569893501798,50.0,25.0,0,none,0,-1,-1.0,-1.0,0.0,10,1.0,1.0,1.0,0,225,0.78125,16.083333333333332,1.0,2.0,1.5,1.5,17.031391678353753,23.397126645610527,28.020833333333332,10.0
514,42.833333333333336,42.833333333333336,1,18.833333333333336,18:50,23.450709973998705,8.806132232833583,14.64457774116512,2,0,2,2,0,2,2,0,2,15,26.666666666666668,50.0,10,1.0,32.98429874774452,55.0,32.5,0,none,0,-1,-1.0,-1.0,0.0,10,1.0,1.0,1.0,0,226,0.7847222222222223,16.25,1.0,1.8333333333333333,1.6666666666666667,1.6666666666666667,18.54848569544777,26.14581820792257,32.604166666666664,10.0
515,42.916666666666664,42.916666666666664,1,18.916666666666664,18:54,22.71320093041412,8.69659608814216,14.016604842271962,2,2,0,3,1,2,3,1,2,14,22.5,45.0,10,1.0,24.048496923389546,53.333333333333336,33.333333333333336,0,none,0,-1,-1.0,-1.0,0.0,10,1.0,1.0,1.0,0,227,0.7881944444444443,15.833333333333334,1.0,1.4166666666666667,1.8333333333333333,1.8333333333333333,19.765590958605667,25.665646968893764,34.96527777777778,10.0
516,43.0,43.0,1,19.0,19:00,21.989565176425764,8.57856901683194,13.410996159593822,0,0,0,3,1,2,3,0,3,11,22.727272727272727,35.0,10,1.0,24.85738676173383,45.0,38.333333333333336,0,none,0,-1,-1.0,-1.0,0.0,10,1.0,1.0,1.0,0,228,0.7916666666666666,15.25,1.0,1.25,1.8333333333333333,1.8333333333333333,20.87249331550802,25.014442123557625,36.63194444444445,10.0
517,43.083333333333336,43.083333333333336,1,19.083333333333336,19:05,21.28273525733151,8.453189411037265,12.829545846294245,0,0,0,0,0,0,0,0,0,11,27.727272727272727,40.0,10,1.0,0.0,0.0,0.0,0,none,0,-1,-1.0,-1.0,0.0,10,1.0,1.0,1.0,0,229,0.795138888888889,14.833333333333334,1.0,1.1666666666666667,1.5833333333333333,1.5833333333333333,22.219557709447415,22.995135032028944,34.548611111111114,10.0
518,43.166666666666664,43.166666666666664,1,19.166666666666664,19:09,20.595328520590208,8.321684724343905,12.273643796246303,0,0,0,0,0,0,0,0,0,11,32.72727272727273,45.0,10,1.0,0.0,0.0,0.0,0,none,0,-1,-1.0,-1.0,0.0,10,1.0,1.0,1.0,0,230,0.798611111111111,14.416666666666666,1.0,1.0833333333333333,1.5,1.5,23.72287210338681,19.881084633567905,32.048611111111114,10.0
519,43.25,43.25,1,19.25,19:15,19.9296396760039,8.185338092596583,11.744301583407319,2,1,1,2,0,2,2,1,1,11,28.636363636363637,50.0,10,1.0,22.965962301683113,50.0,42.5,0,none,0,-1,-1.0,-1.0,0.0,10,1.0,1.0,1.0,0,231,0.8020833333333334,14.083333333333334,1.0,1.1666666666666667,1.5,1.5,24.664791295306003,19.556605534931048,33.923611111111114,10.0
520,43.333333333333336,43.333333333333336,1,19.333333333333336,19:20,19.287638101157803,8.04545607283965,11.242182028318155,0,0,0,2,1,1,2,1,1,9,28.88888888888889,50.0,10,1.0,33.75261727749991,55.0,45.0,0,none,0,-1,-1.0,-1.0,0.0,10,1.0,1.0,1.0,0,232,0.8055555555555557,13.5,1.0,1.0833333333333333,1.6666666666666667,1.6666666666666667,25.32740703604674,22.36932364138937,38.50694444444445,10.0
521,43.416666666666664,43.416666666666664,1,19.416666666666664,19:24,18.670969613200672,7.903338430365608,10.767631182835064,0,0,0,4,0,4,4,1,3,5,23.0,35.0,10,1.0,30.468654967023653,47.5,55.0,0,none,0,-1,-1.0,-1.0,0.0,10,1.0,1.0,1.0,0,233,0.8090277777777777,12.583333333333334,1.0,0.75,1.6666666666666667,1.6666666666666667,25.785740369380076,22.205950842641755,39.65277777777778,10.0
522,43.5,43.5,1,19.5,19:30,18.080962365783023,7.760250732515361,10.320711633267662,1,0,1,2,1,1,2,1,1,4,16.25,35.0,10,1.0,44.21962145398459,37.5,47.5,0,none,0,-1,-1.0,-1.0,0.0,10,1.0,1.0,1.0,0,234,0.8125,11.5,1.0,0.6666666666666666,1.75,1.75,25.54676978114478,24.05440641299326,39.861111111111114,10.0
523,43.583333333333336,43.583333333333336,1,19.583333333333336,19:35,17.51863647912623,7.617400324809055,9.901236154317173,2,0,2,1,1,0,1,0,1,5,9.0,20.0,10,1.0,21.180934915905205,40.0,50.0,0,none,0,-1,-1.0,-1.0,0.0,10,1.0,1.0,1.0,0,235,0.8159722222222223,10.583333333333334,1.0,0.8333333333333334,1.75,1.75,24.369686447811446,23.787690139189873,39.861111111111114,10.0
524,43.666666666666664,43.666666666666664,1,19.666666666666664,19:39,16.984716972152892,7.475916079896802,9.50880089225609,0,0,0,1,0,1,1,0,1,4,11.25,25.0,10,1.0,30.03059175875929,25.0,45.0,0,none,0,-1,-1.0,-1.0,0.0,10,1.0,1.0,1.0,0,236,0.8194444444444443,9.583333333333334,1.0,0.75,1.75,1.75,23.197811447811446,24.75618867022847,38.19444444444445,10.0
525,43.75,43.75,1,19.75,19:45,16.479649538420226,7.336832131294739,9.142817407125486,0,0,0,1,1,0,1,0,1,3,11.666666666666666,15.0,10,1.0,27.27760747968201,30.0,50.0,0,none,0,-1,-1.0,-1.0,0.0,10,1.0,1.0,1.0,0,237,0.8229166666666666,8.583333333333334,1.0,0.75,1.75,1.75,21.753367003367003,24.315514382283805,36.52777777777778,10.0
526,43.833333333333336,43.833333333333336,1,19.833333333333336,19:50,16.003618691996333,7.201075639059791,8.802543052936542,0,0,0,0,0,0,0,0,0,3,16.666666666666668,20.0,10,1.0,0.0,0.0,0.0,0,none,0,-1,-1.0,-1.0,0.0,10,1.0,1.0,1.0,0,238,0.826388888888889,7.583333333333333,1.0,0.5833333333333334,1.5833333333333333,1.5833333333333333,20.92003367003367,21.56682281997176,31.944444444444446,10.0
527,43.916666666666664,43.916666666666664,1,19.916666666666664,19:54,15.556567804863064,7.069458488968011,8.487109315895054,0,0,0,2,0,2,2,1,1,1,20.0,20.0,10,1.0,31.574795568982573,22.5,55.0,0,none,0,-1,-1.0,-1.0,0.0,10,1.0,1.0,1.0,0,239,0.829861111111111,6.5,1.0,0.4166666666666667,1.5,1.5,20.711700336700336,22.194014373771182,29.375,10.0
528,44.0,44.0,1,20.0,20:00,15.138220563138113,6.942672704205335,8.195547858932777,0,0,0,1,0,1,2,1,1,0,0.0,0.0,9,0.9,30.189272226998018,25.0,37.5,0,none,0,-1,-1.0,-1.0,0.0,10,1.0,1.0,1.0,0,240,0.8333333333333334,5.583333333333333,0.9916666666666667,0.4166666666666667,1.3333333333333333,1.4166666666666667,18.81776094276094,22.638338162543196,27.708333333333332,10.0
529,44.083333333333336,44.083333333333336,1,20.083333333333336,20:05,14.748103384393705,6.821289251198996,7.926814133194708,0,0,0,0,0,0,2,0,2,0,0.0,0.0,7,0.7,0.0,0.0,55.0,0,none,0,-1,-1.0,-1.0,0.0,10,1.0,1.0,1.0,0,241,0.8368055555555557,4.666666666666667,0.9666666666666667,0.4166666666666667,1.3333333333333333,1.5833333333333333,16.507154882154882,22.638338162543196,27.708333333333332,10.0
530,44.166666666666664,44.166666666666664,1,20.166666666666664,20:09,14.385568361469645,6.705759849625697,7.679808511843948,0,0,0,0,0,0,1,1,0,0,0.0,0.0,6,0.6,0.0,0.0,35.0,0,none,0,-1,-1.0,-1.0,0.0,10,1.0,1.0,1.0,0,242,0.8402777777777777,3.75,0.9333333333333332,0.4166666666666667,1.3333333333333333,1.6666666666666667,13.779882154882154,22.638338162543196,27.708333333333332,10.0
531,44.25,44.25,1,20.25,20:15,14.04981632818525,6.596421350111682,7.453394978073567,2,1,1,2,1,1,2,1,1,0,0.0,0.0,6,0.6,32.36020759380601,0.0,27.5,0,none,0,-1,-1.0,-1.0,0.0,10,1.0,1.0,1.0,0,243,0.84375,2.8333333333333335,0.9,0.4166666666666667,1.3333333333333333,1.6666666666666667,11.393518518518519,23.42119193688677,23.541666666666668,10.0
532,44.333333333333336,44.333333333333336,1,20.333333333333336,20:20,13.739919677927565,6.493502219886451,7.2464174580411145,0,0,0,0,0,0,1,0,1,0,0.0,0.0,5,0.5,0.0,0.0,40.0,0,none,0,-1,-1.0,-1.0,0.0,10,1.0,1.0,1.0,0,244,0.8472222222222223,2.0833333333333335,0.8583333333333334,0.4166666666666667,1.1666666666666667,1.5833333333333333,8.98611111111111,20.608473830428448,18.958333333333332,10.0
533,44.416666666666664,44.416666666666664,1,20.416666666666664,20:24,13.454844605892891,6.397130674047501,7.057713931845389,0,0,0,0,0,0,1,0,1,0,0.0,0.0,4,0.4,0.0,0.0,25.0,0,none,0,-1,-1.0,-1.0,0.0,10,1.0,1.0,1.0,0,245,0.8506944444444443,1.6666666666666667,0.8083333333333332,0.4166666666666667,0.8333333333333334,1.3333333333333333,7.0694444444444455,18.06941924984314,15.0,10.0
534,44.5,44.5,1,20.5,20:30,13.193472488465396,6.3073440049750635,6.8861284834903325,0,0,0,0,0,0,1,0,1,0,0.0,0.0,3,0.3,0.0,0.0,20.0,0,none,0,-1,-1.0,-1.0,0.0,10,1.0,1.0,1.0,0,246,0.8541666666666666,1.3333333333333333,0.75,0.3333333333333333,0.6666666666666666,1.25,5.715277777777779,14.384450795344426,11.875,10.0
535,44.583333333333336,44.583333333333336,1,20.583333333333336,20:35,12.954620157558587,6.2240986913491545,6.730521466209432,0,0,0,0,0,0,1,0,1,0,0.0,0.0,2,0.2,0.0,0.0,25.0,0,none,0,-1,-1.0,-1.0,0.0,10,1.0,1.0,1.0,0,247,0.857638888888889,0.9166666666666666,0.6833333333333332,0.16666666666666666,0.5833333333333334,1.25,4.965277777777778,12.619372885685658,8.541666666666666,10.0
536,44.666666666666664,44.666666666666664,1,20.666666666666664,20:39,12.73705887253806,6.147280907651473,6.589777964886588,0,0,0,0,0,0,0,0,0,0,0.0,0.0,2,0.2,0.0,0.0,0.0,0,none,0,-1,-1.0,-1.0,0.0,10,1.0,1.0,1.0,0,248,0.861111111111111,0.5833333333333334,0.6166666666666666,0.16666666666666666,0.5,1.1666666666666667,4.027777777777778,10.116823572455717,6.458333333333333,10.0
537,44.75,44.75,1,20.75,20:45,12.539531836511904,6.076717101595184,6.462814734916719,1,1,0,1,1,0,0,0,0,0,0.0,0.0,3,0.3,32.39078719522125,0.0,0.0,0,none,0,-1,-1.0,-1.0,0.0,10,1.0,1.0,1.0,0,249,0.8645833333333334,0.3333333333333333,0.5583333333333333,0.25,0.5,1.0833333333333333,3.055555555555556,10.542921882083988,3.9583333333333335,10.0
538,44.833333333333336,44.833333333333336,1,20.833333333333336,20:50,12.360770146367816,6.012184357506109,6.348585788861707,2,1,1,2,1,1,2,1,1,0,0.0,0.0,3,0.3,30.629527212259966,0.0,0.0,0,none,0,-1,-1.0,-1.0,0.0,10,1.0,1.0,1.0,0,250,0.8680555555555557,0.08333333333333333,0.5,0.4166666666666667,0.6666666666666666,1.25,1.6666666666666667,13.095382483105652,3.9583333333333335,10.0
539,44.916666666666664,44.916666666666664,1,20.916666666666664,20:54,12.19950710614545,5.953420315551108,6.246086790594342,1,0,1,1,0,1,0,0,0,0,0.0,0.0,4,0.4,34.30236186343718,0.0,0.0,0,none,0,-1,-1.0,-1.0,0.0,10,1.0,1.0,1.0,0,251,0.8715277777777777,0.0,0.44999999999999996,0.5,0.5833333333333334,1.0833333333333333,0.0,13.322679674310201,2.0833333333333335,10.0
540,45.0,45.0,1,21.0,21:00,12.054490870500668,5.90013246759247,6.1543584029081995,1,1,0,1,1,0,0,0,0,0,0.0,0.0,5,0.5,35.257065440104576,0.0,0.0,0,none,0,-1,-1.0,-1.0,0.0,10,1.0,1.0,1.0,0,252,0.875,0.0,0.4166666666666667,0.5833333333333334,0.5833333333333334,0.9166666666666666,0.0,13.744995775402415,0.0,10.0
541,45.083333333333336,45.083333333333336,1,21.083333333333336,21:05,11.924495418634834,5.8520066985316905,6.072488720103144,0,0,0,0,0,0,0,0,0,0,0.0,0.0,5,0.5,0.0,0.0,0.0,0,none,0,-1,-1.0,-1.0,0.0,10,1.0,1.0,1.0,0,253,0.8784722222222223,0.0,0.4000000000000001,0.5833333333333334,0.5833333333333334,0.75,0.0,13.744995775402415,0.0,10.0
542,45.166666666666664,45.166666666666664,1,21.166666666666664,21:09,11.80832988876633,5.808714985953212,5.999614902813118,0,0,0,0,0,0,0,0,0,0,0.0,0.0,5,0.5,0.0,0.0,0.0,0,none,0,-1,-1.0,-1.0,0.0,10,1.0,1.0,1.0,0,254,0.8819444444444443,0.0,0.3916666666666666,0.5833333333333334,0.5833333333333334,0.6666666666666666,0.0,13.744995775402415,0.0,10.0
543,45.25,45.25,1,21.25,21:15,11.704846328794464,5.769922209790192,5.934924119004272,1,1,0,1,1,0,0,0,0,0,0.0,0.0,6,0.6,22.208917646310773,0.0,0.0,0,none,0,-1,-1.0,-1.0,0.0,10,1.0,1.0,1.0,0,255,0.8854166666666666,0.0,0.39166666666666666,0.5,0.5,0.5,0.0,12.899054946444478,0.0,10.0
544,45.333333333333336,45.333333333333336,1,21.333333333333336,21:20,11.612945940157196,5.735292057105526,5.87765388305167,0,0,0,0,0,0,2,1,1,0,0.0,0.0,4,0.4,0.0,0.0,0.0,0,none,0,-1,-1.0,-1.0,0.0,10,1.0,1.0,1.0,0,256,0.888888888888889,0.0,0.3833333333333333,0.5,0.5,0.5833333333333334,0.0,12.89905494644448,0.0,10.0
545,45.416666666666664,45.416666666666664,1,21.416666666666664,21:24,11.53158390904278,5.7044920347447965,5.827091874297984,0,0,0,0,0,0,0,0,0,0,0.0,0.0,4,0.4,0.0,0.0,0.0,0,none,0,-1,-1.0,-1.0,0.0,10,1.0,1.0,1.0,0,257,0.892361111111111,0.0,0.3833333333333333,0.5,0.5,0.5,0.0,12.89905494644448,0.0,10.0
546,45.5,45.5,1,21.5,21:30,11.459772932212921,5.677197624680009,5.782575307532912,0,0,0,0,0,0,2,1,1,0,0.0,0.0,2,0.2,0.0,0.0,0.0,0,none,0,-1,-1.0,-1.0,0.0,10,1.0,1.0,1.0,0,258,0.8958333333333334,0.0,0.375,0.5,0.5,0.5833333333333334,0.0,12.89905494644448,0.0,10.0
547,45.583333333333336,45.583333333333336,1,21.583333333333336,21:35,11.396585553947567,5.6530956336399365,5.74348992030763,0,0,0,0,0,0,0,0,0,0,0.0,0.0,2,0.2,0.0,0.0,0.0,0,none,0,-1,-1.0,-1.0,0.0,10,1.0,1.0,1.0,0,259,0.8993055555555557,0.0,0.375,0.5,0.5,0.5,0.0,12.89905494644448,0.0,10.0
548,45.666666666666664,45.666666666666664,1,21.666666666666664,21:39,11.34115543631557,5.631886800580896,5.709268635734675,0,0,0,0,0,0,2,2,0,0,0.0,0.0,0,0.0,0.0,0.0,0.0,0,none,0,-1,-1.0,-1.0,0.0,10,1.0,1.0,1.0,0,260,0.9027777777777777,0.0,0.35833333333333334,0.5,0.5,0.6666666666666666,0.0,12.89905494644448,0.0,10.0
549,45.75,45.75,1,21.75,21:45,11.292677687450254,5.613287733252455,5.6793899541977995,1,1,0,1,1,0,0,0,0,0,0.0,0.0,1,0.1,20.51643346001213,0.0,0.0,0,none,0,-1,-1.0,-1.0,0.0,10,1.0,1.0,1.0,0,261,0.90625,0.0,0.3416666666666666,0.5,0.5,0.6666666666666666,0.0,11.909525468510386,0.0,10.0
550,45.833333333333336,45.833333333333336,1,21.833333333333336,21:50,11.250408372138352,5.597032249165731,5.65337612297262,0,0,0,0,0,0,0,0,0,0,0.0,0.0,1,0.1,0.0,0.0,0.0,0,none,0,-1,-1.0,-1.0,0.0,10,1.0,1.0,1.0,0,262,0.9097222222222223,0.0,0.325,0.3333333333333333,0.3333333333333333,0.5,0.0,9.357064867488722,0.0,10.0
551,45.916666666666664,45.916666666666664,1,21.916666666666664,21:54,11.213663326211062,5.582872197297954,5.630791128913109,0,0,0,0,0,0,0,0,0,0,0.0,0.0,1,0.1,0.0,0.0,0.0,0,none,0,-1,-1.0,-1.0,0.0,10,1.0,1.0,1.0,0,263,0.9131944444444443,0.0,0.3,0.25,0.25,0.5,0.0,6.49853471220229,0.0,10.0
552,46.0,46.0,1,22.0,22:00,11.181816391359748,5.570577835466623,5.611238555893125,2,1,1,2,1,1,0,0,0,0,0.0,0.0,3,0.3,34.797742990631306,0.0,0.0,0,none,0,-1,-1.0,-1.0,0.0,10,1.0,1.0,1.0,0,264,0.9166666666666666,0.0,0.2833333333333333,0.3333333333333333,0.3333333333333333,0.5,0.0,6.460257841412851,0.0,10.0
553,46.083333333333336,46.083333333333336,1,22.083333333333336,22:05,11.15429718048388,5.559937835039233,5.594359345444647,0,0,0,0,0,0,0,0,0,0,0.0,0.0,3,0.3,0.0,0.0,0.0,0,none,0,-1,-1.0,-1.0,0.0,10,1.0,1.0,1.0,0,265,0.920138888888889,0.0,0.26666666666666666,0.3333333333333333,0.3333333333333333,0.5,0.0,6.460257841412851,0.0,10.0
554,46.166666666666664,46.166666666666664,1,22.166666666666664,22:09,11.130588475898081,5.55075898001428,5.579829495883802,1,1,0,1,1,0,1,1,0,0,0.0,0.0,3,0.3,29.635951453344788,0.0,0.0,0,none,0,-1,-1.0,-1.0,0.0,10,1.0,1.0,1.0,0,266,0.923611111111111,0.0,0.25,0.4166666666666667,0.4166666666666667,0.5833333333333334,0.0,8.929920462524917,0.0,10.0
555,46.25,46.25,1,22.25,22:15,11.110223354037712,5.542865621956315,5.567357732081398,1,0,1,1,0,1,0,0,0,0,0.0,0.0,4,0.4,35.83982635119135,0.0,0.0,0,none,0,-1,-1.0,-1.0,0.0,10,1.0,1.0,1.0,0,267,0.9270833333333334,0.0,0.2333333333333333,0.4166666666666667,0.4166666666666667,0.5833333333333334,0.0,10.065829521264964,0.0,10.0
556,46.333333333333336,46.333333333333336,1,22.333333333333336,22:20,11.092782121037228,5.5360989461655326,5.5566831748716945,1,0,1,1,0,1,0,0,0,0,0.0,0.0,5,0.5,32.88274172907322,0.0,0.0,0,none,0,-1,-1.0,-1.0,0.0,10,1.0,1.0,1.0,0,268,0.9305555555555557,0.0,0.24166666666666667,0.5,0.5,0.4166666666666667,0.0,12.806057998687733,0.0,10.0
557,46.416666666666664,46.416666666666664,1,22.416666666666664,22:24,11.077889134007714,5.530316098118494,5.54757303588922,0,0,0,0,0,0,0,0,0,0,0.0,0.0,5,0.5,0.0,0.0,0.0,0,none,0,-1,-1.0,-1.0,0.0,10,1.0,1.0,1.0,0,269,0.9340277777777777,0.0,0.25,0.5,0.5,0.4166666666666667,0.0,12.806057998687733,0.0,10.0
558,46.5,46.5,1,22.5,22:30,11.065209573266051,5.525389212876043,5.539820360390008,0,0,0,0,0,0,1,0,1,0,0.0,0.0,4,0.4,0.0,0.0,0.0,0,none,0,-1,-1.0,-1.0,0.0,10,1.0,1.0,1.0,0,270,0.9375,0.0,0.26666666666666666,0.5,0.5,0.3333333333333333,0.0,12.806057998687733,0.0,10.0
559,46.583333333333336,46.583333333333336,1,22.583333333333336,22:35,11.054446221386895,5.521204384006137,5.533241837380758,1,1,0,1,1,0,0,0,0,0,0.0,0.0,5,0.5,40.56734473053384,0.0,0.0,0,none,0,-1,-1.0,-1.0,0.0,10,1.0,1.0,1.0,0,271,0.9409722222222223,0.0,0.2916666666666667,0.5833333333333334,0.5833333333333334,0.3333333333333333,0.0,16.186670059565554,0.0,10.0
560,46.666666666666664,46.666666666666664,1,22.666666666666664,22:39,11.045336295939368,5.51766060275124,5.527675693188129,0,0,0,0,0,0,1,1,0,0,0.0,0.0,4,0.4,0.0,0.0,0.0,0,none,0,-1,-1.0,-1.0,0.0,10,1.0,1.0,1.0,0,272,0.9444444444444443,0.0,0.325,0.5833333333333334,0.5833333333333334,0.25,0.0,16.186670059565554,0.0,10.0
561,46.75,46.75,1,22.75,22:45,11.037648374275019,5.514668692777917,5.522979681497103,0,0,0,0,0,0,1,1,0,0,0.0,0.0,3,0.3,0.0,0.0,0.0,0,none,0,-1,-1.0,-1.0,0.0,10,1.0,1.0,1.0,0,273,0.9479166666666666,0.0,0.34166666666666673,0.5,0.5,0.3333333333333333,0.0,14.476967271231208,0.0,10.0
562,46.833333333333336,46.833333333333336,1,22.833333333333336,22:50,11.03117944085892,5.512150260939815,5.519029179919106,1,0,1,1,0,1,0,0,0,0,0.0,0.0,4,0.4,31.166580636710105,0.0,0.0,0,none,0,-1,-1.0,-1.0,0.0,10,1.0,1.0,1.0,0,274,0.951388888888889,0.0,0.36666666666666664,0.5833333333333334,0.5833333333333334,0.3333333333333333,0.0,17.074182324290383,0.0,10.0
563,46.916666666666664,46.916666666666664,1,22.916666666666664,22:54,11.025752080455069,5.510036680094674,5.515715400360395,0,0,0,0,0,0,2,0,2,0,0.0,0.0,2,0.2,0.0,0.0,0.0,0,none,0,-1,-1.0,-1.0,0.0,10,1.0,1.0,1.0,0,275,0.954861111111111,0.0,0.375,0.5833333333333334,0.5833333333333334,0.5,0.0,17.074182324290387,0.0,10.0
564,47.0,47.0,1,23.0,23:00,11.021211834035757,5.508268116149105,5.512943717886652,1,1,0,1,1,0,0,0,0,0,0.0,0.0,3,0.3,22.03444780781419,0.0,0.0,0,none,0,-1,-1.0,-1.0,0.0,10,1.0,1.0,1.0,0,276,0.9583333333333334,0.0,0.375,0.5,0.5,0.5,0.0,16.010574392388957,0.0,10.0
565,47.083333333333336,47.083333333333336,1,23.083333333333336,23:05,11.017424728600275,5.5067926081511045,5.510632120449171,0,0,0,0,0,0,0,0,0,0,0.0,0.0,3,0.3,0.0,0.0,0.0,0,none,0,-1,-1.0,-1.0,0.0,10,1.0,1.0,1.0,0,277,0.9618055555555557,0.0,0.375,0.5,0.5,0.5,0.0,16.010574392388957,0.0,10.0
566,47.166666666666664,47.166666666666664,1,23.166666666666664,23:09,11.014274987158913,5.505565207387003,5.508709779771911,0,0,0,0,0,0,0,0,0,0,0.0,0.0,3,0.3,0.0,0.0,0.0,0,none,0,-1,-1.0,-1.0,0.0,10,1.0,1.0,1.0,0,278,0.9652777777777777,0.0,0.375,0.4166666666666667,0.4166666666666667,0.4166666666666667,0.0,13.54091177127689,0.0,10.0
567,47.25,47.25,1,23.25,23:15,11.011662920942175,5.5045471790343425,5.507115741907833,0,0,0,0,0,0,0,0,0,0,0.0,0.0,3,0.3,0.0,0.0,0.0,0,none,0,-1,-1.0,-1.0,0.0,10,1.0,1.0,1.0,0,279,0.96875,0.0,0.3666666666666667,0.3333333333333333,0.3333333333333333,0.4166666666666667,0.0,10.554259575344279,0.0,10.0
568,47.333333333333336,47.333333333333336,1,23.333333333333336,23:20,11.00950300239716,5.503705267937626,5.505797734459534,0,0,0,0,0,0,1,1,0,0,0.0,0.0,2,0.2,0.0,0.0,0.0,0,none,0,-1,-1.0,-1.0,0.0,10,1.0,1.0,1.0,0,280,0.9722222222222223,0.0,0.34166666666666673,0.25,0.25,0.5,0.0,7.814031097921511,0.0,10.0
569,47.416666666666664,47.416666666666664,1,23.416666666666664,23:24,11.007722114686809,5.503011028468728,5.504711086218081,0,0,0,0,0,0,2,1,1,0,0.0,0.0,0,0.0,0.0,0.0,0.0,0,none,0,-1,-1.0,-1.0,0.0,10,1.0,1.0,1.0,0,281,0.9756944444444443,0.0,0.3,0.25,0.25,0.6666666666666666,0.0,7.814031097921511,0.0,10.0
570,47.5,47.5,1,23.5,23:30,11.006257971159055,5.502440217165992,5.503817753993062,0,0,0,0,0,0,0,0,0,0,0.0,0.0,0,0.0,0.0,0.0,0.0,0,none,0,-1,-1.0,-1.0,0.0,10,1.0,1.0,1.0,0,282,0.9791666666666666,0.0,0.26666666666666666,0.25,0.25,0.5833333333333334,0.0,7.814031097921511,0.0,10.0
571,47.583333333333336,47.583333333333336,1,23.583333333333336,23:35,11.005057696542984,5.501972245873942,5.503085450669041,0,0,0,0,0,0,0,0,0,0,0.0,0.0,0,0.0,0.0,0.0,0.0,0,none,0,-1,-1.0,-1.0,0.0,10,1.0,1.0,1.0,0,283,0.982638888888889,0.0,0.225,0.16666666666666666,0.16666666666666666,0.5833333333333334,0.0,4.4334190370436914,0.0,10.0
572,47.666666666666664,47.666666666666664,1,23.666666666666664,23:39,11.004076560396394,5.5015896923886345,5.502486868007759,0,0,0,0,0,0,0,0,0,0,0.0,0.0,0,0.0,0.0,0.0,0.0,0,none,0,-1,-1.0,-1.0,0.0,10,1.0,1.0,1.0,0,284,0.986111111111111,0.0,0.19166666666666665,0.16666666666666666,0.16666666666666666,0.5,0.0,4.4334190370436914,0.0,10.0
573,47.75,47.75,1,23.75,23:45,11.003276852512217,5.5012778651142815,5.501998987397935,0,0,0,0,0,0,0,0,0,0,0.0,0.0,0,0.0,0.0,0.0,0.0,0,none,0,-1,-1.0,-1.0,0.0,10,1.0,1.0,1.0,0,285,0.9895833333333334,0.0,0.16666666666666666,0.16666666666666666,0.16666666666666666,0.4166666666666667,0.0,4.4334190370436914,0.0,10.0
574,47.833333333333336,47.833333333333336,1,23.833333333333336,23:50,11.002626889529498,5.5010244179194245,5.501602471610074,0,0,0,0,0,0,0,0,0,0,0.0,0.0,0,0.0,0.0,0.0,0.0,0,none,0,-1,-1.0,-1.0,0.0,10,1.0,1.0,1.0,0,286,0.9930555555555557,0.0,0.13333333333333333,0.08333333333333333,0.08333333333333333,0.4166666666666667,0.0,1.8362039839845157,0.0,10.0
575,47.916666666666664,47.916666666666664,1,23.916666666666664,23:54,11.002100141830912,5.5008190112139035,5.501281130617009,0,0,0,0,0,0,0,0,0,0,0.0,0.0,0,0.0,0.0,0.0,0.0,0,none,0,-1,-1.0,-1.0,0.0,10,1.0,1.0,1.0,0,287,0.9965277777777777,0.0,0.11666666666666665,0.08333333333333333,0.08333333333333333,0.25,0.0,1.8362039839845157,0.0,10.0
576,48.0,48.0,2,0.0,00:00,11.00008198637012,5.5000508316227625,5.500031154747357,1,0,1,1,0,1,0,0,0,0,0.0,0.0,1,0.1,34.22070652825452,0.0,0.0,0,none,0,-1,-1.0,-1.0,0.0,10,1.0,1.0,1.0,0,0,0.0,0.0,0.09999999999999999,0.08333333333333333,0.08333333333333333,0.25,0.0,2.85172554402121,0.0,10.0
577,48.083333333333336,48.083333333333336,2,0.0833333333333357,00:05,11.000106230721423,5.50006586317033,5.500040367551093,2,2,0,2,2,0,0,0,0,0,0.0,0.0,3,0.3,29.58270218870447,0.0,0.0,0,none,0,-1,-1.0,-1.0,0.0,10,1.0,1.0,1.0,0,1,0.003472222222222321,0.0,0.09999999999999999,0.25,0.25,0.25,0.0,5.316950726413249,0.0,10.0
578,48.166666666666664,48.166666666666664,2,0.1666666666666643,00:09,11.000137271539305,5.500085108559844,5.500052162979461,2,1,1,2,1,1,0,0,0,0,0.0,0.0,5,0.5,25.568731409410027,0.0,0.0,0,none,0,-1,-1.0,-1.0,0.0,10,1.0,1.0,1.0,0,2,0.006944444444444346,0.0,0.11666666666666665,0.4166666666666667,0.4166666666666667,0.25,0.0,7.447678343864085,0.0,10.0
579,48.25,48.25,2,0.25,00:15,11.000176902014061,5.5001096795899755,5.500067222424086,1,1,0,1,1,0,0,0,0,0,0.0,0.0,6,0.6,22.09540007944232,0.0,0.0,0,none,0,-1,-1.0,-1.0,0.0,10,1.0,1.0,1.0,0,3,0.010416666666666666,0.0,0.1416666666666667,0.5,0.5,0.25,0.0,9.288961683817611,0.0,10.0
580,48.333333333333336,48.333333333333336,2,0.3333333333333357,00:20,11.000227356278621,5.500140961456445,5.500086394822176,0,0,0,0,0,0,0,0,0,0,0.0,0.0,6,0.6,0.0,0.0,0.0,0,none,0,-1,-1.0,-1.0,0.0,10,1.0,1.0,1.0,0,4,0.013888888888888987,0.0,0.17499999999999996,0.5,0.5,0.16666666666666666,0.0,9.288961683817611,0.0,10.0
581,48.416666666666664,48.416666666666664,2,0.4166666666666643,00:24,11.000291409044976,5.50018067453398,5.500110734510996,0,0,0,0,0,0,0,0,0,0,0.0,0.0,6,0.6,0.0,0.0,0.0,0,none,0,-1,-1.0,-1.0,0.0,10,1.0,1.0,1.0,0,5,0.01736111111111101,0.0,0.22499999999999998,0.5,0.5,0.0,0.0,9.288961683817611,0.0,10.0
582,48.5,48.5,2,0.5,00:30,11.000372495477256,5.500230948709127,5.500141546768129,0,0,0,0,0,0,1,1,0,0,0.0,0.0,5,0.5,0.0,0.0,0.0,0,none,0,-1,-1.0,-1.0,0.0,10,1.0,1.0,1.0,0,6,0.020833333333333332,0.0,0.26666666666666666,0.5,0.5,0.08333333333333333,0.0,9.288961683817611,0.0,10.0
583,48.583333333333336,48.583333333333336,2,0.5833333333333357,00:35,11.000474854853564,5.5002944124684205,5.500180442385144,1,1,0,1,1,0,1,0,1,0,0.0,0.0,5,0.5,38.330415148350376,0.0,0.0,0,none,0,-1,-1.0,-1.0,0.0,10,1.0,1.0,1.0,0,7,0.024305555555555653,0.0,0.3083333333333333,0.5833333333333334,0.5833333333333334,0.16666666666666666,0.0,12.483162946180144,0.0,10.0
584,48.666666666666664,48.666666666666664,2,0.6666666666666643,00:39,11.000603702062527,5.500374299253697,5.50022940280883,1,1,0,1,1,0,3,2,1,0,0.0,0.0,3,0.3,31.929780754387817,0.0,0.0,0,none,0,-1,-1.0,-1.0,0.0,10,1.0,1.0,1.0,0,8,0.02777777777777768,0.0,0.3333333333333333,0.6666666666666666,0.6666666666666666,0.4166666666666667,0.0,15.143978009045794,0.0,10.0
585,48.75,48.75,2,0.75,00:45,11.000765431513953,5.500474573928727,5.500290857585226,1,1,0,1,1,0,1,1,0,0,0.0,0.0,3,0.3,30.036768641027603,0.0,0.0,0,none,0,-1,-1.0,-1.0,0.0,10,1.0,1.0,1.0,0,9,0.03125,0.0,0.35833333333333334,0.75,0.75,0.5,0.0,17.64704206246476,0.0,10.0
586,48.833333333333336,48.833333333333336,2,0.8333333333333357,00:50,11.000967858612453,5.500600082556764,5.50036777605569,0,0,0,0,0,0,0,0,0,0,0.0,0.0,3,0.3,0.0,0.0,0.0,0,none,0,-1,-1.0,-1.0,0.0,10,1.0,1.0,1.0,0,10,0.03472222222222232,0.0,0.3833333333333333,0.75,0.75,0.5,0.0,17.64704206246476,0.0,10.0
587,48.916666666666664,48.916666666666664,2,0.9166666666666643,00:54,11.00122050454246,5.500756729063854,5.500463775478606,0,0,0,0,0,0,0,0,0,0,0.0,0.0,3,0.3,0.0,0.0,0.0,0,none,0,-1,-1.0,-1.0,0.0,10,1.0,1.0,1.0,0,11,0.03819444444444434,0.0,0.40833333333333327,0.75,0.75,0.5,0.0,17.64704206246476,0.0,10.0
588,49.0,49.0,2,1.0,01:00,11.001534930734644,5.5009516827530724,5.500583247981572,0,0,0,0,0,0,0,0,0,0,0.0,0.0,3,0.3,0.0,0.0,0.0,0,none,0,-1,-1.0,-1.0,0.0,10,1.0,1.0,1.0,0,12,0.041666666666666664,0.0,0.42500000000000004,0.6666666666666666,0.6666666666666666,0.5,0.0,14.795316518443551,0.0,10.0
589,49.083333333333336,49.083333333333336,2,1.0833333333333357,01:05,11.001925130016067,5.501193621034091,5.500731508981977,1,0,1,1,0,1,0,0,0,0,0.0,0.0,4,0.4,20.010224884203527,0.0,0.0,0,none,0,-1,-1.0,-1.0,0.0,10,1.0,1.0,1.0,0,13,0.045138888888888985,0.0,0.43333333333333335,0.5833333333333334,0.5833333333333334,0.5,0.0,13.997610076401806,0.0,10.0
590,49.166666666666664,49.166666666666664,2,1.1666666666666643,01:09,11.002407982075074,5.501493012132404,5.500914969942669,2,2,0,2,2,0,0,0,0,0,0.0,0.0,6,0.6,31.40793247624227,0.0,0.0,0,none,0,-1,-1.0,-1.0,0.0,10,1.0,1.0,1.0,0,14,0.048611111111111015,0.0,0.4416666666666666,0.5833333333333334,0.5833333333333334,0.5,0.0,14.484210165304495,0.0,10.0
591,49.25,49.25,2,1.25,01:15,11.003003781478727,5.501862442933056,5.501141338545671,0,0,0,0,0,0,2,2,0,0,0.0,0.0,4,0.4,0.0,0.0,0.0,0,none,0,-1,-1.0,-1.0,0.0,10,1.0,1.0,1.0,0,15,0.052083333333333336,0.0,0.425,0.5,0.5,0.6666666666666666,0.0,12.642926825350967,0.0,10.0
592,49.333333333333336,49.333333333333336,2,1.3333333333333357,01:20,11.003736847043271,5.502316997482579,5.501419849560692,1,1,0,1,1,0,1,1,0,0,0.0,0.0,4,0.4,36.00661800957842,0.0,0.0,0,none,0,-1,-1.0,-1.0,0.0,10,1.0,1.0,1.0,0,16,0.05555555555555566,0.0,0.4083333333333334,0.5833333333333334,0.5833333333333334,0.75,0.0,15.64347832614917,0.0,10.0
593,49.416666666666664,49.416666666666664,2,1.4166666666666643,01:24,11.004636221850088,5.502874692005684,5.501761529844404,0,0,0,0,0,0,0,0,0,0,0.0,0.0,4,0.4,0.0,0.0,0.0,0,none,0,-1,-1.0,-1.0,0.0,10,1.0,1.0,1.0,0,17,0.05902777777777768,0.0,0.3916666666666666,0.5833333333333334,0.5833333333333334,0.75,0.0,15.64347832614917,0.0,10.0
594,49.5,49.5,2,1.5,01:30,11.005736473589717,5.503556972573228,5.50217950101649,1,1,0,1,1,0,1,0,1,0,0.0,0.0,4,0.4,16.891658898325108,0.0,0.0,0,none,0,-1,-1.0,-1.0,0.0,10,1.0,1.0,1.0,0,18,0.0625,0.0,0.3833333333333333,0.6666666666666666,0.6666666666666666,0.75,0.0,17.05111656767626,0.0,10.0
595,49.583333333333336,49.583333333333336,2,1.5833333333333357,01:35,11.007078605168505,5.5043892817663895,5.502689323402116,0,0,0,0,0,0,0,0,0,0,0.0,0.0,4,0.4,0.0,0.0,0.0,0,none,0,-1,-1.0,-1.0,0.0,10,1.0,1.0,1.0,0,19,0.06597222222222232,0.0,0.375,0.5833333333333334,0.5833333333333334,0.6666666666666666,0.0,13.856915305313729,0.0,10.0
596,49.666666666666664,49.666666666666664,2,1.6666666666666643,01:39,11.008711085586196,5.505401700798184,5.503309384788012,0,0,0,0,0,0,1,1,0,0,0.0,0.0,3,0.3,0.0,0.0,0.0,0,none,0,-1,-1.0,-1.0,0.0,10,1.0,1.0,1.0,0,20,0.06944444444444435,0.0,0.375,0.5,0.5,0.5,0.0,11.196100242448077,0.0,10.0
597,49.75,49.75,2,1.75,01:45,11.010691010942473,5.5066296735548965,5.504061337387577,2,1,1,2,1,1,0,0,0,0,0.0,0.0,5,0.5,26.338508642119386,0.0,0.0,0,none,0,-1,-1.0,-1.0,0.0,10,1.0,1.0,1.0,0,21,0.07291666666666667,0.0,0.39166666666666666,0.5833333333333334,0.5833333333333334,0.4166666666666667,0.0,10.887911909205727,0.0,10.0
598,49.833333333333336,49.833333333333336,2,1.8333333333333357,01:50,11.013085405007352,5.5081148188834455,5.504970586123907,0,0,0,0,0,0,2,2,0,0,0.0,0.0,3,0.3,0.0,0.0,0.0,0,none,0,-1,-1.0,-1.0,0.0,10,1.0,1.0,1.0,0,22,0.07638888888888899,0.0,0.39166666666666666,0.5833333333333334,0.5833333333333334,0.5833333333333334,0.0,10.887911909205727,0.0,10.0
599,49.916666666666664,49.916666666666664,2,1.9166666666666643,01:54,11.015972668041416,5.509905837152156,5.506066830889259,0,0,0,0,0,0,0,0,0,0,0.0,0.0,3,0.3,0.0,0.0,0.0,0,none,0,-1,-1.0,-1.0,0.0,10,1.0,1.0,1.0,0,23,0.07986111111111101,0.0,0.39166666666666666,0.5833333333333334,0.5833333333333334,0.5833333333333334,0.0,10.887911909205727,0.0,10.0
600,50.0,50.0,2,2.0,02:00,11.019444181421887,5.512059516628226,5.507384664793661,1,1,0,1,1,0,1,1,0,0,0.0,0.0,3,0.3,40.93662175356303,0.0,0.0,0,none,0,-1,-1.0,-1.0,0.0,10,1.0,1.0,1.0,0,24,0.08333333333333333,0.0,0.3916666666666666,0.6666666666666666,0.6666666666666666,0.6666666666666666,0.0,14.299297055335979,0.0,10.0
601,50.083333333333336,50.083333333333336,2,2.0833333333333357,02:05,11.023606074063139,5.514641844523217,5.508964229539922,0,0,0,0,0,0,0,0,0,0,0.0,0.0,3,0.3,0.0,0.0,0.0,0,none,0,-1,-1.0,-1.0,0.0,10,1.0,1.0,1.0,0,25,0.08680555555555565,0.0,0.38333333333333336,0.5833333333333334,0.5833333333333334,0.6666666666666666,0.0,12.631778314985686,0.0,10.0
602,50.166666666666664,50.166666666666664,2,2.1666666666666643,02:09,11.02858115455895,5.517729226638116,5.510851927920833,0,0,0,0,0,0,1,0,1,0,0.0,0.0,2,0.2,0.0,0.0,0.0,0,none,0,-1,-1.0,-1.0,0.0,10,1.0,1.0,1.0,0,26,0.09027777777777768,0.0,0.3499999999999999,0.4166666666666667,0.4166666666666667,0.75,0.0,10.014450608632162,0.0,10.0
603,50.25,50.25,2,2.25,02:15,11.03451101036479,5.5214098183757105,5.5131011919890796,1,1,0,1,1,0,0,0,0,0,0.0,0.0,3,0.3,32.39805292732542,0.0,0.0,0,none,0,-1,-1.0,-1.0,0.0,10,1.0,1.0,1.0,0,27,0.09375,0.0,0.34166666666666673,0.5,0.5,0.5833333333333334,0.0,12.714288352575949,0.0,10.0
604,50.333333333333336,50.333333333333336,2,2.3333333333333357,02:20,11.041558272131947,5.525784968468751,5.515773303663196,2,1,1,2,1,1,1,1,0,0,0.0,0.0,4,0.4,37.39421106122619,0.0,0.0,0,none,0,-1,-1.0,-1.0,0.0,10,1.0,1.0,1.0,0,28,0.09722222222222232,0.0,0.3416666666666666,0.5833333333333334,0.5833333333333334,0.5833333333333334,0.0,12.829921106879928,0.0,10.0
605,50.416666666666664,50.416666666666664,2,2.4166666666666643,02:24,11.049909037458988,5.530970775092245,5.518938262366743,2,1,1,2,1,1,0,0,0,0,0.0,0.0,6,0.6,35.041467063731346,0.0,0.0,0,none,0,-1,-1.0,-1.0,0.0,10,1.0,1.0,1.0,0,29,0.10069444444444435,0.0,0.35833333333333334,0.75,0.75,0.5833333333333334,0.0,15.750043362190874,0.0,10.0
606,50.5,50.5,2,2.5,02:30,11.059775443807403,5.537099752089127,5.522675691718276,2,0,2,2,0,2,0,0,0,0,0.0,0.0,8,0.8,31.085278648230922,0.0,0.0,0,none,0,-1,-1.0,-1.0,0.0,10,1.0,1.0,1.0,0,30,0.10416666666666667,0.0,0.39166666666666666,0.8333333333333334,0.8333333333333334,0.5,0.0,16.932845008016358,0.0,10.0
607,50.583333333333336,50.583333333333336,2,2.5833333333333357,02:35,11.071398375117802,5.5443226008501485,5.5270757742676535,0,0,0,0,0,0,0,0,0,0,0.0,0.0,8,0.8,0.0,0.0,0.0,0,none,0,-1,-1.0,-1.0,0.0,10,1.0,1.0,1.0,0,31,0.10763888888888899,0.0,0.425,0.8333333333333334,0.8333333333333334,0.5,0.0,16.932845008016358,0.0,10.0
608,50.666666666666664,50.666666666666664,2,2.6666666666666643,02:39,11.085050280758281,5.552810080969729,5.532240199788553,0,0,0,0,0,0,0,0,0,0,0.0,0.0,8,0.8,0.0,0.0,0.0,0,none,0,-1,-1.0,-1.0,0.0,10,1.0,1.0,1.0,0,32,0.11111111111111101,0.0,0.4666666666666666,0.8333333333333334,0.8333333333333334,0.4166666666666667,0.0,16.932845008016358,0.0,10.0
609,50.75,50.75,2,2.75,02:45,11.101038078854435,5.562754970176136,5.538283108678299,0,0,0,0,0,0,1,1,0,0,0.0,0.0,7,0.7,0.0,0.0,0.0,0,none,0,-1,-1.0,-1.0,0.0,10,1.0,1.0,1.0,0,33,0.11458333333333333,0.0,0.48333333333333334,0.6666666666666666,0.6666666666666666,0.5,0.0,14.737969287839745,0.0,10.0
610,50.833333333333336,50.833333333333336,2,2.8333333333333357,02:50,11.11970610883199,5.5743741012412,5.5453320075907895,0,0,0,0,0,0,1,1,0,0,0.0,0.0,6,0.6,0.0,0.0,0.0,0,none,0,-1,-1.0,-1.0,0.0,10,1.0,1.0,1.0,0,34,0.11805555555555565,0.0,0.5083333333333333,0.6666666666666666,0.6666666666666666,0.4166666666666667,0.0,14.737969287839745,0.0,10.0
611,50.916666666666664,50.916666666666664,2,2.9166666666666643,02:54,11.141439090215897,5.587910460652415,5.553528629563482,1,1,0,1,1,0,0,0,0,0,0.0,0.0,7,0.7,28.924742926951566,0.0,0.0,0,none,0,-1,-1.0,-1.0,0.0,10,1.0,1.0,1.0,0,35,0.12152777777777768,0.0,0.5416666666666666,0.75,0.75,0.4166666666666667,0.0,17.148364531752375,0.0,10.0
612,51.0,51.0,2,3.0,03:00,11.166665036471228,5.60363533082227,5.563029705648958,0,0,0,0,0,0,4,1,3,0,0.0,0.0,3,0.3,0.0,0.0,0.0,0,none,0,-1,-1.0,-1.0,0.0,10,1.0,1.0,1.0,0,36,0.125,0.0,0.5416666666666666,0.6666666666666666,0.6666666666666666,0.6666666666666666,0.0,13.73697938562212,0.0,10.0
613,51.083333333333336,51.083333333333336,2,3.0833333333333357,03:05,11.195858064071933,5.621850454560362,5.574007609511571,0,0,0,0,0,0,1,1,0,0,0.0,0.0,2,0.2,0.0,0.0,0.0,0,none,0,-1,-1.0,-1.0,0.0,10,1.0,1.0,1.0,0,37,0.12847222222222232,0.0,0.5333333333333333,0.6666666666666666,0.6666666666666666,0.75,0.0,13.73697938562212,0.0,10.0
614,51.166666666666664,51.166666666666664,2,3.1666666666666643,03:09,11.229541028207668,5.642890197482153,5.586650830725516,1,1,0,1,1,0,1,0,1,0,0.0,0.0,2,0.2,29.54411268928663,0.0,0.0,0,none,0,-1,-1.0,-1.0,0.0,10,1.0,1.0,1.0,0,38,0.13194444444444434,0.0,0.5333333333333333,0.75,0.75,0.75,0.0,16.198988776396007,0.0,10.0
615,51.25,51.25,2,3.25,03:15,11.268287907786952,5.667123681003905,5.601164226783047,1,1,0,1,1,0,0,0,0,0,0.0,0.0,3,0.3,37.19608861617895,0.0,0.0,0,none,0,-1,-1.0,-1.0,0.0,10,1.0,1.0,1.0,0,39,0.13541666666666666,0.0,0.5333333333333333,0.75,0.75,0.75,0.0,16.598825083800467,0.0,10.0
616,51.333333333333336,51.333333333333336,2,3.3333333333333357,03:20,11.3127258539021,5.694956855589195,5.617768998312904,0,0,0,0,0,0,0,0,0,0,0.0,0.0,3,0.3,0.0,0.0,0.0,0,none,0,-1,-1.0,-1.0,0.0,10,1.0,1.0,1.0,0,40,0.13888888888888898,0.0,0.525,0.5833333333333334,0.5833333333333334,0.6666666666666666,0.0,13.482640828698285,0.0,10.0
617,51.416666666666664,51.416666666666664,2,3.4166666666666643,03:24,11.363536807958472,5.726834480959709,5.636702326998763,0,0,0,0,0,0,1,1,0,0,0.0,0.0,2,0.2,0.0,0.0,0.0,0,none,0,-1,-1.0,-1.0,0.0,10,1.0,1.0,1.0,0,41,0.14236111111111102,0.0,0.49166666666666664,0.4166666666666667,0.4166666666666667,0.75,0.0,10.562518573387338,0.0,10.0
618,51.5,51.5,2,3.5,03:30,11.421458588538663,5.76324197702404,5.658216611514622,1,0,1,1,0,1,0,0,0,0,0.0,0.0,3,0.3,31.90665802514263,0.0,0.0,0,none,0,-1,-1.0,-1.0,0.0,10,1.0,1.0,1.0,0,42,0.14583333333333334,0.0,0.44999999999999996,0.3333333333333333,0.3333333333333333,0.75,0.0,10.630966854796648,0.0,10.0
619,51.583333333333336,51.583333333333336,2,3.5833333333333357,03:35,11.4872853401008,5.804707106241757,5.682578233859044,1,0,1,1,0,1,0,0,0,0,0.0,0.0,4,0.4,43.66441732459939,0.0,0.0,0,none,0,-1,-1.0,-1.0,0.0,10,1.0,1.0,1.0,0,43,0.14930555555555566,0.0,0.4166666666666667,0.4166666666666667,0.4166666666666667,0.75,0.0,14.269668298513261,0.0,10.0
620,51.666666666666664,51.666666666666664,2,3.6666666666666643,03:39,11.561867232150433,5.851801444918893,5.710065787231541,0,0,0,0,0,0,1,1,0,0,0.0,0.0,3,0.3,0.0,0.0,0.0,0,none,0,-1,-1.0,-1.0,0.0,10,1.0,1.0,1.0,0,44,0.15277777777777768,0.0,0.375,0.4166666666666667,0.4166666666666667,0.8333333333333334,0.0,14.269668298513261,0.0,10.0
621,51.75,51.75,2,3.75,03:45,11.646109294941454,5.905141597380265,5.740967697561189,0,0,0,0,0,0,0,0,0,0,0.0,0.0,3,0.3,0.0,0.0,0.0,0,none,0,-1,-1.0,-1.0,0.0,10,1.0,1.0,1.0,0,45,0.15625,0.0,0.3416666666666666,0.4166666666666667,0.4166666666666667,0.75,0.0,14.269668298513261,0.0,10.0
622,51.833333333333336,51.833333333333336,2,3.8333333333333357,03:50,11.740969277423119,5.965390102906249,5.77557917451687,0,0,0,0,0,0,0,0,0,0,0.0,0.0,3,0.3,0.0,0.0,0.0,0,none,0,-1,-1.0,-1.0,0.0,10,1.0,1.0,1.0,0,46,0.15972222222222232,0.0,0.31666666666666665,0.4166666666666667,0.4166666666666667,0.6666666666666666,0.0,14.269668298513261,0.0,10.0
623,51.916666666666664,51.916666666666664,2,3.9166666666666643,03:54,11.847454415420106,6.03325598055462,5.814198434865486,0,0,0,0,0,0,1,1,0,0,0.0,0.0,2,0.2,0.0,0.0,0.0,0,none,0,-1,-1.0,-1.0,0.0,10,1.0,1.0,1.0,0,47,0.16319444444444434,0.0,0.275,0.3333333333333333,0.3333333333333333,0.75,0.0,11.859273054600635,0.0,10.0
624,52.0,52.0,2,4.0,04:00,11.966617003253864,6.109494851299408,5.8571221519544565,1,0,1,1,0,1,0,0,0,0,0.0,0.0,3,0.3,34.68742443041817,0.0,0.0,0,none,0,-1,-1.0,-1.0,0.0,10,1.0,1.0,1.0,0,48,0.16666666666666666,0.0,0.27499999999999997,0.4166666666666667,0.4166666666666667,0.4166666666666667,0.0,14.749891757135481,0.0,10.0
625,52.083333333333336,52.083333333333336,2,4.083333333333336,04:05,12.099548670496915,6.194908570107198,5.9046401003897175,0,0,0,0,0,0,1,0,1,0,0.0,0.0,2,0.2,0.0,0.0,0.0,0,none,0,-1,-1.0,-1.0,0.0,10,1.0,1.0,1.0,0,49,0.17013888888888898,0.0,0.275,0.4166666666666667,0.4166666666666667,0.4166666666666667,0.0,14.749891757135481,0.0,10.0
626,52.166666666666664,52.166666666666664,2,4.166666666666664,04:09,12.247373277560236,6.2903442924752735,5.957028985084962,0,0,0,0,0,0,0,0,0,0,0.0,0.0,2,0.2,0.0,0.0,0.0,0,none,0,-1,-1.0,-1.0,0.0,10,1.0,1.0,1.0,0,50,0.17361111111111102,0.0,0.27499999999999997,0.3333333333333333,0.3333333333333333,0.3333333333333333,0.0,12.287882366361595,0.0,10.0
627,52.25,52.25,2,4.25,04:15,12.411238359545287,6.396692890485549,6.014545469059738,1,1,0,1,1,0,0,0,0,0,0.0,0.0,3,0.3,33.009898372987315,0.0,0.0,0,none,0,-1,-1.0,-1.0,0.0,10,1.0,1.0,1.0,0,51,0.17708333333333334,0.0,0.275,0.3333333333333333,0.3333333333333333,0.3333333333333333,0.0,11.939033179428959,0.0,10.0
628,52.333333333333336,52.333333333333336,2,4.333333333333336,04:20,12.592305067367635,6.514886622608017,6.077418444759617,1,1,0,1,1,0,1,0,1,0,0.0,0.0,3,0.3,42.56814842019605,0.0,0.0,0,none,0,-1,-1.0,-1.0,0.0,10,1.0,1.0,1.0,0,52,0.18055555555555566,0.0,0.27499999999999997,0.4166666666666667,0.4166666666666667,0.4166666666666667,0.0,15.486378881111962,0.0,10.0
629,52.416666666666664,52.416666666666664,2,4.416666666666664,04:24,12.791736578604713,6.645895949497357,6.145840629107356,0,0,0,0,0,0,0,0,0,0,0.0,0.0,3,0.3,0.0,0.0,0.0,0,none,0,-1,-1.0,-1.0,0.0,10,1.0,1.0,1.0,0,53,0.18402777777777768,0.0,0.2833333333333333,0.4166666666666667,0.4166666666666667,0.3333333333333333,0.0,15.486378881111962,0.0,10.0
630,52.5,52.5,2,4.5,04:30,13.01068497775341,6.790725375245666,6.219959602507744,1,0,1,1,0,1,0,0,0,0,0.0,0.0,4,0.4,26.518315687443184,0.0,0.0,0,none,0,-1,-1.0,-1.0,0.0,10,1.0,1.0,1.0,0,54,0.1875,0.0,0.2916666666666667,0.4166666666666667,0.4166666666666667,0.3333333333333333,0.0,15.037350352970343,0.0,10.0
631,52.583333333333336,52.583333333333336,2,4.583333333333336,04:35,13.25027663640337,6.950408180603702,6.299868455799668,0,0,0,0,0,0,1,0,1,0,0.0,0.0,3,0.3,0.0,0.0,0.0,0,none,0,-1,-1.0,-1.0,0.0,10,1.0,1.0,1.0,0,55,0.19097222222222232,0.0,0.2833333333333333,0.3333333333333333,0.3333333333333333,0.4166666666666667,0.0,11.398648909253728,0.0,10.0
632,52.666666666666664,52.666666666666664,2,4.666666666666664,04:39,13.511596157908443,7.125999902456282,6.38559625545216,1,1,0,1,1,0,0,0,0,0,0.0,0.0,4,0.4,40.509549104758996,0.0,0.0,0,none,0,-1,-1.0,-1.0,0.0,10,1.0,1.0,1.0,0,56,0.19444444444444434,0.0,0.2916666666666667,0.4166666666666667,0.4166666666666667,0.3333333333333333,0.0,14.774444667983644,0.0,10.0
633,52.75,52.75,2,4.75,04:45,13.795668988004156,7.318570403520486,6.47709858448367,0,0,0,0,0,0,0,0,0,0,0.0,0.0,4,0.4,0.0,0.0,0.0,0,none,0,-1,-1.0,-1.0,0.0,10,1.0,1.0,1.0,0,57,0.19791666666666666,0.0,0.3,0.4166666666666667,0.4166666666666667,0.3333333333333333,0.0,14.774444667983644,0.0,10.0
634,52.833333333333336,52.833333333333336,2,4.833333333333336,04:50,14.103442831869685,7.52919436930972,6.574248462559965,4,3,1,4,3,1,1,1,0,0,0.0,0.0,7,0.7,26.62723160305731,0.0,0.0,0,none,0,-1,-1.0,-1.0,0.0,10,1.0,1.0,1.0,0,58,0.20138888888888898,0.0,0.3333333333333333,0.75,0.75,0.4166666666666667,0.0,16.993380634905083,0.0,10.0
635,52.916666666666664,52.916666666666664,2,4.916666666666664,04:54,14.435768058628593,7.758940067625658,6.676827991002935,0,0,0,0,0,0,0,0,0,0,0.0,0.0,7,0.7,0.0,0.0,0.0,0,none,0,-1,-1.0,-1.0,0.0,10,1.0,1.0,1.0,0,59,0.20486111111111102,0.0,0.375,0.75,0.75,0.3333333333333333,0.0,16.993380634905083,0.0,10.0
636,53.0,53.0,2,5.0,05:00,14.793377315351826,8.008856211174379,6.784521104177447,0,0,0,0,0,0,1,0,1,0,0.0,0.0,6,0.6,0.0,0.0,0.0,0,none,0,-1,-1.0,-1.0,0.0,10,1.0,1.0,1.0,0,60,0.20833333333333334,0.0,0.39999999999999997,0.6666666666666666,0.6666666666666666,0.4166666666666667,0.0,14.102761932370237,0.0,10.0
637,53.083333333333336,53.083333333333336,2,5.083333333333336,05:05,15.176864613283568,8.279956778461827,6.896907834821741,0,0,0,0,0,0,1,1,0,0,0.0,0.0,5,0.5,0.0,0.0,0.0,0,none,0,-1,-1.0,-1.0,0.0,10,1.0,1.0,1.0,0,61,0.21180555555555566,0.0,0.425,0.6666666666666666,0.6666666666666666,0.4166666666666667,0.0,14.102761932370237,0.0,10.0
638,53.166666666666664,53.166666666666664,2,5.166666666666664,05:09,15.586664188169628,8.573203674031825,7.013460514137804,0,0,0,0,0,0,1,0,1,0,0.0,0.0,4,0.4,0.0,0.0,0.0,0,none,0,-1,-1.0,-1.0,0.0,10,1.0,1.0,1.0,0,62,0.21527777777777768,0.0,0.44166666666666665,0.6666666666666666,0.6666666666666666,0.5,0.0,14.102761932370237,0.0,10.0
639,53.25,53.25,2,5.25,05:15,16.023029473063175,8.88948714835656,7.133542324706616,1,0,1,1,0,1,0,0,0,0,0.0,0.0,5,0.5,17.556780155226996,0.0,0.0,0,none,0,-1,-1.0,-1.0,0.0,10,1.0,1.0,1.0,0,63,0.21875,0.0,0.4583333333333333,0.6666666666666666,0.6666666666666666,0.5,0.0,12.815002080890212,0.0,10.0
640,53.333333333333336,53.333333333333336,2,5.333333333333336,05:20,16.486012554603995,9.229603951951706,7.2564086026522885,0,0,0,0,0,0,2,2,0,0,0.0,0.0,3,0.3,0.0,0.0,0.0,0,none,0,-1,-1.0,-1.0,0.0,10,1.0,1.0,1.0,0,64,0.22222222222222232,0.0,0.4583333333333333,0.5833333333333334,0.5833333333333334,0.5833333333333334,0.0,9.267656379207208,0.0,10.0
641,53.416666666666664,53.416666666666664,2,5.416666666666664,05:24,16.975444511287357,9.594233268726777,7.381211242560579,0,0,0,0,0,0,1,1,0,0,0.0,0.0,2,0.2,0.0,0.0,0.0,0,none,0,-1,-1.0,-1.0,0.0,10,1.0,1.0,1.0,0,65,0.22569444444444434,0.0,0.45,0.5833333333333334,0.5833333333333334,0.6666666666666666,0.0,9.267656379207208,0.0,10.0
642,53.5,53.5,2,5.5,05:30,17.490917053446246,9.983910560626,7.507006492820245,1,1,0,1,1,0,1,1,0,0,0.0,0.0,2,0.2,27.238175691227397,0.0,0.0,0,none,0,-1,-1.0,-1.0,0.0,10,1.0,1.0,1.0,0,66,0.22916666666666666,0.0,0.43333333333333335,0.5833333333333334,0.5833333333333334,0.75,0.0,9.327644712855891,0.0,10.0
643,53.583333333333336,53.583333333333336,2,5.583333333333336,05:35,18.031765898421366,10.39899955876689,7.6327663396544745,1,1,0,1,1,0,1,0,1,0,0.0,0.0,2,0.2,16.59958310621311,0.0,0.0,0,none,0,-1,-1.0,-1.0,0.0,10,1.0,1.0,1.0,0,67,0.23263888888888898,0.0,0.425,0.6666666666666666,0.6666666666666666,0.75,0.0,10.710943305040317,0.0,10.0
644,53.666666666666664,53.666666666666664,2,5.666666666666664,05:39,18.5970563196404,10.839662753923804,7.7573935657165975,1,0,1,1,0,1,0,0,0,0,0.0,0.0,3,0.3,21.82877700570474,0.0,0.0,0,none,0,-1,-1.0,-1.0,0.0,10,1.0,1.0,1.0,0,68,0.23611111111111102,0.0,0.4166666666666667,0.6666666666666666,0.6666666666666666,0.75,0.0,9.154212296785795,0.0,10.0
645,53.75,53.75,2,5.75,05:45,19.185571304165776,11.305830868451876,7.879740435713901,0,0,0,0,0,0,0,0,0,0,0.0,0.0,3,0.3,0.0,0.0,0.0,0,none,0,-1,-1.0,-1.0,0.0,10,1.0,1.0,1.0,0,69,0.23958333333333334,0.0,0.4083333333333334,0.6666666666666666,0.6666666666666666,0.75,0.0,9.154212296785795,0.0,10.0
646,53.833333333333336,53.833333333333336,2,5.833333333333336,05:50,19.795802738980836,11.79717192838665,7.998630810594187,0,0,0,0,0,0,0,0,0,0,0.0,0.0,3,0.3,0.0,0.0,0.0,0,none,0,-1,-1.0,-1.0,0.0,10,1.0,1.0,1.0,0,70,0.24305555555555566,0.0,0.375,0.3333333333333333,0.3333333333333333,0.6666666666666666,0.0,6.935276329864354,0.0,10.0
647,53.916666666666664,53.916666666666664,2,5.916666666666664,05:54,20.425946021372948,12.31306069293243,8.112885328440518,2,1,1,2,1,1,1,1,0,0,0.0,0.0,4,0.4,29.643164175815066,0.0,0.0,0,none,0,-1,-1.0,-1.0,0.0,10,1.0,1.0,1.0,0,71,0.24652777777777768,0.0,0.35000000000000003,0.5,0.5,0.75,0.0,9.405540011182277,0.0,10.0
648,54.0,54.0,2,6.0,06:00,21.073898452991536,12.852549332068135,8.221349120923401,0,0,0,0,0,0,1,1,0,0,0.0,0.0,3,0.3,0.0,0.0,0.0,0,none,0,-1,-1.0,-1.0,0.0,10,1.0,1.0,1.0,0,72,0.25,0.0,0.325,0.5,0.5,0.75,0.0,9.405540011182277,0.0,10.0
649,54.083333333333336,54.083333333333336,2,6.083333333333336,06:05,21.737261730557652,13.41434036372575,8.322921366831903,1,1,0,1,1,0,1,0,1,0,0.0,0.0,3,0.3,36.84767260912475,0.0,0.0,0,none,0,-1,-1.0,-1.0,0.0,10,1.0,1.0,1.0,0,73,0.2534722222222223,0.0,0.30833333333333335,0.5833333333333334,0.5833333333333334,0.75,0.0,12.476179395276006,0.0,10.0
650,54.166666666666664,54.166666666666664,2,6.166666666666664,06:09,22.413348789126797,13.996762961383707,8.41658582774309,1,1,0,1,1,0,0,0,0,0,0.0,0.0,4,0.4,41.545639046098515,0.0,0.0,0,none,0,-1,-1.0,-1.0,0.0,10,1.0,1.0,1.0,0,74,0.25694444444444436,0.0,0.3083333333333333,0.6666666666666666,0.6666666666666666,0.6666666666666666,0.0,15.93831598245088,0.0,10.0
651,54.25,54.25,2,6.25,06:15,23.099195186920248,14.597753812116144,8.501441374804104,0,0,0,0,0,0,0,0,0,0,0.0,0.0,4,0.4,0.0,0.0,0.0,0,none,0,-1,-1.0,-1.0,0.0,10,1.0,1.0,1.0,0,75,0.2604166666666667,0.0,0.3,0.5833333333333334,0.5833333333333334,0.6666666666666666,0.0,14.475250969515299,0.0,10.0
652,54.333333333333336,54.333333333333336,2,6.333333333333336,06:20,23.79157514503054,15.214843735523242,8.576731409507296,2,1,1,2,1,1,0,0,0,0,0.0,0.0,6,0.6,28.592555845403957,0.0,0.0,0,none,0,-1,-1.0,-1.0,0.0,10,1.0,1.0,1.0,0,76,0.263888888888889,0.0,0.325,0.75,0.75,0.5,0.0,16.857963956632293,0.0,10.0
653,54.416666666666664,54.416666666666664,2,6.416666666666664,06:24,24.487022272072114,15.845151257710969,8.641871014361145,1,1,0,1,1,0,2,1,1,0,0.0,0.0,5,0.5,43.05206660047625,0.0,0.0,0,none,0,-1,-1.0,-1.0,0.0,10,1.0,1.0,1.0,0,77,0.267361111111111,0.0,0.35000000000000003,0.8333333333333334,0.8333333333333334,0.5833333333333334,0.0,20.44563617333865,0.0,10.0
654,54.5,54.5,2,6.5,06:30,25.18185491467317,16.48538426517569,8.696470649497481,2,2,0,2,2,0,0,0,0,0,0.0,0.0,7,0.7,31.42263407550281,0.0,0.0,0,none,0,-1,-1.0,-1.0,0.0,10,1.0,1.0,1.0,0,78,0.2708333333333333,0.0,0.39166666666666666,0.9166666666666666,0.9166666666666666,0.5,0.0,20.794341038694935,0.0,10.0
655,54.583333333333336,54.583333333333336,2,6.583333333333336,06:35,25.87220598144599,17.131850736701526,8.740355244744464,1,1,0,1,1,0,0,0,0,0,0.0,0.0,8,0.8,22.34253269100583,0.0,0.0,0,none,0,-1,-1.0,-1.0,0.0,10,1.0,1.0,1.0,0,79,0.27430555555555564,0.0,0.44166666666666665,0.9166666666666666,0.9166666666666666,0.4166666666666667,0.0,21.272920170760994,0.0,10.0
656,54.666666666666664,54.666666666666664,2,6.666666666666664,06:39,26.5540569928067,17.780479365401757,8.773577627404944,1,1,0,1,1,0,0,0,0,0,0.0,0.0,9,0.9,37.93691027178639,0.0,0.0,0,none,0,-1,-1.0,-1.0,0.0,10,1.0,1.0,1.0,0,80,0.2777777777777777,0.0,0.4916666666666667,0.9166666666666666,0.9166666666666666,0.4166666666666667,0.0,22.61526460960113,0.0,10.0
657,54.75,54.75,2,6.75,06:45,27.223276013981916,18.426850639071922,8.796425374909996,1,1,0,1,1,0,2,1,1,0,0.0,0.0,8,0.8,28.897986383783312,0.0,0.0,0,none,0,-1,-1.0,-1.0,0.0,10,1.0,1.0,1.0,0,81,0.28125,0.0,0.5333333333333333,1.0,1.0,0.5833333333333334,0.0,25.023430141583074,0.0,10.0
658,54.833333333333336,54.833333333333336,2,6.833333333333336,06:50,27.87565903610475,19.066238649677057,8.809420386427695,3,3,0,3,3,0,1,1,0,0,0.0,0.0,10,1.0,22.610924267641206,0.0,0.0,0,none,0,-1,-1.0,-1.0,0.0,10,1.0,1.0,1.0,0,82,0.2847222222222223,0.0,0.5916666666666667,1.25,1.25,0.6666666666666666,0.0,26.907673830553176,0.0,10.0
659,54.916666666666664,54.916666666666664,2,6.916666666666664,06:54,28.506974282872825,19.69366356014146,8.813310722731364,4,4,0,2,2,0,2,2,0,2,0.0,0.0,10,1.0,25.15048725685407,0.0,0.0,0,none,0,-1,-1.0,-1.0,0.0,10,1.0,1.0,1.0,0,83,0.28819444444444436,0.16666666666666666,0.6416666666666667,1.4166666666666667,1.25,0.75,0.0,26.533284087306424,0.0,10.0
660,55.0,55.0,2,7.0,07:00,29.1130088401957,20.303954280090416,8.809054560105285,4,3,1,1,1,0,1,1,0,5,1.0,5.0,10,1.0,17.710236407494783,5.0,0.0,0,none,0,-1,-1.0,-1.0,0.0,10,1.0,1.0,1.0,0,84,0.2916666666666667,0.5833333333333334,0.7000000000000001,1.75,1.3333333333333333,0.75,0.08333333333333333,28.00913712126432,0.4166666666666667,10.0
661,55.083333333333336,55.083333333333336,2,7.083333333333336,07:05,29.689616935891465,20.891820506302697,8.797796429588768,5,2,3,0,0,0,0,0,0,10,3.0,10.0,10,1.0,0.0,0.0,0.0,0,none,0,-1,-1.0,-1.0,0.0,10,1.0,1.0,1.0,0,85,0.295138888888889,1.4166666666666667,0.7583333333333333,2.0833333333333335,1.25,0.6666666666666666,0.3333333333333333,24.938497737170593,0.4166666666666667,10.0
662,55.166666666666664,55.166666666666664,2,7.166666666666664,07:09,30.232769137920016,21.45193288532971,8.780836252590307,0,0,0,1,1,0,1,1,0,9,7.222222222222222,10.0,10,1.0,17.537520031670304,15.0,0.0,0,none,0,-1,-1.0,-1.0,0.0,10,1.0,1.0,1.0,0,86,0.298611111111111,2.1666666666666665,0.8083333333333332,2.0,1.25,0.75,0.9351851851851851,22.93782115263491,1.6666666666666667,10.0
663,55.25,55.25,2,7.25,07:15,30.73860169473985,21.979009673661682,8.759592021078165,2,1,1,5,4,1,5,5,0,6,6.666666666666667,10.0,10,1.0,34.12215349515869,14.0,0.0,0,none,0,-1,-1.0,-1.0,0.0,10,1.0,1.0,1.0,0,87,0.3020833333333333,2.6666666666666665,0.8583333333333334,2.1666666666666665,1.6666666666666667,1.1666666666666667,1.4907407407407407,25.781333943898133,2.8333333333333335,10.0
664,55.333333333333336,55.333333333333336,2,7.333333333333336,07:20,31.20346521172281,22.467907924336416,8.735557287386396,1,0,1,3,1,2,3,3,0,4,6.25,15.0,10,1.0,31.616304920757482,15.0,1.6666666666666667,0,none,0,-1,-1.0,-1.0,0.0,10,1.0,1.0,1.0,0,88,0.30555555555555564,3.0,0.8916666666666666,2.0833333333333335,1.75,1.4166666666666667,2.011574074074074,26.033313033510925,4.083333333333333,10.0
665,55.416666666666664,55.416666666666664,2,7.416666666666664,07:24,31.623971844371166,22.91371693697448,8.710254907396685,4,4,0,1,0,1,1,1,0,7,3.5714285714285716,10.0,10,1.0,33.701271096217845,20.0,0.0,0,none,0,-1,-1.0,-1.0,0.0,10,1.0,1.0,1.0,0,89,0.3090277777777777,3.5833333333333335,0.9333333333333332,2.3333333333333335,1.75,1.3333333333333333,2.309193121693122,25.254080074822724,5.75,10.0
666,55.5,55.5,2,7.5,07:30,31.997040193149484,23.311851488333524,8.68518870481596,1,1,0,1,1,0,1,1,0,7,6.428571428571429,15.0,10,1.0,38.18966074301311,15.0,15.0,0,none,0,-1,-1.0,-1.0,0.0,10,1.0,1.0,1.0,0,90,0.3125,4.166666666666667,0.9583333333333334,2.25,1.6666666666666667,1.4166666666666667,2.844907407407407,25.817998963781918,7.0,10.0
667,55.583333333333336,55.583333333333336,2,7.583333333333336,07:35,32.319937106434125,23.658142227397715,8.661794879036409,4,3,1,0,0,0,0,0,0,11,7.2727272727272725,20.0,10,1.0,0.0,0.0,0.0,0,none,0,-1,-1.0,-1.0,0.0,10,1.0,1.0,1.0,0,91,0.3159722222222223,5.083333333333333,0.975,2.5,1.5833333333333333,1.4166666666666667,3.4509680134680134,23.95612123953143,7.0,10.0
668,55.666666666666664,55.666666666666664,2,7.666666666666664,07:39,32.5903156372837,23.94892058384911,8.641395053434593,1,0,1,0,0,0,0,0,0,12,11.25,25.0,10,1.0,0.0,0.0,0.0,0,none,0,-1,-1.0,-1.0,0.0,10,1.0,1.0,1.0,0,92,0.31944444444444436,6.083333333333333,0.9833333333333334,2.5,1.5,1.4166666666666667,4.388468013468014,20.794712050215896,7.0,10.0
669,55.75,55.75,2,7.75,07:45,32.80624845586041,24.181095608048782,8.62515284781163,1,0,1,1,0,1,1,1,0,12,13.75,25.0,10,1.0,38.8046049044393,30.0,15.0,0,none,0,-1,-1.0,-1.0,0.0,10,1.0,1.0,1.0,0,93,0.3229166666666667,7.083333333333333,1.0,2.5,1.5,1.3333333333333333,5.534301346801347,21.620263593603898,9.5,10.0
670,55.833333333333336,55.833333333333336,2,7.833333333333336,07:50,32.96625609134107,24.352220335784285,8.614035755556788,2,1,1,3,2,1,3,2,1,11,13.181818181818182,25.0,10,1.0,25.326993590525806,26.666666666666668,15.0,0,none,0,-1,-1.0,-1.0,0.0,10,1.0,1.0,1.0,0,94,0.326388888888889,8.0,1.0,2.4166666666666665,1.5,1.5,6.632786195286195,21.846602703844283,11.722222222222221,10.0
671,55.916666666666664,55.916666666666664,2,7.916666666666664,07:54,33.0693294635577,24.460545547952474,8.608783915605228,1,0,1,4,4,0,4,2,2,8,11.875,20.0,10,1.0,26.25649650767386,26.25,13.75,0,none,0,-1,-1.0,-1.0,0.0,10,1.0,1.0,1.0,0,95,0.329861111111111,8.5,1.0,2.1666666666666665,1.6666666666666667,1.6666666666666667,7.6223695286195285,21.9387701414126,13.909722222222221,10.0
672,56.0,56.0,2,8.0,08:00,33.11494626351003,24.505059164561004,8.609887098949025,0,0,0,1,0,1,1,0,1,7,15.714285714285714,25.0,10,1.0,29.8352263705351,25.0,20.0,0,none,0,-1,-1.0,-1.0,0.0,10,1.0,1.0,1.0,0,96,0.3333333333333333,8.666666666666666,1.0,1.8333333333333333,1.6666666666666667,1.6666666666666667,8.848560004810006,22.949185971665955,15.576388888888888,10.0
673,56.083333333333336,56.083333333333336,2,8.083333333333336,08:05,33.10308085105868,24.48550995942837,8.617570891630306,1,0,1,0,0,0,0,0,0,8,18.125,30.0,10,1.0,0.0,0.0,0.0,0,none,0,-1,-1.0,-1.0,0.0,10,1.0,1.0,1.0,0,97,0.33680555555555564,8.5,1.0,1.5,1.6666666666666667,1.6666666666666667,10.108976671476672,22.949185971665955,15.576388888888888,10.0
674,56.166666666666664,56.166666666666664,2,8.166666666666664,08:09,33.03420745500948,24.402414787887224,8.631792667122253,2,2,0,2,2,0,2,2,0,8,14.375,30.0,10,1.0,37.35845667105981,35.0,20.0,0,none,0,-1,-1.0,-1.0,0.0,10,1.0,1.0,1.0,0,98,0.3402777777777777,8.416666666666666,1.0,1.6666666666666667,1.75,1.75,10.705041486291485,24.600930691615087,17.243055555555557,10.0
675,56.25,56.25,2,8.25,08:15,32.909296582700236,24.25704906246724,8.652247520232999,4,3,1,0,0,0,0,0,0,12,12.916666666666666,35.0,10,1.0,0.0,0.0,0.0,0,none,0,-1,-1.0,-1.0,0.0,10,1.0,1.0,1.0,0,99,0.34375,8.916666666666666,1.0,1.8333333333333333,1.3333333333333333,1.3333333333333333,11.22587481962482,21.757417900351857,16.07638888888889,10.0
676,56.333333333333336,56.333333333333336,2,8.333333333333336,08:20,32.72980467023149,24.051420766661572,8.678383903569918,3,1,2,4,1,3,4,4,0,11,7.2727272727272725,25.0,10,1.0,31.61196586428897,33.75,25.0,0,none,0,-1,-1.0,-1.0,0.0,10,1.0,1.0,1.0,0,100,0.3472222222222223,9.5,1.0,2.0,1.4166666666666667,1.4166666666666667,11.311102092352092,21.757056312312816,17.63888888888889,10.0
677,56.416666666666664,56.416666666666664,2,8.416666666666664,08:24,32.4976571277268,23.788228839436016,8.70942828829078,0,0,0,2,0,2,2,0,2,9,9.444444444444445,15.0,10,1.0,19.34391212287285,25.0,30.0,0,none,0,-1,-1.0,-1.0,0.0,10,1.0,1.0,1.0,0,101,0.35069444444444436,9.666666666666666,1.0,1.6666666666666667,1.5,1.5,11.800520081770081,20.56060973120073,18.055555555555557,10.0
678,56.5,56.5,2,8.5,08:30,32.215225053589485,23.470807268775776,8.744417784813711,1,0,1,2,2,0,2,1,1,8,11.25,15.0,10,1.0,28.94986881778451,20.0,27.5,0,none,0,-1,-1.0,-1.0,0.0,10,1.0,1.0,1.0,0,102,0.3541666666666667,9.75,1.0,1.6666666666666667,1.5833333333333333,1.5833333333333333,12.202305796055796,19.790627070765016,18.472222222222225,10.0
679,56.583333333333336,56.583333333333336,2,8.583333333333336,08:35,31.88529600489135,23.103056678994534,8.782239325896816,2,2,0,0,0,0,0,0,0,10,13.0,20.0,10,1.0,0.0,0.0,0.0,0,none,0,-1,-1.0,-1.0,0.0,10,1.0,1.0,1.0,0,103,0.357638888888889,9.666666666666666,1.0,1.5,1.5833333333333333,1.5833333333333333,12.679578523328523,19.790627070765016,18.472222222222225,10.0
680,56.666666666666664,56.666666666666664,2,8.666666666666664,08:39,31.511039315232892,22.68936556475991,8.821673750472984,3,2,1,0,0,0,0,0,0,13,13.846153846153847,25.0,10,1.0,0.0,0.0,0.0,0,none,0,-1,-1.0,-1.0,0.0,10,1.0,1.0,1.0,0,104,0.361111111111111,9.75,1.0,1.6666666666666667,1.5833333333333333,1.5833333333333333,12.895924677174676,19.790627070765016,18.472222222222225,10.0
681,56.75,56.75,2,8.75,08:45,31.09596654438335,22.234523600145966,8.861442944237385,2,2,0,2,1,1,2,1,1,13,14.23076923076923,30.0,10,1.0,27.5111941210371,30.0,27.5,0,none,0,-1,-1.0,-1.0,0.0,10,1.0,1.0,1.0,0,105,0.3645833333333333,9.833333333333334,1.0,1.75,1.6666666666666667,1.6666666666666667,12.935988779738778,18.8495095054815,18.472222222222225,10.0
682,56.833333333333336,56.833333333333336,2,8.833333333333336,08:50,30.64388772380226,21.743629623876984,8.900258099925276,2,2,0,3,2,1,3,1,2,12,12.5,30.0,10,1.0,31.575771315367373,33.333333333333336,31.666666666666668,0,none,0,-1,-1.0,-1.0,0.0,10,1.0,1.0,1.0,0,106,0.36805555555555564,9.916666666666666,1.0,1.75,1.6666666666666667,1.6666666666666667,12.879170597920597,19.370240982551632,19.02777777777778,10.0
683,56.916666666666664,56.916666666666664,2,8.916666666666664,08:54,30.158864127210023,21.221996968102584,8.93686715910744,1,1,0,1,1,0,1,1,0,12,14.583333333333334,35.0,10,1.0,23.958481978223617,35.0,35.0,0,none,0,-1,-1.0,-1.0,0.0,10,1.0,1.0,1.0,0,107,0.3715277777777777,10.25,1.0,1.75,1.4166666666666667,1.4166666666666667,13.104865042365041,19.17873977176411,19.756944444444446,10.0
684,57.0,57.0,2,9.0,09:00,29.645158344583038,20.6750587588802,8.970099585702838,1,1,0,3,1,2,3,1,2,10,14.0,25.0,10,1.0,27.780793061439315,31.666666666666668,30.0,0,none,0,-1,-1.0,-1.0,0.0,10,1.0,1.0,1.0,0,108,0.375,10.5,1.0,1.8333333333333333,1.5833333333333333,1.5833333333333333,12.9620078995079,19.007536996006127,20.312500000000004,10.0
685,57.083333333333336,57.083333333333336,2,9.083333333333336,09:05,29.1071824706093,20.108275678599686,8.998906792009613,1,0,1,1,1,0,1,1,0,10,16.0,25.0,10,1.0,22.707384689051686,30.0,20.0,0,none,0,-1,-1.0,-1.0,0.0,10,1.0,1.0,1.0,0,109,0.3784722222222223,10.666666666666666,1.0,1.8333333333333333,1.6666666666666667,1.6666666666666667,12.784924566174567,20.899819053427102,22.8125,10.0
686,57.166666666666664,57.166666666666664,2,9.166666666666664,09:09,28.54944523450868,19.527048455065156,9.022396779443524,1,1,0,1,0,1,1,0,1,10,18.0,30.0,10,1.0,29.521634554640993,30.0,30.0,0,none,0,-1,-1.0,-1.0,0.0,10,1.0,1.0,1.0,0,110,0.38194444444444436,10.833333333333334,1.0,1.75,1.5833333333333333,1.5833333333333333,13.0870078995079,20.246750543725536,22.395833333333332,10.0
687,57.25,57.25,2,9.25,09:15,27.97649889740076,18.936637043846602,9.039861853554159,6,3,3,0,0,0,0,0,0,16,14.375,35.0,10,1.0,0.0,0.0,0.0,0,none,0,-1,-1.0,-1.0,0.0,10,1.0,1.0,1.0,0,111,0.3854166666666667,11.166666666666666,1.0,1.9166666666666667,1.5833333333333333,1.5833333333333333,13.208535677285676,20.246750543725536,22.395833333333332,10.0
688,57.333333333333336,57.333333333333336,2,9.333333333333336,09:20,27.392886726700688,18.342088117568867,9.05079860913182,3,2,1,4,4,0,4,3,1,15,10.666666666666666,30.0,10,1.0,32.67746803302886,37.5,32.5,0,none,0,-1,-1.0,-1.0,0.0,10,1.0,1.0,1.0,0,112,0.388888888888889,11.5,1.0,1.9166666666666667,1.5833333333333333,1.5833333333333333,13.49136396011396,20.335542391120526,22.708333333333332,10.0
689,57.416666666666664,57.416666666666664,2,9.416666666666664,09:24,26.803091825334036,17.748172087371692,9.054919737962344,0,0,0,1,1,0,1,0,1,14,14.285714285714286,35.0,10,1.0,27.251028142053116,35.0,40.0,0,none,0,-1,-1.0,-1.0,0.0,10,1.0,1.0,1.0,0,113,0.392361111111111,11.916666666666666,1.0,1.9166666666666667,1.5,1.5,13.894803113553115,20.994468726052215,23.541666666666668,10.0
690,57.5,57.5,2,9.5,09:30,26.21148804821528,17.15933047764443,9.05215757057085,3,3,0,2,2,0,2,2,0,15,13.0,30.0,10,1.0,32.36836928003778,37.5,27.5,0,none,0,-1,-1.0,-1.0,0.0,10,1.0,1.0,1.0,0,114,0.3958333333333333,12.5,1.0,2.0833333333333335,1.5,1.5,14.040636446886447,21.27934376457332,25.0,10.0
691,57.583333333333336,57.583333333333336,2,9.583333333333336,09:35,25.62229368103432,16.579634074411178,9.042659606623143,1,1,0,2,1,1,2,1,1,14,14.642857142857142,25.0,10,1.0,28.94622411076668,32.5,32.5,0,none,0,-1,-1.0,-1.0,0.0,10,1.0,1.0,1.0,0,115,0.39930555555555564,12.833333333333334,1.0,2.0,1.6666666666666667,1.6666666666666667,14.17754120879121,23.69152910713721,27.708333333333332,10.0
692,57.666666666666664,57.666666666666664,2,9.666666666666664,09:39,25.03952848876275,16.012751887827882,9.026776600934866,3,2,1,1,1,0,1,0,1,16,15.3125,25.0,10,1.0,27.668952175038854,30.0,30.0,0,none,0,-1,-1.0,-1.0,0.0,10,1.0,1.0,1.0,0,116,0.4027777777777777,13.083333333333334,1.0,2.0,1.75,1.75,14.299736721611723,25.997275121723778,30.208333333333332,10.0
693,57.75,57.75,2,9.75,09:45,24.466974665405278,15.461930625056299,9.005044040348979,1,1,0,0,0,0,0,0,0,17,19.11764705882353,30.0,10,1.0,0.0,0.0,0.0,0,none,0,-1,-1.0,-1.0,0.0,10,1.0,1.0,1.0,0,117,0.40625,13.416666666666666,1.0,1.9166666666666667,1.5833333333333333,1.5833333333333333,14.706976540616248,23.704675611637356,27.708333333333332,10.0
694,57.833333333333336,57.833333333333336,2,9.833333333333336,09:50,23.908142134435682,14.929984073073737,8.978158061361945,0,0,0,1,1,0,1,1,0,16,23.4375,35.0,10,1.0,30.067065929241192,35.0,40.0,0,none,0,-1,-1.0,-1.0,0.0,10,1.0,1.0,1.0,0,118,0.4097222222222223,13.75,1.0,1.75,1.4166666666666667,1.4166666666666667,15.618434873949582,23.578950162793507,27.847222222222218,10.0
695,57.916666666666664,57.916666666666664,2,9.916666666666664,09:54,23.366238563149302,14.419291550051335,8.946947013097967,1,0,1,3,1,2,3,3,0,14,23.928571428571427,40.0,10,1.0,35.64712260722967,40.0,35.0,0,none,0,-1,-1.0,-1.0,0.0,10,1.0,1.0,1.0,0,119,0.41319444444444436,13.916666666666666,1.0,1.75,1.5833333333333333,1.5833333333333333,16.39720471521942,24.553003548544012,28.263888888888886,10.0
696,58.0,58.0,2,10.0,10:00,22.844144365874875,13.931804403464822,8.912339962410053,2,2,0,2,1,1,2,2,0,14,22.5,40.0,10,1.0,27.865297051574615,45.0,37.5,0,none,0,-1,-1.0,-1.0,0.0,10,1.0,1.0,1.0,0,120,0.4166666666666667,14.25,1.0,1.8333333333333333,1.5,1.5,17.105538048552756,24.560045547721955,29.375,10.0
697,58.083333333333336,58.083333333333336,2,10.083333333333336,10:05,22.344392882550007,13.46905941424478,8.875333468305227,0,0,0,1,1,0,1,0,1,13,26.153846153846153,45.0,10,1.0,44.14366537283998,45.0,30.0,0,none,0,-1,-1.0,-1.0,0.0,10,1.0,1.0,1.0,0,121,0.420138888888889,14.5,1.0,1.75,1.5,1.5,17.951691894706602,26.346402271370977,30.625,10.0
698,58.166666666666664,58.166666666666664,2,10.166666666666664,10:09,21.869155832367486,13.032197906976009,8.836957925391477,0,0,0,3,2,1,3,3,0,10,26.5,40.0,10,1.0,36.293121080725726,46.666666666666664,35.0,0,none,0,-1,-1.0,-1.0,0.0,10,1.0,1.0,1.0,0,122,0.423611111111111,14.5,1.0,1.6666666666666667,1.6666666666666667,1.6666666666666667,18.660025228039935,26.910692815211377,32.01388888888889,10.0
699,58.25,58.25,2,10.25,10:15,21.420234058650554,12.621989361614977,8.798244697035576,2,2,0,0,0,0,0,0,0,12,26.25,45.0,10,1.0,0.0,0.0,0.0,0,none,0,-1,-1.0,-1.0,0.0,10,1.0,1.0,1.0,0,123,0.4270833333333333,14.166666666666666,1.0,1.3333333333333333,1.6666666666666667,1.6666666666666667,19.649608561373267,26.910692815211377,32.01388888888889,10.0
700,58.333333333333336,58.333333333333336,2,10.333333333333336,10:20,20.999053502196038,12.238858365423964,8.760195136772074,3,2,1,0,0,0,0,0,0,15,25.0,50.0,10,1.0,0.0,0.0,0.0,0,none,0,-1,-1.0,-1.0,0.0,10,1.0,1.0,1.0,0,124,0.43055555555555564,14.166666666666666,1.0,1.3333333333333333,1.3333333333333333,1.3333333333333333,20.844053005817713,24.187570479125636,28.88888888888889,10.0
701,58.416666666666664,58.416666666666664,2,10.416666666666664,10:24,20.606666267184465,11.882913826299545,8.72375244088492,0,0,0,3,3,0,3,1,2,12,24.166666666666668,45.0,10,1.0,30.727307616187606,53.333333333333336,40.0,0,none,0,-1,-1.0,-1.0,0.0,10,1.0,1.0,1.0,0,125,0.4340277777777777,14.0,1.0,1.3333333333333333,1.5,1.5,21.66746570423041,24.47726043530351,30.416666666666668,10.0
702,58.5,58.5,2,10.5,10:30,20.243756577299482,11.55397948099992,8.689777096299562,1,1,0,0,0,0,0,0,0,13,26.923076923076923,50.0,10,1.0,0.0,0.0,0.0,0,none,0,-1,-1.0,-1.0,0.0,10,1.0,1.0,1.0,0,126,0.4375,13.833333333333334,1.0,1.1666666666666667,1.3333333333333333,1.3333333333333333,22.827722114486818,21.779896328633697,27.291666666666668,10.0
703,58.583333333333336,58.583333333333336,2,10.583333333333336,10:35,19.91065136057534,11.25162486428817,8.65902649628717,3,2,1,2,1,1,2,1,1,14,21.785714285714285,55.0,10,1.0,26.86265938608662,55.0,42.5,0,none,0,-1,-1.0,-1.0,0.0,10,1.0,1.0,1.0,0,127,0.4409722222222223,13.833333333333334,1.0,1.3333333333333333,1.3333333333333333,1.3333333333333333,23.422960209724916,21.606265934910354,29.166666666666668,10.0
704,58.666666666666664,58.666666666666664,2,10.666666666666664,10:39,19.60733515011341,10.975196048358079,8.632139101755332,2,1,1,1,1,0,1,1,0,15,21.0,55.0,10,1.0,30.46088159308107,60.0,40.0,0,none,0,-1,-1.0,-1.0,0.0,10,1.0,1.0,1.0,0,128,0.44444444444444436,13.75,1.0,1.25,1.3333333333333333,1.3333333333333333,23.89691854305825,21.838926719747207,31.666666666666668,10.0
705,58.75,58.75,2,10.75,10:45,19.333468944368136,10.723845607532295,8.60962333683584,1,1,0,1,1,0,1,0,1,15,22.0,50.0,10,1.0,33.239677039291195,60.0,50.0,0,none,0,-1,-1.0,-1.0,0.0,10,1.0,1.0,1.0,0,129,0.4479166666666667,13.583333333333334,1.0,1.25,1.4166666666666667,1.4166666666666667,24.13711462148962,24.60889980635481,36.666666666666664,10.0
706,58.833333333333336,58.833333333333336,2,10.833333333333336,10:50,19.08841263518216,10.496561403697475,8.591851231484684,0,0,0,4,3,1,4,4,0,11,19.545454545454547,35.0,10,1.0,26.9211771641599,47.5,46.25,0,none,0,-1,-1.0,-1.0,0.0,10,1.0,1.0,1.0,0,130,0.451388888888889,13.166666666666666,1.0,1.25,1.6666666666666667,1.6666666666666667,23.8127775002775,24.346742409264696,37.708333333333336,10.0
707,58.916666666666664,58.916666666666664,2,10.916666666666664,10:54,18.87125058396051,10.292193917243164,8.579056666717346,1,0,1,1,1,0,1,1,0,11,20.90909090909091,35.0,10,1.0,25.26417305427112,40.0,55.0,0,none,0,-1,-1.0,-1.0,0.0,10,1.0,1.0,1.0,0,131,0.454861111111111,12.916666666666666,1.0,1.25,1.5,1.5,23.561154123654124,23.481496613184817,37.708333333333336,10.0
708,59.0,59.0,2,11.0,11:00,18.68081990598018,10.109481961899167,8.571337944081012,1,0,1,1,0,1,1,1,0,11,22.272727272727273,40.0,10,1.0,42.02042069986999,40.0,55.0,0,none,0,-1,-1.0,-1.0,0.0,10,1.0,1.0,1.0,0,132,0.4583333333333333,12.666666666666666,1.0,1.1666666666666667,1.4166666666666667,1.4166666666666667,23.54221472971473,24.661090250542767,37.291666666666664,10.0
709,59.083333333333336,59.083333333333336,2,11.083333333333336,11:05,18.51574100938189,9.947076716859607,8.568664292522284,1,0,1,0,0,0,0,0,0,12,25.0,45.0,10,1.0,0.0,0.0,0.0,0,none,0,-1,-1.0,-1.0,0.0,10,1.0,1.0,1.0,0,133,0.46180555555555564,12.583333333333334,1.0,1.25,1.3333333333333333,1.3333333333333333,23.446060883560886,20.982451469472768,33.541666666666664,10.0
710,59.166666666666664,59.166666666666664,2,11.166666666666664,11:09,18.374449928351616,9.803564084452127,8.57088584389949,0,0,0,2,2,0,2,2,0,10,26.0,40.0,10,1.0,35.13123541997229,50.0,52.5,0,none,0,-1,-1.0,-1.0,0.0,10,1.0,1.0,1.0,0,134,0.4652777777777777,12.583333333333334,1.0,1.25,1.25,1.25,23.404394216894218,20.885627664409984,33.81944444444444,10.0
711,59.25,59.25,2,11.25,11:15,18.25523198878499,9.677485436192194,8.577746552592794,0,0,0,2,2,0,2,1,1,8,28.125,40.0,10,1.0,31.559660199318827,42.5,57.5,0,none,0,-1,-1.0,-1.0,0.0,10,1.0,1.0,1.0,0,135,0.46875,12.25,1.0,1.0833333333333333,1.4166666666666667,1.4166666666666667,23.560644216894218,23.51559934768655,37.36111111111111,10.0
712,59.333333333333336,59.333333333333336,2,11.333333333333336,11:20,18.156256348724312,9.567356845303241,8.588899503421072,1,1,0,3,2,1,3,2,1,6,22.5,40.0,10,1.0,24.579571909954733,43.333333333333336,55.0,0,none,0,-1,-1.0,-1.0,0.0,10,1.0,1.0,1.0,0,136,0.4722222222222223,11.5,1.0,0.9166666666666666,1.6666666666666667,1.6666666666666667,23.352310883560886,25.563897006849444,40.97222222222222,10.0
713,59.416666666666664,59.416666666666664,2,11.416666666666664,11:24,18.075610964452643,9.471686921513756,8.603924042938887,1,0,1,2,1,1,2,2,0,5,16.0,30.0,10,1.0,17.986683036200354,42.5,37.5,0,none,0,-1,-1.0,-1.0,0.0,10,1.0,1.0,1.0,0,137,0.47569444444444436,10.916666666666666,1.0,1.0,1.5833333333333333,1.5833333333333333,22.671755328005332,24.50217829185051,40.06944444444445,10.0
714,59.5,59.5,2,11.5,11:30,18.011337545728793,9.388993366620257,8.622344179108536,1,0,1,0,0,0,0,0,0,6,17.5,35.0,10,1.0,0.0,0.0,0.0,0,none,0,-1,-1.0,-1.0,0.0,10,1.0,1.0,1.0,0,138,0.4791666666666667,10.333333333333334,1.0,1.0,1.5833333333333333,1.5833333333333333,21.88649891774892,24.50217829185051,40.06944444444445,10.0
715,59.583333333333336,59.583333333333336,2,11.583333333333336,11:35,17.961466079692393,9.317818359768712,8.643647719923681,1,1,0,0,0,0,0,0,0,7,19.285714285714285,40.0,10,1.0,0.0,0.0,0.0,0,none,0,-1,-1.0,-1.0,0.0,10,1.0,1.0,1.0,0,139,0.482638888888889,9.75,1.0,0.8333333333333334,1.4166666666666667,1.4166666666666667,21.678165584415584,22.263623343009954,35.486111111111114,10.0
716,59.666666666666664,59.666666666666664,2,11.666666666666664,11:39,17.924048521947235,9.25674286264822,8.667305659299014,1,0,1,3,0,3,3,2,1,5,10.0,20.0,10,1.0,19.601854196036474,40.0,45.0,0,none,0,-1,-1.0,-1.0,0.0,10,1.0,1.0,1.0,0,140,0.486111111111111,8.916666666666666,1.0,0.75,1.5833333333333333,1.5833333333333333,20.76149891774892,21.358704393256243,33.81944444444445,10.0
717,59.75,59.75,2,11.75,11:45,17.897191274787914,9.204399909759529,8.692791365028386,2,1,1,2,1,1,2,1,1,5,6.0,15.0,10,1.0,29.325456625917482,22.5,42.5,0,none,0,-1,-1.0,-1.0,0.0,10,1.0,1.0,1.0,0,141,0.4895833333333333,8.083333333333334,1.0,0.8333333333333334,1.6666666666666667,1.6666666666666667,19.428165584415584,21.03251935880843,30.694444444444446,10.0
718,59.833333333333336,59.833333333333336,2,11.833333333333336,11:50,17.879086096068907,9.1594869203623,8.719599175706607,2,1,1,3,1,2,3,2,1,4,2.5,5.0,10,1.0,29.38284134754663,15.0,43.333333333333336,0,none,0,-1,-1.0,-1.0,0.0,10,1.0,1.0,1.0,0,142,0.49305555555555564,7.5,1.0,1.0,1.5833333333333333,1.5833333333333333,18.007711038961038,21.237658040757328,27.986111111111114,10.0
719,59.916666666666664,59.916666666666664,2,11.916666666666664,11:54,17.868039107484766,9.12077703904663,8.747262068438136,3,0,3,3,2,1,3,2,1,4,1.25,5.0,10,1.0,33.32019760484783,8.333333333333334,45.0,0,none,0,-1,-1.0,-1.0,0.0,10,1.0,1.0,1.0,0,143,0.4965277777777777,6.916666666666667,1.0,1.1666666666666667,1.75,1.75,16.36945346320346,21.90899341997205,25.347222222222225,10.0
720,60.0,60.0,2,12.0,12:00,17.86249759774826,9.0871294831504,8.775368114597859,1,0,1,1,0,1,1,0,1,4,3.75,5.0,10,1.0,27.902753710804625,10.0,35.0,0,none,0,-1,-1.0,-1.0,0.0,10,1.0,1.0,1.0,0,144,0.5,6.333333333333333,1.0,1.1666666666666667,1.75,1.75,14.825892857142856,20.73252117088327,22.847222222222225,10.0
721,60.083333333333336,60.083333333333336,2,12.083333333333336,12:05,17.86107434408185,9.057498849062302,8.803575495019548,0,0,0,0,0,0,0,0,0,4,8.75,10.0,10,1.0,0.0,0.0,0.0,0,none,0,-1,-1.0,-1.0,0.0,10,1.0,1.0,1.0,0,145,0.5034722222222223,5.666666666666667,1.0,1.0833333333333333,1.75,1.75,13.47172619047619,20.73252117088327,22.847222222222225,10.0
722,60.166666666666664,60.166666666666664,2,12.166666666666664,12:09,17.86256920438291,9.030943306994764,8.831625897388147,0,0,0,1,0,1,1,0,1,3,13.333333333333334,15.0,10,1.0,23.303481722901353,15.0,40.0,0,none,0,-1,-1.0,-1.0,0.0,10,1.0,1.0,1.0,0,146,0.5069444444444443,5.083333333333333,1.0,1.0833333333333333,1.6666666666666667,1.6666666666666667,12.416170634920634,19.746875029460693,19.930555555555557,10.0
723,60.25,60.25,2,12.25,12:15,17.86598776222676,9.006631595875712,8.859356166351047,0,0,0,2,0,2,2,0,2,1,15.0,15.0,10,1.0,25.194053327695443,20.0,15.0,0,none,0,-1,-1.0,-1.0,0.0,10,1.0,1.0,1.0,0,147,0.5104166666666666,4.5,1.0,1.0833333333333333,1.6666666666666667,1.6666666666666667,11.322420634920634,19.216407790158744,18.055555555555557,10.0
724,60.333333333333336,60.333333333333336,2,12.333333333333336,12:20,17.870556837404763,8.98384871705027,8.886708120354493,1,0,1,2,0,2,2,2,0,0,0.0,0.0,10,1.0,34.502820983150336,10.0,15.0,0,none,0,-1,-1.0,-1.0,0.0,10,1.0,1.0,1.0,0,148,0.513888888888889,4.0,1.0,1.0833333333333333,1.5833333333333333,1.5833333333333333,9.447420634920634,20.043345212925043,15.277777777777779,10.0
725,60.416666666666664,60.416666666666664,2,12.416666666666664,12:24,17.87573670585183,8.962000217697103,8.913736488154726,2,1,1,2,1,1,2,2,0,0,0.0,0.0,10,1.0,29.555246876253822,0.0,12.5,0,none,0,-1,-1.0,-1.0,0.0,10,1.0,1.0,1.0,0,149,0.517361111111111,3.5833333333333335,1.0,1.1666666666666667,1.5833333333333333,1.5833333333333333,8.114087301587302,21.007392199596165,11.736111111111112,10.0
726,60.5,60.5,2,12.5,12:30,17.88122990450794,8.94061495225397,8.94061495225397,0,0,0,0,0,0,2,0,2,0,0.0,0.0,8,0.8,0.0,0.0,15.0,0,none,0,-1,-1.0,-1.0,0.0,10,1.0,1.0,1.0,0,150,0.5208333333333334,3.0833333333333335,0.9833333333333334,1.0833333333333333,1.5833333333333333,1.75,6.655753968253968,21.007392199596165,11.736111111111112,10.0
727,60.583333333333336,60.583333333333336,2,12.583333333333336,12:35,17.886986528804712,8.919346212609192,8.96764031619552,1,1,0,1,1,0,1,0,1,0,0.0,0.0,8,0.8,33.18287348445283,0.0,15.0,0,none,0,-1,-1.0,-1.0,0.0,10,1.0,1.0,1.0,0,151,0.5243055555555557,2.5,0.9666666666666667,1.0833333333333333,1.6666666666666667,1.8333333333333333,5.048611111111112,23.7726316566339,11.736111111111112,10.0
728,60.666666666666664,60.666666666666664,2,12.666666666666664,12:39,17.893205962998053,8.897971125204322,8.995234837793733,1,0,1,1,0,1,1,0,1,0,0.0,0.0,8,0.8,31.032422190751305,0.0,20.0,0,none,0,-1,-1.0,-1.0,0.0,10,1.0,1.0,1.0,0,152,0.5277777777777777,2.0833333333333335,0.9500000000000001,1.0833333333333333,1.5,1.6666666666666667,4.215277777777778,24.725178989526807,8.402777777777779,10.0
729,60.75,60.75,2,12.75,12:45,17.900335016416467,8.876388225381456,9.02394679103501,1,0,1,1,0,1,3,1,2,0,0.0,0.0,6,0.6,19.179959690625324,0.0,10.0,0,none,0,-1,-1.0,-1.0,0.0,10,1.0,1.0,1.0,0,153,0.53125,1.6666666666666667,0.9166666666666666,1.0,1.4166666666666667,1.75,3.715277777777778,23.879720911585792,6.527777777777779,10.0
730,60.833333333333336,60.833333333333336,2,12.833333333333336,12:50,17.909062471795444,8.85461313622465,9.054449335570794,2,0,2,2,0,2,1,0,1,0,0.0,0.0,7,0.7,31.788836621493985,0.0,20.0,0,none,0,-1,-1.0,-1.0,0.0,10,1.0,1.0,1.0,0,154,0.5347222222222223,1.3333333333333333,0.8916666666666666,1.0,1.3333333333333333,1.5833333333333333,3.5069444444444446,24.080220517748074,5.277777777777778,10.0
731,60.916666666666664,60.916666666666664,2,12.916666666666664,12:54,17.920310085157453,8.832772300794858,9.087537784362596,1,0,1,1,0,1,0,0,0,0,0.0,0.0,8,0.8,23.515149366957594,0.0,0.0,0,none,0,-1,-1.0,-1.0,0.0,10,1.0,1.0,1.0,0,155,0.5381944444444443,1.0,0.875,0.8333333333333334,1.1666666666666667,1.3333333333333333,3.402777777777778,23.263133164590553,4.583333333333333,10.0
732,61.0,61.0,2,13.0,13:00,17.935220110106556,8.811094743120563,9.124125366985993,0,0,0,0,0,0,0,0,0,0,0.0,0.0,8,0.8,0.0,0.0,0.0,0,none,0,-1,-1.0,-1.0,0.0,10,1.0,1.0,1.0,0,156,0.5416666666666666,0.6666666666666666,0.8583333333333334,0.75,1.0833333333333333,1.25,3.090277777777778,20.937903688690167,3.75,10.0
733,61.083333333333336,61.083333333333336,2,13.083333333333336,13:05,17.955139452865332,8.78990186470857,9.165237588156762,0,0,0,0,0,0,3,0,3,0,0.0,0.0,5,0.5,0.0,0.0,0.0,0,none,0,-1,-1.0,-1.0,0.0,10,1.0,1.0,1.0,0,157,0.545138888888889,0.3333333333333333,0.8166666666666668,0.75,1.0833333333333333,1.5,2.361111111111111,20.937903688690167,3.75,10.0
734,61.166666666666664,61.166666666666664,2,13.166666666666664,13:09,17.981600597810417,8.769595319809286,9.212005278001131,1,0,1,1,0,1,1,1,0,0,0.0,0.0,5,0.5,31.721316453143405,0.0,0.0,0,none,0,-1,-1.0,-1.0,0.0,10,1.0,1.0,1.0,0,158,0.548611111111111,0.08333333333333333,0.775,0.8333333333333334,1.0833333333333333,1.5,1.25,21.639389916210337,2.5,10.0
735,61.25,61.25,2,13.25,13:15,18.01629947657129,8.750643054272226,9.265656422299063,2,2,0,2,2,0,1,0,1,0,0.0,0.0,6,0.6,30.983153582729077,0.0,0.0,0,none,0,-1,-1.0,-1.0,0.0,10,1.0,1.0,1.0,0,159,0.5520833333333334,0.0,0.7416666666666667,1.0,1.0833333333333333,1.4166666666666667,0.0,22.12181493746314,0.8333333333333334,10.0
736,61.333333333333336,61.333333333333336,2,13.333333333333336,13:20,18.061070486838766,8.73356363948125,9.327506847357515,0,0,0,0,0,0,2,0,2,0,0.0,0.0,4,0.4,0.0,0.0,0.0,0,none,0,-1,-1.0,-1.0,0.0,10,1.0,1.0,1.0,0,160,0.5555555555555557,0.0,0.6916666666666668,0.9166666666666666,0.9166666666666666,1.4166666666666667,0.0,19.24657985553394,0.0,10.0
737,61.416666666666664,61.416666666666664,2,13.416666666666664,13:24,18.11785889975643,8.71890908425559,9.398949815500842,0,0,0,0,0,0,0,0,0,0,0.0,0.0,4,0.4,0.0,0.0,0.0,0,none,0,-1,-1.0,-1.0,0.0,10,1.0,1.0,1.0,0,161,0.5590277777777777,0.0,0.6416666666666667,0.75,0.75,1.25,0.0,16.783642615846123,0.0,10.0
738,61.5,61.5,2,13.5,13:30,18.188690926982243,8.707246363114217,9.481444563868026,0,0,0,0,0,0,1,0,1,0,0.0,0.0,3,0.3,0.0,0.0,0.0,0,none,0,-1,-1.0,-1.0,0.0,10,1.0,1.0,1.0,0,162,0.5625,0.0,0.6,0.75,0.75,1.1666666666666667,0.0,16.783642615846123,0.0,10.0
739,61.583333333333336,61.583333333333336,2,13.583333333333336,13:35,18.275641750014422,8.699137957899083,9.576503792115341,0,0,0,0,0,0,0,0,0,0,0.0,0.0,3,0.3,0.0,0.0,0.0,0,none,0,-1,-1.0,-1.0,0.0,10,1.0,1.0,1.0,0,163,0.5659722222222223,0.0,0.5583333333333333,0.6666666666666666,0.6666666666666666,1.0833333333333333,0.0,14.018403158808391,0.0,10.0
740,61.666666666666664,61.666666666666664,2,13.666666666666664,13:39,18.380801844936265,8.695121769942759,9.685680074993506,2,0,2,2,0,2,0,0,0,0,0.0,0.0,5,0.5,31.279639315117603,0.0,0.0,0,none,0,-1,-1.0,-1.0,0.0,10,1.0,1.0,1.0,0,164,0.5694444444444443,0.0,0.5333333333333333,0.75,0.75,1.0,0.0,14.039004585838915,0.0,10.0
741,61.75,61.75,2,13.75,13:45,18.506241965056223,8.69569081974589,9.810551145310333,0,0,0,0,0,0,1,0,1,0,0.0,0.0,4,0.4,0.0,0.0,0.0,0,none,0,-1,-1.0,-1.0,0.0,10,1.0,1.0,1.0,0,165,0.5729166666666666,0.0,0.5166666666666667,0.6666666666666666,0.6666666666666666,0.8333333333333334,0.0,12.440674611620139,0.0,10.0
742,61.833333333333336,61.833333333333336,2,13.833333333333336,13:50,18.653977171652162,8.701273207980098,9.952703963672064,1,1,0,1,1,0,2,2,0,0,0.0,0.0,3,0.3,21.74532322199915,0.0,0.0,0,none,0,-1,-1.0,-1.0,0.0,10,1.0,1.0,1.0,0,166,0.576388888888889,0.0,0.48333333333333334,0.5833333333333334,0.5833333333333334,0.9166666666666666,0.0,11.603715161662237,0.0,10.0
743,61.916666666666664,61.916666666666664,2,13.916666666666664,13:54,18.825930328755895,8.71221286254684,10.113717466209055,2,0,2,2,0,2,0,0,0,0,0.0,0.0,5,0.5,37.36586026004539,0.0,0.0,0,none,0,-1,-1.0,-1.0,0.0,10,1.0,1.0,1.0,0,167,0.579861111111111,0.0,0.4583333333333333,0.6666666666666666,0.6666666666666666,0.9166666666666666,0.0,12.757941069419553,0.0,10.0
744,62.0,62.0,2,14.0,14:00,19.023895501153813,8.72875163798738,10.295143863166434,2,2,0,2,2,0,0,0,0,0,0.0,0.0,7,0.7,30.212124776427036,0.0,0.0,0,none,0,-1,-1.0,-1.0,0.0,10,1.0,1.0,1.0,0,168,0.5833333333333334,0.0,0.45,0.8333333333333334,0.8333333333333334,0.9166666666666666,0.0,15.275618134121807,0.0,10.0
745,62.083333333333336,62.083333333333336,2,14.083333333333336,14:05,19.249501714982948,8.751013362054195,10.498488352928753,1,1,0,1,1,0,0,0,0,0,0.0,0.0,8,0.8,31.562177045623717,0.0,0.0,0,none,0,-1,-1.0,-1.0,0.0,10,1.0,1.0,1.0,0,169,0.5868055555555557,0.0,0.47500000000000003,0.9166666666666666,0.9166666666666666,0.6666666666666666,0.0,17.90579955459045,0.0,10.0
746,62.166666666666664,62.166666666666664,2,14.166666666666664,14:09,19.504177556859954,8.778990435911853,10.725187120948101,0,0,0,0,0,0,1,0,1,0,0.0,0.0,7,0.7,0.0,0.0,0.0,0,none,0,-1,-1.0,-1.0,0.0,10,1.0,1.0,1.0,0,170,0.5902777777777777,0.0,0.4916666666666667,0.8333333333333334,0.8333333333333334,0.6666666666666666,0.0,15.262356516828499,0.0,10.0
747,62.25,62.25,2,14.25,14:15,19.789117099729374,8.812533585538368,10.976583514191006,0,0,0,0,0,0,2,1,1,0,0.0,0.0,5,0.5,0.0,0.0,0.0,0,none,0,-1,-1.0,-1.0,0.0,10,1.0,1.0,1.0,0,171,0.59375,0.0,0.48333333333333334,0.6666666666666666,0.6666666666666666,0.75,0.0,12.680427051601077,0.0,10.0
748,62.333333333333336,62.333333333333336,2,14.333333333333336,14:20,20.10524765085704,8.851345329119534,11.253902321737508,2,0,2,2,0,2,0,0,0,0,0.0,0.0,7,0.7,34.60892965427884,0.0,0.0,0,none,0,-1,-1.0,-1.0,0.0,10,1.0,1.0,1.0,0,172,0.5972222222222223,0.0,0.5083333333333333,0.8333333333333334,0.8333333333333334,0.5833333333333334,0.0,15.564504522790978,0.0,10.0
749,62.416666666666664,62.416666666666664,2,14.416666666666664,14:24,20.453199818904228,8.894977665895407,11.55822215300882,0,0,0,0,0,0,0,0,0,0,0.0,0.0,7,0.7,0.0,0.0,0.0,0,none,0,-1,-1.0,-1.0,0.0,10,1.0,1.0,1.0,0,173,0.6006944444444443,0.0,0.5333333333333333,0.8333333333333334,0.8333333333333334,0.5833333333333334,0.0,15.564504522790978,0.0,10.0
750,62.5,62.5,2,14.5,14:30,20.833280392079033,8.942834404306268,11.890445987772763,1,1,0,1,1,0,2,1,1,0,0.0,0.0,6,0.6,31.823401441446766,0.0,0.0,0,none,0,-1,-1.0,-1.0,0.0,10,1.0,1.0,1.0,0,174,0.6041666666666666,0.0,0.5583333333333333,0.9166666666666666,0.9166666666666666,0.6666666666666666,0.0,18.216454642911543,0.0,10.0
751,62.583333333333336,62.583333333333336,2,14.583333333333336,14:35,21.245448507288465,8.994178430904247,12.251270076384218,1,1,0,1,1,0,1,1,0,0,0.0,0.0,6,0.6,31.847376071028513,0.0,0.0,0,none,0,-1,-1.0,-1.0,0.0,10,1.0,1.0,1.0,0,175,0.607638888888889,0.0,0.5833333333333334,1.0,1.0,0.75,0.0,20.870402648830588,0.0,10.0
752,62.666666666666664,62.666666666666664,2,14.666666666666664,14:39,21.68929557038578,9.048144077343084,12.641151493042695,1,0,1,1,0,1,2,1,1,0,0.0,0.0,5,0.5,36.48632135042723,0.0,0.0,0,none,0,-1,-1.0,-1.0,0.0,10,1.0,1.0,1.0,0,176,0.611111111111111,0.0,0.5833333333333334,0.9166666666666666,0.9166666666666666,0.9166666666666666,0.0,21.30429281843972,0.0,10.0
753,62.75,62.75,2,14.75,14:45,22.164029359491966,9.103754573509828,13.060274785982138,2,1,1,2,1,1,0,0,0,0,0.0,0.0,7,0.7,23.021296044692164,0.0,0.0,0,none,0,-1,-1.0,-1.0,0.0,10,1.0,1.0,1.0,0,177,0.6145833333333334,0.0,0.6083333333333333,1.0833333333333333,1.0833333333333333,0.8333333333333334,0.0,23.222734155497402,0.0,10.0
754,62.833333333333336,62.833333333333336,2,14.833333333333336,14:50,22.668462706575408,9.159944384996713,13.508518321578695,2,2,0,2,2,0,0,0,0,0,0.0,0.0,9,0.9,21.17806626031989,0.0,0.0,0,none,0,-1,-1.0,-1.0,0.0,10,1.0,1.0,1.0,0,178,0.6180555555555557,0.0,0.6583333333333333,1.1666666666666667,1.1666666666666667,0.6666666666666666,0.0,23.175462742024127,0.0,10.0
755,62.916666666666664,62.916666666666664,2,14.916666666666664,14:54,23.201007106769815,9.215586028918846,13.985421077850969,2,1,1,2,1,1,1,0,1,0,0.0,0.0,10,1.0,27.949183691547347,0.0,0.0,0,none,0,-1,-1.0,-1.0,0.0,10,1.0,1.0,1.0,0,179,0.6215277777777777,0.0,0.7000000000000001,1.1666666666666667,1.1666666666666667,0.75,0.0,22.390739694649287,0.0,10.0
756,63.0,63.0,2,15.0,15:00,23.759671550263715,9.26952075156188,14.490150798701835,0,0,0,0,0,0,1,0,1,0,0.0,0.0,9,0.9,0.0,0.0,0.0,0,none,0,-1,-1.0,-1.0,0.0,10,1.0,1.0,1.0,0,180,0.625,0.0,0.7166666666666667,1.0,1.0,0.8333333333333334,0.0,19.87306262994704,0.0,10.0
757,63.083333333333336,63.083333333333336,2,15.083333333333336,15:05,24.34206680820536,9.320592243964095,15.021474564241263,1,0,1,1,0,1,2,2,0,0,0.0,0.0,8,0.8,27.575721995402645,0.0,0.0,0,none,0,-1,-1.0,-1.0,0.0,10,1.0,1.0,1.0,0,181,0.6284722222222223,0.0,0.7166666666666667,1.0,1.0,1.0,0.0,19.540858042428614,0.0,10.0
758,63.166666666666664,63.166666666666664,2,15.166666666666664,15:09,24.945415332384425,9.367682377874381,15.577732954510044,0,0,0,0,0,0,2,2,0,0,0.0,0.0,6,0.6,0.0,0.0,0.0,0,none,0,-1,-1.0,-1.0,0.0,10,1.0,1.0,1.0,0,182,0.6319444444444443,0.0,0.7083333333333334,1.0,1.0,1.0833333333333333,0.0,19.540858042428614,0.0,10.0
759,63.25,63.25,2,15.25,15:15,25.566566849190355,9.409747775764568,16.156819073425787,3,1,2,3,1,2,2,1,1,0,0.0,0.0,7,0.7,34.562148590170146,0.0,0.0,0,none,0,-1,-1.0,-1.0,0.0,10,1.0,1.0,1.0,0,183,0.6354166666666666,0.0,0.725,1.25,1.25,1.0833333333333333,0.0,22.421037091609463,0.0,10.0
760,63.333333333333336,63.333333333333336,2,15.333333333333336,15:20,26.202019642504617,9.44585589590243,16.756163746602187,1,1,0,1,1,0,1,0,1,0,0.0,0.0,7,0.7,48.60608170985449,0.0,0.0,0,none,0,-1,-1.0,-1.0,0.0,10,1.0,1.0,1.0,0,184,0.638888888888889,0.0,0.7250000000000001,1.1666666666666667,1.1666666666666667,1.1666666666666667,0.0,23.587466429574096,0.0,10.0
761,63.416666666666664,63.416666666666664,2,15.416666666666664,15:24,26.847947429031734,9.475219227424237,17.372728201607497,1,0,1,1,0,1,2,1,1,0,0.0,0.0,6,0.6,38.13062814889098,0.0,0.0,0,none,0,-1,-1.0,-1.0,0.0,10,1.0,1.0,1.0,0,185,0.642361111111111,0.0,0.7166666666666667,1.25,1.25,1.3333333333333333,0.0,26.765018775315013,0.0,10.0
762,63.5,63.5,2,15.5,15:30,27.500231634640805,9.497226159997263,18.003005474643544,0,0,0,0,0,0,0,0,0,0,0.0,0.0,6,0.6,0.0,0.0,0.0,0,none,0,-1,-1.0,-1.0,0.0,10,1.0,1.0,1.0,0,186,0.6458333333333334,0.0,0.7166666666666667,1.1666666666666667,1.1666666666666667,1.1666666666666667,0.0,24.11306865519445,0.0,10.0
763,63.583333333333336,63.583333333333336,2,15.583333333333336,15:35,28.154498783354047,9.511467125030162,18.643031658323885,2,0,2,2,0,2,1,0,1,0,0.0,0.0,7,0.7,26.118774918283926,0.0,0.0,0,none,0,-1,-1.0,-1.0,0.0,10,1.0,1.0,1.0,0,187,0.6493055555555557,0.0,0.725,1.25,1.25,1.1666666666666667,0.0,23.635685225799065,0.0,10.0
764,63.666666666666664,63.666666666666664,2,15.666666666666664,15:39,28.80616261366367,9.517754704692791,19.28840790897088,3,3,0,3,3,0,0,0,0,0,0.0,0.0,10,1.0,37.9090537651098,0.0,0.0,0,none,0,-1,-1.0,-1.0,0.0,10,1.0,1.0,1.0,0,188,0.6527777777777777,0.0,0.7666666666666666,1.4166666666666667,1.4166666666666667,1.0,0.0,23.754246260355952,0.0,10.0
765,63.75,63.75,2,15.75,15:45,29.450470442021608,9.516136572142347,19.93433386987926,2,0,2,0,0,0,0,0,0,2,0.0,0.0,10,1.0,0.0,0.0,0.0,0,none,0,-1,-1.0,-1.0,0.0,10,1.0,1.0,1.0,0,189,0.65625,0.16666666666666666,0.7916666666666666,1.4166666666666667,1.25,1.0,0.0,21.83580492329827,0.0,10.0
766,63.833333333333336,63.833333333333336,2,15.833333333333336,15:50,30.082553202885293,9.506900358507847,20.575652844377444,1,0,1,1,0,1,1,0,1,2,2.5,5.0,10,1.0,36.09210755094636,5.0,0.0,0,none,0,-1,-1.0,-1.0,0.0,10,1.0,1.0,1.0,0,190,0.6597222222222223,0.3333333333333333,0.7999999999999999,1.3333333333333333,1.1666666666666667,1.0833333333333333,0.20833333333333334,23.078641697517142,0.4166666666666667,10.0
767,63.916666666666664,63.916666666666664,2,15.916666666666664,15:54,30.69747851091476,9.490569832664995,21.206908678249764,3,1,2,2,0,2,2,1,1,3,0.0,0.0,10,1.0,31.12928660099343,7.5,0.0,0,none,0,-1,-1.0,-1.0,0.0,10,1.0,1.0,1.0,0,191,0.6631944444444443,0.5833333333333334,0.7999999999999999,1.4166666666666667,1.1666666666666667,1.1666666666666667,0.20833333333333334,23.343650273304316,1.0416666666666667,10.0
768,64.0,64.0,2,16.0,16:00,31.290306016074027,9.467892118126867,21.822413897947158,4,1,3,1,1,0,1,0,1,6,1.6666666666666667,5.0,10,1.0,25.608762348293446,5.0,0.0,0,none,0,-1,-1.0,-1.0,0.0,10,1.0,1.0,1.0,0,192,0.6666666666666666,1.0833333333333333,0.8083333333333332,1.75,1.25,1.1666666666666667,0.34722222222222227,25.47771380232877,1.4583333333333333,10.0
769,64.08333333333333,64.08333333333333,2,16.08333333333333,16:04,31.85614425867985,9.43981604348049,22.41632821519936,1,1,0,1,0,1,1,0,1,6,5.0,10.0,10,1.0,30.09378848943243,10.0,0.0,0,none,0,-1,-1.0,-1.0,0.0,10,1.0,1.0,1.0,0,193,0.6701388888888887,1.5833333333333333,0.8249999999999998,1.75,1.25,1.0833333333333333,0.763888888888889,25.68755267683125,2.2916666666666665,10.0
770,64.16666666666667,64.16666666666667,2,16.16666666666667,16:10,32.390208180879924,9.407462111807149,22.98274606907277,1,0,1,3,0,3,3,1,2,4,6.25,10.0,10,1.0,31.4367573593662,11.666666666666666,3.3333333333333335,0,none,0,-1,-1.0,-1.0,0.0,10,1.0,1.0,1.0,0,194,0.6736111111111113,1.9166666666666667,0.8583333333333333,1.8333333333333333,1.5,1.1666666666666667,1.2847222222222223,28.307282456778434,3.263888888888889,10.0
771,64.25,64.25,2,16.25,16:15,32.88787641539791,9.372084961443933,23.515791453953977,0,0,0,0,0,0,0,0,0,4,11.25,15.0,10,1.0,0.0,0.0,0.0,0,none,0,-1,-1.0,-1.0,0.0,10,1.0,1.0,1.0,0,195,0.6770833333333334,2.25,0.8833333333333333,1.5833333333333333,1.25,1.0,2.2222222222222223,25.42710340759759,3.263888888888889,10.0
772,64.33333333333333,64.33333333333333,2,16.33333333333333,16:19,33.34474745313813,9.33502955522322,24.009717897914914,3,1,2,3,2,1,3,3,0,4,2.5,10.0,10,1.0,21.880976155461408,18.333333333333332,0.0,0,none,0,-1,-1.0,-1.0,0.0,10,1.0,1.0,1.0,0,196,0.6805555555555554,2.5833333333333335,0.9083333333333332,1.75,1.4166666666666667,1.1666666666666667,2.430555555555556,23.20001127806483,4.791666666666667,10.0
773,64.41666666666667,64.41666666666667,2,16.41666666666667,16:25,33.75669378948213,9.297682658011649,24.45901113147048,1,0,1,0,0,0,0,0,0,5,6.0,15.0,10,1.0,0.0,0.0,0.0,0,none,0,-1,-1.0,-1.0,0.0,10,1.0,1.0,1.0,0,197,0.684027777777778,3.0,0.9416666666666665,1.75,1.3333333333333333,1.0,2.930555555555556,20.022458932323918,4.791666666666667,10.0
774,64.5,64.5,2,16.5,16:30,34.11991316553358,9.26142142433202,24.85849174120156,4,1,3,2,1,1,2,1,1,7,3.5714285714285716,10.0,10,1.0,27.432141887971056,15.0,5.0,0,none,0,-1,-1.0,-1.0,0.0,10,1.0,1.0,1.0,0,198,0.6875,3.5833333333333335,0.975,2.0833333333333335,1.5,1.1666666666666667,3.2281746031746033,22.30847075632151,6.041666666666667,10.0
775,64.58333333333333,64.58333333333333,2,16.58333333333333,16:34,34.430976055390865,9.227561102995125,25.20341495239574,0,0,0,2,0,2,2,0,2,5,6.0,10.0,10,1.0,34.393355934446774,15.0,15.0,0,none,0,-1,-1.0,-1.0,0.0,10,1.0,1.0,1.0,0,199,0.690972222222222,4.0,1.0,1.9166666666666667,1.5,1.25,3.7281746031746033,22.998019174335074,7.291666666666667,10.0
776,64.66666666666667,64.66666666666667,2,16.66666666666667,16:40,34.6868686034954,9.19730396153598,25.489564641959415,0,0,0,3,0,3,3,1,2,2,10.0,10.0,10,1.0,29.249318280738226,11.666666666666666,11.666666666666666,0,none,0,-1,-1.0,-1.0,0.0,10,1.0,1.0,1.0,0,200,0.6944444444444446,4.166666666666667,1.0,1.6666666666666667,1.5,1.5,4.561507936507937,22.276374550637442,8.26388888888889,10.0
777,64.75,64.75,2,16.75,16:45,34.88503028647547,9.171691531932606,25.713338754542864,0,0,0,1,0,1,1,0,1,1,15.0,15.0,10,1.0,31.855678647338966,15.0,5.0,0,none,0,-1,-1.0,-1.0,0.0,10,1.0,1.0,1.0,0,201,0.6979166666666666,4.083333333333333,1.0,1.5,1.5833333333333333,1.5833333333333333,5.811507936507937,24.931014437915692,9.51388888888889,10.0
778,64.83333333333333,64.83333333333333,2,16.83333333333333,16:49,35.02338566044036,9.15156217788235,25.87182348255801,0,0,0,0,0,0,0,0,0,1,20.0,20.0,10,1.0,0.0,0.0,0.0,0,none,0,-1,-1.0,-1.0,0.0,10,1.0,1.0,1.0,0,202,0.7013888888888887,4.0,1.0,1.4166666666666667,1.5,1.5,7.26984126984127,21.923338808670163,9.097222222222223,10.0
779,64.91666666666667,64.91666666666667,2,16.91666666666667,16:55,35.10036965568598,9.13751578565321,25.962853870032774,1,0,1,2,1,1,3,1,2,0,0.0,0.0,9,0.9,22.094655742143562,12.5,18.333333333333332,0,none,0,-1,-1.0,-1.0,0.0,10,1.0,1.0,1.0,0,203,0.7048611111111113,3.75,0.9916666666666667,1.25,1.5,1.5833333333333333,7.26984126984127,21.170452903766005,9.51388888888889,10.0
780,65.0,65.0,2,17.0,17:00,35.11494599413609,9.129887093561539,25.985058900574554,4,1,3,0,0,0,0,0,0,4,0.0,0.0,9,1.8,0.0,0.0,0.0,1,capacity_drop,1,2,17.0,19.0,120.0,5,1.0,1.0,1.0,1,204,0.7083333333333334,3.5833333333333335,1.0583333333333333,1.25,1.4166666666666667,1.5,7.1309523809523805,19.03638937474155,9.097222222222223,9.583333333333334
781,65.08333333333333,65.08333333333333,2,17.08333333333333,17:04,35.06661842807187,9.128728812929904,25.937889615141966,3,1,2,0,0,0,3,1,2,7,2.857142857142857,5.0,6,1.2,0.0,0.0,11.666666666666666,1,capacity_drop,1,2,17.0,19.0,115.0,5,1.0,1.0,1.0,1,205,0.7118055555555554,3.6666666666666665,1.075,1.4166666666666667,1.3333333333333333,1.6666666666666667,6.9523809523809526,16.52857366728885,8.26388888888889,9.166666666666666
782,65.16666666666667,65.16666666666667,2,17.16666666666667,17:10,34.955434629012665,9.13380527382459,25.821629355188072,4,1,3,0,0,0,1,0,1,11,5.0,10.0,5,1.0,0.0,0.0,10.0,1,capacity_drop,1,2,17.0,19.0,110.0,5,1.0,1.0,1.0,1,206,0.715277777777778,4.25,1.075,1.6666666666666667,1.0833333333333333,1.5,6.848214285714286,13.908843887341666,7.291666666666667,8.75
783,65.25,65.25,2,17.25,17:15,34.78198268999153,9.144596873207066,25.637385816784462,0,0,0,1,1,0,1,0,1,10,9.5,15.0,5,1.0,26.856940596940635,15.0,15.0,1,capacity_drop,1,2,17.0,19.0,105.0,5,1.0,1.0,1.0,1,207,0.71875,4.75,1.075,1.6666666666666667,1.1666666666666667,1.5833333333333333,6.7023809523809526,16.146922270420053,8.541666666666666,8.333333333333334
784,65.33333333333333,65.33333333333333,2,17.33333333333333,17:19,34.547380339773454,9.160315134711709,25.387065205061745,1,0,1,4,1,3,4,1,3,7,10.0,15.0,5,1.0,25.7803715049758,18.75,13.75,1,capacity_drop,1,2,17.0,19.0,100.0,5,1.0,1.0,1.0,1,208,0.722222222222222,5.0,1.075,1.5,1.25,1.6666666666666667,7.3273809523809526,16.471871882879583,8.576388888888888,7.916666666666667
785,65.41666666666667,65.41666666666667,2,17.41666666666667,17:25,34.253257100603676,9.179927732138497,25.073329368465178,0,0,0,0,0,0,0,0,0,7,15.0,20.0,5,1.0,0.0,0.0,0.0,1,capacity_drop,1,2,17.0,19.0,95.0,5,1.0,1.0,1.0,1,209,0.7256944444444446,5.166666666666667,1.075,1.4166666666666667,1.25,1.6666666666666667,8.077380952380953,16.471871882879583,8.576388888888888,7.5
786,65.5,65.5,2,17.5,17:30,33.90172974870734,9.202192406228747,24.699537342478592,3,0,3,0,0,0,0,0,0,10,14.0,25.0,5,1.0,0.0,0.0,0.0,1,capacity_drop,1,2,17.0,19.0,90.0,5,1.0,1.0,1.0,1,210,0.7291666666666666,5.416666666666667,1.075,1.3333333333333333,1.0833333333333333,1.5,8.946428571428571,14.185860058881994,7.326388888888888,7.083333333333333
787,65.58333333333333,65.58333333333333,2,17.58333333333333,17:34,33.495371555993486,9.22569833752863,24.269673218464856,1,0,1,0,0,0,0,0,0,11,17.272727272727273,30.0,5,1.0,0.0,0.0,0.0,1,capacity_drop,1,2,17.0,19.0,85.0,5,1.0,1.0,1.0,1,211,0.7326388888888887,5.916666666666667,1.075,1.4166666666666667,0.9166666666666666,1.3333333333333333,9.88582251082251,11.319747064344766,6.076388888888888,6.666666666666667
788,65.66666666666667,65.66666666666667,2,17.66666666666667,17:40,33.03717589948518,9.248913244897913,23.788262654587264,5,2,3,0,0,0,0,0,0,16,15.3125,35.0,5,1.0,0.0,0.0,0.0,1,capacity_drop,1,2,17.0,19.0,80.0,5,1.0,1.0,1.0,1,212,0.7361111111111113,7.083333333333333,1.075,1.8333333333333333,0.6666666666666666,1.0833333333333333,10.328530844155845,8.882303874283247,5.104166666666667,6.25
789,65.75,65.75,2,17.75,17:45,32.53051491944552,9.27023427284599,23.260280646599533,2,0,2,2,0,2,2,1,1,16,15.3125,35.0,5,1.0,15.0,40.0,17.5,1,capacity_drop,1,2,17.0,19.0,75.0,5,1.0,1.0,1.0,1,213,0.7395833333333334,8.333333333333334,1.075,2.0,0.75,1.1666666666666667,10.35457251082251,7.477663987004999,7.1875,5.833333333333333
790,65.83333333333333,65.83333333333333,2,17.83333333333333,17:49,31.979093985931655,9.288040619622178,22.691053366309475,1,1,0,3,0,3,3,1,2,14,14.642857142857142,40.0,5,1.0,31.291724754998217,40.0,18.333333333333332,1,capacity_drop,1,2,17.0,19.0,70.0,5,1.0,1.0,1.0,1,214,0.7430555555555554,9.416666666666666,1.075,2.0833333333333335,1.0,1.4166666666666667,9.90814393939394,10.085307716588185,10.520833333333334,5.416666666666667
791,65.91666666666667,65.91666666666667,2,17.91666666666667,17:55,31.386902794955155,9.300745844635307,22.086156950319847,2,0,2,0,0,0,0,0,0,16,17.1875,45.0,5,1.0,0.0,0.0,0.0,1,capacity_drop,1,2,17.0,19.0,65.0,5,1.0,1.0,1.0,1,215,0.746527777777778,10.75,1.0833333333333333,2.1666666666666665,0.8333333333333334,1.1666666666666667,11.340435606060607,8.244086404742887,9.479166666666666,5.0
792,66.0,66.0,2,18.0,18:00,30.758163958405603,9.306847875653567,21.451316082752037,1,1,0,2,1,1,2,0,2,15,17.666666666666668,30.0,5,1.0,24.263033115932384,45.0,40.0,1,capacity_drop,1,2,17.0,19.0,60.0,5,1.0,1.0,1.0,1,216,0.75,11.666666666666666,1.0166666666666666,1.9166666666666667,1.0,1.3333333333333333,12.812657828282829,10.266005831070586,13.229166666666666,5.0
793,66.08333333333333,66.08333333333333,2,18.08333333333333,18:04,30.09727997576594,9.304974905556126,20.792305070209814,3,0,3,0,0,0,0,0,0,18,18.88888888888889,35.0,5,1.0,0.0,0.0,0.0,1,capacity_drop,1,2,17.0,19.0,55.0,5,1.0,1.0,1.0,1,217,0.753472222222222,12.583333333333334,1.0,1.9166666666666667,1.0,1.0833333333333333,14.148636664261664,10.266005831070586,13.229166666666666,5.0
794,66.16666666666667,66.16666666666667,2,18.16666666666667,18:10,29.408779480295305,9.293925612955572,20.114853867339733,1,0,1,0,0,0,0,0,0,19,22.63157894736842,40.0,5,1.0,0.0,0.0,0.0,1,capacity_drop,1,2,17.0,19.0,50.0,5,1.0,1.0,1.0,1,218,0.7569444444444446,13.25,1.0,1.6666666666666667,1.0,1.0,15.6179349098757,10.266005831070586,13.229166666666666,5.0
795,66.25,66.25,2,18.25,18:15,28.697263638153192,9.272702445050424,19.424561193102768,1,0,1,1,0,1,1,0,1,19,25.263157894736842,45.0,5,1.0,21.577797668625934,45.0,40.0,1,capacity_drop,1,2,17.0,19.0,45.0,5,1.0,1.0,1.0,1,219,0.7604166666666666,14.0,1.0,1.75,1.0,1.0,16.93153140110377,9.826077253711029,15.729166666666666,5.0
796,66.33333333333333,66.33333333333333,2,18.33333333333333,18:19,27.967353546769104,9.240537046453097,18.72681650031601,1,1,0,1,0,1,1,1,0,19,27.63157894736842,50.0,5,1.0,37.94040717438763,50.0,50.0,1,capacity_drop,1,2,17.0,19.0,40.0,5,1.0,1.0,1.0,1,220,0.7638888888888887,15.0,1.0,1.75,0.75,0.75,18.400829646717806,10.839413559495346,18.333333333333332,5.0
797,66.41666666666667,66.41666666666667,2,18.41666666666667,18:25,27.223639429946434,9.196907285107596,18.02673214483884,2,1,1,1,0,1,1,0,1,20,28.25,50.0,5,1.0,38.850499407920076,55.0,40.0,1,capacity_drop,1,2,17.0,19.0,35.0,5,1.0,1.0,1.0,1,221,0.7673611111111113,16.083333333333332,1.0,1.9166666666666667,0.8333333333333334,0.8333333333333334,19.50499631338447,14.07695517682202,22.916666666666668,5.0
798,66.5,66.5,2,18.5,18:30,26.47063236343379,9.14154569638572,17.32908666704807,0,0,0,0,0,0,0,0,0,20,33.25,55.0,5,1.0,0.0,0.0,0.0,1,capacity_drop,1,2,17.0,19.0,30.0,5,1.0,1.0,1.0,1,222,0.7708333333333334,16.916666666666668,1.0,1.6666666666666667,0.8333333333333334,0.8333333333333334,21.10916298005114,14.07695517682202,22.916666666666668,5.0
799,66.58333333333333,66.58333333333333,2,18.58333333333333,18:34,25.712719188060834,9.074439520771787,16.638279667289048,0,0,0,2,0,2,2,0,2,18,36.111111111111114,55.0,5,1.0,26.88617278351709,57.5,40.0,1,capacity_drop,1,2,17.0,19.0,25.0,5,1.0,1.0,1.0,1,223,0.7743055555555554,17.5,1.0,1.5833333333333333,1.0,1.0,22.679028299916457,16.317469575448445,27.708333333333332,5.0
800,66.66666666666667,66.66666666666667,2,18.66666666666667,18:40,24.954121180330578,8.995822833054303,15.958298347276274,2,0,2,1,1,0,1,0,1,19,35.78947368421053,60.0,5,1.0,25.474768315675142,60.0,45.0,1,capacity_drop,1,2,17.0,19.0,20.0,5,1.0,1.0,1.0,1,224,0.777777777777778,17.75,1.0,1.3333333333333333,1.0833333333333333,1.0833333333333333,24.38544277360067,18.44036693508804,32.708333333333336,5.0
801,66.75,66.75,2,18.75,18:45,24.198856955072106,8.90616153835985,15.292695416712256,2,0,2,0,0,0,0,0,0,21,36.904761904761905,65.0,5,1.0,0.0,0.0,0.0,1,capacity_drop,1,2,17.0,19.0,15.0,5,1.0,1.0,1.0,1,225,0.78125,18.166666666666668,1.0,1.3333333333333333,0.9166666666666666,0.9166666666666666,26.184797932330827,17.19036693508804,29.375,5.0
802,66.83333333333333,66.83333333333333,2,18.83333333333333,18:49,23.45070997399877,8.806132232833592,14.644577741165175,1,0,1,1,1,0,1,0,1,21,38.57142857142857,70.0,5,1.0,34.86449728536061,70.0,60.0,1,capacity_drop,1,2,17.0,19.0,10.0,5,1.0,1.0,1.0,1,226,0.784722222222222,18.75,1.0,1.3333333333333333,0.75,0.75,28.178845551378448,17.488097979284905,31.875,5.0
803,66.91666666666667,66.91666666666667,2,18.91666666666667,18:55,22.713200930414057,8.69659608814215,14.016604842271908,2,1,1,0,0,0,0,0,0,23,39.78260869565217,75.0,5,1.0,0.0,0.0,0.0,1,capacity_drop,1,2,17.0,19.0,5.0,5,1.0,1.0,1.0,1,227,0.7881944444444446,19.333333333333332,1.0,1.3333333333333333,0.75,0.75,30.06177127601613,17.488097979284905,31.875,5.0
804,67.0,67.0,2,19.0,19:00,21.989565176425764,8.57856901683194,13.410996159593822,1,0,1,6,1,5,1,0,1,18,32.5,65.0,10,1.0,25.803124189428047,74.16666666666667,50.0,0,none,0,-1,-1.0,-1.0,0.0,10,1.0,1.0,1.0,0,228,0.7916666666666666,19.583333333333332,1.0,1.3333333333333333,1.0833333333333333,0.6666666666666666,31.297882387127242,17.61643890207621,34.30555555555556,5.416666666666667
805,67.08333333333333,67.08333333333333,2,19.08333333333333,19:04,21.282735257331566,8.453189411037275,12.829545846294291,0,0,0,1,0,1,1,0,1,17,35.588235294117645,65.0,10,1.0,19.772284834685074,70.0,55.0,0,none,0,-1,-1.0,-1.0,0.0,10,1.0,1.0,1.0,0,229,0.7951388888888887,19.5,1.0,1.0833333333333333,1.1666666666666667,0.75,32.68949458756297,19.264129304966634,40.13888888888889,5.833333333333333
806,67.16666666666667,67.16666666666667,2,19.16666666666667,19:10,20.59532852059015,8.321684724343893,12.273643796246258,1,1,0,1,1,0,1,1,0,17,36.470588235294116,65.0,10,1.0,29.07818793544979,70.0,60.0,0,none,0,-1,-1.0,-1.0,0.0,10,1.0,1.0,1.0,0,230,0.7986111111111113,19.333333333333332,1.0,1.0833333333333333,1.25,0.8333333333333334,33.84274536155678,21.687311632920785,45.97222222222222,6.25
807,67.25,67.25,2,19.25,19:15,19.9296396760039,8.185338092596583,11.744301583407319,0,0,0,1,0,1,1,0,1,16,39.6875,70.0,10,1.0,21.455859065247274,70.0,55.0,0,none,0,-1,-1.0,-1.0,0.0,10,1.0,1.0,1.0,0,231,0.8020833333333334,19.083333333333332,1.0,1.0,1.25,0.8333333333333334,35.044773870328704,21.67715008263923,48.05555555555555,6.666666666666667
808,67.33333333333333,67.33333333333333,2,19.33333333333333,19:19,19.287638101157853,8.045456072839661,11.242182028318194,3,0,3,0,0,0,0,0,0,19,37.63157894736842,75.0,10,1.0,0.0,0.0,0.0,0,none,0,-1,-1.0,-1.0,0.0,10,1.0,1.0,1.0,0,232,0.8055555555555554,19.083333333333332,1.0,1.1666666666666667,1.1666666666666667,0.75,35.87810720366204,18.51544948477359,43.888888888888886,7.083333333333333
809,67.41666666666667,67.41666666666667,2,19.41666666666667,19:25,18.67096961320062,7.903338430365595,10.767631182835023,1,0,1,5,1,4,5,2,3,15,29.333333333333332,60.0,10,1.0,24.834820864902102,74.0,71.0,0,none,0,-1,-1.0,-1.0,0.0,10,1.0,1.0,1.0,0,233,0.809027777777778,18.666666666666668,1.0,1.0833333333333333,1.5,1.0833333333333333,35.96838498143982,17.347476272855427,45.47222222222222,7.5
810,67.5,67.5,2,19.5,19:30,18.080962365783023,7.760250732515361,10.320711633267662,0,0,0,2,1,1,2,0,2,13,29.615384615384617,50.0,10,1.0,34.50691142524201,65.0,77.5,0,none,0,-1,-1.0,-1.0,0.0,10,1.0,1.0,1.0,0,234,0.8125,18.083333333333332,1.0,1.0833333333333333,1.6666666666666667,1.25,35.665500366055205,20.22305222495893,50.888888888888886,7.916666666666667
811,67.58333333333333,67.58333333333333,2,19.58333333333333,19:34,17.51863647912628,7.617400324809069,9.90123615431721,0,0,0,1,0,1,1,0,1,12,32.916666666666664,55.0,10,1.0,24.101511360925883,55.0,75.0,0,none,0,-1,-1.0,-1.0,0.0,10,1.0,1.0,1.0,0,235,0.815972222222222,17.583333333333332,1.0,1.0833333333333333,1.5833333333333333,1.1666666666666667,35.399296662351496,19.99099710640966,50.68055555555555,8.333333333333334
812,67.66666666666667,67.66666666666667,2,19.66666666666667,19:40,16.98471697215285,7.47591607989679,9.50880089225606,0,0,0,2,0,2,2,1,1,10,34.0,55.0,10,1.0,29.86672918754156,57.5,70.0,0,none,0,-1,-1.0,-1.0,0.0,10,1.0,1.0,1.0,0,236,0.8194444444444446,16.833333333333332,1.0,0.9166666666666666,1.6666666666666667,1.25,35.250173855333955,20.356993845731864,50.47222222222222,8.75
813,67.75,67.75,2,19.75,19:45,16.479649538420226,7.336832131294739,9.142817407125486,0,0,0,1,0,1,1,0,1,9,36.666666666666664,55.0,10,1.0,21.343361989782025,60.0,80.0,0,none,0,-1,-1.0,-1.0,0.0,10,1.0,1.0,1.0,0,237,0.8229166666666666,15.833333333333334,1.0,0.75,1.75,1.3333333333333333,35.23033258549268,22.135607344880366,55.47222222222222,9.166666666666666
814,67.83333333333333,67.83333333333333,2,19.83333333333333,19:49,16.003618691996373,7.201075639059804,8.80254305293657,1,0,1,1,0,1,1,0,1,9,35.0,55.0,10,1.0,26.296934273861083,60.0,75.0,0,none,0,-1,-1.0,-1.0,0.0,10,1.0,1.0,1.0,0,238,0.8263888888888887,14.833333333333334,1.0,0.75,1.75,1.3333333333333333,34.93271353787363,21.421643760588736,54.638888888888886,9.583333333333334
815,67.91666666666667,67.91666666666667,2,19.91666666666667,19:55,15.556567804863029,7.069458488968,8.487109315895028,1,0,1,3,1,2,3,1,2,7,26.428571428571427,45.0,10,1.0,33.12280960599107,58.333333333333336,71.66666666666667,0,none,0,-1,-1.0,-1.0,0.0,10,1.0,1.0,1.0,0,239,0.8298611111111113,13.5,1.0,0.6666666666666666,2.0,1.5833333333333333,33.819877098950236,24.18187789442133,59.5,10.0
816,68.0,68.0,2,20.0,20:00,15.138220563138113,6.942672704205335,8.195547858932777,0,0,0,1,1,0,1,0,1,6,28.333333333333332,40.0,10,1.0,15.0,50.0,55.0,0,none,0,-1,-1.0,-1.0,0.0,10,1.0,1.0,1.0,0,240,0.8333333333333334,12.5,1.0,0.5833333333333334,1.5833333333333333,1.5833333333333333,33.472654876728015,23.281617545302325,57.486111111111114,10.0
817,68.08333333333333,68.08333333333333,2,20.08333333333333,20:04,14.748103384393737,6.821289251199006,7.926814133194732,0,0,0,2,0,2,2,0,2,4,27.5,45.0,10,1.0,27.54242507564208,45.0,62.5,0,none,0,-1,-1.0,-1.0,0.0,10,1.0,1.0,1.0,0,241,0.8368055555555554,11.416666666666666,1.0,0.5833333333333334,1.6666666666666667,1.6666666666666667,32.79863526888488,23.92912923204874,55.40277777777778,10.0
818,68.16666666666667,68.16666666666667,2,20.16666666666667,20:10,14.385568361469616,6.7057598496256885,7.679808511843927,2,2,0,2,0,2,2,1,1,4,8.75,20.0,10,1.0,20.746896323433496,47.5,62.5,0,none,0,-1,-1.0,-1.0,0.0,10,1.0,1.0,1.0,0,242,0.840277777777778,10.333333333333334,1.0,0.6666666666666666,1.75,1.75,30.488586249277034,23.23485493104738,53.52777777777778,10.0
819,68.25,68.25,2,20.25,20:15,14.04981632818525,6.596421350111682,7.453394978073567,1,1,0,2,0,2,2,1,1,3,3.3333333333333335,5.0,10,1.0,41.35968424655141,22.5,52.5,0,none,0,-1,-1.0,-1.0,0.0,10,1.0,1.0,1.0,0,243,0.84375,9.25,1.0,0.75,1.8333333333333333,1.8333333333333333,27.45907236038815,24.893507029489395,49.56944444444445,10.0
820,68.33333333333333,68.33333333333333,2,20.33333333333333,20:19,13.739919677927592,6.49350221988646,7.246417458041132,2,0,2,1,1,0,1,0,1,4,3.75,10.0,10,1.0,39.24868832832941,10.0,60.0,0,none,0,-1,-1.0,-1.0,0.0,10,1.0,1.0,1.0,0,244,0.847222222222222,8.0,1.0,0.6666666666666666,1.9166666666666667,1.9166666666666667,24.63560744810745,28.16423105685018,50.40277777777778,10.0
821,68.41666666666667,68.41666666666667,2,20.41666666666667,20:25,13.45484460589287,6.397130674047494,7.057713931845375,1,0,1,1,1,0,1,0,1,4,5.0,10.0,10,1.0,39.50853904767631,15.0,55.0,0,none,0,-1,-1.0,-1.0,0.0,10,1.0,1.0,1.0,0,245,0.8506944444444446,7.083333333333333,1.0,0.6666666666666666,1.5833333333333333,1.5833333333333333,22.607829670329675,29.387040905414693,45.486111111111114,10.0
822,68.5,68.5,2,20.5,20:30,13.193472488465396,6.3073440049750635,6.8861284834903325,0,0,0,3,1,2,3,1,2,1,5.0,5.0,10,1.0,41.22797439064919,11.666666666666666,50.0,0,none,0,-1,-1.0,-1.0,0.0,10,1.0,1.0,1.0,0,246,0.8541666666666666,6.083333333333333,1.0,0.6666666666666666,1.6666666666666667,1.6666666666666667,20.556547619047617,29.94712948586529,41.041666666666664,10.0
823,68.58333333333333,68.58333333333333,2,20.58333333333333,20:34,12.954620157558606,6.224098691349161,6.730521466209446,2,1,1,2,0,2,2,0,2,1,0.0,0.0,10,1.0,28.951847195370604,5.0,55.0,0,none,0,-1,-1.0,-1.0,0.0,10,1.0,1.0,1.0,0,247,0.8576388888888887,5.166666666666667,1.0,0.8333333333333334,1.75,1.75,17.813492063492063,30.351324138735688,36.875,10.0
824,68.66666666666667,68.66666666666667,2,20.66666666666667,20:40,12.737058872538045,6.147280907651467,6.5897779648865775,0,0,0,1,1,0,1,0,1,0,0.0,0.0,10,1.0,35.76348737962668,5.0,45.0,0,none,0,-1,-1.0,-1.0,0.0,10,1.0,1.0,1.0,0,248,0.8611111111111113,4.333333333333333,1.0,0.8333333333333334,1.6666666666666667,1.6666666666666667,14.98015873015873,30.84272065474278,32.5,10.0
825,68.75,68.75,2,20.75,20:45,12.539531836511904,6.076717101595184,6.462814734916719,0,0,0,0,0,0,0,0,0,0,0.0,0.0,10,1.0,0.0,0.0,0.0,0,none,0,-1,-1.0,-1.0,0.0,10,1.0,1.0,1.0,0,249,0.8645833333333334,3.5833333333333335,1.0,0.8333333333333334,1.5833333333333333,1.5833333333333333,11.924603174603172,29.064107155594275,27.5,10.0
826,68.83333333333333,68.83333333333333,2,20.83333333333333,20:49,12.36077014636783,6.012184357506114,6.348585788861716,0,0,0,0,0,0,1,0,1,0,0.0,0.0,9,0.9,0.0,0.0,20.0,0,none,0,-1,-1.0,-1.0,0.0,10,1.0,1.0,1.0,0,250,0.8680555555555554,2.8333333333333335,0.9916666666666667,0.75,1.5,1.5833333333333333,9.007936507936508,26.872695966105855,22.5,10.0
827,68.91666666666667,68.91666666666667,2,20.91666666666667,20:55,12.199507106145438,5.953420315551104,6.246086790594334,2,1,1,1,0,1,0,0,0,1,0.0,0.0,10,1.0,30.532606720138926,0.0,0.0,0,none,0,-1,-1.0,-1.0,0.0,10,1.0,1.0,1.0,0,251,0.871527777777778,2.3333333333333335,0.9916666666666667,0.8333333333333334,1.3333333333333333,1.3333333333333333,6.8055555555555545,26.656845725618172,17.63888888888889,10.0
828,69.0,69.0,2,21.0,21:00,12.054490870500668,5.90013246759247,6.1543584029081995,1,0,1,2,1,1,2,1,1,0,0.0,0.0,10,1.0,28.082308192010093,2.5,5.0,0,none,0,-1,-1.0,-1.0,0.0,10,1.0,1.0,1.0,0,252,0.875,1.8333333333333333,0.9916666666666667,0.9166666666666666,1.4166666666666667,1.4166666666666667,4.444444444444445,27.747038074952346,13.680555555555557,10.0
829,69.08333333333333,69.08333333333333,2,21.08333333333333,21:04,11.924495418634844,5.852006698531694,6.072488720103149,0,0,0,0,0,0,2,1,1,0,0.0,0.0,8,0.8,0.0,0.0,20.0,0,none,0,-1,-1.0,-1.0,0.0,10,1.0,1.0,1.0,0,253,0.878472222222222,1.5,0.9750000000000001,0.9166666666666666,1.25,1.4166666666666667,2.152777777777778,25.45183598531551,9.930555555555555,10.0
830,69.16666666666667,69.16666666666667,2,21.16666666666667,21:10,11.80832988876632,5.808714985953208,5.999614902813112,0,0,0,0,0,0,2,0,2,0,0.0,0.0,6,0.6,0.0,0.0,10.0,0,none,0,-1,-1.0,-1.0,0.0,10,1.0,1.0,1.0,0,254,0.8819444444444446,1.1666666666666667,0.9416666666666668,0.75,1.0833333333333333,1.4166666666666667,1.4236111111111114,23.722927958362718,5.972222222222221,10.0
831,69.25,69.25,2,21.25,21:15,11.704846328794464,5.769922209790192,5.934924119004272,0,0,0,0,0,0,2,1,1,0,0.0,0.0,4,0.4,0.0,0.0,12.5,0,none,0,-1,-1.0,-1.0,0.0,10,1.0,1.0,1.0,0,255,0.8854166666666666,0.9166666666666666,0.8916666666666667,0.6666666666666666,0.9166666666666666,1.4166666666666667,1.1458333333333333,20.276287604483432,4.097222222222222,10.0
832,69.33333333333333,69.33333333333333,2,21.33333333333333,21:19,11.612945940157203,5.735292057105529,5.877653883051676,0,0,0,0,0,0,1,1,0,0,0.0,0.0,3,0.3,0.0,0.0,5.0,0,none,0,-1,-1.0,-1.0,0.0,10,1.0,1.0,1.0,0,256,0.8888888888888887,0.5833333333333334,0.8333333333333334,0.5,0.8333333333333334,1.4166666666666667,0.8333333333333334,17.005563577122647,3.263888888888889,10.0
833,69.41666666666667,69.41666666666667,2,21.41666666666667,21:25,11.531583909042777,5.704492034744795,5.827091874297981,0,0,0,0,0,0,1,0,1,0,0.0,0.0,2,0.2,0.0,0.0,0.0,0,none,0,-1,-1.0,-1.0,0.0,10,1.0,1.0,1.0,0,257,0.8923611111111113,0.25,0.7666666666666667,0.4166666666666667,0.75,1.4166666666666667,0.4166666666666667,13.713185323149624,2.013888888888889,10.0
834,69.5,69.5,2,21.5,21:30,11.459772932212921,5.677197624680009,5.782575307532912,0,0,0,0,0,0,1,0,1,0,0.0,0.0,1,0.1,0.0,0.0,0.0,0,none,0,-1,-1.0,-1.0,0.0,10,1.0,1.0,1.0,0,258,0.8958333333333334,0.16666666666666666,0.6916666666666668,0.4166666666666667,0.5,1.25,0.0,10.277520790595524,1.0416666666666667,10.0
835,69.58333333333333,69.58333333333333,2,21.58333333333333,21:34,11.39658555394757,5.653095633639938,5.743489920307632,0,0,0,0,0,0,1,1,0,0,0.0,0.0,0,0.0,0.0,0.0,5.0,0,none,0,-1,-1.0,-1.0,0.0,10,1.0,1.0,1.0,0,259,0.8993055555555554,0.08333333333333333,0.6083333333333334,0.25,0.3333333333333333,1.1666666666666667,0.0,7.864866857647975,0.625,10.0
836,69.66666666666667,69.66666666666667,2,21.66666666666667,21:40,11.341155436315567,5.631886800580895,5.709268635734674,0,0,0,0,0,0,0,0,0,0,0.0,0.0,0,0.0,0.0,0.0,0.0,0,none,0,-1,-1.0,-1.0,0.0,10,1.0,1.0,1.0,0,260,0.902777777777778,0.08333333333333333,0.525,0.25,0.25,1.0833333333333333,0.0,4.884576242679085,0.20833333333333334,10.0
837,69.75,69.75,2,21.75,21:45,11.292677687450254,5.613287733252455,5.6793899541977995,0,0,0,0,0,0,0,0,0,0,0.0,0.0,0,0.0,0.0,0.0,0.0,0,none,0,-1,-1.0,-1.0,0.0,10,1.0,1.0,1.0,0,261,0.90625,0.08333333333333333,0.4416666666666667,0.25,0.25,1.0833333333333333,0.0,4.884576242679085,0.20833333333333334,10.0
838,69.83333333333333,69.83333333333333,2,21.83333333333333,21:49,11.250408372138354,5.597032249165732,5.653376122972622,0,0,0,0,0,0,0,0,0,0,0.0,0.0,0,0.0,0.0,0.0,0.0,0,none,0,-1,-1.0,-1.0,0.0,10,1.0,1.0,1.0,0,262,0.909722222222222,0.08333333333333333,0.3666666666666667,0.25,0.25,1.0,0.0,4.884576242679085,0.20833333333333334,10.0
839,69.91666666666667,69.91666666666667,2,21.91666666666667,21:55,11.213663326211059,5.582872197297952,5.630791128913106,2,1,1,2,1,1,0,0,0,0,0.0,0.0,2,0.2,36.34424110817903,0.0,0.0,0,none,0,-1,-1.0,-1.0,0.0,10,1.0,1.0,1.0,0,263,0.9131944444444446,0.0,0.3,0.25,0.3333333333333333,1.0,0.0,5.368879108349094,0.20833333333333334,10.0
840,70.0,70.0,2,22.0,22:00,11.181816391359748,5.570577835466623,5.611238555893125,1,1,0,1,1,0,0,0,0,0,0.0,0.0,3,0.3,34.57398558595766,0.0,0.0,0,none,0,-1,-1.0,-1.0,0.0,10,1.0,1.0,1.0,0,264,0.9166666666666666,0.0,0.24166666666666667,0.25,0.25,0.8333333333333334,0.0,5.90985222451139,0.0,10.0
841,70.08333333333333,70.08333333333333,2,22.08333333333333,22:04,11.154297180483882,5.559937835039234,5.594359345444648,1,1,0,1,1,0,0,0,0,0,0.0,0.0,4,0.4,25.588519526863152,0.0,0.0,0,none,0,-1,-1.0,-1.0,0.0,10,1.0,1.0,1.0,0,265,0.9201388888888887,0.0,0.20833333333333334,0.3333333333333333,0.3333333333333333,0.6666666666666666,0.0,8.042228851749988,0.0,10.0
842,70.16666666666667,70.16666666666667,2,22.16666666666667,22:10,11.13058847589808,5.550758980014279,5.579829495883801,0,0,0,0,0,0,0,0,0,0,0.0,0.0,4,0.4,0.0,0.0,0.0,0,none,0,-1,-1.0,-1.0,0.0,10,1.0,1.0,1.0,0,266,0.9236111111111113,0.0,0.19166666666666665,0.3333333333333333,0.3333333333333333,0.5,0.0,8.042228851749988,0.0,10.0
843,70.25,70.25,2,22.25,22:15,11.110223354037712,5.542865621956315,5.567357732081398,2,1,1,2,1,1,0,0,0,0,0.0,0.0,6,0.6,24.65068067185661,0.0,0.0,0,none,0,-1,-1.0,-1.0,0.0,10,1.0,1.0,1.0,0,267,0.9270833333333334,0.0,0.20833333333333334,0.5,0.5,0.3333333333333333,0.0,10.09645224107137,0.0,10.0
844,70.33333333333333,70.33333333333333,2,22.33333333333333,22:19,11.092782121037228,5.536098946165533,5.556683174871695,0,0,0,0,0,0,0,0,0,0,0.0,0.0,6,0.6,0.0,0.0,0.0,0,none,0,-1,-1.0,-1.0,0.0,10,1.0,1.0,1.0,0,268,0.9305555555555554,0.0,0.2333333333333333,0.5,0.5,0.25,0.0,10.09645224107137,0.0,10.0
845,70.41666666666667,70.41666666666667,2,22.41666666666667,22:25,11.077889134007714,5.530316098118495,5.5475730358892195,3,2,1,3,2,1,1,1,0,0,0.0,0.0,8,0.8,23.855976478336615,0.0,0.0,0,none,0,-1,-1.0,-1.0,0.0,10,1.0,1.0,1.0,0,269,0.934027777777778,0.0,0.2833333333333334,0.75,0.75,0.25,0.0,12.084450280932755,0.0,10.0
846,70.5,70.5,2,22.5,22:30,11.065209573266051,5.525389212876043,5.539820360390008,0,0,0,0,0,0,0,0,0,0,0.0,0.0,8,0.8,0.0,0.0,0.0,0,none,0,-1,-1.0,-1.0,0.0,10,1.0,1.0,1.0,0,270,0.9375,0.0,0.3416666666666666,0.75,0.75,0.16666666666666666,0.0,12.084450280932755,0.0,10.0
847,70.58333333333333,70.58333333333333,2,22.58333333333333,22:34,11.054446221386897,5.521204384006138,5.533241837380759,1,0,1,1,0,1,2,2,0,0,0.0,0.0,7,0.7,45.333526197849494,0.0,0.0,0,none,0,-1,-1.0,-1.0,0.0,10,1.0,1.0,1.0,0,271,0.940972222222222,0.0,0.39999999999999997,0.8333333333333334,0.8333333333333334,0.25,0.0,15.862244130753547,0.0,10.0
848,70.66666666666667,70.66666666666667,2,22.66666666666667,22:40,11.045336295939368,5.51766060275124,5.527675693188129,1,1,0,1,1,0,2,0,2,0,0.0,0.0,6,0.6,29.519373931889056,0.0,0.0,0,none,0,-1,-1.0,-1.0,0.0,10,1.0,1.0,1.0,0,272,0.9444444444444446,0.0,0.45,0.9166666666666666,0.9166666666666666,0.4166666666666667,0.0,18.32219195841097,0.0,10.0
849,70.75,70.75,2,22.75,22:45,11.037648374275019,5.514668692777917,5.522979681497103,1,1,0,1,1,0,1,1,0,0,0.0,0.0,6,0.6,27.170683615615985,0.0,0.0,0,none,0,-1,-1.0,-1.0,0.0,10,1.0,1.0,1.0,0,273,0.9479166666666666,0.0,0.5,1.0,1.0,0.5,0.0,20.586415593045633,0.0,10.0
850,70.83333333333333,70.83333333333333,2,22.83333333333333,22:49,11.03117944085892,5.512150260939815,5.519029179919106,3,1,2,3,1,2,2,1,1,0,0.0,0.0,7,0.7,28.067074579936207,0.0,0.0,0,none,0,-1,-1.0,-1.0,0.0,10,1.0,1.0,1.0,0,274,0.9513888888888887,0.0,0.5583333333333333,1.25,1.25,0.6666666666666666,0.0,22.925338474706987,0.0,10.0
851,70.91666666666667,70.91666666666667,2,22.91666666666667,22:55,11.025752080455069,5.510036680094674,5.515715400360395,0,0,0,0,0,0,1,1,0,0,0.0,0.0,6,0.6,0.0,0.0,0.0,0,none,0,-1,-1.0,-1.0,0.0,10,1.0,1.0,1.0,0,275,0.9548611111111113,0.0,0.5916666666666667,1.0833333333333333,1.0833333333333333,0.75,0.0,19.896651715692062,0.0,10.0
852,71.0,71.0,2,23.0,23:00,11.021211834035757,5.508268116149105,5.512943717886652,1,0,1,1,0,1,0,0,0,0,0.0,0.0,7,0.7,29.713332739218437,0.0,0.0,0,none,0,-1,-1.0,-1.0,0.0,10,1.0,1.0,1.0,0,276,0.9583333333333334,0.0,0.625,1.0833333333333333,1.0833333333333333,0.75,0.0,19.491597311797133,0.0,10.0
853,71.08333333333333,71.08333333333333,2,23.08333333333333,23:04,11.017424728600275,5.5067926081511045,5.510632120449171,1,1,0,1,1,0,0,0,0,0,0.0,0.0,8,0.8,39.23628884998918,0.0,0.0,0,none,0,-1,-1.0,-1.0,0.0,10,1.0,1.0,1.0,0,277,0.9618055555555554,0.0,0.6583333333333333,1.0833333333333333,1.0833333333333333,0.75,0.0,20.62891142205763,0.0,10.0
854,71.16666666666667,71.16666666666667,2,23.16666666666667,23:10,11.014274987158913,5.505565207387003,5.508709779771911,2,1,1,2,1,1,1,1,0,0,0.0,0.0,9,0.9,27.264900525468235,0.0,0.0,0,none,0,-1,-1.0,-1.0,0.0,10,1.0,1.0,1.0,0,278,0.965277777777778,0.0,0.7000000000000001,1.25,1.25,0.8333333333333334,0.0,22.900986465846653,0.0,10.0
855,71.25,71.25,2,23.25,23:15,11.011662920942175,5.5045471790343425,5.507115741907833,2,1,1,2,1,1,1,1,0,0,0.0,0.0,10,1.0,32.43939247182394,0.0,0.0,0,none,0,-1,-1.0,-1.0,0.0,10,1.0,1.0,1.0,0,279,0.96875,0.0,0.7333333333333333,1.25,1.25,0.9166666666666666,0.0,23.550045782510594,0.0,10.0
856,71.33333333333333,71.33333333333333,2,23.33333333333333,23:19,11.00950300239716,5.503705267937626,5.505797734459534,2,0,2,2,0,2,2,1,1,0,0.0,0.0,10,1.0,23.42341233432284,0.0,0.0,0,none,0,-1,-1.0,-1.0,0.0,10,1.0,1.0,1.0,0,280,0.972222222222222,0.0,0.7666666666666666,1.4166666666666667,1.4166666666666667,1.0833333333333333,0.0,25.50199681037083,0.0,10.0
857,71.41666666666667,71.41666666666667,2,23.41666666666667,23:25,11.007722114686809,5.503011028468728,5.504711086218081,0,0,0,0,0,0,2,0,2,0,0.0,0.0,8,0.8,0.0,0.0,0.0,0,none,0,-1,-1.0,-1.0,0.0,10,1.0,1.0,1.0,0,281,0.9756944444444446,0.0,0.7666666666666666,1.1666666666666667,1.1666666666666667,1.1666666666666667,0.0,23.513998770509446,0.0,10.0
858,71.5,71.5,2,23.5,23:30,11.006257971159055,5.502440217165992,5.503817753993062,1,1,0,1,1,0,1,0,1,0,0.0,0.0,8,0.8,26.670261295992,0.0,0.0,0,none,0,-1,-1.0,-1.0,0.0,10,1.0,1.0,1.0,0,282,0.9791666666666666,0.0,0.7666666666666667,1.25,1.25,1.25,0.0,25.73652054517545,0.0,10.0
859,71.58333333333333,71.58333333333333,2,23.58333333333333,23:34,11.005057696542984,5.501972245873942,5.503085450669041,1,0,1,1,0,1,2,0,2,0,0.0,0.0,7,0.7,24.89628183065237,0.0,0.0,0,none,0,-1,-1.0,-1.0,0.0,10,1.0,1.0,1.0,0,283,0.9826388888888887,0.0,0.7666666666666666,1.25,1.25,1.25,0.0,24.03341684790902,0.0,10.0
860,71.66666666666667,71.66666666666667,2,23.66666666666667,23:40,11.004076560396394,5.5015896923886345,5.502486868007759,0,0,0,0,0,0,1,0,1,0,0.0,0.0,6,0.6,0.0,0.0,0.0,0,none,0,-1,-1.0,-1.0,0.0,10,1.0,1.0,1.0,0,284,0.9861111111111113,0.0,0.7666666666666666,1.1666666666666667,1.1666666666666667,1.1666666666666667,0.0,21.573469020251597,0.0,10.0
861,71.75,71.75,2,23.75,23:45,11.003276852512217,5.5012778651142815,5.501998987397935,2,1,1,2,1,1,2,2,0,0,0.0,0.0,6,0.6,26.919545847452326,0.0,0.0,0,none,0,-1,-1.0,-1.0,0.0,10,1.0,1.0,1.0,0,285,0.9895833333333334,0.0,0.7666666666666666,1.25,1.25,1.25,0.0,21.55254087290463,0.0,10.0
862,71.83333333333333,71.83333333333333,2,23.83333333333333,23:49,11.002626889529498,5.5010244179194245,5.501602471610074,2,2,0,2,2,0,0,0,0,0,0.0,0.0,8,0.8,29.50112070375324,0.0,0.0,0,none,0,-1,-1.0,-1.0,0.0,10,1.0,1.0,1.0,0,286,0.9930555555555554,0.0,0.775,1.1666666666666667,1.1666666666666667,1.0833333333333333,0.0,21.672044716556048,0.0,10.0
863,71.91666666666667,71.91666666666667,2,23.91666666666667,23:55,11.002100141830912,5.5008190112139035,5.501281130617009,0,0,0,0,0,0,1,0,1,0,0.0,0.0,7,0.7,0.0,0.0,0.0,0,none,0,-1,-1.0,-1.0,0.0,10,1.0,1.0,1.0,0,287,0.996527777777778,0.0,0.7833333333333332,1.1666666666666667,1.1666666666666667,1.0833333333333333,0.0,21.672044716556048,0.0,10.0
