step,hour,global_hour,day_index,hour_of_day,time_label,expected_passing_total,expected_passing_ab,expected_passing_ba,arrivals_total,arrivals_ab,arrivals_ba,starts_total,starts_ab,starts_ba,completions_total,completions_ab,completions_ba,queue_length,queue_wait_mean_minutes,queue_wait_max_minutes,active_plugs,utilization,started_wait_mean_minutes,completed_wait_mean_minutes,step_in_day,day_progress,queue_length_rolling_1h,utilization_rolling_1h,arrivals_total_rolling_1h,starts_total_rolling_1h,completions_total_rolling_1h,started_wait_mean_minutes_rolling_1h,queue_wait_mean_minutes_rolling_1h
0,0.0,0.0,0,0.0,00:00,11.00008198637012,5.5000508316227625,5.500031154747357,2,0,2,2,0,2,0,0,0,0,0.0,0.0,2,0.2,0.0,0.0,0,0.0,0.0,0.2,2.0,2.0,0.0,0.0,0.0
1,0.08333333333333333,0.08333333333333333,0,0.08333333333333333,00:05,11.000106230721423,5.50006586317033,5.500040367551093,1,0,1,1,0,1,0,0,0,0,0.0,0.0,3,0.3,0.0,0.0,1,0.003472222222222222,0.0,0.25,1.5,1.5,0.0,0.0,0.0
2,0.16666666666666666,0.16666666666666666,0,0.16666666666666666,00:10,11.000137271539305,5.500085108559844,5.500052162979461,1,1,0,1,1,0,0,0,0,0,0.0,0.0,4,0.4,0.0,0.0,2,0.006944444444444444,0.0,0.3,1.3333333333333333,1.3333333333333333,0.0,0.0,0.0
3,0.25,0.25,0,0.25,00:15,11.000176902014061,5.5001096795899755,5.500067222424086,0,0,0,0,0,0,0,0,0,0,0.0,0.0,4,0.4,0.0,0.0,3,0.010416666666666666,0.0,0.325,1.0,1.0,0.0,0.0,0.0
4,0.3333333333333333,0.3333333333333333,0,0.3333333333333333,00:20,11.000227356278621,5.500140961456445,5.500086394822176,1,0,1,1,0,1,0,0,0,0,0.0,0.0,5,0.5,0.0,0.0,4,0.013888888888888888,0.0,0.36,1.0,1.0,0.0,0.0,0.0
5,0.4166666666666667,0.4166666666666667,0,0.4166666666666667,00:25,11.000291409044976,5.50018067453398,5.500110734510996,1,1,0,1,1,0,0,0,0,0,0.0,0.0,6,0.6,0.0,0.0,5,0.017361111111111112,0.0,0.39999999999999997,1.0,1.0,0.0,0.0,0.0
6,0.5,0.5,0,0.5,00:30,11.000372495477256,5.500230948709127,5.500141546768129,0,0,0,0,0,0,0,0,0,0,0.0,0.0,6,0.6,0.0,0.0,6,0.020833333333333332,0.0,0.42857142857142855,0.8571428571428571,0.8571428571428571,0.0,0.0,0.0
7,0.5833333333333334,0.5833333333333334,0,0.5833333333333334,00:35,11.000474854853564,5.5002944124684205,5.500180442385144,1,0,1,1,0,1,2,1,1,0,0.0,0.0,5,0.5,0.0,0.0,7,0.024305555555555556,0.0,0.4375,0.875,0.875,0.25,0.0,0.0
8,0.6666666666666666,0.6666666666666666,0,0.6666666666666666,00:40,11.000603702062527,5.500374299253697,5.50022940280883,1,1,0,1,1,0,1,0,1,0,0.0,0.0,5,0.5,0.0,0.0,8,0.027777777777777776,0.0,0.4444444444444444,0.8888888888888888,0.8888888888888888,0.3333333333333333,0.0,0.0
9,0.75,0.75,0,0.75,00:45,11.000765431513953,5.500474573928727,5.500290857585226,1,0,1,1,0,1,1,0,1,0,0.0,0.0,5,0.5,0.0,0.0,9,0.03125,0.0,0.45,0.9,0.9,0.4,0.0,0.0
10,0.8333333333333334,0.8333333333333334,0,0.8333333333333334,00:50,11.000967858612453,5.500600082556764,5.50036777605569,0,0,0,0,0,0,0,0,0,0,0.0,0.0,5,0.5,0.0,0.0,10,0.034722222222222224,0.0,0.45454545454545453,0.8181818181818182,0.8181818181818182,0.36363636363636365,0.0,0.0
11,0.9166666666666666,0.9166666666666666,0,0.9166666666666666,00:55,11.00122050454246,5.500756729063854,5.500463775478606,0,0,0,0,0,0,2,1,1,0,0.0,0.0,3,0.3,0.0,0.0,11,0.03819444444444444,0.0,0.44166666666666665,0.75,0.75,0.5,0.0,0.0
12,1.0,1.0,0,1.0,01:00,11.001534930734644,5.5009516827530724,5.500583247981572,0,0,0,0,0,0,0,0,0,0,0.0,0.0,3,0.3,0.0,0.0,12,0.041666666666666664,0.0,0.44999999999999996,0.5833333333333334,0.5833333333333334,0.5,0.0,0.0
13,1.0833333333333333,1.0833333333333333,0,1.0833333333333333,01:04,11.001925130016067,5.501193621034091,5.500731508981977,2,1,1,2,1,1,0,0,0,0,0.0,0.0,5,0.5,0.0,0.0,13,0.04513888888888889,0.0,0.4666666666666666,0.6666666666666666,0.6666666666666666,0.5,0.0,0.0
14,1.1666666666666667,1.1666666666666667,0,1.1666666666666667,01:10,11.002407982075074,5.501493012132404,5.500914969942669,0,0,0,0,0,0,1,1,0,0,0.0,0.0,4,0.4,0.0,0.0,14,0.04861111111111111,0.0,0.4666666666666666,0.5833333333333334,0.5833333333333334,0.5833333333333334,0.0,0.0
15,1.25,1.25,0,1.25,01:15,11.003003781478727,5.501862442933056,5.501141338545671,0,0,0,0,0,0,2,0,2,0,0.0,0.0,2,0.2,0.0,0.0,15,0.052083333333333336,0.0,0.45,0.5833333333333334,0.5833333333333334,0.75,0.0,0.0
16,1.3333333333333333,1.3333333333333333,0,1.3333333333333333,01:19,11.003736847043271,5.502316997482579,5.501419849560692,1,1,0,1,1,0,0,0,0,0,0.0,0.0,3,0.3,0.0,0.0,16,0.05555555555555555,0.0,0.43333333333333335,0.5833333333333334,0.5833333333333334,0.75,0.0,0.0
17,1.4166666666666667,1.4166666666666667,0,1.4166666666666667,01:25,11.004636221850088,5.502874692005684,5.501761529844404,0,0,0,0,0,0,0,0,0,0,0.0,0.0,3,0.3,0.0,0.0,17,0.05902777777777778,0.0,0.40833333333333327,0.5,0.5,0.75,0.0,0.0
18,1.5,1.5,0,1.5,01:30,11.005736473589717,5.503556972573228,5.50217950101649,0,0,0,0,0,0,1,1,0,0,0.0,0.0,2,0.2,0.0,0.0,18,0.0625,0.0,0.375,0.5,0.5,0.8333333333333334,0.0,0.0
19,1.5833333333333333,1.5833333333333333,0,1.5833333333333333,01:34,11.007078605168505,5.5043892817663895,5.502689323402116,0,0,0,0,0,0,0,0,0,0,0.0,0.0,2,0.2,0.0,0.0,19,0.06597222222222222,0.0,0.35000000000000003,0.4166666666666667,0.4166666666666667,0.6666666666666666,0.0,0.0
20,1.6666666666666667,1.6666666666666667,0,1.6666666666666667,01:40,11.008711085586196,5.505401700798184,5.503309384788012,0,0,0,0,0,0,1,0,1,0,0.0,0.0,1,0.1,0.0,0.0,20,0.06944444444444445,0.0,0.31666666666666665,0.3333333333333333,0.3333333333333333,0.6666666666666666,0.0,0.0
21,1.75,1.75,0,1.75,01:45,11.010691010942473,5.5066296735548965,5.504061337387577,1,1,0,1,1,0,0,0,0,0,0.0,0.0,2,0.2,0.0,0.0,21,0.07291666666666667,0.0,0.2916666666666667,0.3333333333333333,0.3333333333333333,0.5833333333333334,0.0,0.0
22,1.8333333333333333,1.8333333333333333,0,1.8333333333333333,01:49,11.013085405007352,5.5081148188834455,5.504970586123907,1,0,1,1,0,1,0,0,0,0,0.0,0.0,3,0.3,0.0,0.0,22,0.07638888888888888,0.0,0.27499999999999997,0.4166666666666667,0.4166666666666667,0.5833333333333334,0.0,0.0
23,1.9166666666666667,1.9166666666666667,0,1.9166666666666667,01:55,11.015972668041416,5.509905837152156,5.506066830889259,0,0,0,0,0,0,1,1,0,0,0.0,0.0,2,0.2,0.0,0.0,23,0.07986111111111112,0.0,0.26666666666666666,0.4166666666666667,0.4166666666666667,0.5,0.0,0.0
24,2.0,2.0,0,2.0,02:00,11.019444181421887,5.512059516628226,5.507384664793661,1,1,0,1,1,0,0,0,0,0,0.0,0.0,3,0.3,0.0,0.0,24,0.08333333333333333,0.0,0.26666666666666666,0.5,0.5,0.5,0.0,0.0
25,2.0833333333333335,2.0833333333333335,0,2.0833333333333335,02:05,11.023606074063139,5.514641844523217,5.508964229539922,0,0,0,0,0,0,0,0,0,0,0.0,0.0,3,0.3,0.0,0.0,25,0.08680555555555557,0.0,0.25,0.3333333333333333,0.3333333333333333,0.5,0.0,0.0
26,2.1666666666666665,2.1666666666666665,0,2.1666666666666665,02:09,11.02858115455895,5.517729226638116,5.510851927920833,0,0,0,0,0,0,0,0,0,0,0.0,0.0,3,0.3,0.0,0.0,26,0.09027777777777778,0.0,0.24166666666666667,0.3333333333333333,0.3333333333333333,0.4166666666666667,0.0,0.0
27,2.25,2.25,0,2.25,02:15,11.03451101036479,5.5214098183757105,5.5131011919890796,1,1,0,1,1,0,0,0,0,0,0.0,0.0,4,0.4,0.0,0.0,27,0.09375,0.0,0.2583333333333333,0.4166666666666667,0.4166666666666667,0.25,0.0,0.0
28,2.3333333333333335,2.3333333333333335,0,2.3333333333333335,02:20,11.041558272131947,5.525784968468751,5.515773303663196,0,0,0,0,0,0,0,0,0,0,0.0,0.0,4,0.4,0.0,0.0,28,0.09722222222222222,0.0,0.26666666666666666,0.3333333333333333,0.3333333333333333,0.25,0.0,0.0
29,2.4166666666666665,2.4166666666666665,0,2.4166666666666665,02:24,11.049909037458988,5.530970775092245,5.518938262366743,1,1,0,1,1,0,1,1,0,0,0.0,0.0,4,0.4,0.0,0.0,29,0.10069444444444443,0.0,0.275,0.4166666666666667,0.4166666666666667,0.3333333333333333,0.0,0.0
30,2.5,2.5,0,2.5,02:30,11.059775443807403,5.537099752089127,5.522675691718276,0,0,0,0,0,0,2,1,1,0,0.0,0.0,2,0.2,0.0,0.0,30,0.10416666666666667,0.0,0.275,0.4166666666666667,0.4166666666666667,0.4166666666666667,0.0,0.0
31,2.5833333333333335,2.5833333333333335,0,2.5833333333333335,02:35,11.071398375117802,5.5443226008501485,5.5270757742676535,1,1,0,1,1,0,0,0,0,0,0.0,0.0,3,0.3,0.0,0.0,31,0.1076388888888889,0.0,0.2833333333333333,0.5,0.5,0.4166666666666667,0.0,0.0
32,2.6666666666666665,2.6666666666666665,0,2.6666666666666665,02:39,11.085050280758281,5.552810080969729,5.532240199788553,0,0,0,0,0,0,0,0,0,0,0.0,0.0,3,0.3,0.0,0.0,32,0.1111111111111111,0.0,0.3,0.5,0.5,0.3333333333333333,0.0,0.0
33,2.75,2.75,0,2.75,02:45,11.101038078854435,5.562754970176136,5.538283108678299,0,0,0,0,0,0,0,0,0,0,0.0,0.0,3,0.3,0.0,0.0,33,0.11458333333333333,0.0,0.30833333333333335,0.4166666666666667,0.4166666666666667,0.3333333333333333,0.0,0.0
34,2.8333333333333335,2.8333333333333335,0,2.8333333333333335,02:50,11.11970610883199,5.5743741012412,5.5453320075907895,0,0,0,0,0,0,1,1,0,0,0.0,0.0,2,0.2,0.0,0.0,34,0.11805555555555557,0.0,0.3,0.3333333333333333,0.3333333333333333,0.4166666666666667,0.0,0.0
35,2.9166666666666665,2.9166666666666665,0,2.9166666666666665,02:54,11.141439090215897,5.587910460652415,5.553528629563482,2,0,2,2,0,2,0,0,0,0,0.0,0.0,4,0.4,0.0,0.0,35,0.12152777777777778,0.0,0.3166666666666667,0.5,0.5,0.3333333333333333,0.0,0.0
36,3.0,3.0,0,3.0,03:00,11.166665036471228,5.60363533082227,5.563029705648958,0,0,0,0,0,0,1,1,0,0,0.0,0.0,3,0.3,0.0,0.0,36,0.125,0.0,0.31666666666666665,0.4166666666666667,0.4166666666666667,0.4166666666666667,0.0,0.0
37,3.0833333333333335,3.0833333333333335,0,3.0833333333333335,03:05,11.195858064071933,5.621850454560362,5.574007609511571,0,0,0,0,0,0,0,0,0,0,0.0,0.0,3,0.3,0.0,0.0,37,0.12847222222222224,0.0,0.31666666666666665,0.4166666666666667,0.4166666666666667,0.4166666666666667,0.0,0.0
38,3.1666666666666665,3.1666666666666665,0,3.1666666666666665,03:09,11.229541028207668,5.642890197482153,5.586650830725516,0,0,0,0,0,0,0,0,0,0,0.0,0.0,3,0.3,0.0,0.0,38,0.13194444444444445,0.0,0.3166666666666667,0.4166666666666667,0.4166666666666667,0.4166666666666667,0.0,0.0
39,3.25,3.25,0,3.25,03:15,11.268287907786952,5.667123681003905,5.601164226783047,0,0,0,0,0,0,1,1,0,0,0.0,0.0,2,0.2,0.0,0.0,39,0.13541666666666666,0.0,0.3,0.3333333333333333,0.3333333333333333,0.5,0.0,0.0
40,3.3333333333333335,3.3333333333333335,0,3.3333333333333335,03:20,11.312725853902098,5.6949568555891945,5.617768998312903,1,0,1,1,0,1,0,0,0,0,0.0,0.0,3,0.3,0.0,0.0,40,0.1388888888888889,0.0,0.2916666666666667,0.4166666666666667,0.4166666666666667,0.5,0.0,0.0
41,3.4166666666666665,3.4166666666666665,0,3.4166666666666665,03:24,11.363536807958473,5.72683448095971,5.636702326998764,0,0,0,0,0,0,0,0,0,0,0.0,0.0,3,0.3,0.0,0.0,41,0.1423611111111111,0.0,0.2833333333333333,0.3333333333333333,0.3333333333333333,0.4166666666666667,0.0,0.0
42,3.5,3.5,0,3.5,03:30,11.421458588538663,5.76324197702404,5.658216611514622,1,0,1,1,0,1,1,0,1,0,0.0,0.0,3,0.3,0.0,0.0,42,0.14583333333333334,0.0,0.2916666666666667,0.4166666666666667,0.4166666666666667,0.3333333333333333,0.0,0.0
43,3.5833333333333335,3.5833333333333335,0,3.5833333333333335,03:35,11.487285340100799,5.804707106241756,5.682578233859043,1,1,0,1,1,0,0,0,0,0,0.0,0.0,4,0.4,0.0,0.0,43,0.14930555555555555,0.0,0.3,0.4166666666666667,0.4166666666666667,0.3333333333333333,0.0,0.0
44,3.6666666666666665,3.6666666666666665,0,3.6666666666666665,03:39,11.561867232150437,5.851801444918895,5.710065787231542,2,2,0,2,2,0,1,0,1,0,0.0,0.0,5,0.5,0.0,0.0,44,0.15277777777777776,0.0,0.3166666666666667,0.5833333333333334,0.5833333333333334,0.4166666666666667,0.0,0.0
45,3.75,3.75,0,3.75,03:45,11.646109294941454,5.905141597380265,5.740967697561189,3,2,1,3,2,1,0,0,0,0,0.0,0.0,8,0.8,0.0,0.0,45,0.15625,0.0,0.35833333333333334,0.8333333333333334,0.8333333333333334,0.4166666666666667,0.0,0.0
46,3.8333333333333335,3.8333333333333335,0,3.8333333333333335,03:50,11.740969277423117,5.965390102906246,5.775579174516871,1,0,1,1,0,1,1,0,1,0,0.0,0.0,8,0.8,0.0,0.0,46,0.15972222222222224,0.0,0.40833333333333327,0.9166666666666666,0.9166666666666666,0.4166666666666667,0.0,0.0
47,3.9166666666666665,3.9166666666666665,0,3.9166666666666665,03:54,11.84745441542011,6.033255980554622,5.814198434865488,0,0,0,0,0,0,1,0,1,0,0.0,0.0,7,0.7,0.0,0.0,47,0.16319444444444445,0.0,0.43333333333333335,0.75,0.75,0.5,0.0,0.0
48,4.0,4.0,0,4.0,04:00,11.966617003253864,6.109494851299408,5.8571221519544565,1,1,0,1,1,0,0,0,0,0,0.0,0.0,8,0.8,0.0,0.0,48,0.16666666666666666,0.0,0.47500000000000003,0.8333333333333334,0.8333333333333334,0.4166666666666667,0.0,0.0
49,4.083333333333333,4.083333333333333,0,4.083333333333333,04:04,12.099548670496912,6.194908570107196,5.904640100389716,1,1,0,1,1,0,2,2,0,0,0.0,0.0,7,0.7,0.0,0.0,49,0.17013888888888887,0.0,0.5083333333333333,0.9166666666666666,0.9166666666666666,0.5833333333333334,0.0,0.0
50,4.166666666666667,4.166666666666667,0,4.166666666666667,04:10,12.24737327756024,6.290344292475275,5.957028985084964,1,0,1,1,0,1,1,0,1,0,0.0,0.0,7,0.7,0.0,0.0,50,0.17361111111111113,0.0,0.5416666666666666,1.0,1.0,0.6666666666666666,0.0,0.0
51,4.25,4.25,0,4.25,04:15,12.411238359545287,6.396692890485549,6.014545469059738,0,0,0,0,0,0,0,0,0,0,0.0,0.0,7,0.7,0.0,0.0,51,0.17708333333333334,0.0,0.5833333333333334,1.0,1.0,0.5833333333333334,0.0,0.0
52,4.333333333333333,4.333333333333333,0,4.333333333333333,04:19,12.592305067367628,6.514886622608013,6.077418444759615,0,0,0,0,0,0,2,2,0,0,0.0,0.0,5,0.5,0.0,0.0,52,0.18055555555555555,0.0,0.6,0.9166666666666666,0.9166666666666666,0.75,0.0,0.0
53,4.416666666666667,4.416666666666667,0,4.416666666666667,04:25,12.79173657860472,6.645895949497362,6.145840629107358,3,2,1,3,2,1,2,1,1,0,0.0,0.0,6,0.6,0.0,0.0,53,0.1840277777777778,0.0,0.625,1.1666666666666667,1.1666666666666667,0.9166666666666666,0.0,0.0
54,4.5,4.5,0,4.5,04:30,13.01068497775341,6.790725375245666,6.219959602507744,0,0,0,0,0,0,1,1,0,0,0.0,0.0,5,0.5,0.0,0.0,54,0.1875,0.0,0.6416666666666667,1.0833333333333333,1.0833333333333333,0.9166666666666666,0.0,0.0
55,4.583333333333333,4.583333333333333,0,4.583333333333333,04:34,13.250276636403363,6.950408180603698,6.299868455799666,0,0,0,0,0,0,1,1,0,0,0.0,0.0,4,0.4,0.0,0.0,55,0.1909722222222222,0.0,0.6416666666666667,1.0,1.0,1.0,0.0,0.0
56,4.666666666666667,4.666666666666667,0,4.666666666666667,04:40,13.511596157908452,7.125999902456289,6.385596255452163,1,0,1,1,0,1,1,1,0,0,0.0,0.0,4,0.4,0.0,0.0,56,0.19444444444444445,0.0,0.6333333333333333,0.9166666666666666,0.9166666666666666,1.0,0.0,0.0
57,4.75,4.75,0,4.75,04:45,13.795668988004156,7.318570403520486,6.47709858448367,2,1,1,2,1,1,1,0,1,0,0.0,0.0,5,0.5,0.0,0.0,57,0.19791666666666666,0.0,0.6083333333333333,0.8333333333333334,0.8333333333333334,1.0833333333333333,0.0,0.0
58,4.833333333333333,4.833333333333333,0,4.833333333333333,04:49,14.103442831869675,7.529194369309713,6.574248462559962,0,0,0,0,0,0,0,0,0,0,0.0,0.0,5,0.5,0.0,0.0,58,0.20138888888888887,0.0,0.5833333333333334,0.75,0.75,1.0,0.0,0.0
59,4.916666666666667,4.916666666666667,0,4.916666666666667,04:55,14.435768058628604,7.758940067625665,6.676827991002939,1,0,1,1,0,1,0,0,0,0,0.0,0.0,6,0.6,0.0,0.0,59,0.20486111111111113,0.0,0.5750000000000001,0.8333333333333334,0.8333333333333334,0.9166666666666666,0.0,0.0
60,5.0,5.0,0,5.0,05:00,14.793377315351826,8.008856211174379,6.784521104177447,0,0,0,0,0,0,0,0,0,0,0.0,0.0,6,0.6,0.0,0.0,60,0.20833333333333334,0.0,0.5583333333333333,0.75,0.75,0.9166666666666666,0.0,0.0
61,5.083333333333333,5.083333333333333,0,5.083333333333333,05:04,15.176864613283556,8.279956778461818,6.896907834821737,1,1,0,1,1,0,1,1,0,0,0.0,0.0,6,0.6,0.0,0.0,61,0.21180555555555555,0.0,0.5499999999999999,0.75,0.75,0.8333333333333334,0.0,0.0
62,5.166666666666667,5.166666666666667,0,5.166666666666667,05:10,15.586664188169642,8.573203674031834,7.013460514137808,1,0,1,1,0,1,1,0,1,0,0.0,0.0,6,0.6,0.0,0.0,62,0.2152777777777778,0.0,0.5416666666666666,0.75,0.75,0.8333333333333334,0.0,0.0
63,5.25,5.25,0,5.25,05:15,16.023029473063175,8.88948714835656,7.133542324706616,1,0,1,1,0,1,2,1,1,0,0.0,0.0,5,0.5,0.0,0.0,63,0.21875,0.0,0.525,0.8333333333333334,0.8333333333333334,1.0,0.0,0.0
64,5.333333333333333,5.333333333333333,0,5.333333333333333,05:19,16.48601255460398,9.229603951951697,7.256408602652284,2,1,1,2,1,1,0,0,0,0,0.0,0.0,7,0.7,0.0,0.0,64,0.2222222222222222,0.0,0.5416666666666666,1.0,1.0,0.8333333333333334,0.0,0.0
65,5.416666666666667,5.416666666666667,0,5.416666666666667,05:25,16.97544451128737,9.59423326872679,7.381211242560582,1,1,0,1,1,0,1,0,1,0,0.0,0.0,7,0.7,0.0,0.0,65,0.22569444444444445,0.0,0.5499999999999999,0.8333333333333334,0.8333333333333334,0.75,0.0,0.0
66,5.5,5.5,0,5.5,05:30,17.490917053446246,9.983910560626,7.507006492820245,0,0,0,0,0,0,1,0,1,0,0.0,0.0,6,0.6,0.0,0.0,66,0.22916666666666666,0.0,0.5583333333333333,0.8333333333333334,0.8333333333333334,0.75,0.0,0.0
67,5.583333333333333,5.583333333333333,0,5.583333333333333,05:34,18.031765898421348,10.398999558766876,7.632766339654471,0,0,0,0,0,0,1,1,0,0,0.0,0.0,5,0.5,0.0,0.0,67,0.23263888888888887,0.0,0.5666666666666667,0.8333333333333334,0.8333333333333334,0.75,0.0,0.0
68,5.666666666666667,5.666666666666667,0,5.666666666666667,05:40,18.597056319640423,10.83966275392382,7.757393565716602,1,0,1,1,0,1,1,0,1,0,0.0,0.0,5,0.5,0.0,0.0,68,0.23611111111111113,0.0,0.5750000000000001,0.8333333333333334,0.8333333333333334,0.75,0.0,0.0
69,5.75,5.75,0,5.75,05:45,19.185571304165776,11.305830868451876,7.879740435713901,3,0,3,3,0,3,1,0,1,0,0.0,0.0,7,0.7,0.0,0.0,69,0.23958333333333334,0.0,0.5916666666666667,0.9166666666666666,0.9166666666666666,0.75,0.0,0.0
70,5.833333333333333,5.833333333333333,0,5.833333333333333,05:49,19.795802738980814,11.797171928386632,7.998630810594182,2,0,2,2,0,2,1,0,1,0,0.0,0.0,8,0.8,0.0,0.0,70,0.24305555555555555,0.0,0.6166666666666667,1.0833333333333333,1.0833333333333333,0.8333333333333334,0.0,0.0
71,5.916666666666667,5.916666666666667,0,5.916666666666667,05:55,20.425946021372965,12.313060692932444,8.112885328440521,0,0,0,0,0,0,0,0,0,0,0.0,0.0,8,0.8,0.0,0.0,71,0.2465277777777778,0.0,0.6333333333333333,1.0,1.0,0.8333333333333334,0.0,0.0
72,6.0,6.0,0,6.0,06:00,21.073898452991536,12.852549332068135,8.221349120923401,1,1,0,1,1,0,2,2,0,0,0.0,0.0,7,0.7,0.0,0.0,72,0.25,0.0,0.6416666666666667,1.0833333333333333,1.0833333333333333,1.0,0.0,0.0
73,6.083333333333333,6.083333333333333,0,6.083333333333333,06:04,21.73726173055763,13.41434036372573,8.3229213668319,1,1,0,1,1,0,0,0,0,0,0.0,0.0,8,0.8,0.0,0.0,73,0.2534722222222222,0.0,0.6583333333333333,1.0833333333333333,1.0833333333333333,0.9166666666666666,0.0,0.0
74,6.166666666666667,6.166666666666667,0,6.166666666666667,06:10,22.413348789126818,13.996762961383725,8.416585827743093,0,0,0,0,0,0,0,0,0,0,0.0,0.0,8,0.8,0.0,0.0,74,0.2569444444444445,0.0,0.6749999999999999,1.0,1.0,0.8333333333333334,0.0,0.0
75,6.25,6.25,0,6.25,06:15,23.099195186920248,14.597753812116144,8.501441374804104,1,0,1,1,0,1,3,1,2,0,0.0,0.0,6,0.6,0.0,0.0,75,0.2604166666666667,0.0,0.6833333333333332,1.0,1.0,0.9166666666666666,0.0,0.0
76,6.333333333333333,6.333333333333333,0,6.333333333333333,06:19,23.791575145030517,15.214843735523223,8.576731409507294,1,0,1,1,0,1,1,0,1,0,0.0,0.0,6,0.6,0.0,0.0,76,0.2638888888888889,0.0,0.6749999999999999,0.9166666666666666,0.9166666666666666,1.0,0.0,0.0
77,6.416666666666667,6.416666666666667,0,6.416666666666667,06:25,24.487022272072135,15.845151257710988,8.641871014361147,2,2,0,2,2,0,2,0,2,0,0.0,0.0,6,0.6,0.0,0.0,77,0.2673611111111111,0.0,0.6666666666666666,1.0,1.0,1.0833333333333333,0.0,0.0
78,6.5,6.5,0,6.5,06:30,25.18185491467317,16.48538426517569,8.696470649497481,1,0,1,1,0,1,0,0,0,0,0.0,0.0,7,0.7,0.0,0.0,78,0.2708333333333333,0.0,0.6749999999999999,1.0833333333333333,1.0833333333333333,1.0,0.0,0.0
79,6.583333333333333,6.583333333333333,0,6.583333333333333,06:34,25.87220598144597,17.13185073670151,8.740355244744462,1,1,0,1,1,0,3,1,2,0,0.0,0.0,5,0.5,0.0,0.0,79,0.2743055555555555,0.0,0.6749999999999999,1.1666666666666667,1.1666666666666667,1.1666666666666667,0.0,0.0
80,6.666666666666667,6.666666666666667,0,6.666666666666667,06:40,26.55405699280672,17.780479365401774,8.773577627404945,0,0,0,0,0,0,0,0,0,0,0.0,0.0,5,0.5,0.0,0.0,80,0.2777777777777778,0.0,0.6749999999999999,1.0833333333333333,1.0833333333333333,1.0833333333333333,0.0,0.0
81,6.75,6.75,0,6.75,06:45,27.22327601398192,18.426850639071922,8.796425374909996,1,1,0,1,1,0,0,0,0,0,0.0,0.0,6,0.6,0.0,0.0,81,0.28125,0.0,0.6666666666666666,0.9166666666666666,0.9166666666666666,1.0,0.0,0.0
82,6.833333333333333,6.833333333333333,0,6.833333333333333,06:49,27.87565903610473,19.066238649677036,8.809420386427693,2,2,0,2,2,0,2,1,1,0,0.0,0.0,6,0.6,0.0,0.0,82,0.2847222222222222,0.0,0.65,0.9166666666666666,0.9166666666666666,1.0833333333333333,0.0,0.0
83,6.916666666666667,6.916666666666667,0,6.916666666666667,06:55,28.50697428287284,19.693663560141477,8.813310722731362,1,1,0,1,1,0,1,1,0,0,0.0,0.0,6,0.6,0.0,0.0,83,0.2881944444444445,0.0,0.6333333333333333,1.0,1.0,1.1666666666666667,0.0,0.0
84,7.0,7.0,0,7.0,07:00,29.1130088401957,20.303954280090416,8.809054560105285,0,0,0,0,0,0,0,0,0,0,0.0,0.0,6,0.6,0.0,0.0,84,0.2916666666666667,0.0,0.625,0.9166666666666666,0.9166666666666666,1.0,0.0,0.0
85,7.083333333333333,7.083333333333333,0,7.083333333333333,07:04,29.689616935891447,20.891820506302683,8.797796429588766,1,1,0,1,1,0,1,0,1,0,0.0,0.0,6,0.6,0.0,0.0,85,0.2951388888888889,0.0,0.6083333333333333,0.9166666666666666,0.9166666666666666,1.0833333333333333,0.0,0.0
86,7.166666666666667,7.166666666666667,0,7.166666666666667,07:10,30.232769137920034,21.45193288532973,8.780836252590305,1,1,0,1,1,0,1,1,0,0,0.0,0.0,6,0.6,0.0,0.0,86,0.2986111111111111,0.0,0.5916666666666667,1.0,1.0,1.1666666666666667,0.0,0.0
87,7.25,7.25,0,7.25,07:15,30.73860169473985,21.979009673661682,8.759592021078165,0,0,0,0,0,0,1,1,0,0,0.0,0.0,5,0.5,0.0,0.0,87,0.3020833333333333,0.0,0.5833333333333334,0.9166666666666666,0.9166666666666666,1.0,0.0,0.0
88,7.333333333333333,7.333333333333333,0,7.333333333333333,07:19,31.203465211722797,22.467907924336398,8.735557287386397,3,2,1,3,2,1,0,0,0,0,0.0,0.0,8,0.8,0.0,0.0,88,0.3055555555555555,0.0,0.6,1.0833333333333333,1.0833333333333333,0.9166666666666666,0.0,0.0
89,7.416666666666667,7.416666666666667,0,7.416666666666667,07:25,31.623971844371177,22.91371693697449,8.710254907396685,1,1,0,1,1,0,1,1,0,0,0.0,0.0,8,0.8,0.0,0.0,89,0.3090277777777778,0.0,0.6166666666666667,1.0,1.0,0.8333333333333334,0.0,0.0
90,7.5,7.5,0,7.5,07:30,31.997040193149484,23.311851488333524,8.68518870481596,1,1,0,1,1,0,1,1,0,0,0.0,0.0,8,0.8,0.0,0.0,90,0.3125,0.0,0.625,1.0,1.0,0.9166666666666666,0.0,0.0
91,7.583333333333333,7.583333333333333,0,7.583333333333333,07:34,32.319937106434125,23.658142227397715,8.661794879036409,5,4,1,4,3,1,2,2,0,1,0.0,0.0,10,1.0,0.0,0.0,91,0.3159722222222222,0.08333333333333333,0.6666666666666666,1.3333333333333333,1.25,0.8333333333333334,0.0,0.0
92,7.666666666666667,7.666666666666667,0,7.666666666666667,07:40,32.590315637283716,23.948920583849123,8.641395053434593,2,2,0,0,0,0,0,0,0,3,1.6666666666666667,5.0,10,1.0,0.0,0.0,92,0.3194444444444445,0.3333333333333333,0.7083333333333334,1.5,1.25,0.8333333333333334,0.0,0.1388888888888889
93,7.75,7.75,0,7.75,07:45,32.80624845586041,24.181095608048782,8.62515284781163,0,0,0,3,3,0,4,3,1,0,0.0,0.0,9,0.9,6.666666666666667,0.0,93,0.3229166666666667,0.3333333333333333,0.7333333333333334,1.4166666666666667,1.4166666666666667,1.1666666666666667,0.5555555555555556,0.1388888888888889
94,7.833333333333333,7.833333333333333,0,7.833333333333333,07:49,32.96625609134107,24.352220335784285,8.614035755556788,2,2,0,2,2,0,1,1,0,0,0.0,0.0,10,1.0,0.0,0.0,94,0.3263888888888889,0.3333333333333333,0.7666666666666667,1.4166666666666667,1.4166666666666667,1.0833333333333333,0.5555555555555556,0.1388888888888889
95,7.916666666666667,7.916666666666667,0,7.916666666666667,07:55,33.0693294635577,24.460545547952474,8.608783915605228,0,0,0,0,0,0,1,1,0,0,0.0,0.0,9,0.9,0.0,0.0,95,0.3298611111111111,0.3333333333333333,0.7916666666666666,1.3333333333333333,1.3333333333333333,1.0833333333333333,0.5555555555555556,0.1388888888888889
96,8.0,8.0,0,8.0,08:00,33.11494626351003,24.505059164561004,8.609887098949025,2,2,0,2,2,0,2,2,0,0,0.0,0.0,9,0.9,0.0,0.0,96,0.3333333333333333,0.3333333333333333,0.8166666666666665,1.5,1.5,1.25,0.5555555555555556,0.1388888888888889
97,8.083333333333334,8.083333333333334,0,8.083333333333334,08:05,33.10308085105868,24.48550995942837,8.617570891630306,2,1,1,2,1,1,2,1,1,0,0.0,0.0,9,0.9,0.0,0.0,97,0.3368055555555556,0.3333333333333333,0.8416666666666667,1.5833333333333333,1.5833333333333333,1.3333333333333333,0.5555555555555556,0.1388888888888889
98,8.166666666666666,8.166666666666666,0,8.166666666666666,08:09,33.03420745500948,24.402414787887224,8.631792667122253,3,3,0,3,3,0,2,2,0,0,0.0,0.0,10,1.0,0.0,5.0,98,0.34027777777777773,0.3333333333333333,0.875,1.75,1.75,1.4166666666666667,0.5555555555555556,0.1388888888888889
99,8.25,8.25,0,8.25,08:15,32.909296582700236,24.25704906246724,8.652247520232999,2,1,1,1,0,1,1,1,0,1,0.0,0.0,10,1.0,0.0,10.0,99,0.34375,0.4166666666666667,0.9166666666666666,1.9166666666666667,1.8333333333333333,1.4166666666666667,0.5555555555555556,0.1388888888888889
100,8.333333333333334,8.333333333333334,0,8.333333333333334,08:20,32.729804670231495,24.05142076666158,8.678383903569916,0,0,0,1,1,0,1,1,0,0,0.0,0.0,10,1.0,5.0,0.0,100,0.34722222222222227,0.4166666666666667,0.9333333333333332,1.6666666666666667,1.6666666666666667,1.5,0.9722222222222223,0.1388888888888889
101,8.416666666666666,8.416666666666666,0,8.416666666666666,08:24,32.4976571277268,23.788228839436012,8.709428288290784,5,3,2,0,0,0,0,0,0,5,0.0,0.0,10,1.0,0.0,0.0,101,0.3506944444444444,0.8333333333333334,0.9500000000000001,2.0,1.5833333333333333,1.4166666666666667,0.9722222222222223,0.1388888888888889
102,8.5,8.5,0,8.5,08:30,32.215225053589485,23.470807268775776,8.744417784813711,2,2,0,1,0,1,1,1,0,6,3.3333333333333335,5.0,10,1.0,5.0,0.0,102,0.3541666666666667,1.3333333333333333,0.9666666666666667,2.0833333333333335,1.5833333333333333,1.4166666666666667,1.388888888888889,0.4166666666666667
103,8.583333333333334,8.583333333333334,0,8.583333333333334,08:35,31.885296004891355,23.10305667899454,8.782239325896814,1,1,0,3,2,1,3,2,1,4,5.0,10.0,10,1.0,10.0,0.0,103,0.3576388888888889,1.5833333333333333,0.9666666666666667,1.75,1.5,1.5,2.2222222222222223,0.8333333333333334
104,8.666666666666666,8.666666666666666,0,8.666666666666666,08:39,31.511039315232885,22.6893655647599,8.821673750472984,3,2,1,0,0,0,0,0,0,7,5.714285714285714,15.0,10,1.0,0.0,0.0,104,0.3611111111111111,1.9166666666666667,0.9666666666666667,1.8333333333333333,1.5,1.5,2.2222222222222223,1.1706349206349207
105,8.75,8.75,0,8.75,08:45,31.09596654438335,22.234523600145966,8.861442944237385,1,1,0,3,3,0,3,3,0,5,5.0,10.0,10,1.0,16.666666666666668,0.0,105,0.3645833333333333,2.3333333333333335,0.975,1.9166666666666667,1.5,1.4166666666666667,3.055555555555556,1.5873015873015872
106,8.833333333333334,8.833333333333334,0,8.833333333333334,08:50,30.643887723802273,21.743629623876995,8.900258099925276,1,1,0,1,1,0,1,1,0,5,7.0,10.0,10,1.0,15.0,0.0,106,0.3680555555555556,2.75,0.975,1.8333333333333333,1.4166666666666667,1.4166666666666667,4.305555555555556,2.1706349206349205
107,8.916666666666666,8.916666666666666,0,8.916666666666666,08:54,30.15886412721001,21.22199696810257,8.93686715910744,2,1,1,0,0,0,0,0,0,7,8.571428571428571,15.0,10,1.0,0.0,0.0,107,0.37152777777777773,3.3333333333333335,0.9833333333333333,2.0,1.4166666666666667,1.3333333333333333,4.305555555555556,2.884920634920635
108,9.0,9.0,0,9.0,09:00,29.645158344583038,20.6750587588802,8.970099585702838,2,1,1,2,1,1,2,2,0,7,7.857142857142857,20.0,10,1.0,20.0,7.5,108,0.375,3.9166666666666665,0.9916666666666667,2.0,1.4166666666666667,1.3333333333333333,5.972222222222222,3.5396825396825395
109,9.083333333333334,9.083333333333334,0,9.083333333333334,09:05,29.107182470609313,20.1082756785997,8.998906792009612,1,1,0,2,2,0,2,1,1,6,7.5,15.0,10,1.0,22.5,5.0,109,0.37847222222222227,4.416666666666667,1.0,1.9166666666666667,1.4166666666666667,1.3333333333333333,7.847222222222222,4.1646825396825395
110,9.166666666666666,9.166666666666666,0,9.166666666666666,09:09,28.54944523450867,19.527048455065145,9.022396779443524,1,1,0,1,1,0,1,0,1,6,9.166666666666666,15.0,10,1.0,20.0,5.0,110,0.3819444444444444,4.916666666666667,1.0,1.75,1.25,1.25,9.51388888888889,4.928571428571428
111,9.25,9.25,0,9.25,09:15,27.97649889740076,18.936637043846602,9.039861853554159,2,0,2,2,1,1,2,1,1,6,7.5,15.0,10,1.0,20.0,12.5,111,0.3854166666666667,5.333333333333333,1.0,1.75,1.3333333333333333,1.3333333333333333,11.180555555555555,5.553571428571428
112,9.333333333333334,9.333333333333334,0,9.333333333333334,09:20,27.392886726700702,18.34208811756888,9.05079860913182,0,0,0,2,1,1,2,2,0,4,8.75,15.0,10,1.0,20.0,15.0,112,0.3888888888888889,5.666666666666667,1.0,1.75,1.4166666666666667,1.4166666666666667,12.430555555555555,6.282738095238095
113,9.416666666666666,9.416666666666666,0,9.416666666666666,09:24,26.803091825334022,17.748172087371678,9.054919737962342,1,1,0,1,1,0,1,1,0,4,8.75,15.0,10,1.0,20.0,20.0,113,0.3923611111111111,5.583333333333333,1.0,1.4166666666666667,1.5,1.5,14.097222222222221,7.011904761904762
114,9.5,9.5,0,9.5,09:30,26.21148804821528,17.15933047764443,9.05215757057085,2,2,0,0,0,0,0,0,0,6,9.166666666666666,20.0,10,1.0,0.0,0.0,114,0.3958333333333333,5.583333333333333,1.0,1.4166666666666667,1.4166666666666667,1.4166666666666667,13.680555555555555,7.4980158730158735
115,9.583333333333334,9.583333333333334,0,9.583333333333334,09:35,25.622293681034332,16.57963407441119,9.042659606623141,1,0,1,2,1,1,2,1,1,5,8.0,20.0,10,1.0,22.5,20.0,115,0.3993055555555556,5.666666666666667,1.0,1.4166666666666667,1.3333333333333333,1.3333333333333333,14.722222222222221,7.7480158730158735
116,9.666666666666666,9.666666666666666,0,9.666666666666666,09:39,25.039528488762738,16.012751887827868,9.026776600934868,0,0,0,2,1,1,2,2,0,3,8.333333333333334,10.0,10,1.0,20.0,22.5,116,0.40277777777777773,5.333333333333333,1.0,1.1666666666666667,1.5,1.5,16.38888888888889,7.966269841269841
117,9.75,9.75,0,9.75,09:45,24.466974665405278,15.461930625056299,9.005044040348979,2,1,1,3,2,1,3,1,2,2,0.0,0.0,10,1.0,13.333333333333334,20.0,117,0.40625,5.083333333333333,1.0,1.25,1.5,1.5,16.11111111111111,7.549603174603174
118,9.833333333333334,9.833333333333334,0,9.833333333333334,09:50,23.908142134435693,14.929984073073747,8.978158061361945,1,1,0,0,0,0,0,0,0,3,3.3333333333333335,5.0,10,1.0,0.0,0.0,118,0.40972222222222227,4.916666666666667,1.0,1.25,1.4166666666666667,1.4166666666666667,14.861111111111112,7.2440476190476195
119,9.916666666666666,9.916666666666666,0,9.916666666666666,09:54,23.36623856314929,14.419291550051323,8.946947013097969,4,2,2,1,0,1,1,1,0,6,2.5,10.0,10,1.0,10.0,20.0,119,0.4131944444444444,4.833333333333333,1.0,1.4166666666666667,1.5,1.5,15.694444444444445,6.738095238095238
120,10.0,10.0,0,10.0,10:00,22.844144365874875,13.931804403464822,8.912339962410053,0,0,0,0,0,0,0,0,0,6,7.5,15.0,10,1.0,0.0,0.0,120,0.4166666666666667,4.75,1.0,1.25,1.3333333333333333,1.3333333333333333,14.027777777777779,6.708333333333333
121,10.083333333333334,10.083333333333334,0,10.083333333333334,10:05,22.344392882550014,13.469059414244787,8.875333468305227,3,2,1,1,1,0,1,0,1,8,6.875,15.0,10,1.0,20.0,25.0,121,0.4201388888888889,4.916666666666667,1.0,1.4166666666666667,1.25,1.25,13.819444444444445,6.65625
122,10.166666666666666,10.166666666666666,0,10.166666666666666,10:09,21.869155832367476,13.032197906976,8.836957925391475,0,0,0,5,3,2,5,4,1,3,5.0,5.0,10,1.0,16.0,20.0,122,0.4236111111111111,4.666666666666667,1.0,1.3333333333333333,1.5833333333333333,1.5833333333333333,13.486111111111112,6.309027777777779
123,10.25,10.25,0,10.25,10:15,21.420234058650554,12.621989361614977,8.798244697035576,0,0,0,0,0,0,0,0,0,3,10.0,10.0,10,1.0,0.0,0.0,123,0.4270833333333333,4.416666666666667,1.0,1.1666666666666667,1.4166666666666667,1.4166666666666667,11.819444444444445,6.517361111111112
124,10.333333333333334,10.333333333333334,0,10.333333333333334,10:20,20.99905350219605,12.238858365423972,8.760195136772076,1,0,1,2,1,1,2,1,1,2,7.5,15.0,10,1.0,15.0,12.5,124,0.4305555555555556,4.25,1.0,1.25,1.4166666666666667,1.4166666666666667,11.402777777777777,6.4131944444444455
125,10.416666666666666,10.416666666666666,0,10.416666666666666,10:24,20.606666267184455,11.882913826299536,8.723752440884919,0,0,0,0,0,0,0,0,0,2,12.5,20.0,10,1.0,0.0,0.0,125,0.43402777777777773,4.083333333333333,1.0,1.1666666666666667,1.3333333333333333,1.3333333333333333,9.73611111111111,6.7256944444444455
126,10.5,10.5,0,10.5,10:30,20.243756577299482,11.55397948099992,8.689777096299562,4,1,3,1,1,0,1,0,1,5,2.0,10.0,10,1.0,25.0,10.0,126,0.4375,4.0,1.0,1.3333333333333333,1.4166666666666667,1.4166666666666667,11.819444444444443,6.128472222222222
127,10.583333333333334,10.583333333333334,0,10.583333333333334,10:35,19.910651360575347,11.251624864288175,8.659026496287172,1,1,0,4,0,4,4,4,0,2,2.5,5.0,10,1.0,7.5,16.25,127,0.44097222222222227,3.75,1.0,1.3333333333333333,1.5833333333333333,1.5833333333333333,10.569444444444445,5.670138888888889
128,10.666666666666666,10.666666666666666,0,10.666666666666666,10:39,19.607335150113403,10.975196048358073,8.63213910175533,1,1,0,0,0,0,0,0,0,3,5.0,10.0,10,1.0,0.0,0.0,128,0.4444444444444444,3.75,1.0,1.4166666666666667,1.4166666666666667,1.4166666666666667,8.902777777777777,5.392361111111112
129,10.75,10.75,0,10.75,10:45,19.333468944368136,10.723845607532295,8.60962333683584,2,2,0,4,4,0,4,2,2,1,0.0,0.0,10,1.0,7.5,16.25,129,0.4479166666666667,3.6666666666666665,1.0,1.4166666666666667,1.5,1.5,8.416666666666666,5.392361111111112
130,10.833333333333334,10.833333333333334,0,10.833333333333334,10:50,19.088412635182163,10.496561403697479,8.591851231484684,0,0,0,1,1,0,1,0,1,0,0.0,0.0,10,1.0,5.0,15.0,130,0.4513888888888889,3.4166666666666665,1.0,1.3333333333333333,1.5833333333333333,1.5833333333333333,8.833333333333334,5.114583333333333
131,10.916666666666666,10.916666666666666,0,10.916666666666666,10:54,18.871250583960503,10.292193917243159,8.579056666717344,0,0,0,0,0,0,2,1,1,0,0.0,0.0,8,0.8,0.0,20.0,131,0.4548611111111111,2.9166666666666665,0.9833333333333334,1.0,1.5,1.6666666666666667,8.0,4.90625
132,11.0,11.0,0,11.0,11:00,18.68081990598018,10.109481961899167,8.571337944081012,2,2,0,2,2,0,0,0,0,0,0.0,0.0,10,1.0,0.0,0.0,132,0.4583333333333333,2.4166666666666665,0.9833333333333334,1.1666666666666667,1.6666666666666667,1.6666666666666667,8.0,4.28125
133,11.083333333333334,11.083333333333334,0,11.083333333333334,11:05,18.51574100938189,9.947076716859609,8.568664292522282,1,0,1,0,0,0,0,0,0,1,0.0,0.0,10,1.0,0.0,0.0,133,0.4618055555555556,1.8333333333333333,0.9833333333333334,1.0,1.5833333333333333,1.5833333333333333,6.333333333333333,3.7083333333333335
134,11.166666666666666,11.166666666666666,0,11.166666666666666,11:09,18.374449928351616,9.803564084452125,8.570885843899491,0,0,0,1,0,1,2,1,1,0,0.0,0.0,9,0.9,5.0,7.5,134,0.46527777777777773,1.5833333333333333,0.9750000000000001,1.0,1.25,1.3333333333333333,5.416666666666667,3.2916666666666665
135,11.25,11.25,0,11.25,11:15,18.25523198878499,9.677485436192194,8.577746552592794,2,1,1,2,1,1,2,1,1,0,0.0,0.0,9,0.9,0.0,5.0,135,0.46875,1.3333333333333333,0.9666666666666668,1.1666666666666667,1.4166666666666667,1.5,5.416666666666667,2.4583333333333335
136,11.333333333333334,11.333333333333334,0,11.333333333333334,11:20,18.156256348724316,9.567356845303244,8.588899503421072,1,1,0,1,1,0,1,1,0,0,0.0,0.0,9,0.9,0.0,15.0,136,0.47222222222222227,1.1666666666666667,0.9583333333333334,1.1666666666666667,1.3333333333333333,1.4166666666666667,4.166666666666667,1.8333333333333333
137,11.416666666666666,11.416666666666666,0,11.416666666666666,11:24,18.075610964452643,9.471686921513752,8.60392404293889,1,1,0,1,1,0,3,2,1,0,0.0,0.0,7,0.7,0.0,3.3333333333333335,137,0.4756944444444444,1.0,0.9333333333333335,1.25,1.4166666666666667,1.6666666666666667,4.166666666666667,0.7916666666666666
138,11.5,11.5,0,11.5,11:30,18.011337545728793,9.388993366620257,8.622344179108536,1,0,1,1,0,1,0,0,0,0,0.0,0.0,8,0.8,0.0,0.0,138,0.4791666666666667,0.5833333333333334,0.9166666666666666,1.0,1.4166666666666667,1.5833333333333333,2.0833333333333335,0.625
139,11.583333333333334,11.583333333333334,0,11.583333333333334,11:35,17.961466079692393,9.317818359768713,8.64364771992368,1,0,1,1,0,1,0,0,0,0,0.0,0.0,9,0.9,0.0,0.0,139,0.4826388888888889,0.4166666666666667,0.9083333333333333,1.0,1.1666666666666667,1.25,1.4583333333333333,0.4166666666666667
140,11.666666666666666,11.666666666666666,0,11.666666666666666,11:39,17.924048521947235,9.25674286264822,8.667305659299014,2,1,1,1,1,0,0,0,0,1,0.0,0.0,10,1.0,0.0,0.0,140,0.4861111111111111,0.25,0.9083333333333333,1.0833333333333333,1.25,1.25,1.4583333333333333,0.0
141,11.75,11.75,0,11.75,11:45,17.897191274787914,9.204399909759529,8.692791365028386,2,0,2,3,0,3,4,2,2,0,0.0,0.0,9,0.9,1.6666666666666667,1.25,141,0.4895833333333333,0.16666666666666666,0.9,1.0833333333333333,1.1666666666666667,1.25,0.9722222222222222,0.0
142,11.833333333333334,11.833333333333334,0,11.833333333333334,11:50,17.879086096068907,9.1594869203623,8.719599175706607,1,1,0,1,1,0,1,1,0,0,0.0,0.0,9,0.9,0.0,0.0,142,0.4930555555555556,0.16666666666666666,0.8916666666666667,1.1666666666666667,1.1666666666666667,1.25,0.5555555555555556,0.0
143,11.916666666666666,11.916666666666666,0,11.916666666666666,11:54,17.868039107484766,9.12077703904663,8.747262068438136,0,0,0,0,0,0,1,1,0,0,0.0,0.0,8,0.8,0.0,0.0,143,0.49652777777777773,0.16666666666666666,0.8916666666666666,1.1666666666666667,1.1666666666666667,1.1666666666666667,0.5555555555555556,0.0
144,12.0,12.0,0,12.0,12:00,17.86249759774826,9.0871294831504,8.775368114597859,1,0,1,1,0,1,1,1,0,0,0.0,0.0,8,0.8,0.0,0.0,144,0.5,0.16666666666666666,0.875,1.0833333333333333,1.0833333333333333,1.25,0.5555555555555556,0.0
145,12.083333333333334,12.083333333333334,0,12.083333333333334,12:05,17.86107434408185,9.057498849062302,8.803575495019548,1,1,0,1,1,0,1,1,0,0,0.0,0.0,8,0.8,0.0,0.0,145,0.5034722222222222,0.08333333333333333,0.8583333333333334,1.0833333333333333,1.1666666666666667,1.3333333333333333,0.5555555555555556,0.0
146,12.166666666666666,12.166666666666666,0,12.166666666666666,12:09,17.86256920438291,9.030943306994764,8.831625897388147,1,0,1,1,0,1,3,1,2,0,0.0,0.0,6,0.6,0.0,0.0,146,0.5069444444444444,0.08333333333333333,0.8333333333333334,1.1666666666666667,1.1666666666666667,1.4166666666666667,0.1388888888888889,0.0
147,12.25,12.25,0,12.25,12:15,17.86598776222676,9.006631595875712,8.859356166351047,1,1,0,1,1,0,0,0,0,0,0.0,0.0,7,0.7,0.0,0.0,147,0.5104166666666666,0.08333333333333333,0.8166666666666668,1.0833333333333333,1.0833333333333333,1.25,0.1388888888888889,0.0
148,12.333333333333334,12.333333333333334,0,12.333333333333334,12:20,17.870556837404767,8.983848717050272,8.886708120354495,0,0,0,0,0,0,1,0,1,0,0.0,0.0,6,0.6,0.0,0.0,148,0.513888888888889,0.08333333333333333,0.7916666666666666,1.0,1.0,1.25,0.1388888888888889,0.0
149,12.416666666666666,12.416666666666666,0,12.416666666666666,12:24,17.87573670585183,8.962000217697103,8.913736488154726,1,0,1,1,0,1,2,1,1,0,0.0,0.0,5,0.5,0.0,2.5,149,0.517361111111111,0.08333333333333333,0.7749999999999999,1.0,1.0,1.1666666666666667,0.1388888888888889,0.0
150,12.5,12.5,0,12.5,12:30,17.88122990450794,8.94061495225397,8.94061495225397,3,1,2,3,1,2,1,0,1,0,0.0,0.0,7,0.7,0.0,0.0,150,0.5208333333333334,0.08333333333333333,0.7666666666666667,1.1666666666666667,1.1666666666666667,1.25,0.1388888888888889,0.0
151,12.583333333333334,12.583333333333334,0,12.583333333333334,12:35,17.886986528804712,8.919346212609193,8.96764031619552,1,0,1,1,0,1,1,0,1,0,0.0,0.0,7,0.7,0.0,0.0,151,0.5243055555555556,0.08333333333333333,0.75,1.1666666666666667,1.1666666666666667,1.3333333333333333,0.1388888888888889,0.0
152,12.666666666666666,12.666666666666666,0,12.666666666666666,12:39,17.893205962998053,8.89797112520432,8.995234837793733,0,0,0,0,0,0,0,0,0,0,0.0,0.0,7,0.7,0.0,0.0,152,0.5277777777777778,0.0,0.725,1.0,1.0833333333333333,1.3333333333333333,0.1388888888888889,0.0
153,12.75,12.75,0,12.75,12:45,17.900335016416467,8.876388225381456,9.02394679103501,1,1,0,1,1,0,2,1,1,0,0.0,0.0,6,0.6,0.0,0.0,153,0.53125,0.0,0.7000000000000001,0.9166666666666666,0.9166666666666666,1.1666666666666667,0.0,0.0
154,12.833333333333334,12.833333333333334,0,12.833333333333334,12:50,17.90906247179544,8.854613136224648,9.054449335570792,3,2,1,3,2,1,0,0,0,0,0.0,0.0,9,0.9,0.0,0.0,154,0.5347222222222222,0.0,0.6999999999999998,1.0833333333333333,1.0833333333333333,1.0833333333333333,0.0,0.0
155,12.916666666666666,12.916666666666666,0,12.916666666666666,12:54,17.920310085157453,8.832772300794856,9.087537784362597,3,2,1,3,2,1,2,0,2,0,0.0,0.0,10,1.0,0.0,0.0,155,0.5381944444444444,0.0,0.7166666666666667,1.3333333333333333,1.3333333333333333,1.1666666666666667,0.0,0.0
156,13.0,13.0,0,13.0,13:00,17.935220110106556,8.811094743120563,9.124125366985993,1,0,1,1,0,1,1,0,1,0,0.0,0.0,10,1.0,0.0,0.0,156,0.5416666666666666,0.0,0.7333333333333334,1.3333333333333333,1.3333333333333333,1.1666666666666667,0.0,0.0
157,13.083333333333334,13.083333333333334,0,13.083333333333334,13:05,17.955139452865332,8.78990186470857,9.165237588156762,2,2,0,1,1,0,1,1,0,1,0.0,0.0,10,1.0,0.0,0.0,157,0.545138888888889,0.08333333333333333,0.75,1.4166666666666667,1.3333333333333333,1.1666666666666667,0.0,0.0
158,13.166666666666666,13.166666666666666,0,13.166666666666666,13:09,17.981600597810417,8.769595319809286,9.212005278001131,1,0,1,1,1,0,1,1,0,1,0.0,0.0,10,1.0,5.0,0.0,158,0.548611111111111,0.16666666666666666,0.7833333333333332,1.4166666666666667,1.3333333333333333,1.0,0.4166666666666667,0.0
159,13.25,13.25,0,13.25,13:15,18.016299476571287,8.750643054272226,9.265656422299063,0,0,0,1,0,1,2,0,2,0,0.0,0.0,9,0.9,5.0,0.0,159,0.5520833333333334,0.16666666666666666,0.7999999999999999,1.3333333333333333,1.3333333333333333,1.1666666666666667,0.8333333333333334,0.0
160,13.333333333333334,13.333333333333334,0,13.333333333333334,13:20,18.061070486838766,8.73356363948125,9.327506847357515,0,0,0,0,0,0,2,2,0,0,0.0,0.0,7,0.7,0.0,0.0,160,0.5555555555555556,0.16666666666666666,0.8083333333333335,1.3333333333333333,1.3333333333333333,1.25,0.8333333333333334,0.0
161,13.416666666666666,13.416666666666666,0,13.416666666666666,13:24,18.117858899756435,8.71890908425559,9.398949815500846,0,0,0,0,0,0,2,1,1,0,0.0,0.0,5,0.5,0.0,0.0,161,0.5590277777777778,0.16666666666666666,0.8083333333333335,1.25,1.25,1.25,0.8333333333333334,0.0
162,13.5,13.5,0,13.5,13:30,18.188690926982243,8.707246363114217,9.481444563868026,2,0,2,2,0,2,2,1,1,0,0.0,0.0,5,0.5,0.0,0.0,162,0.5625,0.16666666666666666,0.7916666666666666,1.1666666666666667,1.1666666666666667,1.3333333333333333,0.8333333333333334,0.0
163,13.583333333333334,13.583333333333334,0,13.583333333333334,13:35,18.275641750014426,8.699137957899087,9.57650379211534,0,0,0,0,0,0,0,0,0,0,0.0,0.0,5,0.5,0.0,0.0,163,0.5659722222222222,0.16666666666666666,0.775,1.0833333333333333,1.0833333333333333,1.25,0.8333333333333334,0.0
164,13.666666666666666,13.666666666666666,0,13.666666666666666,13:39,18.38080184493627,8.695121769942759,9.68568007499351,1,0,1,1,0,1,2,2,0,0,0.0,0.0,4,0.4,0.0,2.5,164,0.5694444444444444,0.16666666666666666,0.75,1.1666666666666667,1.1666666666666667,1.4166666666666667,0.8333333333333334,0.0
165,13.75,13.75,0,13.75,13:45,18.506241965056223,8.69569081974589,9.810551145310333,3,2,1,3,2,1,1,0,1,0,0.0,0.0,6,0.6,0.0,5.0,165,0.5729166666666666,0.16666666666666666,0.75,1.3333333333333333,1.3333333333333333,1.3333333333333333,0.8333333333333334,0.0
166,13.833333333333334,13.833333333333334,0,13.833333333333334,13:50,18.65397717165216,8.701273207980098,9.952703963672061,1,0,1,1,0,1,1,0,1,0,0.0,0.0,6,0.6,0.0,0.0,166,0.576388888888889,0.16666666666666666,0.7250000000000001,1.1666666666666667,1.1666666666666667,1.4166666666666667,0.8333333333333334,0.0
167,13.916666666666666,13.916666666666666,0,13.916666666666666,13:54,18.8259303287559,8.712212862546842,10.113717466209057,1,0,1,1,0,1,0,0,0,0,0.0,0.0,7,0.7,0.0,0.0,167,0.579861111111111,0.16666666666666666,0.7000000000000001,1.0,1.0,1.25,0.8333333333333334,0.0
168,14.0,14.0,0,14.0,14:00,19.023895501153813,8.72875163798738,10.295143863166434,0,0,0,0,0,0,0,0,0,0,0.0,0.0,7,0.7,0.0,0.0,168,0.5833333333333334,0.16666666666666666,0.6749999999999999,0.9166666666666666,0.9166666666666666,1.1666666666666667,0.8333333333333334,0.0
169,14.083333333333334,14.083333333333334,0,14.083333333333334,14:05,19.24950171498294,8.751013362054193,10.498488352928748,1,0,1,1,0,1,1,0,1,0,0.0,0.0,7,0.7,0.0,0.0,169,0.5868055555555556,0.08333333333333333,0.65,0.8333333333333334,0.9166666666666666,1.1666666666666667,0.8333333333333334,0.0
170,14.166666666666666,14.166666666666666,0,14.166666666666666,14:09,19.50417755685996,8.778990435911853,10.725187120948108,1,0,1,1,0,1,1,0,1,0,0.0,0.0,7,0.7,0.0,0.0,170,0.5902777777777778,0.0,0.625,0.8333333333333334,0.9166666666666666,1.1666666666666667,0.4166666666666667,0.0
171,14.25,14.25,0,14.25,14:15,19.789117099729374,8.812533585538368,10.976583514191006,0,0,0,0,0,0,0,0,0,0,0.0,0.0,7,0.7,0.0,0.0,171,0.59375,0.0,0.6083333333333333,0.8333333333333334,0.8333333333333334,1.0,0.0,0.0
172,14.333333333333334,14.333333333333334,0,14.333333333333334,14:20,20.105247650857034,8.851345329119532,11.253902321737502,0,0,0,0,0,0,2,2,0,0,0.0,0.0,5,0.5,0.0,0.0,172,0.5972222222222222,0.0,0.5916666666666667,0.8333333333333334,0.8333333333333334,1.0,0.0,0.0
173,14.416666666666666,14.416666666666666,0,14.416666666666666,14:24,20.45319981890424,8.894977665895409,11.558222153008831,0,0,0,0,0,0,1,0,1,0,0.0,0.0,4,0.4,0.0,0.0,173,0.6006944444444444,0.0,0.5833333333333334,0.8333333333333334,0.8333333333333334,0.9166666666666666,0.0,0.0
174,14.5,14.5,0,14.5,14:30,20.83328039207903,8.942834404306268,11.890445987772763,1,1,0,1,1,0,1,0,1,0,0.0,0.0,4,0.4,0.0,0.0,174,0.6041666666666666,0.0,0.5750000000000001,0.75,0.75,0.8333333333333334,0.0,0.0
175,14.583333333333334,14.583333333333334,0,14.583333333333334,14:35,21.245448507288454,8.994178430904247,12.251270076384207,1,1,0,1,1,0,3,0,3,0,0.0,0.0,2,0.2,0.0,0.0,175,0.607638888888889,0.0,0.55,0.8333333333333334,0.8333333333333334,1.0833333333333333,0.0,0.0
176,14.666666666666666,14.666666666666666,0,14.666666666666666,14:39,21.68929557038579,9.048144077343085,12.641151493042706,1,1,0,1,1,0,0,0,0,0,0.0,0.0,3,0.3,0.0,0.0,176,0.611111111111111,0.0,0.5416666666666666,0.8333333333333334,0.8333333333333334,0.9166666666666666,0.0,0.0
177,14.75,14.75,0,14.75,14:45,22.164029359491966,9.103754573509828,13.060274785982138,2,1,1,2,1,1,0,0,0,0,0.0,0.0,5,0.5,0.0,0.0,177,0.6145833333333334,0.0,0.5333333333333333,0.75,0.75,0.8333333333333334,0.0,0.0
178,14.833333333333334,14.833333333333334,0,14.833333333333334,14:50,22.668462706575397,9.159944384996713,13.508518321578686,2,2,0,2,2,0,0,0,0,0,0.0,0.0,7,0.7,0.0,0.0,178,0.6180555555555556,0.0,0.5416666666666666,0.8333333333333334,0.8333333333333334,0.75,0.0,0.0
179,14.916666666666666,14.916666666666666,0,14.916666666666666,14:54,23.201007106769826,9.215586028918848,13.985421077850978,1,0,1,1,0,1,0,0,0,0,0.0,0.0,8,0.8,0.0,0.0,179,0.6215277777777778,0.0,0.55,0.8333333333333334,0.8333333333333334,0.75,0.0,0.0
180,15.0,15.0,0,15.0,15:00,23.759671550263715,9.26952075156188,14.490150798701835,0,0,0,0,0,0,0,0,0,0,0.0,0.0,8,0.8,0.0,0.0,180,0.625,0.0,0.5583333333333333,0.8333333333333334,0.8333333333333334,0.75,0.0,0.0
181,15.083333333333334,15.083333333333334,0,15.083333333333334,15:05,24.342066808205345,9.320592243964095,15.02147456424125,1,1,0,1,1,0,1,1,0,0,0.0,0.0,8,0.8,0.0,0.0,181,0.6284722222222222,0.0,0.5666666666666667,0.8333333333333334,0.8333333333333334,0.75,0.0,0.0
182,15.166666666666666,15.166666666666666,0,15.166666666666666,15:09,24.94541533238444,9.367682377874381,15.577732954510058,0,0,0,0,0,0,1,1,0,0,0.0,0.0,7,0.7,0.0,0.0,182,0.6319444444444444,0.0,0.5666666666666667,0.75,0.75,0.75,0.0,0.0
183,15.25,15.25,0,15.25,15:15,25.566566849190355,9.409747775764568,16.156819073425787,1,0,1,1,0,1,1,1,0,0,0.0,0.0,7,0.7,0.0,0.0,183,0.6354166666666666,0.0,0.5666666666666667,0.8333333333333334,0.8333333333333334,0.8333333333333334,0.0,0.0
184,15.333333333333334,15.333333333333334,0,15.333333333333334,15:20,26.202019642504606,9.445855895902431,16.756163746602176,2,1,1,2,1,1,4,2,2,0,0.0,0.0,5,0.5,0.0,0.0,184,0.638888888888889,0.0,0.5666666666666668,1.0,1.0,1.0,0.0,0.0
185,15.416666666666666,15.416666666666666,0,15.416666666666666,15:24,26.847947429031745,9.475219227424235,17.372728201607508,4,1,3,4,1,3,0,0,0,0,0.0,0.0,9,0.9,0.0,0.0,185,0.642361111111111,0.0,0.6083333333333333,1.3333333333333333,1.3333333333333333,0.9166666666666666,0.0,0.0
186,15.5,15.5,0,15.5,15:30,27.500231634640805,9.497226159997263,18.003005474643544,2,0,2,2,0,2,1,1,0,0,0.0,0.0,10,1.0,0.0,0.0,186,0.6458333333333334,0.0,0.6583333333333333,1.4166666666666667,1.4166666666666667,0.9166666666666666,0.0,0.0
187,15.583333333333334,15.583333333333334,0,15.583333333333334,15:35,28.15449878335403,9.51146712503016,18.64303165832387,3,1,2,0,0,0,0,0,0,3,0.0,0.0,10,1.0,0.0,0.0,187,0.6493055555555556,0.25,0.725,1.5833333333333333,1.3333333333333333,0.6666666666666666,0.0,0.0
188,15.666666666666666,15.666666666666666,0,15.666666666666666,15:39,28.806162613663684,9.517754704692791,19.288407908970893,0,0,0,0,0,0,0,0,0,3,5.0,5.0,10,1.0,0.0,0.0,188,0.6527777777777778,0.5,0.7833333333333333,1.5,1.25,0.6666666666666666,0.0,0.4166666666666667
189,15.75,15.75,0,15.75,15:45,29.450470442021608,9.516136572142347,19.93433386987926,1,0,1,2,0,2,2,1,1,2,5.0,10.0,10,1.0,10.0,0.0,189,0.65625,0.6666666666666666,0.8250000000000001,1.4166666666666667,1.25,0.8333333333333334,0.8333333333333334,0.8333333333333334
190,15.833333333333334,15.833333333333334,0,15.833333333333334,15:50,30.082553202885276,9.506900358507846,20.57565284437743,5,0,5,0,0,0,0,0,0,7,2.857142857142857,15.0,10,1.0,0.0,0.0,190,0.6597222222222222,1.25,0.85,1.6666666666666667,1.0833333333333333,0.8333333333333334,0.8333333333333334,1.0714285714285714
191,15.916666666666666,15.916666666666666,0,15.916666666666666,15:54,30.697478510914777,9.490569832664994,21.206908678249782,1,1,0,3,1,2,3,1,2,5,4.0,5.0,10,1.0,11.666666666666666,0.0,191,0.6631944444444444,1.6666666666666667,0.8666666666666667,1.6666666666666667,1.25,1.0833333333333333,1.8055555555555554,1.4047619047619049
192,16.0,16.0,0,16.0,16:00,31.290306016074023,9.467892118126867,21.822413897947158,3,1,2,1,0,1,1,0,1,7,5.0,10.0,10,1.0,10.0,0.0,192,0.6666666666666666,2.25,0.8833333333333333,1.9166666666666667,1.3333333333333333,1.1666666666666667,2.638888888888889,1.8214285714285714
193,16.083333333333332,16.083333333333332,0,16.083333333333332,16:04,31.85614425867987,9.439816043480489,22.416328215199382,2,1,1,3,0,3,3,1,2,6,4.166666666666667,10.0,10,1.0,15.0,0.0,193,0.6701388888888888,2.75,0.8999999999999999,2.0,1.5,1.3333333333333333,3.888888888888889,2.168650793650794
194,16.166666666666668,16.166666666666668,0,16.166666666666668,16:10,32.3902081808799,9.40746211180715,22.98274606907275,2,1,1,1,1,0,1,0,1,7,5.714285714285714,10.0,10,1.0,15.0,0.0,194,0.6736111111111112,3.3333333333333335,0.9249999999999999,2.1666666666666665,1.5833333333333333,1.3333333333333333,5.138888888888888,2.64484126984127
195,16.25,16.25,0,16.25,16:15,32.88787641539791,9.372084961443933,23.515791453953977,4,2,2,1,1,0,1,0,1,10,6.0,15.0,10,1.0,15.0,10.0,195,0.6770833333333334,4.166666666666667,0.9500000000000001,2.4166666666666665,1.5833333333333333,1.3333333333333333,6.388888888888889,3.14484126984127
196,16.333333333333332,16.333333333333332,0,16.333333333333332,16:19,33.344747453138154,9.335029555223219,24.009717897914935,2,1,1,1,0,1,1,0,1,11,8.181818181818182,20.0,10,1.0,20.0,10.0,196,0.6805555555555555,5.083333333333333,0.9916666666666667,2.4166666666666665,1.5,1.0833333333333333,8.055555555555555,3.826659451659452
197,16.416666666666668,16.416666666666668,0,16.416666666666668,16:25,33.756693789482114,9.29768265801165,24.45901113147046,2,0,2,0,0,0,0,0,0,13,11.153846153846153,25.0,10,1.0,0.0,0.0,197,0.6840277777777778,6.166666666666667,1.0,2.25,1.1666666666666667,1.0833333333333333,8.055555555555555,4.756146631146631
198,16.5,16.5,0,16.5,16:30,34.11991316553358,9.26142142433202,24.85849174120156,2,1,1,4,1,3,4,1,3,11,10.0,20.0,10,1.0,25.0,13.75,198,0.6875,7.083333333333333,1.0,2.25,1.3333333333333333,1.3333333333333333,10.138888888888888,5.589479964479964
199,16.583333333333332,16.583333333333332,0,16.583333333333332,16:34,34.43097605539087,9.227561102995123,25.20341495239575,2,0,2,3,1,2,3,1,2,10,10.0,20.0,10,1.0,21.666666666666668,11.666666666666666,199,0.6909722222222222,7.666666666666667,1.0,2.1666666666666665,1.5833333333333333,1.5833333333333333,11.944444444444445,6.422813297813298
200,16.666666666666668,16.666666666666668,0,16.666666666666668,16:40,34.686868603495384,9.197303961535981,25.489564641959404,4,0,4,1,1,0,1,0,1,13,9.615384615384615,25.0,10,1.0,25.0,15.0,200,0.6944444444444445,8.5,1.0,2.5,1.6666666666666667,1.6666666666666667,14.027777777777779,6.807428682428682
201,16.75,16.75,0,16.75,16:45,34.88503028647547,9.171691531932606,25.713338754542864,0,0,0,2,1,1,2,1,1,11,12.272727272727273,25.0,10,1.0,27.5,17.5,201,0.6979166666666666,9.25,1.0,2.4166666666666665,1.6666666666666667,1.6666666666666667,15.486111111111112,7.413489288489289
202,16.833333333333332,16.833333333333332,0,16.833333333333332,16:49,35.02338566044036,9.151562177882349,25.87182348255801,3,1,2,0,0,0,0,0,0,14,13.571428571428571,30.0,10,1.0,0.0,0.0,202,0.7013888888888888,9.833333333333334,1.0,2.25,1.6666666666666667,1.6666666666666667,15.486111111111112,8.306346431346432
203,16.916666666666668,16.916666666666668,0,16.916666666666668,16:55,35.10036965568599,9.137515785653212,25.962853870032774,3,0,3,0,0,0,0,0,0,17,15.294117647058824,35.0,10,1.0,0.0,0.0,203,0.7048611111111112,10.833333333333334,1.0,2.4166666666666665,1.4166666666666667,1.4166666666666667,14.513888888888891,9.247522901934667
204,17.0,17.0,0,17.0,17:00,35.11494599413609,9.129887093561539,25.985058900574554,1,0,1,2,1,1,2,1,1,16,16.875,35.0,10,1.0,37.5,22.5,204,0.7083333333333334,11.583333333333334,1.0,2.25,1.5,1.5,16.805555555555557,10.237106235268
205,17.083333333333332,17.083333333333332,0,17.083333333333332,17:04,35.06661842807187,9.128728812929904,25.937889615141966,4,1,3,2,1,1,2,0,2,18,15.277777777777779,35.0,10,1.0,37.5,25.0,205,0.7118055555555555,12.583333333333334,1.0,2.4166666666666665,1.4166666666666667,1.4166666666666667,18.680555555555557,11.163032161193925
206,17.166666666666668,17.166666666666668,0,17.166666666666668,17:10,34.95543462901267,9.133805273824589,25.821629355188083,2,0,2,1,0,1,1,0,1,19,17.105263157894736,35.0,10,1.0,40.0,25.0,206,0.7152777777777778,13.583333333333334,1.0,2.4166666666666665,1.4166666666666667,1.4166666666666667,20.76388888888889,12.112280281494677
207,17.25,17.25,0,17.25,17:15,34.78198268999153,9.144596873207066,25.637385816784462,0,0,0,3,0,3,3,1,2,16,19.0625,35.0,10,1.0,38.333333333333336,23.333333333333332,207,0.71875,14.083333333333334,1.0,2.0833333333333335,1.5833333333333333,1.5833333333333333,22.708333333333332,13.200821948161343
208,17.333333333333332,17.333333333333332,0,17.333333333333332,17:19,34.54738033977345,9.16031513471171,25.387065205061734,1,0,1,2,0,2,2,2,0,15,20.333333333333332,40.0,10,1.0,40.0,27.5,208,0.7222222222222222,14.416666666666666,1.0,2.0,1.6666666666666667,1.6666666666666667,24.375,14.213448210787606
209,17.416666666666668,17.416666666666668,0,17.416666666666668,17:25,34.25325710060369,9.179927732138497,25.073329368465192,2,2,0,0,0,0,0,0,0,17,22.352941176470587,45.0,10,1.0,0.0,0.0,209,0.7256944444444445,14.75,1.0,2.0,1.6666666666666667,1.6666666666666667,24.375,15.146706129339641
210,17.5,17.5,0,17.5,17:30,33.90172974870734,9.202192406228747,24.699537342478592,3,1,2,4,1,3,4,2,2,16,18.4375,35.0,10,1.0,42.5,37.5,210,0.7291666666666666,15.166666666666666,1.0,2.0833333333333335,1.6666666666666667,1.6666666666666667,25.833333333333332,15.849831129339643
211,17.583333333333332,17.583333333333332,0,17.583333333333332,17:34,33.49537155599347,9.22569833752863,24.269673218464842,2,1,1,0,0,0,0,0,0,18,20.833333333333332,40.0,10,1.0,0.0,0.0,211,0.7326388888888888,15.833333333333334,1.0,2.0833333333333335,1.4166666666666667,1.4166666666666667,24.027777777777775,16.752608907117423
212,17.666666666666668,17.666666666666668,0,17.666666666666668,17:40,33.03717589948519,9.24891324489791,23.78826265458728,1,1,0,0,0,0,0,0,0,19,24.473684210526315,45.0,10,1.0,0.0,0.0,212,0.7361111111111112,16.333333333333332,1.0,1.8333333333333333,1.3333333333333333,1.3333333333333333,21.944444444444443,17.990800540045893
213,17.75,17.75,0,17.75,17:45,32.53051491944552,9.27023427284599,23.260280646599533,5,0,5,2,0,2,2,0,2,22,20.90909090909091,50.0,10,1.0,50.0,40.0,213,0.7395833333333334,17.25,1.0,2.25,1.3333333333333333,1.3333333333333333,23.819444444444443,18.710497509742865
214,17.833333333333332,17.833333333333332,0,17.833333333333332,17:49,31.97909398593163,9.288040619622178,22.69105336630945,2,0,2,1,0,1,1,0,1,23,22.391304347826086,50.0,10,1.0,55.0,40.0,214,0.7430555555555555,18.0,1.0,2.1666666666666665,1.4166666666666667,1.4166666666666667,28.402777777777775,19.44548715777599
215,17.916666666666668,17.916666666666668,0,17.916666666666668,17:55,31.386902794955184,9.300745844635308,22.086156950319875,2,0,2,2,0,2,2,0,2,23,22.82608695652174,50.0,10,1.0,52.5,37.5,215,0.7465277777777778,18.5,1.0,2.0833333333333335,1.5833333333333333,1.5833333333333333,32.77777777777778,20.073151266897902
216,18.0,18.0,0,18.0,18:00,30.758163958405603,9.306847875653567,21.451316082752037,0,0,0,3,1,2,3,0,3,20,23.75,50.0,10,1.0,55.0,46.666666666666664,216,0.75,18.833333333333332,1.0,2.0,1.6666666666666667,1.6666666666666667,34.23611111111111,20.64606793356457
217,18.083333333333332,18.083333333333332,0,18.083333333333332,18:04,30.09727997576591,9.304974905556126,20.792305070209785,1,0,1,2,0,2,2,0,2,19,24.473684210526315,45.0,10,1.0,55.0,40.0,217,0.7534722222222222,18.916666666666668,1.0,1.75,1.6666666666666667,1.6666666666666667,35.69444444444444,21.412393469626945
218,18.166666666666668,18.166666666666668,0,18.166666666666668,18:10,29.40877948029533,9.293925612955572,20.114853867339757,2,1,1,2,1,1,2,0,2,19,24.473684210526315,45.0,10,1.0,47.5,52.5,218,0.7569444444444445,18.916666666666668,1.0,1.75,1.75,1.75,36.31944444444444,22.026428557346247
219,18.25,18.25,0,18.25,18:15,28.697263638153192,9.272702445050424,19.424561193102768,1,0,1,2,2,0,2,1,1,18,25.833333333333332,45.0,10,1.0,47.5,45.0,219,0.7604166666666666,19.083333333333332,1.0,1.8333333333333333,1.6666666666666667,1.6666666666666667,37.083333333333336,22.590664668457354
220,18.333333333333332,18.333333333333332,0,18.333333333333332,18:19,27.967353546769075,9.240537046453097,18.72681650031598,0,0,0,0,0,0,0,0,0,18,30.833333333333332,50.0,10,1.0,0.0,0.0,220,0.7638888888888888,19.333333333333332,1.0,1.75,1.5,1.5,33.75,23.465664668457354
221,18.416666666666668,18.416666666666668,0,18.416666666666668,18:25,27.223639429946466,9.196907285107597,18.026732144838867,3,2,1,2,0,2,2,0,2,19,28.157894736842106,50.0,10,1.0,55.0,55.0,221,0.7673611111111112,19.5,1.0,1.8333333333333333,1.6666666666666667,1.6666666666666667,38.333333333333336,23.949410798488316
222,18.5,18.5,0,18.5,18:30,26.47063236343379,9.14154569638572,17.32908666704807,1,0,1,1,1,0,1,0,1,19,30.263157894736842,55.0,10,1.0,55.0,55.0,222,0.7708333333333334,19.75,1.0,1.6666666666666667,1.4166666666666667,1.4166666666666667,39.375,24.934882289716384
223,18.583333333333332,18.583333333333332,0,18.583333333333332,18:34,25.712719188060802,9.074439520771785,16.63827966728902,1,0,1,3,1,2,3,1,2,17,29.705882352941178,50.0,10,1.0,55.0,55.0,223,0.7743055555555555,19.666666666666668,1.0,1.5833333333333333,1.6666666666666667,1.6666666666666667,43.958333333333336,25.674261374683706
224,18.666666666666668,18.666666666666668,0,18.666666666666668,18:40,24.95412118033061,8.995822833054307,15.958298347276303,0,0,0,2,0,2,2,1,1,15,32.0,55.0,10,1.0,55.0,47.5,224,0.7777777777777778,19.333333333333332,1.0,1.5,1.8333333333333333,1.8333333333333333,48.541666666666664,26.301454357139846
225,18.75,18.75,0,18.75,18:45,24.198856955072106,8.90616153835985,15.292695416712256,2,0,2,2,0,2,2,1,1,15,29.0,55.0,10,1.0,60.0,50.0,225,0.78125,18.75,1.0,1.25,1.8333333333333333,1.8333333333333333,49.375,26.97569678138227
226,18.833333333333332,18.833333333333332,0,18.833333333333332,18:49,23.450709973998734,8.806132232833587,14.644577741165149,1,1,0,1,0,1,1,1,0,15,30.0,60.0,10,1.0,60.0,50.0,226,0.7847222222222222,18.083333333333332,1.0,1.1666666666666667,1.8333333333333333,1.8333333333333333,49.791666666666664,27.609754752396764
227,18.916666666666668,18.916666666666668,0,18.916666666666668,18:55,22.71320093041409,8.696596088142153,14.016604842271937,0,0,0,0,0,0,0,0,0,15,35.0,65.0,10,1.0,0.0,0.0,227,0.7881944444444445,17.416666666666668,1.0,1.0,1.6666666666666667,1.6666666666666667,45.416666666666664,28.62424750601995
228,19.0,19.0,0,19.0,19:00,21.989565176425764,8.57856901683194,13.410996159593822,0,0,0,1,0,1,1,0,1,14,37.857142857142854,65.0,10,1.0,70.0,50.0,228,0.7916666666666666,16.916666666666668,1.0,1.0,1.5,1.5,46.666666666666664,29.799842744115193
229,19.083333333333332,19.083333333333332,0,19.083333333333332,19:04,21.282735257331538,8.45318941103727,12.829545846294268,1,1,0,1,0,1,1,0,1,14,37.857142857142854,70.0,10,1.0,70.0,55.0,229,0.7951388888888888,16.5,1.0,1.0,1.4166666666666667,1.4166666666666667,47.916666666666664,30.91513096466657
230,19.166666666666668,19.166666666666668,0,19.166666666666668,19:10,20.59532852059018,8.321684724343898,12.273643796246281,3,1,2,2,0,2,2,1,1,15,30.666666666666668,60.0,10,1.0,70.0,55.0,230,0.7986111111111112,16.166666666666668,1.0,1.0833333333333333,1.4166666666666667,1.4166666666666667,49.791666666666664,31.4312128360116
231,19.25,19.25,0,19.25,19:15,19.9296396760039,8.185338092596583,11.744301583407319,0,0,0,2,1,1,2,0,2,13,31.153846153846153,60.0,10,1.0,65.0,57.5,231,0.8020833333333334,15.75,1.0,1.0,1.4166666666666667,1.4166666666666667,51.25,31.874588904387664
232,19.333333333333332,19.333333333333332,0,19.333333333333332,19:19,19.28763810115783,8.045456072839656,11.242182028318176,1,0,1,1,0,1,1,1,0,13,31.153846153846153,55.0,10,1.0,65.0,55.0,232,0.8055555555555555,15.333333333333334,1.0,1.0833333333333333,1.5,1.5,56.666666666666664,31.901298306097065
233,19.416666666666668,19.416666666666668,0,19.416666666666668,19:25,18.670969613200644,7.9033384303656025,10.767631182835041,0,0,0,2,1,1,2,0,2,11,31.818181818181817,60.0,10,1.0,60.0,60.0,233,0.8090277777777778,14.666666666666666,1.0,0.8333333333333334,1.5,1.5,57.083333333333336,32.206322229542046
234,19.5,19.5,0,19.5,19:30,18.080962365783023,7.760250732515361,10.320711633267662,0,0,0,1,1,0,1,0,1,10,34.0,60.0,10,1.0,65.0,70.0,234,0.8125,13.916666666666666,1.0,0.75,1.5,1.5,57.916666666666664,32.51772573831397
235,19.583333333333332,19.583333333333332,0,19.583333333333332,19:34,17.518636479126254,7.617400324809062,9.901236154317193,1,0,1,2,0,2,2,0,2,9,29.444444444444443,50.0,10,1.0,62.5,67.5,235,0.8159722222222222,13.25,1.0,0.75,1.4166666666666667,1.4166666666666667,58.541666666666664,32.49593924593925
236,19.666666666666668,19.666666666666668,0,19.666666666666668,19:40,16.98471697215287,7.4759160798967965,9.508800892256076,1,0,1,1,0,1,1,0,1,9,28.333333333333332,55.0,10,1.0,55.0,60.0,236,0.8194444444444445,12.75,1.0,0.8333333333333334,1.3333333333333333,1.3333333333333333,58.541666666666664,32.19038369038369
237,19.75,19.75,0,19.75,19:45,16.479649538420226,7.336832131294739,9.142817407125486,3,2,1,3,2,1,3,1,2,9,16.11111111111111,35.0,10,1.0,51.666666666666664,68.33333333333333,237,0.8229166666666666,12.25,1.0,0.9166666666666666,1.4166666666666667,1.4166666666666667,57.84722222222222,31.116309616309618
238,19.833333333333332,19.833333333333332,0,19.833333333333332,19:49,16.003618691996355,7.201075639059797,8.802543052936556,0,0,0,2,1,1,2,1,1,7,15.714285714285714,40.0,10,1.0,40.0,65.0,238,0.8263888888888888,11.583333333333334,1.0,0.8333333333333334,1.5,1.5,56.18055555555555,29.925833425833428
239,19.916666666666668,19.916666666666668,0,19.916666666666668,19:55,15.556567804863045,7.069458488968005,8.48710931589504,0,0,0,0,0,0,0,0,0,7,20.714285714285715,45.0,10,1.0,0.0,0.0,239,0.8298611111111112,10.916666666666666,1.0,0.8333333333333334,1.5,1.5,56.18055555555555,28.735357235357238
240,20.0,20.0,0,20.0,20:00,15.13822056313811,6.942672704205335,8.195547858932777,2,1,1,0,0,0,0,0,0,9,20.0,50.0,10,1.0,0.0,0.0,240,0.8333333333333334,10.5,1.0,1.0,1.4166666666666667,1.4166666666666667,50.34722222222222,27.247261997261997
241,20.083333333333332,20.083333333333332,0,20.083333333333332,20:04,14.748103384393719,6.821289251199,7.926814133194719,1,1,0,1,0,1,1,0,1,9,18.88888888888889,45.0,10,1.0,55.0,60.0,241,0.8368055555555555,10.083333333333334,1.0,1.0,1.4166666666666667,1.4166666666666667,49.09722222222222,25.666574166574165
242,20.166666666666668,20.166666666666668,0,20.166666666666668,20:10,14.385568361469629,6.705759849625692,7.6798085118439365,1,1,0,2,0,2,2,1,1,8,16.25,30.0,10,1.0,42.5,62.5,242,0.8402777777777778,9.5,1.0,0.8333333333333334,1.4166666666666667,1.4166666666666667,46.80555555555555,24.465185277685276
243,20.25,20.25,0,20.25,20:15,14.04981632818525,6.596421350111682,7.453394978073567,2,1,1,1,0,1,1,0,1,9,15.0,30.0,10,1.0,35.0,55.0,243,0.84375,9.166666666666666,1.0,1.0,1.3333333333333333,1.3333333333333333,44.30555555555555,23.11903143153143
244,20.333333333333332,20.333333333333332,0,20.333333333333332,20:19,13.739919677927578,6.493502219886455,7.2464174580411225,0,0,0,2,1,1,2,1,1,7,15.714285714285714,35.0,10,1.0,35.0,50.0,244,0.8472222222222222,8.666666666666666,1.0,0.9166666666666666,1.4166666666666667,1.4166666666666667,41.80555555555556,21.832401394901396
245,20.416666666666668,20.416666666666668,0,20.416666666666668,20:25,13.45484460589288,6.397130674047498,7.057713931845384,0,0,0,2,1,1,2,1,1,5,16.0,25.0,10,1.0,32.5,50.0,245,0.8506944444444445,8.166666666666666,1.0,0.9166666666666666,1.4166666666666667,1.4166666666666667,39.51388888888889,20.514219576719576
246,20.5,20.5,0,20.5,20:30,13.193472488465396,6.3073440049750635,6.8861284834903325,1,0,1,0,0,0,0,0,0,6,17.5,30.0,10,1.0,0.0,0.0,246,0.8541666666666666,7.833333333333333,1.0,1.0,1.3333333333333333,1.3333333333333333,34.09722222222222,19.139219576719576
247,20.583333333333332,20.583333333333332,0,20.583333333333332,20:34,12.954620157558598,6.224098691349158,6.7305214662094395,1,1,0,3,3,0,3,1,2,4,11.25,20.0,10,1.0,30.0,53.333333333333336,247,0.8576388888888888,7.416666666666667,1.0,1.0,1.4166666666666667,1.4166666666666667,31.38888888888889,17.623015873015873
248,20.666666666666668,20.666666666666668,0,20.666666666666668,20:40,12.737058872538054,6.14728090765147,6.589777964886584,1,0,1,2,1,1,2,0,2,3,5.0,10.0,10,1.0,25.0,37.5,248,0.8611111111111112,6.916666666666667,1.0,1.0,1.5,1.5,28.88888888888889,15.678571428571429
249,20.75,20.75,0,20.75,20:45,12.539531836511904,6.076717101595184,6.462814734916719,3,1,2,1,0,1,1,1,0,5,3.0,10.0,10,1.0,15.0,35.0,249,0.8645833333333334,6.583333333333333,1.0,1.0,1.3333333333333333,1.3333333333333333,25.833333333333332,14.585978835978835
250,20.833333333333332,20.833333333333332,0,20.833333333333332,20:49,12.360770146367823,6.012184357506111,6.348585788861711,0,0,0,2,1,1,2,1,1,3,5.0,5.0,10,1.0,12.5,30.0,250,0.8680555555555555,6.25,1.0,1.0,1.3333333333333333,1.3333333333333333,23.541666666666668,13.693121693121691
251,20.916666666666668,20.916666666666668,0,20.916666666666668,20:55,12.199507106145443,5.953420315551106,6.2460867905943385,1,0,1,1,0,1,1,0,1,3,6.666666666666667,10.0,10,1.0,10.0,35.0,251,0.8715277777777778,5.916666666666667,1.0,1.0833333333333333,1.4166666666666667,1.4166666666666667,24.375,12.522486772486772
252,21.0,21.0,0,21.0,21:00,12.05449087050067,5.90013246759247,6.1543584029081995,2,2,0,2,1,1,2,1,1,3,1.6666666666666667,5.0,10,1.0,15.0,30.0,252,0.875,5.416666666666667,1.0,1.0833333333333333,1.5833333333333333,1.5833333333333333,25.625,10.994708994708994
253,21.083333333333332,21.083333333333332,0,21.083333333333332,21:04,11.924495418634839,5.852006698531692,6.072488720103147,0,0,0,2,1,1,2,2,0,1,5.0,5.0,10,1.0,7.5,35.0,253,0.8784722222222222,4.75,1.0,1.0,1.6666666666666667,1.6666666666666667,21.666666666666668,9.837301587301587
254,21.166666666666668,21.166666666666668,0,21.166666666666668,21:10,11.808329888766323,5.808714985953209,5.999614902813114,1,1,0,0,0,0,0,0,0,2,5.0,10.0,10,1.0,0.0,0.0,254,0.8819444444444445,4.25,1.0,1.0,1.5,1.5,18.125,8.899801587301587
255,21.25,21.25,0,21.25,21:15,11.704846328794464,5.769922209790192,5.934924119004272,0,0,0,2,2,0,2,1,1,0,0.0,0.0,10,1.0,10.0,25.0,255,0.8854166666666666,3.5,1.0,0.8333333333333334,1.5833333333333333,1.5833333333333333,16.041666666666668,7.649801587301588
256,21.333333333333332,21.333333333333332,0,21.333333333333332,21:19,11.6129459401572,5.735292057105528,5.877653883051672,1,1,0,1,1,0,3,1,2,0,0.0,0.0,8,0.8,0.0,13.333333333333334,256,0.8888888888888888,2.9166666666666665,0.9833333333333334,0.9166666666666666,1.5,1.6666666666666667,13.125,6.340277777777778
257,21.416666666666668,21.416666666666668,0,21.416666666666668,21:25,11.531583909042777,5.704492034744795,5.827091874297982,1,1,0,1,1,0,2,1,1,0,0.0,0.0,7,0.7,0.0,12.5,257,0.8923611111111112,2.5,0.9583333333333334,1.0,1.4166666666666667,1.6666666666666667,10.416666666666666,5.006944444444445
258,21.5,21.5,0,21.5,21:30,11.45977293221292,5.677197624680009,5.782575307532912,0,0,0,0,0,0,1,0,1,0,0.0,0.0,6,0.6,0.0,10.0,258,0.8958333333333334,2.0,0.9249999999999999,0.9166666666666666,1.4166666666666667,1.75,10.416666666666666,3.548611111111111
259,21.583333333333332,21.583333333333332,0,21.583333333333332,21:34,11.396585553947569,5.653095633639937,5.743489920307631,0,0,0,0,0,0,0,0,0,0,0.0,0.0,6,0.6,0.0,0.0,259,0.8993055555555555,1.6666666666666667,0.8916666666666667,0.8333333333333334,1.1666666666666667,1.5,7.916666666666667,2.611111111111111
260,21.666666666666668,21.666666666666668,0,21.666666666666668,21:40,11.34115543631557,5.6318868005808955,5.7092686357346745,0,0,0,0,0,0,2,1,1,0,0.0,0.0,4,0.4,0.0,15.0,260,0.9027777777777778,1.4166666666666667,0.8416666666666667,0.75,1.0,1.5,5.833333333333333,2.1944444444444446
261,21.75,21.75,0,21.75,21:45,11.292677687450254,5.613287733252455,5.6793899541977995,1,1,0,1,1,0,1,1,0,0,0.0,0.0,4,0.4,0.0,0.0,261,0.90625,1.0,0.7916666666666666,0.5833333333333334,1.0,1.5,4.583333333333333,1.9444444444444446
262,21.833333333333332,21.833333333333332,0,21.833333333333332,21:49,11.250408372138352,5.597032249165732,5.653376122972621,0,0,0,0,0,0,2,2,0,0,0.0,0.0,2,0.2,0.0,5.0,262,0.9097222222222222,0.75,0.7250000000000001,0.5833333333333334,0.8333333333333334,1.5,3.5416666666666665,1.527777777777778
263,21.916666666666668,21.916666666666668,0,21.916666666666668,21:55,11.21366332621106,5.582872197297953,5.630791128913107,1,1,0,1,1,0,1,1,0,0,0.0,0.0,2,0.2,0.0,0.0,263,0.9131944444444445,0.5,0.6583333333333333,0.5833333333333334,0.8333333333333334,1.5,2.7083333333333335,0.9722222222222222
264,22.0,22.0,0,22.0,22:00,11.181816391359748,5.570577835466623,5.611238555893125,1,1,0,1,1,0,0,0,0,0,0.0,0.0,3,0.3,0.0,0.0,264,0.9166666666666666,0.25,0.6,0.5,0.75,1.3333333333333333,1.4583333333333333,0.8333333333333334
265,22.083333333333332,22.083333333333332,0,22.083333333333332,22:04,11.15429718048388,5.559937835039233,5.594359345444647,0,0,0,0,0,0,0,0,0,0,0.0,0.0,3,0.3,0.0,0.0,265,0.9201388888888888,0.16666666666666666,0.5416666666666666,0.5,0.5833333333333334,1.1666666666666667,0.8333333333333334,0.4166666666666667
266,22.166666666666668,22.166666666666668,0,22.166666666666668,22:10,11.130588475898081,5.55075898001428,5.579829495883802,0,0,0,0,0,0,0,0,0,0,0.0,0.0,3,0.3,0.0,0.0,266,0.9236111111111112,0.0,0.48333333333333334,0.4166666666666667,0.5833333333333334,1.1666666666666667,0.8333333333333334,0.0
267,22.25,22.25,0,22.25,22:15,11.110223354037712,5.542865621956315,5.567357732081398,2,0,2,2,0,2,0,0,0,0,0.0,0.0,5,0.5,0.0,0.0,267,0.9270833333333334,0.0,0.4416666666666667,0.5833333333333334,0.5833333333333334,1.0,0.0,0.0
268,22.333333333333332,22.333333333333332,0,22.333333333333332,22:19,11.092782121037228,5.536098946165533,5.556683174871695,0,0,0,0,0,0,2,2,0,0,0.0,0.0,3,0.3,0.0,0.0,268,0.9305555555555555,0.0,0.39999999999999997,0.5,0.5,0.9166666666666666,0.0,0.0
269,22.416666666666668,22.416666666666668,0,22.416666666666668,22:25,11.077889134007714,5.530316098118495,5.5475730358892195,2,1,1,2,1,1,0,0,0,0,0.0,0.0,5,0.5,0.0,0.0,269,0.9340277777777778,0.0,0.3833333333333333,0.5833333333333334,0.5833333333333334,0.75,0.0,0.0
270,22.5,22.5,0,22.5,22:30,11.065209573266051,5.525389212876043,5.539820360390008,0,0,0,0,0,0,1,1,0,0,0.0,0.0,4,0.4,0.0,0.0,270,0.9375,0.0,0.3666666666666667,0.5833333333333334,0.5833333333333334,0.75,0.0,0.0
271,22.583333333333332,22.583333333333332,0,22.583333333333332,22:34,11.054446221386897,5.521204384006138,5.533241837380759,1,1,0,1,1,0,0,0,0,0,0.0,0.0,5,0.5,0.0,0.0,271,0.9409722222222222,0.0,0.3583333333333334,0.6666666666666666,0.6666666666666666,0.75,0.0,0.0
272,22.666666666666668,22.666666666666668,0,22.666666666666668,22:40,11.045336295939368,5.51766060275124,5.527675693188129,1,1,0,1,1,0,1,1,0,0,0.0,0.0,5,0.5,0.0,0.0,272,0.9444444444444445,0.0,0.3666666666666667,0.75,0.75,0.6666666666666666,0.0,0.0
273,22.75,22.75,0,22.75,22:45,11.03764837427502,5.514668692777917,5.522979681497103,1,1,0,1,1,0,1,0,1,0,0.0,0.0,5,0.5,0.0,0.0,273,0.9479166666666666,0.0,0.375,0.75,0.75,0.6666666666666666,0.0,0.0
274,22.833333333333332,22.833333333333332,0,22.833333333333332,22:49,11.03117944085892,5.512150260939815,5.519029179919106,0,0,0,0,0,0,1,0,1,0,0.0,0.0,4,0.4,0.0,0.0,274,0.9513888888888888,0.0,0.39166666666666666,0.75,0.75,0.5833333333333334,0.0,0.0
275,22.916666666666668,22.916666666666668,0,22.916666666666668,22:55,11.025752080455069,5.510036680094674,5.515715400360395,0,0,0,0,0,0,0,0,0,0,0.0,0.0,4,0.4,0.0,0.0,275,0.9548611111111112,0.0,0.4083333333333334,0.6666666666666666,0.6666666666666666,0.5,0.0,0.0
276,23.0,23.0,0,23.0,23:00,11.021211834035757,5.508268116149105,5.512943717886652,0,0,0,0,0,0,1,0,1,0,0.0,0.0,3,0.3,0.0,0.0,276,0.9583333333333334,0.0,0.4083333333333334,0.5833333333333334,0.5833333333333334,0.5833333333333334,0.0,0.0
277,23.083333333333332,23.083333333333332,0,23.083333333333332,23:04,11.017424728600275,5.5067926081511045,5.510632120449171,1,0,1,1,0,1,1,1,0,0,0.0,0.0,3,0.3,0.0,0.0,277,0.9618055555555555,0.0,0.40833333333333327,0.6666666666666666,0.6666666666666666,0.6666666666666666,0.0,0.0
278,23.166666666666668,23.166666666666668,0,23.166666666666668,23:10,11.014274987158913,5.505565207387003,5.508709779771911,0,0,0,0,0,0,1,1,0,0,0.0,0.0,2,0.2,0.0,0.0,278,0.9652777777777778,0.0,0.39999999999999997,0.6666666666666666,0.6666666666666666,0.75,0.0,0.0
279,23.25,23.25,0,23.25,23:15,11.011662920942175,5.5045471790343425,5.507115741907833,0,0,0,0,0,0,0,0,0,0,0.0,0.0,2,0.2,0.0,0.0,279,0.96875,0.0,0.375,0.5,0.5,0.75,0.0,0.0
280,23.333333333333332,23.333333333333332,0,23.333333333333332,23:19,11.00950300239716,5.503705267937626,5.505797734459534,1,0,1,1,0,1,1,1,0,0,0.0,0.0,2,0.2,0.0,0.0,280,0.9722222222222222,0.0,0.3666666666666667,0.5833333333333334,0.5833333333333334,0.6666666666666666,0.0,0.0
281,23.416666666666668,23.416666666666668,0,23.416666666666668,23:25,11.007722114686809,5.503011028468728,5.504711086218081,1,1,0,1,1,0,0,0,0,0,0.0,0.0,3,0.3,0.0,0.0,281,0.9756944444444445,0.0,0.35000000000000003,0.5,0.5,0.6666666666666666,0.0,0.0
282,23.5,23.5,0,23.5,23:30,11.006257971159055,5.502440217165992,5.503817753993062,0,0,0,0,0,0,0,0,0,0,0.0,0.0,3,0.3,0.0,0.0,282,0.9791666666666666,0.0,0.3416666666666666,0.5,0.5,0.5833333333333334,0.0,0.0
283,23.583333333333332,23.583333333333332,0,23.583333333333332,23:34,11.005057696542982,5.501972245873942,5.503085450669041,1,1,0,1,1,0,0,0,0,0,0.0,0.0,4,0.4,0.0,0.0,283,0.9826388888888888,0.0,0.3333333333333333,0.5,0.5,0.5833333333333334,0.0,0.0
284,23.666666666666668,23.666666666666668,0,23.666666666666668,23:40,11.004076560396394,5.5015896923886345,5.502486868007759,0,0,0,0,0,0,0,0,0,0,0.0,0.0,4,0.4,0.0,0.0,284,0.9861111111111112,0.0,0.325,0.4166666666666667,0.4166666666666667,0.5,0.0,0.0
285,23.75,23.75,0,23.75,23:45,11.003276852512217,5.5012778651142815,5.501998987397935,0,0,0,0,0,0,1,0,1,0,0.0,0.0,3,0.3,0.0,0.0,285,0.9895833333333334,0.0,0.30833333333333335,0.3333333333333333,0.3333333333333333,0.5,0.0,0.0
286,23.833333333333332,23.833333333333332,0,23.833333333333332,23:49,11.002626889529498,5.5010244179194245,5.501602471610074,0,0,0,0,0,0,0,0,0,0,0.0,0.0,3,0.3,0.0,0.0,286,0.9930555555555555,0.0,0.3,0.3333333333333333,0.3333333333333333,0.4166666666666667,0.0,0.0
287,23.916666666666668,23.916666666666668,0,23.916666666666668,23:55,11.002100141830914,5.5008190112139035,5.501281130617009,1,0,1,1,0,1,0,0,0,0,0.0,0.0,4,0.4,0.0,0.0,287,0.9965277777777778,0.0,0.3,0.4166666666666667,0.4166666666666667,0.4166666666666667,0.0,0.0
288,24.0,24.0,1,0.0,00:00,11.00008198637012,5.5000508316227625,5.500031154747357,1,0,1,1,0,1,0,0,0,0,0.0,0.0,5,0.5,0.0,0.0,0,0.0,0.0,0.31666666666666665,0.5,0.5,0.3333333333333333,0.0,0.0
289,24.083333333333332,24.083333333333332,1,0.08333333333333215,00:04,11.000106230721423,5.50006586317033,5.500040367551093,0,0,0,0,0,0,1,0,1,0,0.0,0.0,4,0.4,0.0,0.0,1,0.003472222222222173,0.0,0.325,0.4166666666666667,0.4166666666666667,0.3333333333333333,0.0,0.0
290,24.166666666666668,24.166666666666668,1,0.16666666666666785,00:10,11.000137271539305,5.500085108559844,5.500052162979461,1,0,1,1,0,1,1,1,0,0,0.0,0.0,4,0.4,0.0,0.0,2,0.0069444444444444935,0.0,0.3416666666666666,0.5,0.5,0.3333333333333333,0.0,0.0
291,24.25,24.25,1,0.25,00:15,11.000176902014061,5.5001096795899755,5.500067222424086,0,0,0,0,0,0,1,1,0,0,0.0,0.0,3,0.3,0.0,0.0,3,0.010416666666666666,0.0,0.35000000000000003,0.5,0.5,0.4166666666666667,0.0,0.0
292,24.333333333333332,24.333333333333332,1,0.33333333333333215,00:19,11.000227356278621,5.500140961456445,5.500086394822176,1,1,0,1,1,0,0,0,0,0,0.0,0.0,4,0.4,0.0,0.0,4,0.01388888888888884,0.0,0.36666666666666664,0.5,0.5,0.3333333333333333,0.0,0.0
293,24.416666666666668,24.416666666666668,1,0.41666666666666785,00:25,11.000291409044976,5.50018067453398,5.500110734510996,1,0,1,1,0,1,1,0,1,0,0.0,0.0,4,0.4,0.0,0.0,5,0.01736111111111116,0.0,0.375,0.5,0.5,0.4166666666666667,0.0,0.0
294,24.5,24.5,1,0.5,00:30,11.000372495477256,5.500230948709127,5.500141546768129,0,0,0,0,0,0,0,0,0,0,0.0,0.0,4,0.4,0.0,0.0,6,0.020833333333333332,0.0,0.38333333333333336,0.5,0.5,0.4166666666666667,0.0,0.0
295,24.583333333333332,24.583333333333332,1,0.5833333333333321,00:34,11.000474854853564,5.5002944124684205,5.500180442385144,1,0,1,1,0,1,0,0,0,0,0.0,0.0,5,0.5,0.0,0.0,7,0.024305555555555507,0.0,0.39166666666666666,0.5,0.5,0.4166666666666667,0.0,0.0
296,24.666666666666668,24.666666666666668,1,0.6666666666666679,00:40,11.000603702062527,5.500374299253697,5.50022940280883,1,1,0,1,1,0,1,0,1,0,0.0,0.0,5,0.5,0.0,0.0,8,0.02777777777777783,0.0,0.4000000000000001,0.5833333333333334,0.5833333333333334,0.5,0.0,0.0
297,24.75,24.75,1,0.75,00:45,11.000765431513953,5.500474573928727,5.500290857585226,0,0,0,0,0,0,2,0,2,0,0.0,0.0,3,0.3,0.0,0.0,9,0.03125,0.0,0.4000000000000001,0.5833333333333334,0.5833333333333334,0.5833333333333334,0.0,0.0
298,24.833333333333332,24.833333333333332,1,0.8333333333333321,00:49,11.000967858612453,5.500600082556764,5.50036777605569,0,0,0,0,0,0,1,1,0,0,0.0,0.0,2,0.2,0.0,0.0,10,0.034722222222222175,0.0,0.39166666666666666,0.5833333333333334,0.5833333333333334,0.6666666666666666,0.0,0.0
299,24.916666666666668,24.916666666666668,1,0.9166666666666679,00:55,11.00122050454246,5.500756729063854,5.500463775478606,0,0,0,0,0,0,0,0,0,0,0.0,0.0,2,0.2,0.0,0.0,11,0.038194444444444496,0.0,0.375,0.5,0.5,0.6666666666666666,0.0,0.0
300,25.0,25.0,1,1.0,01:00,11.001534930734644,5.5009516827530724,5.500583247981572,0,0,0,0,0,0,0,0,0,0,0.0,0.0,2,0.2,0.0,0.0,12,0.041666666666666664,0.0,0.35000000000000003,0.4166666666666667,0.4166666666666667,0.6666666666666666,0.0,0.0
301,25.083333333333332,25.083333333333332,1,1.0833333333333321,01:04,11.001925130016067,5.501193621034091,5.500731508981977,2,1,1,2,1,1,2,1,1,0,0.0,0.0,2,0.2,0.0,0.0,13,0.04513888888888884,0.0,0.3333333333333333,0.5833333333333334,0.5833333333333334,0.75,0.0,0.0
302,25.166666666666668,25.166666666666668,1,1.1666666666666679,01:10,11.002407982075074,5.501493012132404,5.500914969942669,0,0,0,0,0,0,0,0,0,0,0.0,0.0,2,0.2,0.0,0.0,14,0.04861111111111116,0.0,0.3166666666666667,0.5,0.5,0.6666666666666666,0.0,0.0
303,25.25,25.25,1,1.25,01:15,11.003003781478727,5.501862442933056,5.501141338545671,0,0,0,0,0,0,0,0,0,0,0.0,0.0,2,0.2,0.0,0.0,15,0.052083333333333336,0.0,0.30833333333333335,0.5,0.5,0.5833333333333334,0.0,0.0
304,25.333333333333332,25.333333333333332,1,1.3333333333333321,01:19,11.003736847043271,5.502316997482579,5.501419849560692,1,1,0,1,1,0,0,0,0,0,0.0,0.0,3,0.3,0.0,0.0,16,0.055555555555555504,0.0,0.3,0.5,0.5,0.5833333333333334,0.0,0.0
305,25.416666666666668,25.416666666666668,1,1.4166666666666679,01:25,11.004636221850088,5.502874692005684,5.501761529844404,2,2,0,2,2,0,0,0,0,0,0.0,0.0,5,0.5,0.0,0.0,17,0.059027777777777825,0.0,0.30833333333333335,0.5833333333333334,0.5833333333333334,0.5,0.0,0.0
306,25.5,25.5,1,1.5,01:30,11.005736473589717,5.503556972573228,5.50217950101649,0,0,0,0,0,0,0,0,0,0,0.0,0.0,5,0.5,0.0,0.0,18,0.0625,0.0,0.3166666666666667,0.5833333333333334,0.5833333333333334,0.5,0.0,0.0
307,25.583333333333332,25.583333333333332,1,1.5833333333333321,01:34,11.007078605168505,5.5043892817663895,5.502689323402116,0,0,0,0,0,0,1,1,0,0,0.0,0.0,4,0.4,0.0,0.0,19,0.06597222222222217,0.0,0.30833333333333335,0.5,0.5,0.5833333333333334,0.0,0.0
308,25.666666666666668,25.666666666666668,1,1.6666666666666679,01:40,11.008711085586196,5.505401700798184,5.503309384788012,1,1,0,1,1,0,1,0,1,0,0.0,0.0,4,0.4,0.0,0.0,20,0.06944444444444449,0.0,0.3,0.5,0.5,0.5833333333333334,0.0,0.0
309,25.75,25.75,1,1.75,01:45,11.010691010942473,5.5066296735548965,5.504061337387577,1,0,1,1,0,1,0,0,0,0,0.0,0.0,5,0.5,0.0,0.0,21,0.07291666666666667,0.0,0.3166666666666667,0.5833333333333334,0.5833333333333334,0.4166666666666667,0.0,0.0
310,25.833333333333332,25.833333333333332,1,1.8333333333333321,01:49,11.013085405007352,5.5081148188834455,5.504970586123907,0,0,0,0,0,0,1,1,0,0,0.0,0.0,4,0.4,0.0,0.0,22,0.07638888888888884,0.0,0.3333333333333333,0.5833333333333334,0.5833333333333334,0.4166666666666667,0.0,0.0
311,25.916666666666668,25.916666666666668,1,1.9166666666666679,01:55,11.015972668041416,5.509905837152156,5.506066830889259,0,0,0,0,0,0,1,1,0,0,0.0,0.0,3,0.3,0.0,0.0,23,0.07986111111111116,0.0,0.3416666666666666,0.5833333333333334,0.5833333333333334,0.5,0.0,0.0
312,26.0,26.0,1,2.0,02:00,11.019444181421887,5.512059516628226,5.507384664793661,1,1,0,1,1,0,1,1,0,0,0.0,0.0,3,0.3,0.0,0.0,24,0.08333333333333333,0.0,0.35000000000000003,0.6666666666666666,0.6666666666666666,0.5833333333333334,0.0,0.0
313,26.083333333333332,26.083333333333332,1,2.083333333333332,02:04,11.023606074063139,5.514641844523217,5.508964229539922,0,0,0,0,0,0,0,0,0,0,0.0,0.0,3,0.3,0.0,0.0,25,0.08680555555555551,0.0,0.35833333333333334,0.5,0.5,0.4166666666666667,0.0,0.0
314,26.166666666666668,26.166666666666668,1,2.166666666666668,02:10,11.02858115455895,5.517729226638116,5.510851927920833,1,0,1,1,0,1,0,0,0,0,0.0,0.0,4,0.4,0.0,0.0,26,0.09027777777777783,0.0,0.375,0.5833333333333334,0.5833333333333334,0.4166666666666667,0.0,0.0
315,26.25,26.25,1,2.25,02:15,11.03451101036479,5.5214098183757105,5.5131011919890796,0,0,0,0,0,0,2,1,1,0,0.0,0.0,2,0.2,0.0,0.0,27,0.09375,0.0,0.375,0.5833333333333334,0.5833333333333334,0.5833333333333334,0.0,0.0
316,26.333333333333332,26.333333333333332,1,2.333333333333332,02:19,11.041558272131947,5.525784968468751,5.515773303663196,0,0,0,0,0,0,0,0,0,0,0.0,0.0,2,0.2,0.0,0.0,28,0.09722222222222217,0.0,0.36666666666666664,0.5,0.5,0.5833333333333334,0.0,0.0
317,26.416666666666668,26.416666666666668,1,2.416666666666668,02:25,11.049909037458988,5.530970775092245,5.518938262366743,1,0,1,1,0,1,0,0,0,0,0.0,0.0,3,0.3,0.0,0.0,29,0.10069444444444449,0.0,0.35000000000000003,0.4166666666666667,0.4166666666666667,0.5833333333333334,0.0,0.0
318,26.5,26.5,1,2.5,02:30,11.059775443807403,5.537099752089127,5.522675691718276,0,0,0,0,0,0,0,0,0,0,0.0,0.0,3,0.3,0.0,0.0,30,0.10416666666666667,0.0,0.3333333333333333,0.4166666666666667,0.4166666666666667,0.5833333333333334,0.0,0.0
319,26.583333333333332,26.583333333333332,1,2.583333333333332,02:34,11.071398375117802,5.5443226008501485,5.5270757742676535,0,0,0,0,0,0,1,0,1,0,0.0,0.0,2,0.2,0.0,0.0,31,0.10763888888888884,0.0,0.31666666666666665,0.4166666666666667,0.4166666666666667,0.5833333333333334,0.0,0.0
320,26.666666666666668,26.666666666666668,1,2.666666666666668,02:40,11.085050280758281,5.552810080969729,5.532240199788553,1,0,1,1,0,1,1,1,0,0,0.0,0.0,2,0.2,0.0,0.0,32,0.11111111111111116,0.0,0.3,0.4166666666666667,0.4166666666666667,0.5833333333333334,0.0,0.0
321,26.75,26.75,1,2.75,02:45,11.101038078854435,5.562754970176136,5.538283108678299,2,1,1,2,1,1,0,0,0,0,0.0,0.0,4,0.4,0.0,0.0,33,0.11458333333333333,0.0,0.2916666666666667,0.5,0.5,0.5833333333333334,0.0,0.0
322,26.833333333333332,26.833333333333332,1,2.833333333333332,02:49,11.119706108831988,5.574374101241199,5.545332007590789,1,0,1,1,0,1,1,0,1,0,0.0,0.0,4,0.4,0.0,0.0,34,0.11805555555555551,0.0,0.2916666666666667,0.5833333333333334,0.5833333333333334,0.5833333333333334,0.0,0.0
323,26.916666666666668,26.916666666666668,1,2.916666666666668,02:55,11.141439090215899,5.587910460652416,5.553528629563483,0,0,0,0,0,0,0,0,0,0,0.0,0.0,4,0.4,0.0,0.0,35,0.12152777777777783,0.0,0.3,0.5833333333333334,0.5833333333333334,0.5,0.0,0.0
324,27.0,27.0,1,3.0,03:00,11.166665036471228,5.60363533082227,5.563029705648958,1,0,1,1,0,1,0,0,0,0,0.0,0.0,5,0.5,0.0,0.0,36,0.125,0.0,0.3166666666666667,0.5833333333333334,0.5833333333333334,0.4166666666666667,0.0,0.0
325,27.083333333333332,27.083333333333332,1,3.083333333333332,03:04,11.195858064071931,5.621850454560361,5.57400760951157,0,0,0,0,0,0,0,0,0,0,0.0,0.0,5,0.5,0.0,0.0,37,0.12847222222222218,0.0,0.3333333333333333,0.5833333333333334,0.5833333333333334,0.4166666666666667,0.0,0.0
326,27.166666666666668,27.166666666666668,1,3.166666666666668,03:10,11.22954102820767,5.642890197482154,5.5866508307255165,1,1,0,1,1,0,1,0,1,0,0.0,0.0,5,0.5,0.0,0.0,38,0.1319444444444445,0.0,0.3416666666666666,0.5833333333333334,0.5833333333333334,0.5,0.0,0.0
327,27.25,27.25,1,3.25,03:15,11.268287907786952,5.667123681003905,5.601164226783047,1,1,0,1,1,0,1,1,0,0,0.0,0.0,5,0.5,0.0,0.0,39,0.13541666666666666,0.0,0.3666666666666667,0.6666666666666666,0.6666666666666666,0.4166666666666667,0.0,0.0
328,27.333333333333332,27.333333333333332,1,3.333333333333332,03:19,11.312725853902098,5.6949568555891945,5.617768998312903,1,1,0,1,1,0,1,0,1,0,0.0,0.0,5,0.5,0.0,0.0,40,0.13888888888888884,0.0,0.39166666666666666,0.75,0.75,0.5,0.0,0.0
329,27.416666666666668,27.416666666666668,1,3.416666666666668,03:25,11.363536807958473,5.72683448095971,5.636702326998764,2,2,0,2,2,0,1,0,1,0,0.0,0.0,6,0.6,0.0,0.0,41,0.14236111111111116,0.0,0.4166666666666667,0.8333333333333334,0.8333333333333334,0.5833333333333334,0.0,0.0
330,27.5,27.5,1,3.5,03:30,11.421458588538663,5.76324197702404,5.658216611514622,0,0,0,0,0,0,0,0,0,0,0.0,0.0,6,0.6,0.0,0.0,42,0.14583333333333334,0.0,0.4416666666666667,0.8333333333333334,0.8333333333333334,0.5833333333333334,0.0,0.0
331,27.583333333333332,27.583333333333332,1,3.583333333333332,03:34,11.487285340100797,5.8047071062417555,5.682578233859042,1,0,1,1,0,1,0,0,0,0,0.0,0.0,7,0.7,0.0,0.0,43,0.1493055555555555,0.0,0.48333333333333334,0.9166666666666666,0.9166666666666666,0.5,0.0,0.0
332,27.666666666666668,27.666666666666668,1,3.666666666666668,03:40,11.561867232150437,5.851801444918895,5.710065787231542,0,0,0,0,0,0,2,1,1,0,0.0,0.0,5,0.5,0.0,0.0,44,0.15277777777777782,0.0,0.5083333333333333,0.8333333333333334,0.8333333333333334,0.5833333333333334,0.0,0.0
333,27.75,27.75,1,3.75,03:45,11.646109294941454,5.905141597380265,5.740967697561189,0,0,0,0,0,0,1,1,0,0,0.0,0.0,4,0.4,0.0,0.0,45,0.15625,0.0,0.5083333333333333,0.6666666666666666,0.6666666666666666,0.6666666666666666,0.0,0.0
334,27.833333333333332,27.833333333333332,1,3.833333333333332,03:49,11.740969277423115,5.9653901029062455,5.77557917451687,1,0,1,1,0,1,2,2,0,0,0.0,0.0,3,0.3,0.0,0.0,46,0.15972222222222218,0.0,0.5,0.6666666666666666,0.6666666666666666,0.75,0.0,0.0
335,27.916666666666668,27.916666666666668,1,3.916666666666668,03:55,11.847454415420112,6.033255980554623,5.814198434865489,1,0,1,1,0,1,0,0,0,0,0.0,0.0,4,0.4,0.0,0.0,47,0.1631944444444445,0.0,0.5,0.75,0.75,0.75,0.0,0.0
336,28.0,28.0,1,4.0,04:00,11.966617003253864,6.109494851299408,5.8571221519544565,0,0,0,0,0,0,2,1,1,0,0.0,0.0,2,0.2,0.0,0.0,48,0.16666666666666666,0.0,0.4749999999999999,0.6666666666666666,0.6666666666666666,0.9166666666666666,0.0,0.0
337,28.083333333333332,28.083333333333332,1,4.083333333333332,04:04,12.09954867049691,6.194908570107195,5.904640100389715,1,1,0,1,1,0,0,0,0,0,0.0,0.0,3,0.3,0.0,0.0,49,0.17013888888888884,0.0,0.4583333333333333,0.75,0.75,0.9166666666666666,0.0,0.0
338,28.166666666666668,28.166666666666668,1,4.166666666666668,04:10,12.247373277560241,6.290344292475276,5.957028985084965,1,0,1,1,0,1,0,0,0,0,0.0,0.0,4,0.4,0.0,0.0,50,0.17361111111111116,0.0,0.44999999999999996,0.75,0.75,0.8333333333333334,0.0,0.0
339,28.25,28.25,1,4.25,04:15,12.411238359545287,6.396692890485549,6.014545469059738,0,0,0,0,0,0,0,0,0,0,0.0,0.0,4,0.4,0.0,0.0,51,0.17708333333333334,0.0,0.44166666666666665,0.6666666666666666,0.6666666666666666,0.75,0.0,0.0
340,28.333333333333332,28.333333333333332,1,4.333333333333332,04:19,12.592305067367626,6.514886622608012,6.077418444759614,3,2,1,3,2,1,2,0,2,0,0.0,0.0,5,0.5,0.0,0.0,52,0.1805555555555555,0.0,0.44166666666666665,0.8333333333333334,0.8333333333333334,0.8333333333333334,0.0,0.0
341,28.416666666666668,28.416666666666668,1,4.416666666666668,04:25,12.791736578604722,6.645895949497363,6.145840629107359,0,0,0,0,0,0,0,0,0,0,0.0,0.0,5,0.5,0.0,0.0,53,0.18402777777777782,0.0,0.43333333333333335,0.6666666666666666,0.6666666666666666,0.75,0.0,0.0
342,28.5,28.5,1,4.5,04:30,13.01068497775341,6.790725375245666,6.219959602507744,2,2,0,2,2,0,0,0,0,0,0.0,0.0,7,0.7,0.0,0.0,54,0.1875,0.0,0.44166666666666665,0.8333333333333334,0.8333333333333334,0.75,0.0,0.0
343,28.583333333333332,28.583333333333332,1,4.583333333333332,04:34,13.25027663640336,6.950408180603695,6.299868455799665,1,1,0,1,1,0,0,0,0,0,0.0,0.0,8,0.8,0.0,0.0,55,0.19097222222222218,0.0,0.45,0.8333333333333334,0.8333333333333334,0.75,0.0,0.0
344,28.666666666666668,28.666666666666668,1,4.666666666666668,04:40,13.511596157908453,7.1259999024562894,6.385596255452164,1,1,0,1,1,0,2,2,0,0,0.0,0.0,7,0.7,0.0,0.0,56,0.1944444444444445,0.0,0.46666666666666673,0.9166666666666666,0.9166666666666666,0.75,0.0,0.0
345,28.75,28.75,1,4.75,04:45,13.795668988004156,7.318570403520486,6.47709858448367,0,0,0,0,0,0,1,0,1,0,0.0,0.0,6,0.6,0.0,0.0,57,0.19791666666666666,0.0,0.48333333333333334,0.9166666666666666,0.9166666666666666,0.75,0.0,0.0
346,28.833333333333332,28.833333333333332,1,4.833333333333332,04:49,14.103442831869671,7.529194369309711,6.57424846255996,1,1,0,1,1,0,1,1,0,0,0.0,0.0,6,0.6,0.0,0.0,58,0.20138888888888884,0.0,0.5083333333333333,0.9166666666666666,0.9166666666666666,0.6666666666666666,0.0,0.0
347,28.916666666666668,28.916666666666668,1,4.916666666666668,04:55,14.435768058628607,7.758940067625667,6.67682799100294,2,2,0,2,2,0,2,1,1,0,0.0,0.0,6,0.6,0.0,0.0,59,0.20486111111111116,0.0,0.525,1.0,1.0,0.8333333333333334,0.0,0.0
348,29.0,29.0,1,5.0,05:00,14.793377315351826,8.008856211174379,6.784521104177447,1,1,0,1,1,0,0,0,0,0,0.0,0.0,7,0.7,0.0,0.0,60,0.20833333333333334,0.0,0.5666666666666667,1.0833333333333333,1.0833333333333333,0.6666666666666666,0.0,0.0
349,29.083333333333332,29.083333333333332,1,5.083333333333332,05:04,15.17686461328355,8.279956778461814,6.896907834821737,0,0,0,0,0,0,1,1,0,0,0.0,0.0,6,0.6,0.0,0.0,61,0.2118055555555555,0.0,0.5916666666666667,1.0,1.0,0.75,0.0,0.0
350,29.166666666666668,29.166666666666668,1,5.166666666666668,05:10,15.586664188169646,8.573203674031838,7.013460514137807,0,0,0,0,0,0,1,1,0,0,0.0,0.0,5,0.5,0.0,0.0,62,0.21527777777777782,0.0,0.6,0.9166666666666666,0.9166666666666666,0.8333333333333334,0.0,0.0
351,29.25,29.25,1,5.25,05:15,16.023029473063175,8.88948714835656,7.133542324706616,0,0,0,0,0,0,2,2,0,0,0.0,0.0,3,0.3,0.0,0.0,63,0.21875,0.0,0.5916666666666667,0.9166666666666666,0.9166666666666666,1.0,0.0,0.0
352,29.333333333333332,29.333333333333332,1,5.333333333333332,05:19,16.486012554603974,9.229603951951692,7.256408602652283,3,1,2,3,1,2,1,1,0,0,0.0,0.0,5,0.5,0.0,0.0,64,0.22222222222222218,0.0,0.5916666666666667,0.9166666666666666,0.9166666666666666,0.9166666666666666,0.0,0.0
353,29.416666666666668,29.416666666666668,1,5.416666666666668,05:25,16.975444511287378,9.594233268726793,7.3812112425605845,1,1,0,1,1,0,2,2,0,0,0.0,0.0,4,0.4,0.0,0.0,65,0.2256944444444445,0.0,0.5833333333333334,1.0,1.0,1.0833333333333333,0.0,0.0
354,29.5,29.5,1,5.5,05:30,17.490917053446246,9.983910560626,7.507006492820245,0,0,0,0,0,0,0,0,0,0,0.0,0.0,4,0.4,0.0,0.0,66,0.22916666666666666,0.0,0.5583333333333332,0.8333333333333334,0.8333333333333334,1.0833333333333333,0.0,0.0
355,29.583333333333332,29.583333333333332,1,5.583333333333332,05:34,18.03176589842134,10.39899955876687,7.63276633965447,0,0,0,0,0,0,1,0,1,0,0.0,0.0,3,0.3,0.0,0.0,67,0.23263888888888884,0.0,0.5166666666666667,0.75,0.75,1.1666666666666667,0.0,0.0
356,29.666666666666668,29.666666666666668,1,5.666666666666668,05:40,18.597056319640426,10.839662753923824,7.757393565716604,0,0,0,0,0,0,0,0,0,0,0.0,0.0,3,0.3,0.0,0.0,68,0.23611111111111116,0.0,0.48333333333333334,0.6666666666666666,0.6666666666666666,1.0,0.0,0.0
357,29.75,29.75,1,5.75,05:45,19.185571304165776,11.305830868451876,7.879740435713901,4,2,2,4,2,2,1,1,0,0,0.0,0.0,6,0.6,0.0,0.0,69,0.23958333333333334,0.0,0.48333333333333334,1.0,1.0,1.0,0.0,0.0
358,29.833333333333332,29.833333333333332,1,5.833333333333332,05:49,19.795802738980807,11.797171928386625,7.9986308105941815,0,0,0,0,0,0,1,0,1,0,0.0,0.0,5,0.5,0.0,0.0,70,0.2430555555555555,0.0,0.4749999999999999,0.9166666666666666,0.9166666666666666,1.0,0.0,0.0
359,29.916666666666668,29.916666666666668,1,5.916666666666668,05:55,20.425946021372972,12.31306069293245,8.112885328440523,0,0,0,0,0,0,0,0,0,0,0.0,0.0,5,0.5,0.0,0.0,71,0.24652777777777782,0.0,0.4666666666666666,0.75,0.75,0.8333333333333334,0.0,0.0
360,30.0,30.0,1,6.0,06:00,21.073898452991536,12.852549332068135,8.221349120923401,0,0,0,0,0,0,0,0,0,0,0.0,0.0,5,0.5,0.0,0.0,72,0.25,0.0,0.44999999999999996,0.6666666666666666,0.6666666666666666,0.8333333333333334,0.0,0.0
361,30.083333333333332,30.083333333333332,1,6.083333333333332,06:04,21.737261730557623,13.414340363725726,8.322921366831897,0,0,0,0,0,0,1,1,0,0,0.0,0.0,4,0.4,0.0,0.0,73,0.25347222222222215,0.0,0.43333333333333335,0.6666666666666666,0.6666666666666666,0.8333333333333334,0.0,0.0
362,30.166666666666668,30.166666666666668,1,6.166666666666668,06:10,22.413348789126825,13.996762961383732,8.416585827743093,0,0,0,0,0,0,0,0,0,0,0.0,0.0,4,0.4,0.0,0.0,74,0.2569444444444445,0.0,0.425,0.6666666666666666,0.6666666666666666,0.75,0.0,0.0
363,30.25,30.25,1,6.25,06:15,23.099195186920248,14.597753812116144,8.501441374804104,0,0,0,0,0,0,0,0,0,0,0.0,0.0,4,0.4,0.0,0.0,75,0.2604166666666667,0.0,0.43333333333333335,0.6666666666666666,0.6666666666666666,0.5833333333333334,0.0,0.0
364,30.333333333333332,30.333333333333332,1,6.333333333333332,06:19,23.79157514503051,15.214843735523216,8.576731409507294,3,1,2,3,1,2,2,0,2,0,0.0,0.0,5,0.5,0.0,0.0,76,0.26388888888888884,0.0,0.43333333333333335,0.6666666666666666,0.6666666666666666,0.6666666666666666,0.0,0.0
365,30.416666666666668,30.416666666666668,1,6.416666666666668,06:25,24.487022272072142,15.845151257710995,8.641871014361147,2,2,0,2,2,0,2,2,0,0,0.0,0.0,5,0.5,0.0,0.0,77,0.26736111111111116,0.0,0.44166666666666665,0.75,0.75,0.6666666666666666,0.0,0.0
366,30.5,30.5,1,6.5,06:30,25.18185491467317,16.48538426517569,8.696470649497481,1,0,1,1,0,1,0,0,0,0,0.0,0.0,6,0.6,0.0,0.0,78,0.2708333333333333,0.0,0.4583333333333333,0.8333333333333334,0.8333333333333334,0.6666666666666666,0.0,0.0
367,30.583333333333332,30.583333333333332,1,6.583333333333332,06:34,25.87220598144596,17.131850736701498,8.74035524474446,0,0,0,0,0,0,0,0,0,0,0.0,0.0,6,0.6,0.0,0.0,79,0.2743055555555555,0.0,0.48333333333333334,0.8333333333333334,0.8333333333333334,0.5833333333333334,0.0,0.0
368,30.666666666666668,30.666666666666668,1,6.666666666666668,06:40,26.55405699280673,17.780479365401785,8.773577627404945,1,0,1,1,0,1,0,0,0,0,0.0,0.0,7,0.7,0.0,0.0,80,0.27777777777777785,0.0,0.5166666666666667,0.9166666666666666,0.9166666666666666,0.5833333333333334,0.0,0.0
369,30.75,30.75,1,6.75,06:45,27.22327601398192,18.426850639071922,8.796425374909996,2,2,0,2,2,0,2,1,1,0,0.0,0.0,7,0.7,0.0,0.0,81,0.28125,0.0,0.525,0.75,0.75,0.6666666666666666,0.0,0.0
370,30.833333333333332,30.833333333333332,1,6.833333333333332,06:49,27.87565903610472,19.06623864967703,8.809420386427695,4,2,2,3,1,2,0,0,0,1,0.0,0.0,10,1.0,0.0,0.0,82,0.28472222222222215,0.08333333333333333,0.5666666666666668,1.0833333333333333,1.0,0.5833333333333334,0.0,0.0
371,30.916666666666668,30.916666666666668,1,6.916666666666668,06:55,28.506974282872847,19.69366356014148,8.813310722731366,0,0,0,1,1,0,3,2,1,0,0.0,0.0,8,0.8,5.0,0.0,83,0.2881944444444445,0.08333333333333333,0.5916666666666667,1.0833333333333333,1.0833333333333333,0.8333333333333334,0.4166666666666667,0.0
372,31.0,31.0,1,7.0,07:00,29.1130088401957,20.303954280090416,8.809054560105285,1,1,0,1,1,0,1,0,1,0,0.0,0.0,8,0.8,0.0,0.0,84,0.2916666666666667,0.08333333333333333,0.6166666666666667,1.1666666666666667,1.1666666666666667,0.9166666666666666,0.4166666666666667,0.0
373,31.083333333333332,31.083333333333332,1,7.083333333333332,07:04,29.68961693589144,20.891820506302672,8.797796429588766,1,1,0,1,1,0,0,0,0,0,0.0,0.0,9,0.9,0.0,0.0,85,0.29513888888888884,0.08333333333333333,0.6583333333333333,1.25,1.25,0.8333333333333334,0.4166666666666667,0.0
374,31.166666666666668,31.166666666666668,1,7.166666666666668,07:10,30.23276913792004,21.451932885329732,8.780836252590307,1,1,0,1,1,0,0,0,0,0,0.0,0.0,10,1.0,0.0,0.0,86,0.29861111111111116,0.08333333333333333,0.7083333333333334,1.3333333333333333,1.3333333333333333,0.8333333333333334,0.4166666666666667,0.0
375,31.25,31.25,1,7.25,07:15,30.73860169473985,21.979009673661682,8.759592021078165,1,0,1,1,0,1,1,1,0,0,0.0,0.0,10,1.0,0.0,0.0,87,0.3020833333333333,0.08333333333333333,0.7583333333333333,1.4166666666666667,1.4166666666666667,0.9166666666666666,0.4166666666666667,0.0
376,31.333333333333332,31.333333333333332,1,7.333333333333332,07:19,31.203465211722794,22.467907924336398,8.735557287386397,1,1,0,1,1,0,3,1,2,0,0.0,0.0,8,0.8,0.0,0.0,88,0.3055555555555555,0.08333333333333333,0.7833333333333332,1.25,1.25,1.0,0.4166666666666667,0.0
377,31.416666666666668,31.416666666666668,1,7.416666666666668,07:25,31.62397184437118,22.9137169369745,8.710254907396683,0,0,0,0,0,0,1,1,0,0,0.0,0.0,7,0.7,0.0,0.0,89,0.30902777777777785,0.08333333333333333,0.7999999999999999,1.0833333333333333,1.0833333333333333,0.9166666666666666,0.4166666666666667,0.0
378,31.5,31.5,1,7.5,07:30,31.997040193149484,23.311851488333524,8.68518870481596,4,3,1,4,3,1,1,1,0,0,0.0,0.0,10,1.0,0.0,5.0,90,0.3125,0.08333333333333333,0.8333333333333334,1.3333333333333333,1.3333333333333333,1.0,0.4166666666666667,0.0
379,31.583333333333332,31.583333333333332,1,7.583333333333332,07:34,32.31993710643412,23.658142227397708,8.66179487903641,6,5,1,2,2,0,2,1,1,4,0.0,0.0,10,1.0,0.0,0.0,91,0.31597222222222215,0.4166666666666667,0.8666666666666667,1.8333333333333333,1.5,1.1666666666666667,0.4166666666666667,0.0
380,31.666666666666668,31.666666666666668,1,7.666666666666668,07:40,32.590315637283716,23.948920583849123,8.641395053434593,4,4,0,1,1,0,1,1,0,7,2.142857142857143,5.0,10,1.0,5.0,0.0,92,0.3194444444444445,1.0,0.8916666666666667,2.0833333333333335,1.5,1.25,0.8333333333333334,0.17857142857142858
381,31.75,31.75,1,7.75,07:45,32.80624845586041,24.181095608048782,8.62515284781163,0,0,0,1,0,1,1,1,0,6,6.666666666666667,10.0,10,1.0,10.0,0.0,93,0.3229166666666667,1.5,0.9166666666666666,1.9166666666666667,1.4166666666666667,1.1666666666666667,1.6666666666666667,0.7341269841269842
382,31.833333333333332,31.833333333333332,1,7.833333333333332,07:49,32.96625609134107,24.352220335784285,8.614035755556788,2,1,1,0,0,0,0,0,0,8,8.75,15.0,10,1.0,0.0,0.0,94,0.32638888888888884,2.0833333333333335,0.9166666666666666,1.75,1.1666666666666667,1.1666666666666667,1.6666666666666667,1.463293650793651
383,31.916666666666668,31.916666666666668,1,7.916666666666668,07:55,33.0693294635577,24.460545547952474,8.608783915605228,0,0,0,3,3,0,3,3,0,5,11.0,15.0,10,1.0,18.333333333333332,0.0,95,0.32986111111111116,2.5,0.9333333333333335,1.75,1.3333333333333333,1.1666666666666667,2.7777777777777772,2.3799603174603177
384,32.0,32.0,1,8.0,08:00,33.11494626351003,24.505059164561004,8.609887098949025,7,4,3,3,3,0,3,2,1,9,2.2222222222222223,10.0,10,1.0,20.0,0.0,96,0.3333333333333333,3.25,0.9500000000000001,2.25,1.5,1.3333333333333333,4.444444444444444,2.565145502645503
385,32.083333333333336,32.083333333333336,1,8.083333333333336,08:05,33.10308085105868,24.48550995942837,8.617570891630306,0,0,0,2,1,1,2,2,0,7,5.0,5.0,10,1.0,15.0,2.5,97,0.33680555555555564,3.8333333333333335,0.9583333333333334,2.1666666666666665,1.5833333333333333,1.5,5.694444444444444,2.9818121693121693
386,32.166666666666664,32.166666666666664,1,8.166666666666664,08:09,33.03420745500948,24.402414787887224,8.631792667122253,2,2,0,1,1,0,1,0,1,8,7.5,10.0,10,1.0,10.0,0.0,98,0.3402777777777777,4.5,0.9583333333333334,2.25,1.5833333333333333,1.5833333333333333,6.527777777777778,3.6068121693121693
387,32.25,32.25,1,8.25,08:15,32.909296582700236,24.25704906246724,8.652247520232999,3,3,0,2,1,1,2,1,1,9,7.777777777777778,15.0,10,1.0,15.0,15.0,99,0.34375,5.25,0.9583333333333334,2.4166666666666665,1.6666666666666667,1.6666666666666667,7.777777777777778,4.254960317460317
388,32.333333333333336,32.333333333333336,1,8.333333333333336,08:20,32.72980467023149,24.051420766661572,8.678383903569918,1,0,1,1,1,0,1,1,0,9,10.555555555555555,20.0,10,1.0,20.0,15.0,100,0.3472222222222223,6.0,0.9750000000000001,2.4166666666666665,1.6666666666666667,1.5,9.444444444444445,5.134589947089947
389,32.416666666666664,32.416666666666664,1,8.416666666666664,08:24,32.4976571277268,23.788228839436016,8.70942828829078,1,1,0,3,1,2,3,2,1,7,9.285714285714286,15.0,10,1.0,25.0,18.333333333333332,101,0.35069444444444436,6.583333333333333,1.0,2.5,1.9166666666666667,1.6666666666666667,11.527777777777779,5.908399470899471
390,32.5,32.5,1,8.5,08:30,32.215225053589485,23.470807268775776,8.744417784813711,2,2,0,2,2,0,2,2,0,7,8.571428571428571,15.0,10,1.0,20.0,15.0,102,0.3541666666666667,7.166666666666667,1.0,2.3333333333333335,1.75,1.75,13.194444444444445,6.622685185185186
391,32.583333333333336,32.583333333333336,1,8.583333333333336,08:35,31.885296004891348,23.103056678994534,8.782239325896816,1,1,0,2,2,0,2,2,0,6,9.166666666666666,20.0,10,1.0,20.0,17.5,103,0.357638888888889,7.333333333333333,1.0,1.9166666666666667,1.75,1.75,14.861111111111112,7.3865740740740735
392,32.666666666666664,32.666666666666664,1,8.666666666666664,08:39,31.511039315232896,22.68936556475991,8.821673750472984,0,0,0,1,1,0,1,1,0,5,12.0,20.0,10,1.0,25.0,15.0,104,0.361111111111111,7.166666666666667,1.0,1.5833333333333333,1.75,1.75,16.52777777777778,8.208002645502646
393,32.75,32.75,1,8.75,08:45,31.09596654438335,22.234523600145966,8.861442944237385,1,1,0,3,2,1,3,2,1,3,8.333333333333334,15.0,10,1.0,20.0,18.333333333333332,105,0.3645833333333333,6.916666666666667,1.0,1.6666666666666667,1.9166666666666667,1.9166666666666667,17.36111111111111,8.346891534391535
394,32.833333333333336,32.833333333333336,1,8.833333333333336,08:50,30.643887723802262,21.743629623876984,8.900258099925276,0,0,0,2,2,0,2,1,1,1,5.0,5.0,10,1.0,17.5,22.5,106,0.36805555555555564,6.333333333333333,1.0,1.5,2.0833333333333335,2.0833333333333335,18.819444444444446,8.034391534391535
395,32.916666666666664,32.916666666666664,1,8.916666666666664,08:54,30.158864127210023,21.221996968102584,8.93686715910744,5,5,0,0,0,0,0,0,0,6,1.6666666666666667,10.0,10,1.0,0.0,0.0,107,0.3715277777777777,6.416666666666667,1.0,1.9166666666666667,1.8333333333333333,1.8333333333333333,17.291666666666668,7.256613756613756
396,33.0,33.0,1,9.0,09:00,29.645158344583038,20.6750587588802,8.970099585702838,2,1,1,1,1,0,1,0,1,7,3.5714285714285716,5.0,10,1.0,15.0,25.0,108,0.375,6.25,1.0,1.5,1.6666666666666667,1.6666666666666667,16.875,7.369047619047618
397,33.083333333333336,33.083333333333336,1,9.083333333333336,09:05,29.1071824706093,20.108275678599686,8.998906792009613,1,0,1,4,4,0,4,4,0,4,5.0,10.0,10,1.0,10.0,22.5,109,0.3784722222222223,6.0,1.0,1.5833333333333333,1.8333333333333333,1.8333333333333333,16.458333333333332,7.369047619047618
398,33.166666666666664,33.166666666666664,1,9.166666666666664,09:09,28.54944523450868,19.527048455065156,9.022396779443524,3,2,1,0,0,0,0,0,0,7,5.714285714285714,15.0,10,1.0,0.0,0.0,110,0.38194444444444436,5.916666666666667,1.0,1.6666666666666667,1.75,1.75,15.625,7.220238095238095
399,33.25,33.25,1,9.25,09:15,27.97649889740076,18.936637043846602,9.039861853554159,2,2,0,4,2,2,4,3,1,5,3.0,5.0,10,1.0,15.0,18.75,111,0.3854166666666667,5.583333333333333,1.0,1.5833333333333333,1.9166666666666667,1.9166666666666667,15.625,6.822089947089947
400,33.333333333333336,33.333333333333336,1,9.333333333333336,09:20,27.392886726700688,18.342088117568867,9.05079860913182,2,1,1,0,0,0,0,0,0,7,5.714285714285714,10.0,10,1.0,0.0,0.0,112,0.388888888888889,5.416666666666667,1.0,1.6666666666666667,1.8333333333333333,1.8333333333333333,13.958333333333334,6.4186507936507935
401,33.416666666666664,33.416666666666664,1,9.416666666666664,09:24,26.803091825334036,17.748172087371692,9.054919737962344,3,3,0,2,1,1,2,2,0,8,5.625,15.0,10,1.0,15.0,17.5,113,0.392361111111111,5.5,1.0,1.8333333333333333,1.75,1.75,13.125,6.11359126984127
402,33.5,33.5,1,9.5,09:30,26.21148804821528,17.15933047764443,9.05215757057085,0,0,0,1,1,0,1,1,0,7,9.285714285714286,15.0,10,1.0,20.0,10.0,114,0.3958333333333333,5.5,1.0,1.6666666666666667,1.6666666666666667,1.6666666666666667,13.125,6.173115079365079
403,33.583333333333336,33.583333333333336,1,9.583333333333336,09:35,25.62229368103432,16.579634074411178,9.042659606623143,3,3,0,1,1,0,1,1,0,9,8.88888888888889,20.0,10,1.0,20.0,10.0,115,0.39930555555555564,5.75,1.0,1.8333333333333333,1.5833333333333333,1.5833333333333333,13.125,6.149966931216931
404,33.666666666666664,33.666666666666664,1,9.666666666666664,09:39,25.03952848876275,16.012751887827882,9.026776600934866,0,0,0,1,1,0,1,0,1,8,12.5,20.0,10,1.0,25.0,15.0,116,0.4027777777777777,6.0,1.0,1.8333333333333333,1.5833333333333333,1.5833333333333333,13.125,6.191633597883598
405,33.75,33.75,1,9.75,09:45,24.466974665405278,15.461930625056299,9.005044040348979,0,0,0,1,0,1,1,1,0,7,16.428571428571427,25.0,10,1.0,25.0,15.0,117,0.40625,6.333333333333333,1.0,1.75,1.4166666666666667,1.4166666666666667,13.541666666666666,6.866236772486772
406,33.833333333333336,33.833333333333336,1,9.833333333333336,09:50,23.908142134435682,14.929984073073737,8.978158061361945,0,0,0,4,4,0,4,2,2,3,15.0,15.0,10,1.0,26.25,11.25,118,0.4097222222222223,6.5,1.0,1.75,1.5833333333333333,1.5833333333333333,14.270833333333334,7.699570105820105
407,33.916666666666664,33.916666666666664,1,9.916666666666664,09:54,23.366238563149302,14.419291550051335,8.946947013097967,0,0,0,2,2,0,2,2,0,1,20.0,20.0,10,1.0,20.0,17.5,119,0.41319444444444436,6.083333333333333,1.0,1.3333333333333333,1.75,1.75,15.9375,9.227347883597885
408,34.0,34.0,1,10.0,10:00,22.844144365874875,13.931804403464822,8.912339962410053,1,1,0,1,1,0,1,1,0,1,0.0,0.0,10,1.0,25.0,20.0,120,0.4166666666666667,5.583333333333333,1.0,1.25,1.75,1.75,16.770833333333332,8.929728835978837
409,34.083333333333336,34.083333333333336,1,10.083333333333336,10:05,22.344392882550007,13.46905941424478,8.875333468305227,1,0,1,1,1,0,1,1,0,1,0.0,0.0,10,1.0,5.0,20.0,121,0.420138888888889,5.333333333333333,1.0,1.25,1.5,1.5,16.354166666666668,8.51306216931217
410,34.166666666666664,34.166666666666664,1,10.166666666666664,10:09,21.869155832367486,13.032197906976009,8.836957925391477,0,0,0,0,0,0,0,0,0,1,5.0,5.0,10,1.0,0.0,0.0,122,0.423611111111111,4.833333333333333,1.0,1.0,1.5,1.5,16.354166666666668,8.453538359788359
411,34.25,34.25,1,10.25,10:15,21.420234058650554,12.621989361614977,8.798244697035576,2,1,1,3,1,2,3,3,0,0,0.0,0.0,10,1.0,3.3333333333333335,25.0,123,0.4270833333333333,4.416666666666667,1.0,1.0,1.4166666666666667,1.4166666666666667,15.381944444444443,8.203538359788359
412,34.333333333333336,34.333333333333336,1,10.333333333333336,10:20,20.999053502196038,12.238858365423964,8.760195136772074,0,0,0,0,0,0,2,2,0,0,0.0,0.0,8,0.8,0.0,22.5,124,0.43055555555555564,3.8333333333333335,0.9833333333333333,0.8333333333333334,1.4166666666666667,1.5833333333333333,15.381944444444443,7.727347883597884
413,34.416666666666664,34.416666666666664,1,10.416666666666664,10:24,20.606666267184465,11.882913826299545,8.72375244088492,3,1,2,3,1,2,3,2,1,0,0.0,0.0,8,0.8,0.0,25.0,125,0.4340277777777777,3.1666666666666665,0.9666666666666667,0.8333333333333334,1.5,1.6666666666666667,14.131944444444443,7.258597883597884
414,34.5,34.5,1,10.5,10:30,20.243756577299482,11.55397948099992,8.689777096299562,1,1,0,1,1,0,0,0,0,0,0.0,0.0,9,0.9,0.0,0.0,126,0.4375,2.5833333333333335,0.9583333333333334,0.9166666666666666,1.5,1.5833333333333333,12.465277777777777,6.48478835978836
415,34.583333333333336,34.583333333333336,1,10.583333333333336,10:35,19.91065136057534,11.25162486428817,8.65902649628717,2,2,0,1,1,0,0,0,0,1,0.0,0.0,10,1.0,0.0,0.0,127,0.4409722222222223,1.9166666666666667,0.9583333333333334,0.8333333333333334,1.5,1.5,10.798611111111109,5.7440476190476195
416,34.666666666666664,34.666666666666664,1,10.666666666666664,10:39,19.60733515011341,10.975196048358079,8.632139101755332,1,1,0,2,2,0,2,2,0,0,0.0,0.0,10,1.0,2.5,12.5,128,0.44444444444444436,1.25,0.9583333333333334,0.9166666666666666,1.5833333333333333,1.5833333333333333,8.923611111111112,4.7023809523809526
417,34.75,34.75,1,10.75,10:45,19.333468944368136,10.723845607532295,8.60962333683584,1,1,0,0,0,0,0,0,0,1,0.0,0.0,10,1.0,0.0,0.0,129,0.4479166666666667,0.75,0.9583333333333334,1.0,1.5,1.5,6.840277777777779,3.3333333333333335
418,34.833333333333336,34.833333333333336,1,10.833333333333336,10:50,19.08841263518216,10.496561403697475,8.591851231484684,3,2,1,1,1,0,1,0,1,3,0.0,0.0,10,1.0,5.0,10.0,130,0.451388888888889,0.75,0.9583333333333334,1.25,1.25,1.25,5.069444444444445,2.0833333333333335
419,34.916666666666664,34.916666666666664,1,10.916666666666664,10:54,18.87125058396051,10.292193917243164,8.579056666717346,1,1,0,3,2,1,3,2,1,1,0.0,0.0,10,1.0,5.0,1.6666666666666667,131,0.454861111111111,0.75,0.9583333333333334,1.3333333333333333,1.3333333333333333,1.3333333333333333,3.819444444444444,0.4166666666666667
420,35.0,35.0,1,11.0,11:00,18.68081990598018,10.109481961899167,8.571337944081012,2,2,0,1,1,0,1,0,1,2,0.0,0.0,10,1.0,5.0,0.0,132,0.4583333333333333,0.8333333333333334,0.9583333333333334,1.4166666666666667,1.3333333333333333,1.3333333333333333,2.152777777777778,0.4166666666666667
421,35.083333333333336,35.083333333333336,1,11.083333333333336,11:05,18.51574100938189,9.947076716859607,8.568664292522284,3,1,2,4,3,1,4,4,0,1,0.0,0.0,10,1.0,2.5,1.25,133,0.46180555555555564,0.8333333333333334,0.9583333333333334,1.5833333333333333,1.5833333333333333,1.5833333333333333,1.9444444444444446,0.4166666666666667
422,35.166666666666664,35.166666666666664,1,11.166666666666664,11:09,18.374449928351616,9.803564084452127,8.57088584389949,0,0,0,1,0,1,2,1,1,0,0.0,0.0,9,0.9,5.0,2.5,134,0.4652777777777777,0.75,0.9500000000000001,1.5833333333333333,1.6666666666666667,1.75,2.361111111111111,0.0
423,35.25,35.25,1,11.25,11:15,18.25523198878499,9.677485436192194,8.577746552592794,2,2,0,1,1,0,0,0,0,1,0.0,0.0,10,1.0,0.0,0.0,135,0.46875,0.8333333333333334,0.9500000000000001,1.5833333333333333,1.5,1.5,2.0833333333333335,0.0
424,35.333333333333336,35.333333333333336,1,11.333333333333336,11:20,18.156256348724312,9.567356845303241,8.588899503421072,2,1,1,0,0,0,0,0,0,3,1.6666666666666667,5.0,10,1.0,0.0,0.0,136,0.4722222222222223,1.0833333333333333,0.9666666666666668,1.75,1.5,1.3333333333333333,2.0833333333333335,0.1388888888888889
425,35.416666666666664,35.416666666666664,1,11.416666666666664,11:24,18.075610964452643,9.471686921513756,8.603924042938887,0,0,0,1,1,0,1,1,0,2,5.0,5.0,10,1.0,10.0,5.0,137,0.47569444444444436,1.25,0.9833333333333334,1.5,1.3333333333333333,1.1666666666666667,2.9166666666666665,0.5555555555555556
426,35.5,35.5,1,11.5,11:30,18.011337545728793,9.388993366620257,8.622344179108536,1,0,1,3,1,2,3,2,1,0,0.0,0.0,10,1.0,6.666666666666667,5.0,138,0.4791666666666667,1.25,0.9916666666666667,1.5,1.5,1.4166666666666667,3.4722222222222228,0.5555555555555556
427,35.583333333333336,35.583333333333336,1,11.583333333333336,11:35,17.961466079692393,9.317818359768712,8.643647719923681,0,0,0,0,0,0,1,0,1,0,0.0,0.0,9,0.9,0.0,0.0,139,0.482638888888889,1.1666666666666667,0.9833333333333334,1.3333333333333333,1.4166666666666667,1.5,3.4722222222222228,0.5555555555555556
428,35.666666666666664,35.666666666666664,1,11.666666666666664,11:39,17.924048521947235,9.25674286264822,8.667305659299014,1,1,0,1,1,0,2,1,1,0,0.0,0.0,8,0.8,0.0,2.5,140,0.486111111111111,1.1666666666666667,0.9666666666666667,1.3333333333333333,1.3333333333333333,1.5,3.2638888888888893,0.5555555555555556
429,35.75,35.75,1,11.75,11:45,17.897191274787914,9.204399909759529,8.692791365028386,1,1,0,1,1,0,0,0,0,0,0.0,0.0,9,0.9,0.0,0.0,141,0.4895833333333333,1.0833333333333333,0.9583333333333334,1.3333333333333333,1.4166666666666667,1.5,3.2638888888888893,0.5555555555555556
430,35.833333333333336,35.833333333333336,1,11.833333333333336,11:50,17.879086096068907,9.1594869203623,8.719599175706607,2,1,1,2,1,1,3,3,0,0,0.0,0.0,8,0.8,0.0,3.3333333333333335,142,0.49305555555555564,0.8333333333333334,0.9416666666666668,1.25,1.5,1.6666666666666667,2.8472222222222228,0.5555555555555556
431,35.916666666666664,35.916666666666664,1,11.916666666666664,11:54,17.868039107484766,9.12077703904663,8.747262068438136,1,0,1,1,0,1,0,0,0,0,0.0,0.0,9,0.9,0.0,0.0,143,0.4965277777777777,0.75,0.9333333333333332,1.25,1.3333333333333333,1.4166666666666667,2.430555555555556,0.5555555555555556
432,36.0,36.0,1,12.0,12:00,17.86249759774826,9.0871294831504,8.775368114597859,1,0,1,1,0,1,2,1,1,0,0.0,0.0,8,0.8,0.0,5.0,144,0.5,0.5833333333333334,0.9166666666666666,1.1666666666666667,1.3333333333333333,1.5,2.013888888888889,0.5555555555555556
433,36.083333333333336,36.083333333333336,1,12.083333333333336,12:05,17.86107434408185,9.057498849062302,8.803575495019548,0,0,0,0,0,0,2,1,1,0,0.0,0.0,6,0.6,0.0,10.0,145,0.5034722222222223,0.5,0.8833333333333333,0.9166666666666666,1.0,1.3333333333333333,1.8055555555555554,0.5555555555555556
434,36.166666666666664,36.166666666666664,1,12.166666666666664,12:09,17.86256920438291,9.030943306994764,8.831625897388147,0,0,0,0,0,0,1,1,0,0,0.0,0.0,5,0.5,0.0,0.0,146,0.5069444444444443,0.5,0.85,0.9166666666666666,0.9166666666666666,1.25,1.3888888888888886,0.5555555555555556
435,36.25,36.25,1,12.25,12:15,17.86598776222676,9.006631595875712,8.859356166351047,0,0,0,0,0,0,0,0,0,0,0.0,0.0,5,0.5,0.0,0.0,147,0.5104166666666666,0.4166666666666667,0.8083333333333332,0.75,0.8333333333333334,1.25,1.3888888888888886,0.5555555555555556
436,36.333333333333336,36.333333333333336,1,12.333333333333336,12:20,17.870556837404763,8.98384871705027,8.886708120354493,0,0,0,0,0,0,2,1,1,0,0.0,0.0,3,0.3,0.0,0.0,148,0.513888888888889,0.16666666666666666,0.75,0.5833333333333334,0.8333333333333334,1.4166666666666667,1.3888888888888886,0.4166666666666667
437,36.416666666666664,36.416666666666664,1,12.416666666666664,12:24,17.87573670585183,8.962000217697103,8.913736488154726,0,0,0,0,0,0,2,1,1,0,0.0,0.0,1,0.1,0.0,0.0,149,0.517361111111111,0.0,0.6749999999999999,0.5833333333333334,0.75,1.5,0.5555555555555556,0.0
438,36.5,36.5,1,12.5,12:30,17.88122990450794,8.94061495225397,8.94061495225397,0,0,0,0,0,0,0,0,0,0,0.0,0.0,1,0.1,0.0,0.0,150,0.5208333333333334,0.0,0.6,0.5,0.5,1.25,0.0,0.0
439,36.583333333333336,36.583333333333336,1,12.583333333333336,12:35,17.886986528804712,8.919346212609192,8.96764031619552,0,0,0,0,0,0,0,0,0,0,0.0,0.0,1,0.1,0.0,0.0,151,0.5243055555555557,0.0,0.5333333333333333,0.5,0.5,1.1666666666666667,0.0,0.0
440,36.666666666666664,36.666666666666664,1,12.666666666666664,12:39,17.893205962998053,8.897971125204322,8.995234837793733,1,1,0,1,1,0,0,0,0,0,0.0,0.0,2,0.2,0.0,0.0,152,0.5277777777777777,0.0,0.4833333333333334,0.5,0.5,1.0,0.0,0.0
441,36.75,36.75,1,12.75,12:45,17.900335016416467,8.876388225381456,9.02394679103501,0,0,0,0,0,0,1,0,1,0,0.0,0.0,1,0.1,0.0,0.0,153,0.53125,0.0,0.4166666666666667,0.4166666666666667,0.4166666666666667,1.0833333333333333,0.0,0.0
442,36.833333333333336,36.833333333333336,1,12.833333333333336,12:50,17.909062471795444,8.85461313622465,9.054449335570794,2,0,2,2,0,2,0,0,0,0,0.0,0.0,3,0.3,0.0,0.0,154,0.5347222222222223,0.0,0.375,0.4166666666666667,0.4166666666666667,0.8333333333333334,0.0,0.0
443,36.916666666666664,36.916666666666664,1,12.916666666666664,12:54,17.920310085157453,8.832772300794858,9.087537784362596,1,0,1,1,0,1,0,0,0,0,0.0,0.0,4,0.4,0.0,0.0,155,0.5381944444444443,0.0,0.3333333333333333,0.4166666666666667,0.4166666666666667,0.8333333333333334,0.0,0.0
444,37.0,37.0,1,13.0,13:00,17.935220110106556,8.811094743120563,9.124125366985993,3,1,2,3,1,2,0,0,0,0,0.0,0.0,7,0.7,0.0,0.0,156,0.5416666666666666,0.0,0.325,0.5833333333333334,0.5833333333333334,0.6666666666666666,0.0,0.0
445,37.083333333333336,37.083333333333336,1,13.083333333333336,13:05,17.955139452865332,8.78990186470857,9.165237588156762,1,0,1,1,0,1,0,0,0,0,0.0,0.0,8,0.8,0.0,0.0,157,0.545138888888889,0.0,0.3416666666666666,0.6666666666666666,0.6666666666666666,0.5,0.0,0.0
446,37.166666666666664,37.166666666666664,1,13.166666666666664,13:09,17.981600597810417,8.769595319809286,9.212005278001131,0,0,0,0,0,0,0,0,0,0,0.0,0.0,8,0.8,0.0,0.0,158,0.548611111111111,0.0,0.3666666666666667,0.6666666666666666,0.6666666666666666,0.4166666666666667,0.0,0.0
447,37.25,37.25,1,13.25,13:15,18.016299476571287,8.750643054272226,9.265656422299063,1,1,0,1,1,0,1,0,1,0,0.0,0.0,8,0.8,0.0,0.0,159,0.5520833333333334,0.0,0.39166666666666666,0.75,0.75,0.5,0.0,0.0
448,37.333333333333336,37.333333333333336,1,13.333333333333336,13:20,18.061070486838766,8.73356363948125,9.327506847357515,0,0,0,0,0,0,0,0,0,0,0.0,0.0,8,0.8,0.0,0.0,160,0.5555555555555557,0.0,0.43333333333333335,0.75,0.75,0.3333333333333333,0.0,0.0
449,37.416666666666664,37.416666666666664,1,13.416666666666664,13:24,18.11785889975643,8.71890908425559,9.398949815500842,1,0,1,1,0,1,4,2,2,0,0.0,0.0,5,0.5,0.0,0.0,161,0.5590277777777777,0.0,0.46666666666666673,0.8333333333333334,0.8333333333333334,0.5,0.0,0.0
450,37.5,37.5,1,13.5,13:30,18.188690926982243,8.707246363114217,9.481444563868026,1,1,0,1,1,0,1,0,1,0,0.0,0.0,5,0.5,0.0,0.0,162,0.5625,0.0,0.5,0.9166666666666666,0.9166666666666666,0.5833333333333334,0.0,0.0
451,37.583333333333336,37.583333333333336,1,13.583333333333336,13:35,18.275641750014422,8.699137957899083,9.576503792115341,0,0,0,0,0,0,1,0,1,0,0.0,0.0,4,0.4,0.0,0.0,163,0.5659722222222223,0.0,0.525,0.9166666666666666,0.9166666666666666,0.6666666666666666,0.0,0.0
452,37.666666666666664,37.666666666666664,1,13.666666666666664,13:39,18.380801844936265,8.695121769942759,9.685680074993506,2,1,1,2,1,1,1,0,1,0,0.0,0.0,5,0.5,0.0,0.0,164,0.5694444444444443,0.0,0.55,1.0,1.0,0.75,0.0,0.0
453,37.75,37.75,1,13.75,13:45,18.506241965056223,8.69569081974589,9.810551145310333,0,0,0,0,0,0,0,0,0,0,0.0,0.0,5,0.5,0.0,0.0,165,0.5729166666666666,0.0,0.5833333333333334,1.0,1.0,0.6666666666666666,0.0,0.0
454,37.833333333333336,37.833333333333336,1,13.833333333333336,13:50,18.653977171652162,8.701273207980098,9.952703963672064,2,1,1,2,1,1,1,0,1,0,0.0,0.0,6,0.6,0.0,0.0,166,0.576388888888889,0.0,0.6083333333333333,1.0,1.0,0.75,0.0,0.0
455,37.916666666666664,37.916666666666664,1,13.916666666666664,13:54,18.825930328755895,8.71221286254684,10.113717466209055,0,0,0,0,0,0,0,0,0,0,0.0,0.0,6,0.6,0.0,0.0,167,0.579861111111111,0.0,0.625,0.9166666666666666,0.9166666666666666,0.75,0.0,0.0
456,38.0,38.0,1,14.0,14:00,19.023895501153813,8.72875163798738,10.295143863166434,1,1,0,1,1,0,1,1,0,0,0.0,0.0,6,0.6,0.0,0.0,168,0.5833333333333334,0.0,0.6166666666666667,0.75,0.75,0.8333333333333334,0.0,0.0
457,38.083333333333336,38.083333333333336,1,14.083333333333336,14:05,19.249501714982948,8.751013362054195,10.498488352928753,0,0,0,0,0,0,0,0,0,0,0.0,0.0,6,0.6,0.0,0.0,169,0.5868055555555557,0.0,0.6,0.6666666666666666,0.6666666666666666,0.8333333333333334,0.0,0.0
458,38.166666666666664,38.166666666666664,1,14.166666666666664,14:09,19.504177556859954,8.778990435911853,10.725187120948101,0,0,0,0,0,0,2,2,0,0,0.0,0.0,4,0.4,0.0,0.0,170,0.5902777777777777,0.0,0.5666666666666668,0.6666666666666666,0.6666666666666666,1.0,0.0,0.0
459,38.25,38.25,1,14.25,14:15,19.789117099729374,8.812533585538368,10.976583514191006,1,0,1,1,0,1,1,0,1,0,0.0,0.0,4,0.4,0.0,0.0,171,0.59375,0.0,0.5333333333333333,0.6666666666666666,0.6666666666666666,1.0,0.0,0.0
460,38.333333333333336,38.333333333333336,1,14.333333333333336,14:20,20.10524765085704,8.851345329119534,11.253902321737508,3,2,1,3,2,1,0,0,0,0,0.0,0.0,7,0.7,0.0,0.0,172,0.5972222222222223,0.0,0.525,0.9166666666666666,0.9166666666666666,1.0,0.0,0.0
461,38.416666666666664,38.416666666666664,1,14.416666666666664,14:24,20.453199818904228,8.894977665895407,11.55822215300882,2,0,2,2,0,2,1,1,0,0,0.0,0.0,8,0.8,0.0,0.0,173,0.6006944444444443,0.0,0.5499999999999999,1.0,1.0,0.75,0.0,0.0
462,38.5,38.5,1,14.5,14:30,20.83328039207903,8.942834404306268,11.890445987772763,2,2,0,2,2,0,1,0,1,0,0.0,0.0,9,0.9,0.0,0.0,174,0.6041666666666666,0.0,0.5833333333333334,1.0833333333333333,1.0833333333333333,0.75,0.0,0.0
463,38.583333333333336,38.583333333333336,1,14.583333333333336,14:35,21.245448507288465,8.994178430904247,12.251270076384218,0,0,0,0,0,0,1,1,0,0,0.0,0.0,8,0.8,0.0,0.0,175,0.607638888888889,0.0,0.6166666666666666,1.0833333333333333,1.0833333333333333,0.75,0.0,0.0
464,38.666666666666664,38.666666666666664,1,14.666666666666664,14:39,21.68929557038578,9.048144077343084,12.641151493042695,1,1,0,1,1,0,1,0,1,0,0.0,0.0,8,0.8,0.0,0.0,176,0.611111111111111,0.0,0.6416666666666666,1.0,1.0,0.75,0.0,0.0
465,38.75,38.75,1,14.75,14:45,22.164029359491966,9.103754573509828,13.060274785982138,3,2,1,2,2,0,0,0,0,1,0.0,0.0,10,1.0,0.0,0.0,177,0.6145833333333334,0.08333333333333333,0.6833333333333332,1.25,1.1666666666666667,0.75,0.0,0.0
466,38.833333333333336,38.833333333333336,1,14.833333333333336,14:50,22.668462706575408,9.159944384996713,13.508518321578695,1,0,1,2,0,2,2,1,1,0,0.0,0.0,10,1.0,2.5,0.0,178,0.6180555555555557,0.08333333333333333,0.7166666666666667,1.1666666666666667,1.1666666666666667,0.8333333333333334,0.20833333333333334,0.0
467,38.916666666666664,38.916666666666664,1,14.916666666666664,14:54,23.201007106769815,9.215586028918846,13.985421077850969,0,0,0,0,0,0,2,1,1,0,0.0,0.0,8,0.8,0.0,0.0,179,0.6215277777777777,0.08333333333333333,0.7333333333333334,1.1666666666666667,1.1666666666666667,1.0,0.20833333333333334,0.0
468,39.0,39.0,1,15.0,15:00,23.759671550263715,9.26952075156188,14.490150798701835,1,0,1,1,0,1,0,0,0,0,0.0,0.0,9,0.9,0.0,0.0,180,0.625,0.08333333333333333,0.7583333333333334,1.1666666666666667,1.1666666666666667,0.9166666666666666,0.20833333333333334,0.0
469,39.083333333333336,39.083333333333336,1,15.083333333333336,15:05,24.342066808205356,9.320592243964095,15.021474564241263,1,0,1,1,0,1,3,2,1,0,0.0,0.0,7,0.7,0.0,0.0,181,0.6284722222222223,0.08333333333333333,0.7666666666666666,1.25,1.25,1.1666666666666667,0.20833333333333334,0.0
470,39.166666666666664,39.166666666666664,1,15.166666666666664,15:09,24.945415332384425,9.367682377874381,15.577732954510044,2,0,2,2,0,2,1,1,0,0,0.0,0.0,8,0.8,0.0,0.0,182,0.6319444444444443,0.08333333333333333,0.8000000000000002,1.4166666666666667,1.4166666666666667,1.0833333333333333,0.20833333333333334,0.0
471,39.25,39.25,1,15.25,15:15,25.566566849190355,9.409747775764568,16.156819073425787,1,0,1,1,0,1,3,1,2,0,0.0,0.0,6,0.6,0.0,1.6666666666666667,183,0.6354166666666666,0.08333333333333333,0.8166666666666668,1.4166666666666667,1.4166666666666667,1.25,0.20833333333333334,0.0
472,39.333333333333336,39.333333333333336,1,15.333333333333336,15:20,26.202019642504617,9.44585589590243,16.756163746602187,1,0,1,1,0,1,1,1,0,0,0.0,0.0,6,0.6,0.0,0.0,184,0.638888888888889,0.08333333333333333,0.8083333333333332,1.25,1.25,1.3333333333333333,0.20833333333333334,0.0
473,39.416666666666664,39.416666666666664,1,15.416666666666664,15:24,26.847947429031734,9.475219227424237,17.372728201607497,0,0,0,0,0,0,0,0,0,0,0.0,0.0,6,0.6,0.0,0.0,185,0.642361111111111,0.08333333333333333,0.7916666666666666,1.0833333333333333,1.0833333333333333,1.25,0.20833333333333334,0.0
474,39.5,39.5,1,15.5,15:30,27.500231634640805,9.497226159997263,18.003005474643544,0,0,0,0,0,0,1,0,1,0,0.0,0.0,5,0.5,0.0,0.0,186,0.6458333333333334,0.08333333333333333,0.7583333333333333,0.9166666666666666,0.9166666666666666,1.25,0.20833333333333334,0.0
475,39.583333333333336,39.583333333333336,1,15.583333333333336,15:35,28.154498783354047,9.511467125030162,18.643031658323885,1,1,0,1,1,0,2,0,2,0,0.0,0.0,4,0.4,0.0,0.0,187,0.6493055555555557,0.08333333333333333,0.725,1.0,1.0,1.3333333333333333,0.20833333333333334,0.0
476,39.666666666666664,39.666666666666664,1,15.666666666666664,15:39,28.80616261366367,9.517754704692791,19.28840790897088,2,0,2,2,0,2,0,0,0,0,0.0,0.0,6,0.6,0.0,0.0,188,0.6527777777777777,0.08333333333333333,0.7083333333333334,1.0833333333333333,1.0833333333333333,1.25,0.20833333333333334,0.0
477,39.75,39.75,1,15.75,15:45,29.450470442021608,9.516136572142347,19.93433386987926,4,3,1,4,3,1,2,0,2,0,0.0,0.0,8,0.8,0.0,0.0,189,0.65625,0.0,0.6916666666666668,1.1666666666666667,1.25,1.4166666666666667,0.20833333333333334,0.0
478,39.833333333333336,39.833333333333336,1,15.833333333333336,15:50,30.082553202885293,9.506900358507847,20.575652844377444,0,0,0,0,0,0,1,0,1,0,0.0,0.0,7,0.7,0.0,0.0,190,0.6597222222222223,0.0,0.6666666666666666,1.0833333333333333,1.0833333333333333,1.3333333333333333,0.0,0.0
479,39.916666666666664,39.916666666666664,1,15.916666666666664,15:54,30.69747851091476,9.490569832664995,21.206908678249764,2,0,2,2,0,2,0,0,0,0,0.0,0.0,9,0.9,0.0,0.0,191,0.6631944444444443,0.0,0.6749999999999999,1.25,1.25,1.1666666666666667,0.0,0.0
480,40.0,40.0,1,16.0,16:00,31.290306016074023,9.467892118126867,21.822413897947158,2,1,1,1,1,0,0,0,0,1,0.0,0.0,10,1.0,0.0,0.0,192,0.6666666666666666,0.08333333333333333,0.6833333333333332,1.3333333333333333,1.25,1.1666666666666667,0.0,0.0
481,40.083333333333336,40.083333333333336,1,16.083333333333336,16:05,31.856144258679898,9.43981604348049,22.416328215199407,3,2,1,2,1,1,2,1,1,2,0.0,0.0,10,1.0,2.5,0.0,193,0.670138888888889,0.25,0.7083333333333334,1.5,1.3333333333333333,1.0833333333333333,0.20833333333333334,0.0
482,40.166666666666664,40.166666666666664,1,16.166666666666664,16:09,32.390208180879874,9.40746211180715,22.98274606907272,2,0,2,2,1,1,2,0,2,2,0.0,0.0,10,1.0,5.0,0.0,194,0.673611111111111,0.4166666666666667,0.725,1.5,1.3333333333333333,1.1666666666666667,0.625,0.0
483,40.25,40.25,1,16.25,16:15,32.88787641539791,9.372084961443933,23.515791453953977,3,1,2,1,0,1,1,1,0,4,1.25,5.0,10,1.0,5.0,0.0,195,0.6770833333333334,0.75,0.7583333333333334,1.6666666666666667,1.3333333333333333,1.0,1.0416666666666667,0.10416666666666667
484,40.333333333333336,40.333333333333336,1,16.333333333333336,16:20,33.34474745313816,9.335029555223215,24.009717897914946,1,0,1,1,0,1,1,0,1,4,3.75,5.0,10,1.0,10.0,0.0,196,0.6805555555555557,1.0833333333333333,0.7916666666666666,1.6666666666666667,1.3333333333333333,1.0,1.875,0.4166666666666667
485,40.416666666666664,40.416666666666664,1,16.416666666666664,16:24,33.75669378948209,9.297682658011649,24.459011131470444,4,2,2,2,1,1,2,2,0,6,2.5,10.0,10,1.0,10.0,0.0,197,0.6840277777777777,1.5833333333333333,0.8249999999999998,2.0,1.5,1.1666666666666667,2.7083333333333335,0.625
486,40.5,40.5,1,16.5,16:30,34.11991316553358,9.26142142433202,24.85849174120156,2,1,1,1,0,1,1,1,0,7,4.285714285714286,10.0,10,1.0,15.0,0.0,198,0.6875,2.1666666666666665,0.8666666666666666,2.1666666666666665,1.5833333333333333,1.1666666666666667,3.9583333333333335,0.9821428571428571
487,40.583333333333336,40.583333333333336,1,16.583333333333336,16:35,34.43097605539088,9.22756110299512,25.20341495239576,1,1,0,2,1,1,2,1,1,6,6.666666666666667,10.0,10,1.0,12.5,0.0,199,0.6909722222222223,2.6666666666666665,0.9166666666666666,2.1666666666666665,1.6666666666666667,1.1666666666666667,5.0,1.5376984126984128
488,40.666666666666664,40.666666666666664,1,16.666666666666664,16:39,34.68686860349537,9.197303961535981,25.489564641959387,1,0,1,1,0,1,1,0,1,6,9.166666666666666,15.0,10,1.0,15.0,5.0,200,0.6944444444444443,3.1666666666666665,0.9499999999999998,2.0833333333333335,1.5833333333333333,1.25,6.25,2.301587301587302
489,40.75,40.75,1,16.75,16:45,34.88503028647547,9.171691531932606,25.713338754542864,4,1,3,1,0,1,1,0,1,9,7.222222222222222,20.0,10,1.0,20.0,5.0,201,0.6979166666666666,3.9166666666666665,0.9666666666666668,2.0833333333333335,1.3333333333333333,1.1666666666666667,7.916666666666667,2.9034391534391535
490,40.833333333333336,40.833333333333336,1,16.833333333333336,16:50,35.02338566044037,9.151562177882349,25.87182348255802,3,0,3,1,1,0,1,1,0,11,7.7272727272727275,20.0,10,1.0,25.0,5.0,202,0.701388888888889,4.833333333333333,0.9916666666666666,2.3333333333333335,1.4166666666666667,1.1666666666666667,10.0,3.5473785473785475
491,40.916666666666664,40.916666666666664,1,16.916666666666664,16:54,35.10036965568598,9.13751578565321,25.96285387003277,3,2,1,3,2,1,3,1,2,11,6.363636363636363,15.0,10,1.0,23.333333333333332,8.333333333333334,203,0.704861111111111,5.75,1.0,2.4166666666666665,1.5,1.4166666666666667,11.944444444444445,4.077681577681577
492,41.0,41.0,1,17.0,17:00,35.11494599413609,9.129887093561539,25.985058900574554,0,0,0,1,0,1,1,0,1,10,10.5,15.0,10,1.0,20.0,15.0,204,0.7083333333333334,6.5,1.0,2.25,1.5,1.5,13.611111111111112,4.952681577681577
493,41.083333333333336,41.083333333333336,1,17.083333333333336,17:05,35.06661842807186,9.128728812929902,25.93788961514196,2,0,2,3,1,2,3,1,2,9,10.555555555555555,20.0,10,1.0,20.0,15.0,205,0.7118055555555557,7.083333333333333,1.0,2.1666666666666665,1.5833333333333333,1.5833333333333333,15.069444444444445,5.832311207311207
494,41.166666666666664,41.166666666666664,1,17.166666666666664,17:09,34.95543462901268,9.13380527382459,25.821629355188087,2,1,1,2,0,2,2,1,1,9,10.555555555555555,20.0,10,1.0,22.5,15.0,206,0.7152777777777777,7.666666666666667,1.0,2.1666666666666665,1.5833333333333333,1.5833333333333333,16.52777777777778,6.711940836940837
495,41.25,41.25,1,17.25,17:15,34.78198268999153,9.144596873207066,25.637385816784462,2,1,1,1,0,1,1,0,1,10,11.5,25.0,10,1.0,25.0,15.0,207,0.71875,8.166666666666666,1.0,2.0833333333333335,1.5833333333333333,1.5833333333333333,18.194444444444446,7.566107503607504
496,41.333333333333336,41.333333333333336,1,17.333333333333336,17:20,34.54738033977343,9.16031513471171,25.38706520506172,3,2,1,0,0,0,0,0,0,13,12.692307692307692,30.0,10,1.0,0.0,0.0,208,0.7222222222222223,8.916666666666666,1.0,2.25,1.5,1.5,17.36111111111111,8.311299811299811
497,41.416666666666664,41.416666666666664,1,17.416666666666664,17:24,34.2532571006037,9.179927732138495,25.073329368465203,1,1,0,1,0,1,1,0,1,13,15.0,30.0,10,1.0,35.0,25.0,209,0.7256944444444443,9.5,1.0,2.0,1.4166666666666667,1.4166666666666667,19.444444444444443,9.352966477966477
498,41.5,41.5,1,17.5,17:30,33.90172974870734,9.202192406228747,24.699537342478592,2,0,2,3,2,1,3,1,2,12,12.916666666666666,25.0,10,1.0,35.0,21.666666666666668,210,0.7291666666666666,9.916666666666666,1.0,2.0,1.5833333333333333,1.5833333333333333,21.11111111111111,10.072212509712509
499,41.583333333333336,41.583333333333336,1,17.583333333333336,17:35,33.49537155599346,9.225698337528634,24.269673218464824,0,0,0,1,0,1,1,1,0,11,16.818181818181817,30.0,10,1.0,30.0,20.0,211,0.732638888888889,10.333333333333334,1.0,1.9166666666666667,1.5,1.5,22.569444444444443,10.918172105672106
500,41.666666666666664,41.666666666666664,1,17.666666666666664,17:39,33.03717589948521,9.248913244897908,23.788262654587303,0,0,0,4,1,3,4,1,3,7,17.142857142857142,25.0,10,1.0,30.0,23.75,212,0.736111111111111,10.416666666666666,1.0,1.8333333333333333,1.75,1.75,23.819444444444443,11.582854645354644
501,41.75,41.75,1,17.75,17:45,32.53051491944552,9.27023427284599,23.260280646599533,0,0,0,1,1,0,1,0,1,6,20.833333333333332,25.0,10,1.0,30.0,20.0,213,0.7395833333333334,10.166666666666666,1.0,1.5,1.75,1.75,24.652777777777775,12.717113904613903
502,41.833333333333336,41.833333333333336,1,17.833333333333336,17:50,31.979093985931605,9.288040619622178,22.691053366309426,1,1,0,1,0,1,1,0,1,6,20.833333333333332,30.0,10,1.0,30.0,35.0,214,0.7430555555555557,9.75,1.0,1.3333333333333333,1.75,1.75,25.069444444444443,13.809285621785621
503,41.916666666666664,41.916666666666664,1,17.916666666666664,17:54,31.386902794955205,9.300745844635307,22.086156950319896,1,1,0,1,1,0,1,1,0,6,20.0,35.0,10,1.0,35.0,35.0,215,0.7465277777777777,9.333333333333334,1.0,1.1666666666666667,1.5833333333333333,1.5833333333333333,26.041666666666668,14.945649258149258
504,42.0,42.0,1,18.0,18:00,30.758163958405603,9.306847875653567,21.451316082752037,0,0,0,0,0,0,0,0,0,6,25.0,40.0,10,1.0,0.0,0.0,216,0.75,9.0,1.0,1.1666666666666667,1.5,1.5,24.375,16.153982591482592
505,42.083333333333336,42.083333333333336,1,18.083333333333336,18:05,30.097279975765876,9.304974905556122,20.792305070209753,0,0,0,3,2,1,3,1,2,3,20.0,35.0,10,1.0,40.0,33.333333333333336,217,0.7534722222222223,8.5,1.0,1.0,1.5,1.5,26.041666666666668,16.94101962851963
506,42.166666666666664,42.166666666666664,1,18.166666666666664,18:09,29.40877948029537,9.293925612955576,20.114853867339793,2,0,2,3,2,1,3,1,2,2,0.0,0.0,10,1.0,25.0,31.666666666666668,218,0.7569444444444443,7.916666666666667,1.0,1.0,1.5833333333333333,1.5833333333333333,26.25,16.061389998889997
507,42.25,42.25,1,18.25,18:15,28.697263638153192,9.272702445050424,19.424561193102768,1,1,0,2,0,2,2,1,1,1,0.0,0.0,10,1.0,5.0,30.0,219,0.7604166666666666,7.166666666666667,1.0,0.9166666666666666,1.6666666666666667,1.6666666666666667,24.583333333333332,15.103056665556664
508,42.333333333333336,42.333333333333336,1,18.333333333333336,18:20,27.96735354676904,9.240537046453095,18.726816500315945,2,1,1,1,1,0,1,1,0,2,0.0,0.0,10,1.0,5.0,35.0,220,0.763888888888889,6.25,1.0,0.8333333333333334,1.75,1.75,25.0,14.045364357864358
509,42.416666666666664,42.416666666666664,1,18.416666666666664,18:24,27.223639429946502,9.196907285107601,18.0267321448389,0,0,0,2,1,1,2,1,1,0,0.0,0.0,10,1.0,5.0,32.5,221,0.767361111111111,5.166666666666667,1.0,0.75,1.8333333333333333,1.8333333333333333,22.5,12.795364357864358
510,42.5,42.5,1,18.5,18:30,26.47063236343379,9.14154569638572,17.32908666704807,0,0,0,0,0,0,2,1,1,0,0.0,0.0,8,0.8,0.0,27.5,222,0.7708333333333334,4.166666666666667,0.9833333333333333,0.5833333333333334,1.5833333333333333,1.75,19.583333333333332,11.71897546897547
511,42.583333333333336,42.583333333333336,1,18.583333333333336,18:35,25.71271918806077,9.074439520771781,16.638279667288987,1,0,1,1,0,1,1,0,1,0,0.0,0.0,8,0.8,0.0,5.0,223,0.7743055555555557,3.25,0.9666666666666667,0.6666666666666666,1.5833333333333333,1.75,17.083333333333332,10.317460317460316
512,42.666666666666664,42.666666666666664,1,18.666666666666664,18:39,24.95412118033064,8.995822833054309,15.958298347276333,1,0,1,1,0,1,1,1,0,0,0.0,0.0,8,0.8,0.0,45.0,224,0.7777777777777777,2.6666666666666665,0.9499999999999998,0.75,1.3333333333333333,1.5,14.583333333333334,8.888888888888888
513,42.75,42.75,1,18.75,18:45,24.198856955072106,8.90616153835985,15.292695416712256,1,1,0,1,1,0,3,1,2,0,0.0,0.0,6,0.6,0.0,20.0,225,0.78125,2.1666666666666665,0.9166666666666666,0.8333333333333334,1.3333333333333333,1.6666666666666667,12.083333333333334,7.152777777777779
514,42.833333333333336,42.833333333333336,1,18.833333333333336,18:50,23.450709973998705,8.806132232833583,14.64457774116512,0,0,0,0,0,0,2,1,1,0,0.0,0.0,4,0.4,0.0,5.0,226,0.7847222222222223,1.6666666666666667,0.8666666666666666,0.75,1.25,1.75,9.583333333333334,5.416666666666667
515,42.916666666666664,42.916666666666664,1,18.916666666666664,18:54,22.71320093041412,8.69659608814216,14.016604842271962,2,0,2,2,0,2,1,1,0,0,0.0,0.0,5,0.5,0.0,5.0,227,0.7881944444444443,1.1666666666666667,0.8249999999999998,0.8333333333333334,1.3333333333333333,1.75,6.666666666666667,3.75
516,43.0,43.0,1,19.0,19:00,21.989565176425764,8.57856901683194,13.410996159593822,2,0,2,2,0,2,1,1,0,0,0.0,0.0,6,0.6,0.0,0.0,228,0.7916666666666666,0.6666666666666666,0.7916666666666666,1.0,1.5,1.8333333333333333,6.666666666666667,1.6666666666666667
517,43.083333333333336,43.083333333333336,1,19.083333333333336,19:05,21.28273525733151,8.453189411037265,12.829545846294245,1,1,0,1,1,0,0,0,0,0,0.0,0.0,7,0.7,0.0,0.0,229,0.795138888888889,0.4166666666666667,0.7666666666666666,1.0833333333333333,1.3333333333333333,1.5833333333333333,3.3333333333333335,0.0
518,43.166666666666664,43.166666666666664,1,19.166666666666664,19:09,20.595328520590208,8.321684724343905,12.273643796246303,1,0,1,1,0,1,2,0,2,0,0.0,0.0,6,0.6,0.0,0.0,230,0.798611111111111,0.25,0.7333333333333333,1.0,1.1666666666666667,1.5,1.25,0.0
519,43.25,43.25,1,19.25,19:15,19.9296396760039,8.185338092596583,11.744301583407319,3,0,3,3,0,3,0,0,0,0,0.0,0.0,9,0.9,0.0,0.0,231,0.8020833333333334,0.16666666666666666,0.725,1.1666666666666667,1.25,1.3333333333333333,0.8333333333333334,0.0
520,43.333333333333336,43.333333333333336,1,19.333333333333336,19:20,19.287638101157803,8.04545607283965,11.242182028318155,1,1,0,1,1,0,1,0,1,0,0.0,0.0,9,0.9,0.0,0.0,232,0.8055555555555557,0.0,0.7166666666666667,1.0833333333333333,1.25,1.3333333333333333,0.4166666666666667,0.0
521,43.416666666666664,43.416666666666664,1,19.416666666666664,19:24,18.670969613200672,7.903338430365608,10.767631182835064,0,0,0,0,0,0,1,0,1,0,0.0,0.0,8,0.8,0.0,0.0,233,0.8090277777777777,0.0,0.7000000000000001,1.0833333333333333,1.0833333333333333,1.25,0.0,0.0
522,43.5,43.5,1,19.5,19:30,18.080962365783023,7.760250732515361,10.320711633267662,0,0,0,0,0,0,3,0,3,0,0.0,0.0,5,0.5,0.0,0.0,234,0.8125,0.0,0.6749999999999999,1.0833333333333333,1.0833333333333333,1.3333333333333333,0.0,0.0
523,43.583333333333336,43.583333333333336,1,19.583333333333336,19:35,17.51863647912623,7.617400324809055,9.901236154317173,4,2,2,4,2,2,2,1,1,0,0.0,0.0,7,0.7,0.0,0.0,235,0.8159722222222223,0.0,0.6666666666666666,1.3333333333333333,1.3333333333333333,1.4166666666666667,0.0,0.0
524,43.666666666666664,43.666666666666664,1,19.666666666666664,19:39,16.984716972152892,7.475916079896802,9.50880089225609,1,1,0,1,1,0,1,0,1,0,0.0,0.0,7,0.7,0.0,0.0,236,0.8194444444444443,0.0,0.6583333333333333,1.3333333333333333,1.3333333333333333,1.4166666666666667,0.0,0.0
525,43.75,43.75,1,19.75,19:45,16.479649538420226,7.336832131294739,9.142817407125486,1,0,1,1,0,1,1,1,0,0,0.0,0.0,7,0.7,0.0,0.0,237,0.8229166666666666,0.0,0.6666666666666666,1.3333333333333333,1.3333333333333333,1.25,0.0,0.0
526,43.833333333333336,43.833333333333336,1,19.833333333333336,19:50,16.003618691996333,7.201075639059791,8.802543052936542,1,1,0,1,1,0,0,0,0,0,0.0,0.0,8,0.8,0.0,0.0,238,0.826388888888889,0.0,0.7000000000000001,1.4166666666666667,1.4166666666666667,1.0833333333333333,0.0,0.0
527,43.916666666666664,43.916666666666664,1,19.916666666666664,19:54,15.556567804863064,7.069458488968011,8.487109315895054,2,2,0,2,2,0,1,0,1,0,0.0,0.0,9,0.9,0.0,0.0,239,0.829861111111111,0.0,0.7333333333333333,1.4166666666666667,1.4166666666666667,1.0833333333333333,0.0,0.0
528,44.0,44.0,1,20.0,20:00,15.13822056313811,6.942672704205335,8.195547858932777,2,1,1,1,1,0,0,0,0,1,0.0,0.0,10,1.0,0.0,0.0,240,0.8333333333333334,0.08333333333333333,0.7666666666666666,1.4166666666666667,1.3333333333333333,1.0,0.0,0.0
529,44.083333333333336,44.083333333333336,1,20.083333333333336,20:05,14.748103384393705,6.821289251198996,7.926814133194708,1,1,0,1,0,1,1,0,1,1,0.0,0.0,10,1.0,5.0,0.0,241,0.8368055555555557,0.16666666666666666,0.7916666666666666,1.4166666666666667,1.3333333333333333,1.0833333333333333,0.4166666666666667,0.0
530,44.166666666666664,44.166666666666664,1,20.166666666666664,20:09,14.385568361469645,6.705759849625697,7.679808511843948,0,0,0,1,1,0,3,2,1,0,0.0,0.0,8,0.8,5.0,0.0,242,0.8402777777777777,0.16666666666666666,0.8083333333333332,1.3333333333333333,1.3333333333333333,1.1666666666666667,0.8333333333333334,0.0
531,44.25,44.25,1,20.25,20:15,14.04981632818525,6.596421350111682,7.453394978073567,0,0,0,0,0,0,0,0,0,0,0.0,0.0,8,0.8,0.0,0.0,243,0.84375,0.16666666666666666,0.8000000000000002,1.0833333333333333,1.0833333333333333,1.1666666666666667,0.8333333333333334,0.0
532,44.333333333333336,44.333333333333336,1,20.333333333333336,20:20,13.739919677927565,6.493502219886451,7.2464174580411145,0,0,0,0,0,0,2,1,1,0,0.0,0.0,6,0.6,0.0,0.0,244,0.8472222222222223,0.16666666666666666,0.775,1.0,1.0,1.25,0.8333333333333334,0.0
533,44.416666666666664,44.416666666666664,1,20.416666666666664,20:24,13.454844605892891,6.397130674047501,7.057713931845389,2,2,0,2,2,0,4,3,1,0,0.0,0.0,4,0.4,0.0,1.25,245,0.8506944444444443,0.16666666666666666,0.7416666666666667,1.1666666666666667,1.1666666666666667,1.5,0.8333333333333334,0.0
534,44.5,44.5,1,20.5,20:30,13.193472488465396,6.3073440049750635,6.8861284834903325,1,0,1,1,0,1,0,0,0,0,0.0,0.0,5,0.5,0.0,0.0,246,0.8541666666666666,0.16666666666666666,0.7416666666666667,1.25,1.25,1.25,0.8333333333333334,0.0
535,44.583333333333336,44.583333333333336,1,20.583333333333336,20:35,12.954620157558587,6.2240986913491545,6.730521466209432,0,0,0,0,0,0,0,0,0,0,0.0,0.0,5,0.5,0.0,0.0,247,0.857638888888889,0.16666666666666666,0.7250000000000001,0.9166666666666666,0.9166666666666666,1.0833333333333333,0.8333333333333334,0.0
536,44.666666666666664,44.666666666666664,1,20.666666666666664,20:39,12.737058872538062,6.147280907651473,6.589777964886588,0,0,0,0,0,0,1,1,0,0,0.0,0.0,4,0.4,0.0,0.0,248,0.861111111111111,0.16666666666666666,0.7000000000000001,0.8333333333333334,0.8333333333333334,1.0833333333333333,0.8333333333333334,0.0
537,44.75,44.75,1,20.75,20:45,12.539531836511904,6.076717101595184,6.462814734916719,2,1,1,2,1,1,1,1,0,0,0.0,0.0,5,0.5,0.0,0.0,249,0.8645833333333334,0.16666666666666666,0.6833333333333335,0.9166666666666666,0.9166666666666666,1.0833333333333333,0.8333333333333334,0.0
538,44.833333333333336,44.833333333333336,1,20.833333333333336,20:50,12.360770146367816,6.012184357506109,6.348585788861707,0,0,0,0,0,0,0,0,0,0,0.0,0.0,5,0.5,0.0,0.0,250,0.8680555555555557,0.16666666666666666,0.6583333333333333,0.8333333333333334,0.8333333333333334,1.0833333333333333,0.8333333333333334,0.0
539,44.916666666666664,44.916666666666664,1,20.916666666666664,20:54,12.19950710614545,5.953420315551108,6.246086790594342,1,0,1,1,0,1,1,1,0,0,0.0,0.0,5,0.5,0.0,5.0,251,0.8715277777777777,0.16666666666666666,0.625,0.75,0.75,1.0833333333333333,0.8333333333333334,0.0
540,45.0,45.0,1,21.0,21:00,12.05449087050067,5.90013246759247,6.1543584029081995,0,0,0,0,0,0,1,0,1,0,0.0,0.0,4,0.4,0.0,0.0,252,0.875,0.08333333333333333,0.5750000000000001,0.5833333333333334,0.6666666666666666,1.1666666666666667,0.8333333333333334,0.0
541,45.083333333333336,45.083333333333336,1,21.083333333333336,21:05,11.924495418634834,5.8520066985316905,6.072488720103144,1,1,0,1,1,0,1,1,0,0,0.0,0.0,4,0.4,0.0,0.0,253,0.8784722222222223,0.0,0.525,0.5833333333333334,0.6666666666666666,1.1666666666666667,0.4166666666666667,0.0
542,45.166666666666664,45.166666666666664,1,21.166666666666664,21:09,11.808329888766329,5.808714985953212,5.999614902813118,3,1,2,3,1,2,0,0,0,0,0.0,0.0,7,0.7,0.0,0.0,254,0.8819444444444443,0.0,0.5166666666666667,0.8333333333333334,0.8333333333333334,0.9166666666666666,0.0,0.0
543,45.25,45.25,1,21.25,21:15,11.704846328794464,5.769922209790192,5.934924119004272,0,0,0,0,0,0,3,1,2,0,0.0,0.0,4,0.4,0.0,0.0,255,0.8854166666666666,0.0,0.4833333333333334,0.8333333333333334,0.8333333333333334,1.1666666666666667,0.0,0.0
544,45.333333333333336,45.333333333333336,1,21.333333333333336,21:20,11.612945940157196,5.735292057105526,5.87765388305167,0,0,0,0,0,0,0,0,0,0,0.0,0.0,4,0.4,0.0,0.0,256,0.888888888888889,0.0,0.4666666666666666,0.8333333333333334,0.8333333333333334,1.0,0.0,0.0
545,45.416666666666664,45.416666666666664,1,21.416666666666664,21:24,11.53158390904278,5.7044920347447965,5.827091874297984,0,0,0,0,0,0,0,0,0,0,0.0,0.0,4,0.4,0.0,0.0,257,0.892361111111111,0.0,0.46666666666666673,0.6666666666666666,0.6666666666666666,0.6666666666666666,0.0,0.0
546,45.5,45.5,1,21.5,21:30,11.45977293221292,5.677197624680009,5.782575307532912,0,0,0,0,0,0,0,0,0,0,0.0,0.0,4,0.4,0.0,0.0,258,0.8958333333333334,0.0,0.4583333333333334,0.5833333333333334,0.5833333333333334,0.6666666666666666,0.0,0.0
547,45.583333333333336,45.583333333333336,1,21.583333333333336,21:35,11.396585553947567,5.6530956336399365,5.74348992030763,1,1,0,1,1,0,0,0,0,0,0.0,0.0,5,0.5,0.0,0.0,259,0.8993055555555557,0.0,0.4583333333333334,0.6666666666666666,0.6666666666666666,0.6666666666666666,0.0,0.0
548,45.666666666666664,45.666666666666664,1,21.666666666666664,21:39,11.341155436315573,5.631886800580896,5.709268635734675,0,0,0,0,0,0,1,0,1,0,0.0,0.0,4,0.4,0.0,0.0,260,0.9027777777777777,0.0,0.4583333333333333,0.6666666666666666,0.6666666666666666,0.6666666666666666,0.0,0.0
549,45.75,45.75,1,21.75,21:45,11.292677687450254,5.613287733252455,5.6793899541977995,1,1,0,1,1,0,2,1,1,0,0.0,0.0,3,0.3,0.0,0.0,261,0.90625,0.0,0.44166666666666665,0.5833333333333334,0.5833333333333334,0.75,0.0,0.0
550,45.833333333333336,45.833333333333336,1,21.833333333333336,21:50,11.25040837213835,5.597032249165731,5.65337612297262,1,1,0,1,1,0,1,1,0,0,0.0,0.0,3,0.3,0.0,0.0,262,0.9097222222222223,0.0,0.42500000000000004,0.6666666666666666,0.6666666666666666,0.8333333333333334,0.0,0.0
551,45.916666666666664,45.916666666666664,1,21.916666666666664,21:54,11.213663326211062,5.582872197297954,5.630791128913109,0,0,0,0,0,0,0,0,0,0,0.0,0.0,3,0.3,0.0,0.0,263,0.9131944444444443,0.0,0.4083333333333334,0.5833333333333334,0.5833333333333334,0.75,0.0,0.0
552,46.0,46.0,1,22.0,22:00,11.181816391359748,5.570577835466623,5.611238555893125,1,1,0,1,1,0,0,0,0,0,0.0,0.0,4,0.4,0.0,0.0,264,0.9166666666666666,0.0,0.40833333333333327,0.6666666666666666,0.6666666666666666,0.6666666666666666,0.0,0.0
553,46.083333333333336,46.083333333333336,1,22.083333333333336,22:05,11.15429718048388,5.559937835039233,5.594359345444647,0,0,0,0,0,0,0,0,0,0,0.0,0.0,4,0.4,0.0,0.0,265,0.920138888888889,0.0,0.4083333333333334,0.5833333333333334,0.5833333333333334,0.5833333333333334,0.0,0.0
554,46.166666666666664,46.166666666666664,1,22.166666666666664,22:09,11.130588475898081,5.55075898001428,5.579829495883802,1,1,0,1,1,0,2,2,0,0,0.0,0.0,3,0.3,0.0,0.0,266,0.923611111111111,0.0,0.375,0.4166666666666667,0.4166666666666667,0.75,0.0,0.0
555,46.25,46.25,1,22.25,22:15,11.110223354037712,5.542865621956315,5.567357732081398,2,2,0,2,2,0,0,0,0,0,0.0,0.0,5,0.5,0.0,0.0,267,0.9270833333333334,0.0,0.3833333333333333,0.5833333333333334,0.5833333333333334,0.5,0.0,0.0
556,46.333333333333336,46.333333333333336,1,22.333333333333336,22:20,11.092782121037226,5.5360989461655326,5.5566831748716945,0,0,0,0,0,0,0,0,0,0,0.0,0.0,5,0.5,0.0,0.0,268,0.9305555555555557,0.0,0.39166666666666666,0.5833333333333334,0.5833333333333334,0.5,0.0,0.0
557,46.416666666666664,46.416666666666664,1,22.416666666666664,22:24,11.077889134007714,5.530316098118494,5.54757303588922,0,0,0,0,0,0,2,2,0,0,0.0,0.0,3,0.3,0.0,0.0,269,0.9340277777777777,0.0,0.3833333333333333,0.5833333333333334,0.5833333333333334,0.6666666666666666,0.0,0.0
558,46.5,46.5,1,22.5,22:30,11.065209573266051,5.525389212876043,5.539820360390008,0,0,0,0,0,0,1,1,0,0,0.0,0.0,2,0.2,0.0,0.0,270,0.9375,0.0,0.36666666666666664,0.5833333333333334,0.5833333333333334,0.75,0.0,0.0
559,46.583333333333336,46.583333333333336,1,22.583333333333336,22:35,11.054446221386895,5.521204384006137,5.533241837380758,1,1,0,1,1,0,0,0,0,0,0.0,0.0,3,0.3,0.0,0.0,271,0.9409722222222223,0.0,0.35000000000000003,0.5833333333333334,0.5833333333333334,0.75,0.0,0.0
560,46.666666666666664,46.666666666666664,1,22.666666666666664,22:39,11.045336295939368,5.51766060275124,5.527675693188129,0,0,0,0,0,0,0,0,0,0,0.0,0.0,3,0.3,0.0,0.0,272,0.9444444444444443,0.0,0.34166666666666673,0.5833333333333334,0.5833333333333334,0.6666666666666666,0.0,0.0
561,46.75,46.75,1,22.75,22:45,11.03764837427502,5.514668692777917,5.522979681497103,1,0,1,1,0,1,0,0,0,0,0.0,0.0,4,0.4,0.0,0.0,273,0.9479166666666666,0.0,0.35000000000000003,0.5833333333333334,0.5833333333333334,0.5,0.0,0.0
562,46.833333333333336,46.833333333333336,1,22.833333333333336,22:50,11.03117944085892,5.512150260939815,5.519029179919106,0,0,0,0,0,0,1,1,0,0,0.0,0.0,3,0.3,0.0,0.0,274,0.951388888888889,0.0,0.35000000000000003,0.5,0.5,0.5,0.0,0.0
563,46.916666666666664,46.916666666666664,1,22.916666666666664,22:54,11.025752080455069,5.510036680094674,5.515715400360395,0,0,0,0,0,0,1,1,0,0,0.0,0.0,2,0.2,0.0,0.0,275,0.954861111111111,0.0,0.34166666666666673,0.5,0.5,0.5833333333333334,0.0,0.0
564,47.0,47.0,1,23.0,23:00,11.021211834035757,5.508268116149105,5.512943717886652,0,0,0,0,0,0,0,0,0,0,0.0,0.0,2,0.2,0.0,0.0,276,0.9583333333333334,0.0,0.325,0.4166666666666667,0.4166666666666667,0.5833333333333334,0.0,0.0
565,47.083333333333336,47.083333333333336,1,23.083333333333336,23:05,11.017424728600275,5.5067926081511045,5.510632120449171,0,0,0,0,0,0,0,0,0,0,0.0,0.0,2,0.2,0.0,0.0,277,0.9618055555555557,0.0,0.30833333333333335,0.4166666666666667,0.4166666666666667,0.5833333333333334,0.0,0.0
566,47.166666666666664,47.166666666666664,1,23.166666666666664,23:09,11.014274987158913,5.505565207387003,5.508709779771911,1,1,0,1,1,0,0,0,0,0,0.0,0.0,3,0.3,0.0,0.0,278,0.9652777777777777,0.0,0.30833333333333335,0.4166666666666667,0.4166666666666667,0.4166666666666667,0.0,0.0
567,47.25,47.25,1,23.25,23:15,11.011662920942175,5.5045471790343425,5.507115741907833,2,0,2,2,0,2,1,1,0,0,0.0,0.0,4,0.4,0.0,0.0,279,0.96875,0.0,0.3,0.4166666666666667,0.4166666666666667,0.5,0.0,0.0
568,47.333333333333336,47.333333333333336,1,23.333333333333336,23:20,11.00950300239716,5.503705267937626,5.505797734459534,0,0,0,0,0,0,0,0,0,0,0.0,0.0,4,0.4,0.0,0.0,280,0.9722222222222223,0.0,0.2916666666666667,0.4166666666666667,0.4166666666666667,0.5,0.0,0.0
569,47.416666666666664,47.416666666666664,1,23.416666666666664,23:24,11.007722114686809,5.503011028468728,5.504711086218081,0,0,0,0,0,0,0,0,0,0,0.0,0.0,4,0.4,0.0,0.0,281,0.9756944444444443,0.0,0.3,0.4166666666666667,0.4166666666666667,0.3333333333333333,0.0,0.0
570,47.5,47.5,1,23.5,23:30,11.006257971159055,5.502440217165992,5.503817753993062,0,0,0,0,0,0,1,0,1,0,0.0,0.0,3,0.3,0.0,0.0,282,0.9791666666666666,0.0,0.30833333333333335,0.4166666666666667,0.4166666666666667,0.3333333333333333,0.0,0.0
571,47.583333333333336,47.583333333333336,1,23.583333333333336,23:35,11.005057696542982,5.501972245873942,5.503085450669041,0,0,0,0,0,0,0,0,0,0,0.0,0.0,3,0.3,0.0,0.0,283,0.982638888888889,0.0,0.30833333333333335,0.3333333333333333,0.3333333333333333,0.3333333333333333,0.0,0.0
572,47.666666666666664,47.666666666666664,1,23.666666666666664,23:39,11.004076560396394,5.5015896923886345,5.502486868007759,0,0,0,0,0,0,1,0,1,0,0.0,0.0,2,0.2,0.0,0.0,284,0.986111111111111,0.0,0.3,0.3333333333333333,0.3333333333333333,0.4166666666666667,0.0,0.0
573,47.75,47.75,1,23.75,23:45,11.003276852512217,5.5012778651142815,5.501998987397935,0,0,0,0,0,0,1,1,0,0,0.0,0.0,1,0.1,0.0,0.0,285,0.9895833333333334,0.0,0.275,0.25,0.25,0.5,0.0,0.0
574,47.833333333333336,47.833333333333336,1,23.833333333333336,23:50,11.002626889529498,5.5010244179194245,5.501602471610074,0,0,0,0,0,0,0,0,0,0,0.0,0.0,1,0.1,0.0,0.0,286,0.9930555555555557,0.0,0.25833333333333336,0.25,0.25,0.4166666666666667,0.0,0.0
575,47.916666666666664,47.916666666666664,1,23.916666666666664,23:54,11.002100141830914,5.5008190112139035,5.501281130617009,0,0,0,0,0,0,1,0,1,0,0.0,0.0,0,0.0,0.0,0.0,287,0.9965277777777777,0.0,0.2416666666666667,0.25,0.25,0.4166666666666667,0.0,0.0
576,48.0,48.0,2,0.0,00:00,11.00008198637012,5.5000508316227625,5.500031154747357,1,1,0,1,1,0,0,0,0,0,0.0,0.0,1,0.1,0.0,0.0,0,0.0,0.0,0.23333333333333336,0.3333333333333333,0.3333333333333333,0.4166666666666667,0.0,0.0
577,48.083333333333336,48.083333333333336,2,0.0833333333333357,00:05,11.000106230721423,5.50006586317033,5.500040367551093,2,1,1,2,1,1,0,0,0,0,0.0,0.0,3,0.3,0.0,0.0,1,0.003472222222222321,0.0,0.2416666666666667,0.5,0.5,0.4166666666666667,0.0,0.0
578,48.166666666666664,48.166666666666664,2,0.1666666666666643,00:09,11.000137271539305,5.500085108559844,5.500052162979461,2,0,2,2,0,2,0,0,0,0,0.0,0.0,5,0.5,0.0,0.0,2,0.006944444444444346,0.0,0.25833333333333336,0.5833333333333334,0.5833333333333334,0.4166666666666667,0.0,0.0
579,48.25,48.25,2,0.25,00:15,11.000176902014061,5.5001096795899755,5.500067222424086,0,0,0,0,0,0,0,0,0,0,0.0,0.0,5,0.5,0.0,0.0,3,0.010416666666666666,0.0,0.26666666666666666,0.4166666666666667,0.4166666666666667,0.3333333333333333,0.0,0.0
580,48.333333333333336,48.333333333333336,2,0.3333333333333357,00:20,11.000227356278621,5.500140961456445,5.500086394822176,2,1,1,2,1,1,0,0,0,0,0.0,0.0,7,0.7,0.0,0.0,4,0.013888888888888987,0.0,0.2916666666666667,0.5833333333333334,0.5833333333333334,0.3333333333333333,0.0,0.0
581,48.416666666666664,48.416666666666664,2,0.4166666666666643,00:24,11.000291409044976,5.50018067453398,5.500110734510996,1,1,0,1,1,0,0,0,0,0,0.0,0.0,8,0.8,0.0,0.0,5,0.01736111111111101,0.0,0.325,0.6666666666666666,0.6666666666666666,0.3333333333333333,0.0,0.0
582,48.5,48.5,2,0.5,00:30,11.000372495477256,5.500230948709127,5.500141546768129,0,0,0,0,0,0,1,1,0,0,0.0,0.0,7,0.7,0.0,0.0,6,0.020833333333333332,0.0,0.35833333333333334,0.6666666666666666,0.6666666666666666,0.3333333333333333,0.0,0.0
583,48.583333333333336,48.583333333333336,2,0.5833333333333357,00:35,11.000474854853564,5.5002944124684205,5.500180442385144,0,0,0,0,0,0,1,1,0,0,0.0,0.0,6,0.6,0.0,0.0,7,0.024305555555555653,0.0,0.38333333333333336,0.6666666666666666,0.6666666666666666,0.4166666666666667,0.0,0.0
584,48.666666666666664,48.666666666666664,2,0.6666666666666643,00:39,11.000603702062527,5.500374299253697,5.50022940280883,0,0,0,0,0,0,2,0,2,0,0.0,0.0,4,0.4,0.0,0.0,8,0.02777777777777768,0.0,0.39999999999999997,0.6666666666666666,0.6666666666666666,0.5,0.0,0.0
585,48.75,48.75,2,0.75,00:45,11.000765431513953,5.500474573928727,5.500290857585226,1,1,0,1,1,0,1,1,0,0,0.0,0.0,4,0.4,0.0,0.0,9,0.03125,0.0,0.42500000000000004,0.75,0.75,0.5,0.0,0.0
586,48.833333333333336,48.833333333333336,2,0.8333333333333357,00:50,11.000967858612453,5.500600082556764,5.50036777605569,1,1,0,1,1,0,0,0,0,0,0.0,0.0,5,0.5,0.0,0.0,10,0.03472222222222232,0.0,0.4583333333333333,0.8333333333333334,0.8333333333333334,0.5,0.0,0.0
587,48.916666666666664,48.916666666666664,2,0.9166666666666643,00:54,11.00122050454246,5.500756729063854,5.500463775478606,1,0,1,1,0,1,1,0,1,0,0.0,0.0,5,0.5,0.0,0.0,11,0.03819444444444434,0.0,0.5,0.9166666666666666,0.9166666666666666,0.5,0.0,0.0
588,49.0,49.0,2,1.0,01:00,11.001534930734644,5.5009516827530724,5.500583247981572,0,0,0,0,0,0,1,1,0,0,0.0,0.0,4,0.4,0.0,0.0,12,0.041666666666666664,0.0,0.525,0.8333333333333334,0.8333333333333334,0.5833333333333334,0.0,0.0
589,49.083333333333336,49.083333333333336,2,1.0833333333333357,01:05,11.001925130016067,5.501193621034091,5.500731508981977,0,0,0,0,0,0,0,0,0,0,0.0,0.0,4,0.4,0.0,0.0,13,0.045138888888888985,0.0,0.5333333333333333,0.6666666666666666,0.6666666666666666,0.5833333333333334,0.0,0.0
590,49.166666666666664,49.166666666666664,2,1.1666666666666643,01:09,11.002407982075074,5.501493012132404,5.500914969942669,0,0,0,0,0,0,1,0,1,0,0.0,0.0,3,0.3,0.0,0.0,14,0.048611111111111015,0.0,0.5166666666666667,0.5,0.5,0.6666666666666666,0.0,0.0
591,49.25,49.25,2,1.25,01:15,11.003003781478727,5.501862442933056,5.501141338545671,0,0,0,0,0,0,0,0,0,0,0.0,0.0,3,0.3,0.0,0.0,15,0.052083333333333336,0.0,0.5,0.5,0.5,0.6666666666666666,0.0,0.0
592,49.333333333333336,49.333333333333336,2,1.3333333333333357,01:20,11.003736847043271,5.502316997482579,5.501419849560692,0,0,0,0,0,0,0,0,0,0,0.0,0.0,3,0.3,0.0,0.0,16,0.05555555555555566,0.0,0.46666666666666673,0.3333333333333333,0.3333333333333333,0.6666666666666666,0.0,0.0
593,49.416666666666664,49.416666666666664,2,1.4166666666666643,01:24,11.004636221850088,5.502874692005684,5.501761529844404,0,0,0,0,0,0,1,1,0,0,0.0,0.0,2,0.2,0.0,0.0,17,0.05902777777777768,0.0,0.4166666666666667,0.25,0.25,0.75,0.0,0.0
594,49.5,49.5,2,1.5,01:30,11.005736473589717,5.503556972573228,5.50217950101649,0,0,0,0,0,0,1,1,0,0,0.0,0.0,1,0.1,0.0,0.0,18,0.0625,0.0,0.3666666666666667,0.25,0.25,0.75,0.0,0.0
595,49.583333333333336,49.583333333333336,2,1.5833333333333357,01:35,11.007078605168505,5.5043892817663895,5.502689323402116,0,0,0,0,0,0,0,0,0,0,0.0,0.0,1,0.1,0.0,0.0,19,0.06597222222222232,0.0,0.325,0.25,0.25,0.6666666666666666,0.0,0.0
596,49.666666666666664,49.666666666666664,2,1.6666666666666643,01:39,11.008711085586196,5.505401700798184,5.503309384788012,0,0,0,0,0,0,1,0,1,0,0.0,0.0,0,0.0,0.0,0.0,20,0.06944444444444435,0.0,0.2916666666666667,0.25,0.25,0.5833333333333334,0.0,0.0
597,49.75,49.75,2,1.75,01:45,11.010691010942473,5.5066296735548965,5.504061337387577,0,0,0,0,0,0,0,0,0,0,0.0,0.0,0,0.0,0.0,0.0,21,0.07291666666666667,0.0,0.25833333333333336,0.16666666666666666,0.16666666666666666,0.5,0.0,0.0
598,49.833333333333336,49.833333333333336,2,1.8333333333333357,01:50,11.013085405007352,5.5081148188834455,5.504970586123907,0,0,0,0,0,0,0,0,0,0,0.0,0.0,0,0.0,0.0,0.0,22,0.07638888888888899,0.0,0.2166666666666667,0.08333333333333333,0.08333333333333333,0.5,0.0,0.0
599,49.916666666666664,49.916666666666664,2,1.9166666666666643,01:54,11.015972668041416,5.509905837152156,5.506066830889259,0,0,0,0,0,0,0,0,0,0,0.0,0.0,0,0.0,0.0,0.0,23,0.07986111111111101,0.0,0.17500000000000004,0.0,0.0,0.4166666666666667,0.0,0.0
600,50.0,50.0,2,2.0,02:00,11.019444181421887,5.512059516628226,5.507384664793661,1,1,0,1,1,0,0,0,0,0,0.0,0.0,1,0.1,0.0,0.0,24,0.08333333333333333,0.0,0.15,0.08333333333333333,0.08333333333333333,0.3333333333333333,0.0,0.0
601,50.083333333333336,50.083333333333336,2,2.0833333333333357,02:05,11.023606074063139,5.514641844523217,5.508964229539922,0,0,0,0,0,0,0,0,0,0,0.0,0.0,1,0.1,0.0,0.0,25,0.08680555555555565,0.0,0.125,0.08333333333333333,0.08333333333333333,0.3333333333333333,0.0,0.0
602,50.166666666666664,50.166666666666664,2,2.1666666666666643,02:09,11.02858115455895,5.517729226638116,5.510851927920833,2,1,1,2,1,1,0,0,0,0,0.0,0.0,3,0.3,0.0,0.0,26,0.09027777777777768,0.0,0.125,0.25,0.25,0.25,0.0,0.0
603,50.25,50.25,2,2.25,02:15,11.03451101036479,5.5214098183757105,5.5131011919890796,0,0,0,0,0,0,0,0,0,0,0.0,0.0,3,0.3,0.0,0.0,27,0.09375,0.0,0.12500000000000003,0.25,0.25,0.25,0.0,0.0
604,50.333333333333336,50.333333333333336,2,2.3333333333333357,02:20,11.041558272131947,5.525784968468751,5.515773303663196,2,1,1,2,1,1,0,0,0,0,0.0,0.0,5,0.5,0.0,0.0,28,0.09722222222222232,0.0,0.1416666666666667,0.4166666666666667,0.4166666666666667,0.25,0.0,0.0
605,50.416666666666664,50.416666666666664,2,2.4166666666666643,02:24,11.049909037458988,5.530970775092245,5.518938262366743,1,0,1,1,0,1,0,0,0,0,0.0,0.0,6,0.6,0.0,0.0,29,0.10069444444444435,0.0,0.17500000000000002,0.5,0.5,0.16666666666666666,0.0,0.0
606,50.5,50.5,2,2.5,02:30,11.059775443807403,5.537099752089127,5.522675691718276,1,1,0,1,1,0,0,0,0,0,0.0,0.0,7,0.7,0.0,0.0,30,0.10416666666666667,0.0,0.22499999999999998,0.5833333333333334,0.5833333333333334,0.08333333333333333,0.0,0.0
607,50.583333333333336,50.583333333333336,2,2.5833333333333357,02:35,11.071398375117802,5.5443226008501485,5.5270757742676535,2,1,1,2,1,1,0,0,0,0,0.0,0.0,9,0.9,0.0,0.0,31,0.10763888888888899,0.0,0.2916666666666667,0.75,0.75,0.08333333333333333,0.0,0.0
608,50.666666666666664,50.666666666666664,2,2.6666666666666643,02:39,11.085050280758281,5.552810080969729,5.532240199788553,0,0,0,0,0,0,1,1,0,0,0.0,0.0,8,0.8,0.0,0.0,32,0.11111111111111101,0.0,0.3583333333333334,0.75,0.75,0.08333333333333333,0.0,0.0
609,50.75,50.75,2,2.75,02:45,11.101038078854435,5.562754970176136,5.538283108678299,1,1,0,1,1,0,1,0,1,0,0.0,0.0,8,0.8,0.0,0.0,33,0.11458333333333333,0.0,0.42500000000000004,0.8333333333333334,0.8333333333333334,0.16666666666666666,0.0,0.0
610,50.833333333333336,50.833333333333336,2,2.8333333333333357,02:50,11.11970610883199,5.5743741012412,5.5453320075907895,0,0,0,0,0,0,2,2,0,0,0.0,0.0,6,0.6,0.0,0.0,34,0.11805555555555565,0.0,0.47500000000000003,0.8333333333333334,0.8333333333333334,0.3333333333333333,0.0,0.0
611,50.916666666666664,50.916666666666664,2,2.9166666666666643,02:54,11.141439090215897,5.587910460652415,5.553528629563482,0,0,0,0,0,0,1,0,1,0,0.0,0.0,5,0.5,0.0,0.0,35,0.12152777777777768,0.0,0.5166666666666667,0.8333333333333334,0.8333333333333334,0.4166666666666667,0.0,0.0
612,51.0,51.0,2,3.0,03:00,11.166665036471228,5.60363533082227,5.563029705648958,0,0,0,0,0,0,1,1,0,0,0.0,0.0,4,0.4,0.0,0.0,36,0.125,0.0,0.5416666666666666,0.75,0.75,0.5,0.0,0.0
613,51.083333333333336,51.083333333333336,2,3.0833333333333357,03:05,11.195858064071933,5.621850454560362,5.574007609511571,1,1,0,1,1,0,1,0,1,0,0.0,0.0,4,0.4,0.0,0.0,37,0.12847222222222232,0.0,0.5666666666666667,0.8333333333333334,0.8333333333333334,0.5833333333333334,0.0,0.0
614,51.166666666666664,51.166666666666664,2,3.1666666666666643,03:09,11.229541028207668,5.642890197482153,5.586650830725516,1,1,0,1,1,0,1,1,0,0,0.0,0.0,4,0.4,0.0,0.0,38,0.13194444444444434,0.0,0.5750000000000001,0.75,0.75,0.6666666666666666,0.0,0.0
615,51.25,51.25,2,3.25,03:15,11.268287907786952,5.667123681003905,5.601164226783047,0,0,0,0,0,0,1,1,0,0,0.0,0.0,3,0.3,0.0,0.0,39,0.13541666666666666,0.0,0.5750000000000001,0.75,0.75,0.75,0.0,0.0
616,51.333333333333336,51.333333333333336,2,3.3333333333333357,03:20,11.3127258539021,5.694956855589195,5.617768998312904,1,1,0,1,1,0,0,0,0,0,0.0,0.0,4,0.4,0.0,0.0,40,0.13888888888888898,0.0,0.5666666666666668,0.6666666666666666,0.6666666666666666,0.75,0.0,0.0
617,51.416666666666664,51.416666666666664,2,3.4166666666666643,03:24,11.363536807958472,5.726834480959709,5.636702326998763,2,2,0,2,2,0,1,0,1,0,0.0,0.0,5,0.5,0.0,0.0,41,0.14236111111111102,0.0,0.5583333333333333,0.75,0.75,0.8333333333333334,0.0,0.0
618,51.5,51.5,2,3.5,03:30,11.421458588538663,5.76324197702404,5.658216611514622,1,0,1,1,0,1,1,1,0,0,0.0,0.0,5,0.5,0.0,0.0,42,0.14583333333333334,0.0,0.5416666666666666,0.75,0.75,0.9166666666666666,0.0,0.0
619,51.583333333333336,51.583333333333336,2,3.5833333333333357,03:35,11.4872853401008,5.804707106241757,5.682578233859044,0,0,0,0,0,0,1,1,0,0,0.0,0.0,4,0.4,0.0,0.0,43,0.14930555555555566,0.0,0.5,0.5833333333333334,0.5833333333333334,1.0,0.0,0.0
620,51.666666666666664,51.666666666666664,2,3.6666666666666643,03:39,11.561867232150433,5.851801444918893,5.710065787231541,1,0,1,1,0,1,0,0,0,0,0.0,0.0,5,0.5,0.0,0.0,44,0.15277777777777768,0.0,0.4750000000000001,0.6666666666666666,0.6666666666666666,0.9166666666666666,0.0,0.0
621,51.75,51.75,2,3.75,03:45,11.646109294941454,5.905141597380265,5.740967697561189,0,0,0,0,0,0,1,1,0,0,0.0,0.0,4,0.4,0.0,0.0,45,0.15625,0.0,0.44166666666666665,0.5833333333333334,0.5833333333333334,0.9166666666666666,0.0,0.0
622,51.833333333333336,51.833333333333336,2,3.8333333333333357,03:50,11.740969277423119,5.965390102906249,5.77557917451687,1,0,1,1,0,1,1,1,0,0,0.0,0.0,4,0.4,0.0,0.0,46,0.15972222222222232,0.0,0.42500000000000004,0.6666666666666666,0.6666666666666666,0.8333333333333334,0.0,0.0
623,51.916666666666664,51.916666666666664,2,3.9166666666666643,03:54,11.847454415420106,6.03325598055462,5.814198434865486,3,2,1,3,2,1,0,0,0,0,0.0,0.0,7,0.7,0.0,0.0,47,0.16319444444444434,0.0,0.4416666666666667,0.9166666666666666,0.9166666666666666,0.75,0.0,0.0
624,52.0,52.0,2,4.0,04:00,11.966617003253864,6.109494851299408,5.8571221519544565,0,0,0,0,0,0,0,0,0,0,0.0,0.0,7,0.7,0.0,0.0,48,0.16666666666666666,0.0,0.4666666666666666,0.9166666666666666,0.9166666666666666,0.6666666666666666,0.0,0.0
625,52.083333333333336,52.083333333333336,2,4.083333333333336,04:05,12.099548670496915,6.194908570107198,5.9046401003897175,2,1,1,2,1,1,0,0,0,0,0.0,0.0,9,0.9,0.0,0.0,49,0.17013888888888898,0.0,0.5083333333333334,1.0,1.0,0.5833333333333334,0.0,0.0
626,52.166666666666664,52.166666666666664,2,4.166666666666664,04:09,12.247373277560236,6.2903442924752735,5.957028985084962,0,0,0,0,0,0,1,1,0,0,0.0,0.0,8,0.8,0.0,0.0,50,0.17361111111111102,0.0,0.5416666666666666,0.9166666666666666,0.9166666666666666,0.5833333333333334,0.0,0.0
627,52.25,52.25,2,4.25,04:15,12.411238359545287,6.396692890485549,6.014545469059738,0,0,0,0,0,0,3,0,3,0,0.0,0.0,5,0.5,0.0,0.0,51,0.17708333333333334,0.0,0.5583333333333333,0.9166666666666666,0.9166666666666666,0.75,0.0,0.0
628,52.333333333333336,52.333333333333336,2,4.333333333333336,04:20,12.592305067367635,6.514886622608017,6.077418444759617,0,0,0,0,0,0,0,0,0,0,0.0,0.0,5,0.5,0.0,0.0,52,0.18055555555555566,0.0,0.5666666666666667,0.8333333333333334,0.8333333333333334,0.75,0.0,0.0
629,52.416666666666664,52.416666666666664,2,4.416666666666664,04:24,12.791736578604713,6.645895949497357,6.145840629107356,1,0,1,1,0,1,1,0,1,0,0.0,0.0,5,0.5,0.0,0.0,53,0.18402777777777768,0.0,0.5666666666666667,0.75,0.75,0.75,0.0,0.0
630,52.5,52.5,2,4.5,04:30,13.01068497775341,6.790725375245666,6.219959602507744,0,0,0,0,0,0,4,3,1,0,0.0,0.0,1,0.1,0.0,0.0,54,0.1875,0.0,0.5333333333333333,0.6666666666666666,0.6666666666666666,1.0,0.0,0.0
631,52.583333333333336,52.583333333333336,2,4.583333333333336,04:35,13.25027663640337,6.950408180603702,6.299868455799668,1,0,1,1,0,1,0,0,0,0,0.0,0.0,2,0.2,0.0,0.0,55,0.19097222222222232,0.0,0.5166666666666667,0.75,0.75,0.9166666666666666,0.0,0.0
632,52.666666666666664,52.666666666666664,2,4.666666666666664,04:39,13.511596157908443,7.125999902456282,6.38559625545216,0,0,0,0,0,0,0,0,0,0,0.0,0.0,2,0.2,0.0,0.0,56,0.19444444444444434,0.0,0.4916666666666667,0.6666666666666666,0.6666666666666666,0.9166666666666666,0.0,0.0
633,52.75,52.75,2,4.75,04:45,13.795668988004156,7.318570403520486,6.47709858448367,0,0,0,0,0,0,0,0,0,0,0.0,0.0,2,0.2,0.0,0.0,57,0.19791666666666666,0.0,0.47500000000000003,0.6666666666666666,0.6666666666666666,0.8333333333333334,0.0,0.0
634,52.833333333333336,52.833333333333336,2,4.833333333333336,04:50,14.103442831869685,7.52919436930972,6.574248462559965,1,1,0,1,1,0,1,0,1,0,0.0,0.0,2,0.2,0.0,0.0,58,0.20138888888888898,0.0,0.4583333333333334,0.6666666666666666,0.6666666666666666,0.8333333333333334,0.0,0.0
635,52.916666666666664,52.916666666666664,2,4.916666666666664,04:54,14.435768058628593,7.758940067625658,6.676827991002935,1,0,1,1,0,1,0,0,0,0,0.0,0.0,3,0.3,0.0,0.0,59,0.20486111111111102,0.0,0.42500000000000004,0.5,0.5,0.8333333333333334,0.0,0.0
636,53.0,53.0,2,5.0,05:00,14.793377315351826,8.008856211174379,6.784521104177447,2,1,1,2,1,1,0,0,0,0,0.0,0.0,5,0.5,0.0,0.0,60,0.20833333333333334,0.0,0.4083333333333334,0.6666666666666666,0.6666666666666666,0.8333333333333334,0.0,0.0
637,53.083333333333336,53.083333333333336,2,5.083333333333336,05:05,15.176864613283568,8.279956778461827,6.896907834821741,0,0,0,0,0,0,2,1,1,0,0.0,0.0,3,0.3,0.0,0.0,61,0.21180555555555566,0.0,0.35833333333333334,0.5,0.5,1.0,0.0,0.0
638,53.166666666666664,53.166666666666664,2,5.166666666666664,05:09,15.58666418816963,8.573203674031825,7.013460514137804,0,0,0,0,0,0,0,0,0,0,0.0,0.0,3,0.3,0.0,0.0,62,0.21527777777777768,0.0,0.3166666666666667,0.5,0.5,0.9166666666666666,0.0,0.0
639,53.25,53.25,2,5.25,05:15,16.023029473063175,8.88948714835656,7.133542324706616,2,1,1,2,1,1,1,0,1,0,0.0,0.0,4,0.4,0.0,0.0,63,0.21875,0.0,0.30833333333333335,0.6666666666666666,0.6666666666666666,0.75,0.0,0.0
640,53.333333333333336,53.333333333333336,2,5.333333333333336,05:20,16.486012554603995,9.229603951951706,7.2564086026522885,3,1,2,3,1,2,0,0,0,0,0.0,0.0,7,0.7,0.0,0.0,64,0.22222222222222232,0.0,0.325,0.9166666666666666,0.9166666666666666,0.75,0.0,0.0
641,53.416666666666664,53.416666666666664,2,5.416666666666664,05:24,16.975444511287357,9.594233268726777,7.381211242560579,1,1,0,1,1,0,0,0,0,0,0.0,0.0,8,0.8,0.0,0.0,65,0.22569444444444434,0.0,0.35000000000000003,0.9166666666666666,0.9166666666666666,0.6666666666666666,0.0,0.0
642,53.5,53.5,2,5.5,05:30,17.490917053446246,9.983910560626,7.507006492820245,0,0,0,0,0,0,2,1,1,0,0.0,0.0,6,0.6,0.0,0.0,66,0.22916666666666666,0.0,0.39166666666666666,0.9166666666666666,0.9166666666666666,0.5,0.0,0.0
643,53.583333333333336,53.583333333333336,2,5.583333333333336,05:35,18.031765898421366,10.39899955876689,7.6327663396544745,1,1,0,1,1,0,1,0,1,0,0.0,0.0,6,0.6,0.0,0.0,67,0.23263888888888898,0.0,0.42500000000000004,0.9166666666666666,0.9166666666666666,0.5833333333333334,0.0,0.0
644,53.666666666666664,53.666666666666664,2,5.666666666666664,05:39,18.5970563196404,10.839662753923804,7.7573935657165975,4,3,1,4,3,1,1,1,0,0,0.0,0.0,9,0.9,0.0,0.0,68,0.23611111111111102,0.0,0.48333333333333334,1.25,1.25,0.6666666666666666,0.0,0.0
645,53.75,53.75,2,5.75,05:45,19.185571304165776,11.305830868451876,7.879740435713901,0,0,0,0,0,0,2,2,0,0,0.0,0.0,7,0.7,0.0,0.0,69,0.23958333333333334,0.0,0.525,1.25,1.25,0.8333333333333334,0.0,0.0
646,53.833333333333336,53.833333333333336,2,5.833333333333336,05:50,19.795802738980836,11.79717192838665,7.998630810594187,0,0,0,0,0,0,0,0,0,0,0.0,0.0,7,0.7,0.0,0.0,70,0.24305555555555566,0.0,0.5666666666666667,1.1666666666666667,1.1666666666666667,0.75,0.0,0.0
647,53.916666666666664,53.916666666666664,2,5.916666666666664,05:54,20.425946021372948,12.31306069293243,8.112885328440518,0,0,0,0,0,0,1,0,1,0,0.0,0.0,6,0.6,0.0,0.0,71,0.24652777777777768,0.0,0.5916666666666667,1.0833333333333333,1.0833333333333333,0.8333333333333334,0.0,0.0
648,54.0,54.0,2,6.0,06:00,21.073898452991536,12.852549332068135,8.221349120923401,0,0,0,0,0,0,1,0,1,0,0.0,0.0,5,0.5,0.0,0.0,72,0.25,0.0,0.5916666666666667,0.9166666666666666,0.9166666666666666,0.9166666666666666,0.0,0.0
649,54.083333333333336,54.083333333333336,2,6.083333333333336,06:05,21.737261730557652,13.41434036372575,8.322921366831903,3,1,2,3,1,2,1,1,0,0,0.0,0.0,7,0.7,0.0,0.0,73,0.2534722222222223,0.0,0.625,1.1666666666666667,1.1666666666666667,0.8333333333333334,0.0,0.0
650,54.166666666666664,54.166666666666664,2,6.166666666666664,06:09,22.413348789126797,13.996762961383707,8.41658582774309,0,0,0,0,0,0,0,0,0,0,0.0,0.0,7,0.7,0.0,0.0,74,0.25694444444444436,0.0,0.6583333333333333,1.1666666666666667,1.1666666666666667,0.8333333333333334,0.0,0.0
651,54.25,54.25,2,6.25,06:15,23.099195186920248,14.597753812116144,8.501441374804104,2,2,0,2,2,0,3,3,0,0,0.0,0.0,6,0.6,0.0,0.0,75,0.2604166666666667,0.0,0.6749999999999999,1.1666666666666667,1.1666666666666667,1.0,0.0,0.0
652,54.333333333333336,54.333333333333336,2,6.333333333333336,06:20,23.79157514503054,15.214843735523242,8.576731409507296,0,0,0,0,0,0,1,0,1,0,0.0,0.0,5,0.5,0.0,0.0,76,0.263888888888889,0.0,0.6583333333333333,0.9166666666666666,0.9166666666666666,1.0833333333333333,0.0,0.0
653,54.416666666666664,54.416666666666664,2,6.416666666666664,06:24,24.487022272072114,15.845151257710969,8.641871014361145,3,3,0,3,3,0,0,0,0,0,0.0,0.0,8,0.8,0.0,0.0,77,0.267361111111111,0.0,0.6583333333333333,1.0833333333333333,1.0833333333333333,1.0833333333333333,0.0,0.0
654,54.5,54.5,2,6.5,06:30,25.18185491467317,16.48538426517569,8.696470649497481,0,0,0,0,0,0,0,0,0,0,0.0,0.0,8,0.8,0.0,0.0,78,0.2708333333333333,0.0,0.6749999999999999,1.0833333333333333,1.0833333333333333,0.9166666666666666,0.0,0.0
655,54.583333333333336,54.583333333333336,2,6.583333333333336,06:35,25.87220598144599,17.131850736701526,8.740355244744464,2,1,1,2,1,1,1,0,1,0,0.0,0.0,9,0.9,0.0,0.0,79,0.27430555555555564,0.0,0.7000000000000001,1.1666666666666667,1.1666666666666667,0.9166666666666666,0.0,0.0
656,54.666666666666664,54.666666666666664,2,6.666666666666664,06:39,26.5540569928067,17.780479365401757,8.773577627404944,0,0,0,0,0,0,0,0,0,0,0.0,0.0,9,0.9,0.0,0.0,80,0.2777777777777777,0.0,0.7000000000000001,0.8333333333333334,0.8333333333333334,0.8333333333333334,0.0,0.0
657,54.75,54.75,2,6.75,06:45,27.22327601398192,18.426850639071922,8.796425374909996,1,1,0,1,1,0,3,2,1,0,0.0,0.0,7,0.7,0.0,0.0,81,0.28125,0.0,0.7000000000000001,0.9166666666666666,0.9166666666666666,0.9166666666666666,0.0,0.0
658,54.833333333333336,54.833333333333336,2,6.833333333333336,06:50,27.87565903610475,19.066238649677057,8.809420386427695,3,2,1,3,2,1,0,0,0,0,0.0,0.0,10,1.0,0.0,0.0,82,0.2847222222222223,0.0,0.725,1.1666666666666667,1.1666666666666667,0.9166666666666666,0.0,0.0
659,54.916666666666664,54.916666666666664,2,6.916666666666664,06:54,28.50697428287282,19.69366356014146,8.813310722731364,2,2,0,1,1,0,1,1,0,1,0.0,0.0,10,1.0,0.0,0.0,83,0.28819444444444436,0.08333333333333333,0.7583333333333333,1.3333333333333333,1.25,0.9166666666666666,0.0,0.0
660,55.0,55.0,2,7.0,07:00,29.1130088401957,20.303954280090416,8.809054560105285,0,0,0,1,1,0,3,2,1,0,0.0,0.0,8,0.8,5.0,0.0,84,0.2916666666666667,0.08333333333333333,0.7833333333333333,1.3333333333333333,1.3333333333333333,1.0833333333333333,0.4166666666666667,0.0
661,55.083333333333336,55.083333333333336,2,7.083333333333336,07:05,29.689616935891465,20.891820506302697,8.797796429588768,0,0,0,0,0,0,1,1,0,0,0.0,0.0,7,0.7,0.0,0.0,85,0.295138888888889,0.08333333333333333,0.7833333333333333,1.0833333333333333,1.0833333333333333,1.0833333333333333,0.4166666666666667,0.0
662,55.166666666666664,55.166666666666664,2,7.166666666666664,07:09,30.232769137920016,21.45193288532971,8.780836252590307,3,1,2,3,1,2,1,1,0,0,0.0,0.0,9,0.9,0.0,0.0,86,0.298611111111111,0.08333333333333333,0.7999999999999999,1.3333333333333333,1.3333333333333333,1.1666666666666667,0.4166666666666667,0.0
663,55.25,55.25,2,7.25,07:15,30.73860169473985,21.979009673661682,8.759592021078165,3,3,0,3,3,0,2,1,1,0,0.0,0.0,10,1.0,0.0,0.0,87,0.3020833333333333,0.08333333333333333,0.8333333333333334,1.4166666666666667,1.4166666666666667,1.0833333333333333,0.4166666666666667,0.0
664,55.333333333333336,55.333333333333336,2,7.333333333333336,07:20,31.20346521172281,22.467907924336416,8.735557287386396,1,1,0,1,1,0,1,1,0,0,0.0,0.0,10,1.0,0.0,0.0,88,0.30555555555555564,0.08333333333333333,0.875,1.5,1.5,1.0833333333333333,0.4166666666666667,0.0
665,55.416666666666664,55.416666666666664,2,7.416666666666664,07:24,31.623971844371166,22.91371693697448,8.710254907396685,2,2,0,0,0,0,0,0,0,2,0.0,0.0,10,1.0,0.0,0.0,89,0.3090277777777777,0.25,0.8916666666666666,1.4166666666666667,1.25,1.0833333333333333,0.4166666666666667,0.0
666,55.5,55.5,2,7.5,07:30,31.997040193149484,23.311851488333524,8.68518870481596,1,0,1,1,1,0,1,1,0,2,2.5,5.0,10,1.0,5.0,0.0,90,0.3125,0.4166666666666667,0.9083333333333333,1.5,1.3333333333333333,1.1666666666666667,0.8333333333333334,0.20833333333333334
667,55.583333333333336,55.583333333333336,2,7.583333333333336,07:35,32.319937106434125,23.658142227397715,8.661794879036409,0,0,0,2,1,1,6,4,2,0,0.0,0.0,6,0.6,7.5,0.8333333333333334,91,0.3159722222222223,0.4166666666666667,0.8833333333333333,1.3333333333333333,1.3333333333333333,1.5833333333333333,1.4583333333333333,0.20833333333333334
668,55.666666666666664,55.666666666666664,2,7.666666666666664,07:39,32.5903156372837,23.94892058384911,8.641395053434593,1,0,1,1,0,1,0,0,0,0,0.0,0.0,7,0.7,0.0,0.0,92,0.31944444444444436,0.4166666666666667,0.8666666666666667,1.4166666666666667,1.4166666666666667,1.5833333333333333,1.4583333333333333,0.20833333333333334
669,55.75,55.75,2,7.75,07:45,32.80624845586041,24.181095608048782,8.62515284781163,3,1,2,3,1,2,0,0,0,0,0.0,0.0,10,1.0,0.0,0.0,93,0.3229166666666667,0.4166666666666667,0.8916666666666667,1.5833333333333333,1.5833333333333333,1.3333333333333333,1.4583333333333333,0.20833333333333334
670,55.833333333333336,55.833333333333336,2,7.833333333333336,07:50,32.96625609134107,24.352220335784285,8.614035755556788,0,0,0,0,0,0,1,1,0,0,0.0,0.0,9,0.9,0.0,0.0,94,0.326388888888889,0.4166666666666667,0.8833333333333333,1.3333333333333333,1.3333333333333333,1.4166666666666667,1.4583333333333333,0.20833333333333334
671,55.916666666666664,55.916666666666664,2,7.916666666666664,07:54,33.0693294635577,24.460545547952474,8.608783915605228,0,0,0,0,0,0,4,3,1,0,0.0,0.0,5,0.5,0.0,1.25,95,0.329861111111111,0.3333333333333333,0.8416666666666667,1.1666666666666667,1.25,1.6666666666666667,1.4583333333333333,0.20833333333333334
672,56.0,56.0,2,8.0,08:00,33.11494626351003,24.505059164561004,8.609887098949025,0,0,0,0,0,0,0,0,0,0,0.0,0.0,5,0.5,0.0,0.0,96,0.3333333333333333,0.3333333333333333,0.8166666666666665,1.1666666666666667,1.1666666666666667,1.4166666666666667,1.0416666666666667,0.20833333333333334
673,56.083333333333336,56.083333333333336,2,8.083333333333336,08:05,33.10308085105868,24.48550995942837,8.617570891630306,0,0,0,0,0,0,1,0,1,0,0.0,0.0,4,0.4,0.0,5.0,97,0.33680555555555564,0.3333333333333333,0.7916666666666666,1.1666666666666667,1.1666666666666667,1.4166666666666667,1.0416666666666667,0.20833333333333334
674,56.166666666666664,56.166666666666664,2,8.166666666666664,08:09,33.03420745500948,24.402414787887224,8.631792667122253,4,2,2,4,2,2,2,1,1,0,0.0,0.0,6,0.6,0.0,5.0,98,0.3402777777777777,0.3333333333333333,0.7666666666666666,1.25,1.25,1.5,1.0416666666666667,0.20833333333333334
675,56.25,56.25,2,8.25,08:15,32.909296582700236,24.25704906246724,8.652247520232999,2,2,0,2,2,0,2,1,1,0,0.0,0.0,6,0.6,0.0,0.0,99,0.34375,0.3333333333333333,0.7333333333333334,1.1666666666666667,1.1666666666666667,1.5,1.0416666666666667,0.20833333333333334
676,56.333333333333336,56.333333333333336,2,8.333333333333336,08:20,32.72980467023149,24.051420766661572,8.678383903569918,1,1,0,1,1,0,0,0,0,0,0.0,0.0,7,0.7,0.0,0.0,100,0.3472222222222223,0.3333333333333333,0.7083333333333334,1.1666666666666667,1.1666666666666667,1.4166666666666667,1.0416666666666667,0.20833333333333334
677,56.416666666666664,56.416666666666664,2,8.416666666666664,08:24,32.4976571277268,23.788228839436016,8.70942828829078,5,3,2,3,2,1,0,0,0,2,0.0,0.0,10,1.0,0.0,0.0,101,0.35069444444444436,0.3333333333333333,0.7083333333333334,1.4166666666666667,1.4166666666666667,1.4166666666666667,1.0416666666666667,0.20833333333333334
678,56.5,56.5,2,8.5,08:30,32.215225053589485,23.470807268775776,8.744417784813711,3,2,1,0,0,0,0,0,0,5,2.0,5.0,10,1.0,0.0,0.0,102,0.3541666666666667,0.5833333333333334,0.7083333333333334,1.5833333333333333,1.3333333333333333,1.3333333333333333,0.625,0.16666666666666666
679,56.583333333333336,56.583333333333336,2,8.583333333333336,08:35,31.885296004891348,23.103056678994534,8.782239325896816,0,0,0,0,0,0,0,0,0,5,7.0,10.0,10,1.0,0.0,0.0,103,0.357638888888889,1.0,0.7416666666666667,1.5833333333333333,1.1666666666666667,0.8333333333333334,0.0,0.75
680,56.666666666666664,56.666666666666664,2,8.666666666666664,08:39,31.511039315232896,22.68936556475991,8.821673750472984,2,1,1,2,1,1,2,0,2,5,6.0,10.0,10,1.0,15.0,0.0,104,0.361111111111111,1.4166666666666667,0.7666666666666666,1.6666666666666667,1.25,1.0,1.25,1.25
681,56.75,56.75,2,8.75,08:45,31.09596654438335,22.234523600145966,8.861442944237385,3,2,1,0,0,0,0,0,0,8,6.875,15.0,10,1.0,0.0,0.0,105,0.3645833333333333,2.0833333333333335,0.7666666666666666,1.6666666666666667,1.0,1.0,1.25,1.8229166666666667
682,56.833333333333336,56.833333333333336,2,8.833333333333336,08:50,30.643887723802262,21.743629623876984,8.900258099925276,2,1,1,2,1,1,2,2,0,8,6.875,20.0,10,1.0,20.0,0.0,106,0.36805555555555564,2.75,0.775,1.8333333333333333,1.1666666666666667,1.0833333333333333,2.9166666666666665,2.3958333333333335
683,56.916666666666664,56.916666666666664,2,8.916666666666664,08:54,30.158864127210023,21.221996968102584,8.93686715910744,1,1,0,4,3,1,4,3,1,5,6.0,10.0,10,1.0,16.25,0.0,107,0.3715277777777777,3.1666666666666665,0.8166666666666668,1.9166666666666667,1.5,1.0833333333333333,4.270833333333333,2.8958333333333335
684,57.0,57.0,2,9.0,09:00,29.645158344583038,20.6750587588802,8.970099585702838,1,1,0,1,1,0,1,1,0,5,8.0,15.0,10,1.0,15.0,0.0,108,0.375,3.5833333333333335,0.8583333333333334,2.0,1.5833333333333333,1.1666666666666667,5.520833333333333,3.5625
685,57.083333333333336,57.083333333333336,2,9.083333333333336,09:05,29.1071824706093,20.108275678599686,8.998906792009613,2,2,0,0,0,0,0,0,0,7,9.285714285714286,20.0,10,1.0,0.0,0.0,109,0.3784722222222223,4.166666666666667,0.9083333333333333,2.1666666666666665,1.5833333333333333,1.0833333333333333,5.520833333333333,4.336309523809524
686,57.166666666666664,57.166666666666664,2,9.166666666666664,09:09,28.54944523450868,19.527048455065156,9.022396779443524,1,1,0,2,0,2,2,1,1,6,9.166666666666666,20.0,10,1.0,22.5,7.5,110,0.38194444444444436,4.666666666666667,0.9416666666666668,1.9166666666666667,1.4166666666666667,1.0833333333333333,7.395833333333333,5.100198412698412
687,57.25,57.25,2,9.25,09:15,27.97649889740076,18.936637043846602,9.039861853554159,2,2,0,1,1,0,1,1,0,7,8.571428571428571,20.0,10,1.0,25.0,20.0,111,0.3854166666666667,5.25,0.975,1.9166666666666667,1.3333333333333333,1.0,9.479166666666666,5.8144841269841265
688,57.333333333333336,57.333333333333336,2,9.333333333333336,09:20,27.392886726700688,18.342088117568867,9.05079860913182,1,0,1,2,2,0,2,2,0,6,8.333333333333334,15.0,10,1.0,22.5,12.5,112,0.388888888888889,5.75,1.0,1.9166666666666667,1.4166666666666667,1.1666666666666667,11.354166666666666,6.508928571428572
689,57.416666666666664,57.416666666666664,2,9.416666666666664,09:24,26.803091825334036,17.748172087371692,9.054919737962344,2,1,1,0,0,0,0,0,0,8,10.0,20.0,10,1.0,0.0,0.0,113,0.392361111111111,6.25,1.0,1.6666666666666667,1.1666666666666667,1.1666666666666667,11.354166666666666,7.342261904761905
690,57.5,57.5,2,9.5,09:30,26.21148804821528,17.15933047764443,9.05215757057085,1,1,0,1,1,0,1,1,0,8,11.875,25.0,10,1.0,25.0,15.0,114,0.3958333333333333,6.5,1.0,1.5,1.25,1.25,13.4375,8.165178571428571
691,57.583333333333336,57.583333333333336,2,9.583333333333336,09:35,25.62229368103432,16.579634074411178,9.042659606623143,2,1,1,5,4,1,5,2,3,5,5.0,10.0,10,1.0,22.0,19.0,115,0.39930555555555564,6.5,1.0,1.6666666666666667,1.6666666666666667,1.6666666666666667,15.270833333333334,7.998511904761905
692,57.666666666666664,57.666666666666664,2,9.666666666666664,09:39,25.03952848876275,16.012751887827882,9.026776600934866,2,2,0,2,1,1,2,1,1,5,4.0,10.0,10,1.0,15.0,25.0,116,0.4027777777777777,6.5,1.0,1.6666666666666667,1.6666666666666667,1.6666666666666667,15.270833333333334,7.831845238095238
693,57.75,57.75,2,9.75,09:45,24.466974665405278,15.461930625056299,9.005044040348979,2,2,0,0,0,0,0,0,0,7,6.428571428571429,15.0,10,1.0,0.0,0.0,117,0.40625,6.416666666666667,1.0,1.5833333333333333,1.6666666666666667,1.6666666666666667,15.270833333333334,7.794642857142858
694,57.833333333333336,57.833333333333336,2,9.833333333333336,09:50,23.908142134435682,14.929984073073737,8.978158061361945,2,2,0,1,1,0,1,1,0,8,7.5,15.0,10,1.0,20.0,20.0,118,0.4097222222222223,6.416666666666667,1.0,1.5833333333333333,1.5833333333333333,1.5833333333333333,15.270833333333334,7.846726190476191
695,57.916666666666664,57.916666666666664,2,9.916666666666664,09:54,23.366238563149302,14.419291550051335,8.946947013097967,3,2,1,0,0,0,0,0,0,11,9.090909090909092,20.0,10,1.0,0.0,0.0,119,0.41319444444444436,6.916666666666667,1.0,1.75,1.25,1.25,13.916666666666666,8.104301948051948
696,58.0,58.0,2,10.0,10:00,22.844144365874875,13.931804403464822,8.912339962410053,2,1,1,2,1,1,2,2,0,11,9.545454545454545,20.0,10,1.0,25.0,25.0,120,0.4166666666666667,7.416666666666667,1.0,1.8333333333333333,1.3333333333333333,1.3333333333333333,14.75,8.233089826839826
697,58.083333333333336,58.083333333333336,2,10.083333333333336,10:05,22.344392882550007,13.46905941424478,8.875333468305227,2,2,0,2,2,0,2,0,2,11,10.0,20.0,10,1.0,25.0,15.0,121,0.420138888888889,7.75,1.0,1.8333333333333333,1.5,1.5,16.833333333333332,8.292613636363635
698,58.166666666666664,58.166666666666664,2,10.166666666666664,10:09,21.869155832367486,13.032197906976009,8.836957925391477,0,0,0,1,1,0,1,1,0,10,14.0,25.0,10,1.0,25.0,20.0,122,0.423611111111111,8.083333333333334,1.0,1.75,1.4166666666666667,1.4166666666666667,17.041666666666668,8.695391414141413
699,58.25,58.25,2,10.25,10:15,21.420234058650554,12.621989361614977,8.798244697035576,1,1,0,3,3,0,3,3,0,8,13.75,20.0,10,1.0,26.666666666666668,21.666666666666668,123,0.4270833333333333,8.166666666666666,1.0,1.6666666666666667,1.5833333333333333,1.5833333333333333,17.180555555555554,9.126939033189034
700,58.333333333333336,58.333333333333336,2,10.333333333333336,10:20,20.999053502196038,12.238858365423964,8.760195136772074,0,0,0,1,0,1,1,1,0,7,17.857142857142858,25.0,10,1.0,25.0,25.0,124,0.43055555555555564,8.25,1.0,1.5833333333333333,1.5,1.5,17.38888888888889,9.920589826839826
701,58.416666666666664,58.416666666666664,2,10.416666666666664,10:24,20.606666267184465,11.882913826299545,8.72375244088492,3,1,2,0,0,0,0,0,0,10,16.0,30.0,10,1.0,0.0,0.0,125,0.4340277777777777,8.416666666666666,1.0,1.6666666666666667,1.5,1.5,17.38888888888889,10.420589826839826
702,58.5,58.5,2,10.5,10:30,20.243756577299482,11.55397948099992,8.689777096299562,3,2,1,1,1,0,1,1,0,12,14.583333333333334,35.0,10,1.0,35.0,25.0,126,0.4375,8.75,1.0,1.8333333333333333,1.5,1.5,18.222222222222225,10.646284271284271
703,58.583333333333336,58.583333333333336,2,10.583333333333336,10:35,19.91065136057534,11.25162486428817,8.65902649628717,0,0,0,3,2,1,3,3,0,9,13.88888888888889,30.0,10,1.0,36.666666666666664,23.333333333333332,127,0.4409722222222223,9.083333333333334,1.0,1.6666666666666667,1.3333333333333333,1.3333333333333333,19.444444444444446,11.387025012025012
704,58.666666666666664,58.666666666666664,2,10.666666666666664,10:39,19.60733515011341,10.975196048358079,8.632139101755332,2,0,2,2,2,0,2,1,1,9,11.11111111111111,25.0,10,1.0,35.0,25.0,128,0.44444444444444436,9.416666666666666,1.0,1.6666666666666667,1.3333333333333333,1.3333333333333333,21.11111111111111,11.979617604617603
705,58.75,58.75,2,10.75,10:45,19.333468944368136,10.723845607532295,8.60962333683584,2,1,1,1,1,0,1,1,0,10,11.5,20.0,10,1.0,30.0,25.0,129,0.4479166666666667,9.666666666666666,1.0,1.6666666666666667,1.4166666666666667,1.4166666666666667,23.61111111111111,12.402236652236653
706,58.833333333333336,58.833333333333336,2,10.833333333333336,10:50,19.08841263518216,10.496561403697475,8.591851231484684,0,0,0,0,0,0,0,0,0,10,16.5,25.0,10,1.0,0.0,0.0,130,0.451388888888889,9.833333333333334,1.0,1.5,1.3333333333333333,1.3333333333333333,21.944444444444443,13.152236652236653
707,58.916666666666664,58.916666666666664,2,10.916666666666664,10:54,18.87125058396051,10.292193917243164,8.579056666717346,1,1,0,3,1,2,3,2,1,8,15.625,25.0,10,1.0,30.0,28.333333333333332,131,0.454861111111111,9.583333333333334,1.0,1.3333333333333333,1.5833333333333333,1.5833333333333333,24.444444444444443,13.696744227994229
708,59.0,59.0,2,11.0,11:00,18.68081990598018,10.109481961899167,8.571337944081012,2,0,2,0,0,0,0,0,0,10,16.5,30.0,10,1.0,0.0,0.0,132,0.4583333333333333,9.5,1.0,1.3333333333333333,1.4166666666666667,1.4166666666666667,22.36111111111111,14.276289682539682
709,59.083333333333336,59.083333333333336,2,11.083333333333336,11:05,18.51574100938189,9.947076716859607,8.568664292522284,0,0,0,2,1,1,2,2,0,8,18.125,35.0,10,1.0,35.0,35.0,133,0.46180555555555564,9.25,1.0,1.1666666666666667,1.4166666666666667,1.4166666666666667,23.194444444444443,14.953373015873014
710,59.166666666666664,59.166666666666664,2,11.166666666666664,11:09,18.374449928351616,9.803564084452127,8.57088584389949,1,1,0,2,1,1,2,1,1,7,16.428571428571427,30.0,10,1.0,35.0,32.5,134,0.4652777777777777,9.0,1.0,1.25,1.5,1.5,24.027777777777775,15.155753968253968
711,59.25,59.25,2,11.25,11:15,18.25523198878499,9.677485436192194,8.577746552592794,0,0,0,2,0,2,2,1,1,5,17.0,30.0,10,1.0,32.5,32.5,135,0.46875,8.75,1.0,1.1666666666666667,1.4166666666666667,1.4166666666666667,24.513888888888886,15.426587301587302
712,59.333333333333336,59.333333333333336,2,11.333333333333336,11:20,18.156256348724312,9.567356845303241,8.588899503421072,0,0,0,3,2,1,3,3,0,2,15.0,20.0,10,1.0,26.666666666666668,33.333333333333336,136,0.4722222222222223,8.333333333333334,1.0,1.1666666666666667,1.5833333333333333,1.5833333333333333,24.652777777777775,15.188492063492063
713,59.416666666666664,59.416666666666664,2,11.416666666666664,11:24,18.075610964452643,9.471686921513756,8.603924042938887,1,0,1,1,0,1,1,0,1,2,7.5,15.0,10,1.0,25.0,30.0,137,0.47569444444444436,7.666666666666667,1.0,1.0,1.6666666666666667,1.6666666666666667,26.73611111111111,14.48015873015873
714,59.5,59.5,2,11.5,11:30,18.011337545728793,9.388993366620257,8.622344179108536,0,0,0,0,0,0,0,0,0,2,12.5,20.0,10,1.0,0.0,0.0,138,0.4791666666666667,6.833333333333333,1.0,0.75,1.5833333333333333,1.5833333333333333,23.819444444444443,14.30654761904762
715,59.583333333333336,59.583333333333336,2,11.583333333333336,11:35,17.961466079692393,9.317818359768712,8.643647719923681,1,1,0,1,1,0,1,1,0,2,5.0,10.0,10,1.0,25.0,40.0,139,0.482638888888889,6.25,1.0,0.8333333333333334,1.4166666666666667,1.4166666666666667,22.847222222222225,13.56580687830688
716,59.666666666666664,59.666666666666664,2,11.666666666666664,11:39,17.924048521947235,9.25674286264822,8.667305659299014,0,0,0,1,0,1,1,0,1,1,5.0,5.0,10,1.0,15.0,35.0,140,0.486111111111111,5.583333333333333,1.0,0.6666666666666666,1.3333333333333333,1.3333333333333333,21.180555555555554,13.05654761904762
717,59.75,59.75,2,11.75,11:45,17.897191274787914,9.204399909759529,8.692791365028386,0,0,0,1,1,0,4,2,2,0,0.0,0.0,7,0.7,10.0,32.5,141,0.4895833333333333,4.75,0.975,0.5,1.3333333333333333,1.5833333333333333,19.51388888888889,12.098214285714286
718,59.833333333333336,59.833333333333336,2,11.833333333333336,11:50,17.879086096068907,9.1594869203623,8.719599175706607,1,1,0,1,1,0,1,0,1,0,0.0,0.0,7,0.7,0.0,20.0,142,0.49305555555555564,3.9166666666666665,0.9500000000000001,0.5833333333333334,1.4166666666666667,1.6666666666666667,19.51388888888889,10.723214285714286
719,59.916666666666664,59.916666666666664,2,11.916666666666664,11:54,17.868039107484766,9.12077703904663,8.747262068438136,3,3,0,3,3,0,1,0,1,0,0.0,0.0,9,0.9,0.0,35.0,143,0.4965277777777777,3.25,0.9416666666666668,0.75,1.4166666666666667,1.5,17.01388888888889,9.421130952380953
720,60.0,60.0,2,12.0,12:00,17.86249759774826,9.0871294831504,8.775368114597859,1,1,0,1,1,0,2,0,2,0,0.0,0.0,8,0.8,0.0,20.0,144,0.5,2.4166666666666665,0.9249999999999999,0.6666666666666666,1.5,1.6666666666666667,17.01388888888889,8.04613095238095
721,60.083333333333336,60.083333333333336,2,12.083333333333336,12:05,17.86107434408185,9.057498849062302,8.803575495019548,2,0,2,2,0,2,0,0,0,0,0.0,0.0,10,1.0,0.0,0.0,145,0.5034722222222223,1.75,0.9249999999999999,0.8333333333333334,1.5,1.5,14.097222222222221,6.535714285714285
722,60.166666666666664,60.166666666666664,2,12.166666666666664,12:09,17.86256920438291,9.030943306994764,8.831625897388147,0,0,0,0,0,0,3,3,0,0,0.0,0.0,7,0.7,0.0,8.333333333333334,146,0.5069444444444443,1.1666666666666667,0.9,0.75,1.3333333333333333,1.5833333333333333,11.180555555555555,5.166666666666667
723,60.25,60.25,2,12.25,12:15,17.86598776222676,9.006631595875712,8.859356166351047,0,0,0,0,0,0,1,1,0,0,0.0,0.0,6,0.6,0.0,25.0,147,0.5104166666666666,0.75,0.8666666666666667,0.75,1.1666666666666667,1.5,8.472222222222221,3.75
724,60.333333333333336,60.333333333333336,2,12.333333333333336,12:20,17.870556837404763,8.98384871705027,8.886708120354493,0,0,0,0,0,0,0,0,0,0,0.0,0.0,6,0.6,0.0,0.0,148,0.513888888888889,0.5833333333333334,0.8333333333333334,0.75,0.9166666666666666,1.25,6.25,2.5
725,60.416666666666664,60.416666666666664,2,12.416666666666664,12:24,17.87573670585183,8.962000217697103,8.913736488154726,1,0,1,1,0,1,2,2,0,0,0.0,0.0,5,0.5,0.0,5.0,149,0.517361111111111,0.4166666666666667,0.7916666666666666,0.75,0.9166666666666666,1.3333333333333333,4.166666666666667,1.875
726,60.5,60.5,2,12.5,12:30,17.88122990450794,8.94061495225397,8.94061495225397,2,1,1,2,1,1,2,1,1,0,0.0,0.0,5,0.5,0.0,0.0,150,0.5208333333333334,0.25,0.75,0.9166666666666666,1.0833333333333333,1.5,4.166666666666667,0.8333333333333334
727,60.583333333333336,60.583333333333336,2,12.583333333333336,12:35,17.886986528804712,8.919346212609192,8.96764031619552,1,0,1,1,0,1,1,1,0,0,0.0,0.0,5,0.5,0.0,0.0,151,0.5243055555555557,0.08333333333333333,0.7083333333333334,0.9166666666666666,1.0833333333333333,1.5,2.0833333333333335,0.4166666666666667
728,60.666666666666664,60.666666666666664,2,12.666666666666664,12:39,17.893205962998053,8.897971125204322,8.995234837793733,0,0,0,0,0,0,1,0,1,0,0.0,0.0,4,0.4,0.0,0.0,152,0.5277777777777777,0.0,0.6583333333333333,0.9166666666666666,1.0,1.5,0.8333333333333334,0.0
729,60.75,60.75,2,12.75,12:45,17.900335016416467,8.876388225381456,9.02394679103501,3,1,2,3,1,2,0,0,0,0,0.0,0.0,7,0.7,0.0,0.0,153,0.53125,0.0,0.6583333333333333,1.1666666666666667,1.1666666666666667,1.1666666666666667,0.0,0.0
730,60.833333333333336,60.833333333333336,2,12.833333333333336,12:50,17.909062471795444,8.85461313622465,9.054449335570794,1,0,1,1,0,1,1,0,1,0,0.0,0.0,7,0.7,0.0,0.0,154,0.5347222222222223,0.0,0.6583333333333333,1.1666666666666667,1.1666666666666667,1.1666666666666667,0.0,0.0
731,60.916666666666664,60.916666666666664,2,12.916666666666664,12:54,17.920310085157453,8.832772300794858,9.087537784362596,0,0,0,0,0,0,0,0,0,0,0.0,0.0,7,0.7,0.0,0.0,155,0.5381944444444443,0.0,0.6416666666666667,0.9166666666666666,0.9166666666666666,1.0833333333333333,0.0,0.0
732,61.0,61.0,2,13.0,13:00,17.935220110106556,8.811094743120563,9.124125366985993,2,1,1,2,1,1,3,1,2,0,0.0,0.0,6,0.6,0.0,0.0,156,0.5416666666666666,0.0,0.625,1.0,1.0,1.1666666666666667,0.0,0.0
733,61.083333333333336,61.083333333333336,2,13.083333333333336,13:05,17.955139452865332,8.78990186470857,9.165237588156762,0,0,0,0,0,0,0,0,0,0,0.0,0.0,6,0.6,0.0,0.0,157,0.545138888888889,0.0,0.5916666666666667,0.8333333333333334,0.8333333333333334,1.1666666666666667,0.0,0.0
734,61.166666666666664,61.166666666666664,2,13.166666666666664,13:09,17.981600597810417,8.769595319809286,9.212005278001131,1,0,1,1,0,1,1,0,1,0,0.0,0.0,6,0.6,0.0,0.0,158,0.548611111111111,0.0,0.5833333333333334,0.9166666666666666,0.9166666666666666,1.0,0.0,0.0
735,61.25,61.25,2,13.25,13:15,18.016299476571287,8.750643054272226,9.265656422299063,2,2,0,2,2,0,2,0,2,0,0.0,0.0,6,0.6,0.0,0.0,159,0.5520833333333334,0.0,0.5833333333333334,1.0833333333333333,1.0833333333333333,1.0833333333333333,0.0,0.0
736,61.333333333333336,61.333333333333336,2,13.333333333333336,13:20,18.061070486838766,8.73356363948125,9.327506847357515,1,0,1,1,0,1,1,1,0,0,0.0,0.0,6,0.6,0.0,0.0,160,0.5555555555555557,0.0,0.5833333333333334,1.1666666666666667,1.1666666666666667,1.1666666666666667,0.0,0.0
737,61.416666666666664,61.416666666666664,2,13.416666666666664,13:24,18.11785889975643,8.71890908425559,9.398949815500842,1,0,1,1,0,1,0,0,0,0,0.0,0.0,7,0.7,0.0,0.0,161,0.5590277777777777,0.0,0.6,1.1666666666666667,1.1666666666666667,1.0,0.0,0.0
738,61.5,61.5,2,13.5,13:30,18.188690926982243,8.707246363114217,9.481444563868026,1,0,1,1,0,1,1,0,1,0,0.0,0.0,7,0.7,0.0,0.0,162,0.5625,0.0,0.6166666666666666,1.0833333333333333,1.0833333333333333,0.9166666666666666,0.0,0.0
739,61.583333333333336,61.583333333333336,2,13.583333333333336,13:35,18.275641750014422,8.699137957899083,9.576503792115341,3,0,3,3,0,3,1,1,0,0,0.0,0.0,9,0.9,0.0,0.0,163,0.5659722222222223,0.0,0.65,1.25,1.25,0.9166666666666666,0.0,0.0
740,61.666666666666664,61.666666666666664,2,13.666666666666664,13:39,18.380801844936265,8.695121769942759,9.685680074993506,1,1,0,1,1,0,1,0,1,0,0.0,0.0,9,0.9,0.0,0.0,164,0.5694444444444443,0.0,0.6916666666666668,1.3333333333333333,1.3333333333333333,0.9166666666666666,0.0,0.0
741,61.75,61.75,2,13.75,13:45,18.506241965056223,8.69569081974589,9.810551145310333,2,1,1,2,1,1,2,1,1,0,0.0,0.0,9,0.9,0.0,0.0,165,0.5729166666666666,0.0,0.7083333333333334,1.25,1.25,1.0833333333333333,0.0,0.0
742,61.833333333333336,61.833333333333336,2,13.833333333333336,13:50,18.653977171652162,8.701273207980098,9.952703963672064,1,0,1,1,0,1,1,0,1,0,0.0,0.0,9,0.9,0.0,0.0,166,0.576388888888889,0.0,0.725,1.25,1.25,1.0833333333333333,0.0,0.0
743,61.916666666666664,61.916666666666664,2,13.916666666666664,13:54,18.825930328755895,8.71221286254684,10.113717466209055,0,0,0,0,0,0,0,0,0,0,0.0,0.0,9,0.9,0.0,0.0,167,0.579861111111111,0.0,0.7416666666666667,1.25,1.25,1.0833333333333333,0.0,0.0
744,62.0,62.0,2,14.0,14:00,19.023895501153813,8.72875163798738,10.295143863166434,0,0,0,0,0,0,2,1,1,0,0.0,0.0,7,0.7,0.0,0.0,168,0.5833333333333334,0.0,0.75,1.0833333333333333,1.0833333333333333,1.0,0.0,0.0
745,62.083333333333336,62.083333333333336,2,14.083333333333336,14:05,19.249501714982948,8.751013362054195,10.498488352928753,0,0,0,0,0,0,1,0,1,0,0.0,0.0,6,0.6,0.0,0.0,169,0.5868055555555557,0.0,0.75,1.0833333333333333,1.0833333333333333,1.0833333333333333,0.0,0.0
746,62.166666666666664,62.166666666666664,2,14.166666666666664,14:09,19.504177556859954,8.778990435911853,10.725187120948101,1,0,1,1,0,1,3,2,1,0,0.0,0.0,4,0.4,0.0,0.0,170,0.5902777777777777,0.0,0.7333333333333334,1.0833333333333333,1.0833333333333333,1.25,0.0,0.0
747,62.25,62.25,2,14.25,14:15,19.789117099729374,8.812533585538368,10.976583514191006,1,0,1,1,0,1,3,0,3,0,0.0,0.0,2,0.2,0.0,0.0,171,0.59375,0.0,0.6999999999999998,1.0,1.0,1.3333333333333333,0.0,0.0
748,62.333333333333336,62.333333333333336,2,14.333333333333336,14:20,20.10524765085704,8.851345329119534,11.253902321737508,3,2,1,3,2,1,0,0,0,0,0.0,0.0,5,0.5,0.0,0.0,172,0.5972222222222223,0.0,0.6916666666666665,1.1666666666666667,1.1666666666666667,1.25,0.0,0.0
749,62.416666666666664,62.416666666666664,2,14.416666666666664,14:24,20.453199818904228,8.894977665895407,11.55822215300882,2,1,1,2,1,1,0,0,0,0,0.0,0.0,7,0.7,0.0,0.0,173,0.6006944444444443,0.0,0.6916666666666668,1.25,1.25,1.25,0.0,0.0
750,62.5,62.5,2,14.5,14:30,20.83328039207903,8.942834404306268,11.890445987772763,1,0,1,1,0,1,1,0,1,0,0.0,0.0,7,0.7,0.0,0.0,174,0.6041666666666666,0.0,0.6916666666666668,1.25,1.25,1.25,0.0,0.0
751,62.583333333333336,62.583333333333336,2,14.583333333333336,14:35,21.245448507288465,8.994178430904247,12.251270076384218,1,1,0,1,1,0,0,0,0,0,0.0,0.0,8,0.8,0.0,0.0,175,0.607638888888889,0.0,0.6833333333333332,1.0833333333333333,1.0833333333333333,1.1666666666666667,0.0,0.0
752,62.666666666666664,62.666666666666664,2,14.666666666666664,14:39,21.68929557038578,9.048144077343084,12.641151493042695,4,2,2,3,2,1,1,0,1,1,0.0,0.0,10,1.0,0.0,0.0,176,0.611111111111111,0.08333333333333333,0.6916666666666668,1.3333333333333333,1.25,1.1666666666666667,0.0,0.0
753,62.75,62.75,2,14.75,14:45,22.164029359491966,9.103754573509828,13.060274785982138,1,1,0,0,0,0,0,0,0,2,2.5,5.0,10,1.0,0.0,0.0,177,0.6145833333333334,0.25,0.7000000000000001,1.25,1.0833333333333333,1.0,0.0,0.20833333333333334
754,62.833333333333336,62.833333333333336,2,14.833333333333336,14:50,22.668462706575408,9.159944384996713,13.508518321578695,2,1,1,1,0,1,1,1,0,3,1.6666666666666667,5.0,10,1.0,10.0,0.0,178,0.6180555555555557,0.5,0.7083333333333334,1.3333333333333333,1.0833333333333333,1.0,0.8333333333333334,0.34722222222222227
755,62.916666666666664,62.916666666666664,2,14.916666666666664,14:54,23.201007106769815,9.215586028918846,13.985421077850969,1,0,1,3,2,1,3,2,1,1,0.0,0.0,10,1.0,6.666666666666667,0.0,179,0.6215277777777777,0.5833333333333334,0.7166666666666667,1.4166666666666667,1.3333333333333333,1.25,1.388888888888889,0.34722222222222227
756,63.0,63.0,2,15.0,15:00,23.759671550263715,9.26952075156188,14.490150798701835,1,0,1,1,0,1,1,0,1,1,0.0,0.0,10,1.0,5.0,0.0,180,0.625,0.6666666666666666,0.7416666666666667,1.5,1.4166666666666667,1.1666666666666667,1.8055555555555556,0.34722222222222227
757,63.083333333333336,63.083333333333336,2,15.083333333333336,15:05,24.342066808205356,9.320592243964095,15.021474564241263,1,0,1,1,0,1,1,0,1,1,0.0,0.0,10,1.0,5.0,0.0,181,0.6284722222222223,0.75,0.775,1.5833333333333333,1.5,1.1666666666666667,2.2222222222222223,0.34722222222222227
758,63.166666666666664,63.166666666666664,2,15.166666666666664,15:09,24.945415332384425,9.367682377874381,15.577732954510044,2,1,1,2,1,1,2,2,0,1,0.0,0.0,10,1.0,2.5,0.0,182,0.6319444444444443,0.8333333333333334,0.8250000000000001,1.6666666666666667,1.5833333333333333,1.0833333333333333,2.430555555555556,0.34722222222222227
759,63.25,63.25,2,15.25,15:15,25.566566849190355,9.409747775764568,16.156819073425787,4,2,2,1,0,1,1,0,1,4,0.0,0.0,10,1.0,5.0,0.0,183,0.6354166666666666,1.1666666666666667,0.8916666666666667,1.9166666666666667,1.5833333333333333,0.9166666666666666,2.847222222222222,0.34722222222222227
760,63.333333333333336,63.333333333333336,2,15.333333333333336,15:20,26.202019642504617,9.44585589590243,16.756163746602187,4,4,0,1,1,0,1,1,0,7,2.142857142857143,5.0,10,1.0,5.0,0.0,184,0.638888888888889,1.75,0.9333333333333335,2.0,1.4166666666666667,1.0,3.263888888888889,0.5257936507936508
761,63.416666666666664,63.416666666666664,2,15.416666666666664,15:24,26.847947429031734,9.475219227424237,17.372728201607497,2,2,0,2,0,2,2,0,2,7,4.285714285714286,10.0,10,1.0,10.0,5.0,185,0.642361111111111,2.3333333333333335,0.9583333333333334,2.0,1.4166666666666667,1.1666666666666667,4.097222222222222,0.8829365079365079
762,63.5,63.5,2,15.5,15:30,27.500231634640805,9.497226159997263,18.003005474643544,1,0,1,0,0,0,0,0,0,8,8.125,15.0,10,1.0,0.0,0.0,186,0.6458333333333334,3.0,0.9833333333333334,2.0,1.3333333333333333,1.0833333333333333,4.097222222222222,1.5600198412698412
763,63.583333333333336,63.583333333333336,2,15.583333333333336,15:35,28.154498783354047,9.511467125030162,18.643031658323885,1,1,0,2,2,0,2,1,1,7,10.0,15.0,10,1.0,17.5,7.5,187,0.6493055555555557,3.5833333333333335,1.0,2.0,1.4166666666666667,1.25,5.555555555555556,2.3933531746031744
764,63.666666666666664,63.666666666666664,2,15.666666666666664,15:39,28.80616261366367,9.517754704692791,19.28840790897088,0,0,0,1,1,0,1,0,1,6,14.166666666666666,20.0,10,1.0,20.0,5.0,188,0.6527777777777777,4.0,1.0,1.6666666666666667,1.25,1.25,7.222222222222222,3.57390873015873
765,63.75,63.75,2,15.75,15:45,29.450470442021608,9.516136572142347,19.93433386987926,1,0,1,3,3,0,3,2,1,4,11.25,20.0,10,1.0,23.333333333333332,5.0,189,0.65625,4.166666666666667,1.0,1.6666666666666667,1.5,1.5,9.166666666666666,4.303075396825396
766,63.833333333333336,63.833333333333336,2,15.833333333333336,15:50,30.082553202885293,9.506900358507847,20.575652844377444,0,0,0,1,1,0,1,0,1,3,13.333333333333334,20.0,10,1.0,25.0,5.0,190,0.6597222222222223,4.166666666666667,1.0,1.5,1.5,1.5,10.416666666666666,5.2752976190476195
767,63.916666666666664,63.916666666666664,2,15.916666666666664,15:54,30.69747851091476,9.490569832664995,21.206908678249764,0,0,0,1,0,1,1,0,1,2,15.0,20.0,10,1.0,25.0,10.0,191,0.6631944444444443,4.25,1.0,1.4166666666666667,1.3333333333333333,1.3333333333333333,11.944444444444443,6.5252976190476195
768,64.0,64.0,2,16.0,16:00,31.290306016074023,9.467892118126867,21.822413897947158,4,0,4,1,1,0,1,0,1,5,3.0,15.0,10,1.0,25.0,10.0,192,0.6666666666666666,4.583333333333333,1.0,1.6666666666666667,1.3333333333333333,1.3333333333333333,13.611111111111109,6.7752976190476195
769,64.08333333333333,64.08333333333333,2,16.08333333333333,16:04,31.85614425867985,9.43981604348049,22.41632821519936,1,0,1,2,0,2,2,2,0,4,3.75,5.0,10,1.0,12.5,12.5,193,0.6701388888888887,4.833333333333333,1.0,1.6666666666666667,1.4166666666666667,1.4166666666666667,14.236111111111109,7.0877976190476195
770,64.16666666666667,64.16666666666667,2,16.16666666666667,16:10,32.390208180879924,9.407462111807149,22.98274606907277,1,0,1,2,0,2,2,2,0,3,5.0,10.0,10,1.0,10.0,17.5,194,0.6736111111111113,5.0,1.0,1.5833333333333333,1.4166666666666667,1.4166666666666667,14.861111111111109,7.504464285714286
771,64.25,64.25,2,16.25,16:15,32.88787641539791,9.372084961443933,23.515791453953977,4,0,4,1,0,1,1,1,0,6,2.5,10.0,10,1.0,15.0,25.0,195,0.6770833333333334,5.166666666666667,1.0,1.5833333333333333,1.4166666666666667,1.4166666666666667,15.694444444444443,7.7127976190476195
772,64.33333333333333,64.33333333333333,2,16.33333333333333,16:19,33.34474745313813,9.33502955522322,24.009717897914914,2,0,2,4,0,4,4,4,0,4,2.5,5.0,10,1.0,8.75,23.75,196,0.6805555555555554,4.916666666666667,1.0,1.4166666666666667,1.6666666666666667,1.6666666666666667,16.006944444444443,7.742559523809525
773,64.41666666666667,64.41666666666667,2,16.41666666666667,16:25,33.75669378948213,9.297682658011649,24.45901113147048,3,1,2,0,0,0,0,0,0,7,4.285714285714286,10.0,10,1.0,0.0,0.0,197,0.684027777777778,4.916666666666667,1.0,1.5,1.5,1.5,15.173611111111109,7.742559523809525
774,64.5,64.5,2,16.5,16:30,34.11991316553358,9.26142142433202,24.85849174120156,2,1,1,1,0,1,1,0,1,8,6.25,15.0,10,1.0,15.0,5.0,198,0.6875,4.916666666666667,1.0,1.5833333333333333,1.5833333333333333,1.5833333333333333,16.42361111111111,7.586309523809525
775,64.58333333333333,64.58333333333333,2,16.58333333333333,16:34,34.430976055390865,9.227561102995125,25.20341495239574,0,0,0,2,0,2,2,0,2,6,9.166666666666666,15.0,10,1.0,17.5,12.5,199,0.690972222222222,4.833333333333333,1.0,1.5,1.5833333333333333,1.5833333333333333,16.42361111111111,7.516865079365079
776,64.66666666666667,64.66666666666667,2,16.66666666666667,16:40,34.6868686034954,9.19730396153598,25.489564641959415,0,0,0,3,1,2,3,0,3,3,11.666666666666666,15.0,10,1.0,16.666666666666668,18.333333333333332,200,0.6944444444444446,4.583333333333333,1.0,1.5,1.75,1.75,16.145833333333332,7.308531746031746
777,64.75,64.75,2,16.75,16:45,34.88503028647547,9.171691531932606,25.713338754542864,0,0,0,0,0,0,0,0,0,3,16.666666666666668,20.0,10,1.0,0.0,0.0,201,0.6979166666666666,4.5,1.0,1.4166666666666667,1.5,1.5,14.201388888888891,7.759920634920635
778,64.83333333333333,64.83333333333333,2,16.83333333333333,16:49,35.02338566044036,9.15156217788235,25.87182348255801,2,1,1,0,0,0,0,0,0,5,13.0,25.0,10,1.0,0.0,0.0,202,0.7013888888888887,4.666666666666667,1.0,1.5833333333333333,1.4166666666666667,1.4166666666666667,12.118055555555557,7.732142857142857
779,64.91666666666667,64.91666666666667,2,16.91666666666667,16:55,35.10036965568599,9.13751578565321,25.962853870032774,2,1,1,5,2,3,5,0,5,2,0.0,0.0,10,1.0,18.0,11.0,203,0.7048611111111113,4.666666666666667,1.0,1.75,1.75,1.75,11.534722222222221,6.482142857142857
780,65.0,65.0,2,17.0,17:00,35.11494599413609,9.129887093561539,25.985058900574554,2,1,1,0,0,0,0,0,0,4,2.5,5.0,10,1.0,0.0,0.0,204,0.7083333333333334,4.583333333333333,1.0,1.5833333333333333,1.6666666666666667,1.6666666666666667,9.45138888888889,6.44047619047619
781,65.08333333333333,65.08333333333333,2,17.08333333333333,17:04,35.06661842807187,9.128728812929904,25.937889615141966,3,0,3,1,1,0,1,0,1,6,3.3333333333333335,10.0,10,1.0,10.0,20.0,205,0.7118055555555554,4.75,1.0,1.75,1.5833333333333333,1.5833333333333333,9.243055555555555,6.405753968253968
782,65.16666666666667,65.16666666666667,2,17.16666666666667,17:10,34.955434629012665,9.13380527382459,25.821629355188072,2,0,2,1,0,1,1,0,1,7,5.0,10.0,10,1.0,15.0,15.0,206,0.715277777777778,5.083333333333333,1.0,1.8333333333333333,1.5,1.5,9.659722222222223,6.405753968253968
783,65.25,65.25,2,17.25,17:15,34.78198268999153,9.144596873207066,25.637385816784462,1,0,1,1,1,0,1,0,1,7,7.857142857142857,15.0,10,1.0,15.0,15.0,207,0.71875,5.166666666666667,1.0,1.5833333333333333,1.5,1.5,9.659722222222223,6.85218253968254
784,65.33333333333333,65.33333333333333,2,17.33333333333333,17:19,34.547380339773454,9.160315134711709,25.387065205061745,2,0,2,3,0,3,3,1,2,6,6.666666666666667,15.0,10,1.0,16.666666666666668,15.0,208,0.722222222222222,5.333333333333333,1.0,1.5833333333333333,1.4166666666666667,1.4166666666666667,10.319444444444445,7.199404761904762
785,65.41666666666667,65.41666666666667,2,17.41666666666667,17:25,34.253257100603676,9.179927732138497,25.073329368465178,0,0,0,1,0,1,1,1,0,5,10.0,15.0,10,1.0,20.0,15.0,209,0.7256944444444446,5.166666666666667,1.0,1.3333333333333333,1.5,1.5,11.986111111111112,7.675595238095237
786,65.5,65.5,2,17.5,17:30,33.90172974870734,9.202192406228747,24.699537342478592,1,0,1,3,0,3,3,1,2,3,6.666666666666667,10.0,10,1.0,18.333333333333332,15.0,210,0.7291666666666666,4.75,1.0,1.25,1.6666666666666667,1.6666666666666667,12.263888888888888,7.71031746031746
787,65.58333333333333,65.58333333333333,2,17.58333333333333,17:34,33.495371555993486,9.22569833752863,24.269673218464856,2,0,2,1,0,1,1,1,0,4,5.0,15.0,10,1.0,15.0,25.0,211,0.7326388888888887,4.583333333333333,1.0,1.4166666666666667,1.5833333333333333,1.5833333333333333,12.055555555555555,7.363095238095238
788,65.66666666666667,65.66666666666667,2,17.66666666666667,17:40,33.03717589948518,9.248913244897913,23.788262654587264,1,0,1,1,0,1,1,0,1,4,5.0,10.0,10,1.0,20.0,15.0,212,0.7361111111111113,4.666666666666667,1.0,1.5,1.4166666666666667,1.4166666666666667,12.333333333333334,6.807539682539683
789,65.75,65.75,2,17.75,17:45,32.53051491944552,9.27023427284599,23.260280646599533,3,0,3,0,0,0,0,0,0,7,5.714285714285714,15.0,10,1.0,0.0,0.0,213,0.7395833333333334,5.0,1.0,1.75,1.4166666666666667,1.4166666666666667,12.333333333333334,5.894841269841269
790,65.83333333333333,65.83333333333333,2,17.83333333333333,17:49,31.979093985931655,9.288040619622178,22.691053366309475,0,0,0,2,0,2,2,0,2,5,8.0,15.0,10,1.0,17.5,17.5,214,0.7430555555555554,5.0,1.0,1.5833333333333333,1.5833333333333333,1.5833333333333333,13.791666666666666,5.478174603174604
791,65.91666666666667,65.91666666666667,2,17.91666666666667,17:55,31.386902794955155,9.300745844635307,22.086156950319847,0,0,0,1,0,1,1,0,1,4,11.25,15.0,10,1.0,20.0,15.0,215,0.746527777777778,5.166666666666667,1.0,1.4166666666666667,1.25,1.25,13.958333333333334,6.415674603174604
792,66.0,66.0,2,18.0,18:00,30.758163958405603,9.306847875653567,21.451316082752037,1,0,1,2,0,2,2,1,1,3,10.0,15.0,10,1.0,17.5,15.0,216,0.75,5.083333333333333,1.0,1.3333333333333333,1.4166666666666667,1.4166666666666667,15.416666666666666,7.040674603174604
793,66.08333333333333,66.08333333333333,2,18.08333333333333,18:04,30.09727997576594,9.304974905556126,20.792305070209814,0,0,0,1,0,1,1,0,1,2,12.5,20.0,10,1.0,20.0,20.0,217,0.753472222222222,4.75,1.0,1.0833333333333333,1.4166666666666667,1.4166666666666667,16.25,7.804563492063493
794,66.16666666666667,66.16666666666667,2,18.16666666666667,18:10,29.4087794802953,9.293925612955572,20.114853867339733,3,1,2,3,0,3,3,0,3,2,0.0,0.0,10,1.0,11.666666666666666,18.333333333333332,218,0.7569444444444446,4.333333333333333,1.0,1.1666666666666667,1.5833333333333333,1.5833333333333333,15.972222222222221,7.387896825396826
795,66.25,66.25,2,18.25,18:15,28.697263638153192,9.272702445050424,19.424561193102768,2,1,1,3,2,1,3,0,3,1,0.0,0.0,10,1.0,3.3333333333333335,18.333333333333332,219,0.7604166666666666,3.8333333333333335,1.0,1.25,1.75,1.75,15.0,6.733134920634921
796,66.33333333333333,66.33333333333333,2,18.33333333333333,18:19,27.967353546769104,9.240537046453097,18.72681650031601,2,0,2,1,0,1,1,0,1,2,0.0,0.0,10,1.0,5.0,20.0,220,0.7638888888888887,3.5,1.0,1.25,1.5833333333333333,1.5833333333333333,14.027777777777779,6.177579365079365
797,66.41666666666667,66.41666666666667,2,18.41666666666667,18:25,27.223639429946434,9.196907285107596,18.02673214483884,4,2,2,1,0,1,1,0,1,5,1.0,5.0,10,1.0,5.0,15.0,221,0.7673611111111113,3.5,1.0,1.5833333333333333,1.5833333333333333,1.5833333333333333,12.777777777777779,5.427579365079365
798,66.5,66.5,2,18.5,18:30,26.47063236343379,9.14154569638572,17.32908666704807,1,0,1,1,0,1,1,0,1,5,4.0,5.0,10,1.0,10.0,20.0,222,0.7708333333333334,3.6666666666666665,1.0,1.5833333333333333,1.4166666666666667,1.4166666666666667,12.083333333333334,5.205357142857143
799,66.58333333333333,66.58333333333333,2,18.58333333333333,18:34,25.712719188060834,9.074439520771787,16.638279667289048,3,0,3,2,1,1,2,0,2,6,4.166666666666667,10.0,10,1.0,10.0,12.5,223,0.7743055555555554,3.8333333333333335,1.0,1.6666666666666667,1.5,1.5,11.666666666666666,5.135912698412699
800,66.66666666666667,66.66666666666667,2,18.66666666666667,18:40,24.954121180330578,8.995822833054303,15.958298347276274,0,0,0,0,0,0,0,0,0,6,9.166666666666666,15.0,10,1.0,0.0,0.0,224,0.777777777777778,4.0,1.0,1.5833333333333333,1.4166666666666667,1.4166666666666667,10.0,5.483134920634921
801,66.75,66.75,2,18.75,18:45,24.198856955072106,8.90616153835985,15.292695416712256,3,0,3,2,1,1,2,1,1,7,6.428571428571429,15.0,10,1.0,20.0,0.0,225,0.78125,4.0,1.0,1.5833333333333333,1.5833333333333333,1.5833333333333333,11.666666666666666,5.54265873015873
802,66.83333333333333,66.83333333333333,2,18.83333333333333,18:49,23.45070997399877,8.806132232833592,14.644577741165175,1,1,0,3,0,3,3,1,2,5,6.0,15.0,10,1.0,16.666666666666668,13.333333333333334,226,0.784722222222222,4.0,1.0,1.6666666666666667,1.6666666666666667,1.6666666666666667,11.597222222222221,5.375992063492063
803,66.91666666666667,66.91666666666667,2,18.91666666666667,18:55,22.713200930414057,8.69659608814215,14.016604842271908,0,0,0,1,0,1,1,0,1,4,8.75,10.0,10,1.0,20.0,10.0,227,0.7881944444444446,4.0,1.0,1.6666666666666667,1.6666666666666667,1.6666666666666667,11.597222222222221,5.16765873015873
804,67.0,67.0,2,19.0,19:00,21.989565176425764,8.57856901683194,13.410996159593822,0,0,0,3,0,3,3,1,2,1,10.0,10.0,10,1.0,15.0,6.666666666666667,228,0.7916666666666666,3.8333333333333335,1.0,1.5833333333333333,1.75,1.75,11.388888888888888,5.16765873015873
805,67.08333333333333,67.08333333333333,2,19.08333333333333,19:04,21.282735257331566,8.453189411037275,12.829545846294291,0,0,0,1,1,0,1,1,0,0,0.0,0.0,10,1.0,15.0,20.0,229,0.7951388888888887,3.6666666666666665,1.0,1.5833333333333333,1.75,1.75,10.972222222222221,4.125992063492063
806,67.16666666666667,67.16666666666667,2,19.16666666666667,19:10,20.59532852059015,8.321684724343893,12.273643796246258,3,0,3,0,0,0,0,0,0,3,0.0,0.0,10,1.0,0.0,0.0,230,0.7986111111111113,3.75,1.0,1.5833333333333333,1.5,1.5,10.0,4.125992063492063
807,67.25,67.25,2,19.25,19:15,19.9296396760039,8.185338092596583,11.744301583407319,1,0,1,1,0,1,1,0,1,3,3.3333333333333335,5.0,10,1.0,5.0,10.0,231,0.8020833333333334,3.9166666666666665,1.0,1.5,1.3333333333333333,1.3333333333333333,10.138888888888888,4.403769841269841
808,67.33333333333333,67.33333333333333,2,19.33333333333333,19:19,19.287638101157857,8.045456072839661,11.242182028318194,0,0,0,1,0,1,1,0,1,2,7.5,10.0,10,1.0,10.0,20.0,232,0.8055555555555554,3.9166666666666665,1.0,1.3333333333333333,1.3333333333333333,1.3333333333333333,10.555555555555555,5.028769841269841
809,67.41666666666667,67.41666666666667,2,19.41666666666667,19:25,18.67096961320062,7.903338430365595,10.767631182835023,2,2,0,2,0,2,2,0,2,2,0.0,0.0,10,1.0,12.5,20.0,233,0.809027777777778,3.6666666666666665,1.0,1.1666666666666667,1.4166666666666667,1.4166666666666667,11.180555555555555,4.945436507936508
810,67.5,67.5,2,19.5,19:30,18.080962365783023,7.760250732515361,10.320711633267662,1,0,1,3,2,1,3,0,3,0,0.0,0.0,10,1.0,3.3333333333333335,15.0,234,0.8125,3.25,1.0,1.1666666666666667,1.5833333333333333,1.5833333333333333,10.625,4.612103174603175
811,67.58333333333333,67.58333333333333,2,19.58333333333333,19:34,17.51863647912628,7.617400324809069,9.90123615431721,2,2,0,2,2,0,2,0,2,0,0.0,0.0,10,1.0,0.0,10.0,235,0.815972222222222,2.75,1.0,1.0833333333333333,1.5833333333333333,1.5833333333333333,9.791666666666666,4.2648809523809526
812,67.66666666666667,67.66666666666667,2,19.66666666666667,19:40,16.98471697215285,7.47591607989679,9.50880089225606,2,1,1,1,0,1,1,0,1,1,0.0,0.0,10,1.0,0.0,15.0,236,0.8194444444444446,2.3333333333333335,1.0,1.25,1.6666666666666667,1.6666666666666667,9.791666666666666,3.5009920634920633
813,67.75,67.75,2,19.75,19:45,16.479649538420226,7.336832131294739,9.142817407125486,1,0,1,1,1,0,1,1,0,1,0.0,0.0,10,1.0,5.0,15.0,237,0.8229166666666666,1.8333333333333333,1.0,1.0833333333333333,1.5833333333333333,1.5833333333333333,8.541666666666666,2.965277777777778
814,67.83333333333333,67.83333333333333,2,19.83333333333333,19:49,16.003618691996376,7.201075639059804,8.80254305293657,1,0,1,0,0,0,0,0,0,2,2.5,5.0,10,1.0,0.0,0.0,238,0.8263888888888887,1.5833333333333333,1.0,1.0833333333333333,1.3333333333333333,1.3333333333333333,7.152777777777779,2.673611111111111
815,67.91666666666667,67.91666666666667,2,19.91666666666667,19:55,15.556567804863029,7.069458488968,8.487109315895028,1,1,0,3,1,2,3,1,2,0,0.0,0.0,10,1.0,5.0,8.333333333333334,239,0.8298611111111113,1.25,1.0,1.1666666666666667,1.5,1.5,5.902777777777779,1.9444444444444446
816,68.0,68.0,2,20.0,20:00,15.13822056313811,6.942672704205335,8.195547858932777,0,0,0,0,0,0,1,0,1,0,0.0,0.0,9,0.9,0.0,0.0,240,0.8333333333333334,1.1666666666666667,0.9916666666666667,1.1666666666666667,1.25,1.3333333333333333,4.652777777777778,1.1111111111111112
817,68.08333333333333,68.08333333333333,2,20.08333333333333,20:04,14.748103384393737,6.821289251199006,7.926814133194732,1,0,1,1,0,1,2,1,1,0,0.0,0.0,8,0.8,0.0,10.0,241,0.8368055555555554,1.1666666666666667,0.975,1.25,1.25,1.4166666666666667,3.402777777777778,1.1111111111111112
818,68.16666666666667,68.16666666666667,2,20.16666666666667,20:10,14.385568361469616,6.7057598496256885,7.679808511843927,0,0,0,0,0,0,1,1,0,0,0.0,0.0,7,0.7,0.0,0.0,242,0.840277777777778,0.9166666666666666,0.9500000000000001,1.0,1.25,1.5,3.402777777777778,1.1111111111111112
819,68.25,68.25,2,20.25,20:15,14.04981632818525,6.596421350111682,7.453394978073567,0,0,0,0,0,0,1,1,0,0,0.0,0.0,6,0.6,0.0,5.0,243,0.84375,0.6666666666666666,0.9166666666666666,0.9166666666666666,1.1666666666666667,1.5,2.986111111111111,0.8333333333333334
820,68.33333333333333,68.33333333333333,2,20.33333333333333,20:19,13.739919677927592,6.49350221988646,7.246417458041132,0,0,0,0,0,0,2,1,1,0,0.0,0.0,4,0.4,0.0,5.0,244,0.847222222222222,0.5,0.8666666666666667,0.9166666666666666,1.0833333333333333,1.5833333333333333,2.152777777777778,0.20833333333333334
821,68.41666666666667,68.41666666666667,2,20.41666666666667,20:25,13.45484460589287,6.397130674047494,7.057713931845375,0,0,0,0,0,0,1,0,1,0,0.0,0.0,3,0.3,0.0,0.0,245,0.8506944444444446,0.3333333333333333,0.8083333333333332,0.75,0.9166666666666666,1.5,1.1111111111111112,0.20833333333333334
822,68.5,68.5,2,20.5,20:30,13.193472488465396,6.3073440049750635,6.8861284834903325,1,0,1,1,0,1,1,1,0,0,0.0,0.0,3,0.3,0.0,0.0,246,0.8541666666666666,0.3333333333333333,0.75,0.75,0.75,1.3333333333333333,0.8333333333333334,0.20833333333333334
823,68.58333333333333,68.58333333333333,2,20.58333333333333,20:34,12.954620157558606,6.224098691349161,6.730521466209446,0,0,0,0,0,0,1,0,1,0,0.0,0.0,2,0.2,0.0,0.0,247,0.8576388888888887,0.3333333333333333,0.6833333333333332,0.5833333333333334,0.5833333333333334,1.25,0.8333333333333334,0.20833333333333334
824,68.66666666666667,68.66666666666667,2,20.66666666666667,20:40,12.737058872538045,6.147280907651467,6.5897779648865775,4,3,1,4,3,1,1,0,1,0,0.0,0.0,5,0.5,0.0,5.0,248,0.8611111111111113,0.25,0.6416666666666666,0.75,0.8333333333333334,1.25,0.8333333333333334,0.20833333333333334
825,68.75,68.75,2,20.75,20:45,12.539531836511904,6.076717101595184,6.462814734916719,0,0,0,0,0,0,0,0,0,0,0.0,0.0,5,0.5,0.0,0.0,249,0.8645833333333334,0.16666666666666666,0.6,0.6666666666666666,0.75,1.1666666666666667,0.4166666666666667,0.20833333333333334
826,68.83333333333333,68.83333333333333,2,20.83333333333333,20:49,12.36077014636783,6.012184357506114,6.348585788861716,0,0,0,0,0,0,0,0,0,0,0.0,0.0,5,0.5,0.0,0.0,250,0.8680555555555554,0.0,0.5583333333333332,0.5833333333333334,0.75,1.1666666666666667,0.4166666666666667,0.0
827,68.91666666666667,68.91666666666667,2,20.91666666666667,20:55,12.199507106145438,5.953420315551104,6.246086790594334,2,2,0,2,2,0,0,0,0,0,0.0,0.0,7,0.7,0.0,0.0,251,0.871527777777778,0.0,0.5333333333333333,0.6666666666666666,0.6666666666666666,0.9166666666666666,0.0,0.0
828,69.0,69.0,2,21.0,21:00,12.05449087050067,5.90013246759247,6.1543584029081995,0,0,0,0,0,0,0,0,0,0,0.0,0.0,7,0.7,0.0,0.0,252,0.875,0.0,0.5166666666666667,0.6666666666666666,0.6666666666666666,0.8333333333333334,0.0,0.0
829,69.08333333333333,69.08333333333333,2,21.08333333333333,21:04,11.924495418634844,5.852006698531694,6.072488720103149,0,0,0,0,0,0,3,2,1,0,0.0,0.0,4,0.4,0.0,0.0,253,0.878472222222222,0.0,0.48333333333333334,0.5833333333333334,0.5833333333333334,0.9166666666666666,0.0,0.0
830,69.16666666666667,69.16666666666667,2,21.16666666666667,21:10,11.80832988876632,5.808714985953208,5.999614902813112,0,0,0,0,0,0,0,0,0,0,0.0,0.0,4,0.4,0.0,0.0,254,0.8819444444444446,0.0,0.4583333333333333,0.5833333333333334,0.5833333333333334,0.8333333333333334,0.0,0.0
831,69.25,69.25,2,21.25,21:15,11.704846328794464,5.769922209790192,5.934924119004272,0,0,0,0,0,0,1,1,0,0,0.0,0.0,3,0.3,0.0,0.0,255,0.8854166666666666,0.0,0.43333333333333335,0.5833333333333334,0.5833333333333334,0.8333333333333334,0.0,0.0
832,69.33333333333333,69.33333333333333,2,21.33333333333333,21:19,11.612945940157203,5.735292057105529,5.877653883051676,1,0,1,1,0,1,2,1,1,0,0.0,0.0,2,0.2,0.0,0.0,256,0.8888888888888887,0.0,0.4166666666666667,0.6666666666666666,0.6666666666666666,0.8333333333333334,0.0,0.0
833,69.41666666666667,69.41666666666667,2,21.41666666666667,21:25,11.531583909042775,5.704492034744795,5.827091874297981,0,0,0,0,0,0,0,0,0,0,0.0,0.0,2,0.2,0.0,0.0,257,0.8923611111111113,0.0,0.4083333333333334,0.6666666666666666,0.6666666666666666,0.75,0.0,0.0
834,69.5,69.5,2,21.5,21:30,11.45977293221292,5.677197624680009,5.782575307532912,0,0,0,0,0,0,0,0,0,0,0.0,0.0,2,0.2,0.0,0.0,258,0.8958333333333334,0.0,0.39999999999999997,0.5833333333333334,0.5833333333333334,0.6666666666666666,0.0,0.0
835,69.58333333333333,69.58333333333333,2,21.58333333333333,21:34,11.39658555394757,5.653095633639938,5.743489920307632,0,0,0,0,0,0,1,1,0,0,0.0,0.0,1,0.1,0.0,0.0,259,0.8993055555555554,0.0,0.39166666666666666,0.5833333333333334,0.5833333333333334,0.6666666666666666,0.0,0.0
836,69.66666666666667,69.66666666666667,2,21.66666666666667,21:40,11.341155436315569,5.631886800580895,5.709268635734674,2,0,2,2,0,2,0,0,0,0,0.0,0.0,3,0.3,0.0,0.0,260,0.902777777777778,0.0,0.375,0.4166666666666667,0.4166666666666667,0.5833333333333334,0.0,0.0
837,69.75,69.75,2,21.75,21:45,11.292677687450254,5.613287733252455,5.6793899541977995,1,0,1,1,0,1,0,0,0,0,0.0,0.0,4,0.4,0.0,0.0,261,0.90625,0.0,0.3666666666666667,0.5,0.5,0.5833333333333334,0.0,0.0
838,69.83333333333333,69.83333333333333,2,21.83333333333333,21:49,11.250408372138354,5.597032249165732,5.653376122972622,2,2,0,2,2,0,0,0,0,0,0.0,0.0,6,0.6,0.0,0.0,262,0.909722222222222,0.0,0.375,0.6666666666666666,0.6666666666666666,0.5833333333333334,0.0,0.0
839,69.91666666666667,69.91666666666667,2,21.91666666666667,21:55,11.213663326211059,5.582872197297952,5.630791128913106,0,0,0,0,0,0,0,0,0,0,0.0,0.0,6,0.6,0.0,0.0,263,0.9131944444444446,0.0,0.3666666666666667,0.5,0.5,0.5833333333333334,0.0,0.0
840,70.0,70.0,2,22.0,22:00,11.181816391359748,5.570577835466623,5.611238555893125,1,1,0,1,1,0,0,0,0,0,0.0,0.0,7,0.7,0.0,0.0,264,0.9166666666666666,0.0,0.36666666666666664,0.5833333333333334,0.5833333333333334,0.5833333333333334,0.0,0.0
841,70.08333333333333,70.08333333333333,2,22.08333333333333,22:04,11.154297180483882,5.559937835039234,5.594359345444648,0,0,0,0,0,0,1,0,1,0,0.0,0.0,6,0.6,0.0,0.0,265,0.9201388888888887,0.0,0.3833333333333333,0.5833333333333334,0.5833333333333334,0.4166666666666667,0.0,0.0
842,70.16666666666667,70.16666666666667,2,22.16666666666667,22:10,11.13058847589808,5.550758980014279,5.579829495883801,1,0,1,1,0,1,1,0,1,0,0.0,0.0,6,0.6,0.0,0.0,266,0.9236111111111113,0.0,0.39999999999999997,0.6666666666666666,0.6666666666666666,0.5,0.0,0.0
843,70.25,70.25,2,22.25,22:15,11.110223354037712,5.542865621956315,5.567357732081398,1,0,1,1,0,1,0,0,0,0,0.0,0.0,7,0.7,0.0,0.0,267,0.9270833333333334,0.0,0.4333333333333333,0.75,0.75,0.4166666666666667,0.0,0.0
844,70.33333333333333,70.33333333333333,2,22.33333333333333,22:19,11.092782121037228,5.536098946165533,5.556683174871695,1,1,0,1,1,0,2,0,2,0,0.0,0.0,6,0.6,0.0,0.0,268,0.9305555555555554,0.0,0.46666666666666673,0.75,0.75,0.4166666666666667,0.0,0.0
845,70.41666666666667,70.41666666666667,2,22.41666666666667,22:25,11.077889134007714,5.530316098118495,5.5475730358892195,1,0,1,1,0,1,0,0,0,0,0.0,0.0,7,0.7,0.0,0.0,269,0.934027777777778,0.0,0.5083333333333333,0.8333333333333334,0.8333333333333334,0.4166666666666667,0.0,0.0
846,70.5,70.5,2,22.5,22:30,11.065209573266051,5.525389212876043,5.539820360390008,1,1,0,1,1,0,2,2,0,0,0.0,0.0,6,0.6,0.0,0.0,270,0.9375,0.0,0.5416666666666666,0.9166666666666666,0.9166666666666666,0.5833333333333334,0.0,0.0
847,70.58333333333333,70.58333333333333,2,22.58333333333333,22:34,11.054446221386897,5.521204384006138,5.533241837380759,0,0,0,0,0,0,0,0,0,0,0.0,0.0,6,0.6,0.0,0.0,271,0.940972222222222,0.0,0.5833333333333333,0.9166666666666666,0.9166666666666666,0.5,0.0,0.0
848,70.66666666666667,70.66666666666667,2,22.66666666666667,22:40,11.045336295939368,5.51766060275124,5.527675693188129,1,1,0,1,1,0,1,1,0,0,0.0,0.0,6,0.6,0.0,0.0,272,0.9444444444444446,0.0,0.6083333333333333,0.8333333333333334,0.8333333333333334,0.5833333333333334,0.0,0.0
849,70.75,70.75,2,22.75,22:45,11.03764837427502,5.514668692777917,5.522979681497103,1,1,0,1,1,0,0,0,0,0,0.0,0.0,7,0.7,0.0,0.0,273,0.9479166666666666,0.0,0.6333333333333333,0.8333333333333334,0.8333333333333334,0.5833333333333334,0.0,0.0
850,70.83333333333333,70.83333333333333,2,22.83333333333333,22:49,11.03117944085892,5.512150260939815,5.519029179919106,1,1,0,1,1,0,0,0,0,0,0.0,0.0,8,0.8,0.0,0.0,274,0.9513888888888887,0.0,0.65,0.75,0.75,0.5833333333333334,0.0,0.0
851,70.91666666666667,70.91666666666667,2,22.91666666666667,22:55,11.025752080455069,5.510036680094674,5.515715400360395,0,0,0,0,0,0,3,1,2,0,0.0,0.0,5,0.5,0.0,0.0,275,0.9548611111111113,0.0,0.6416666666666667,0.75,0.75,0.8333333333333334,0.0,0.0
852,71.0,71.0,2,23.0,23:00,11.021211834035757,5.508268116149105,5.512943717886652,0,0,0,0,0,0,2,1,1,0,0.0,0.0,3,0.3,0.0,0.0,276,0.9583333333333334,0.0,0.6083333333333333,0.6666666666666666,0.6666666666666666,1.0,0.0,0.0
853,71.08333333333333,71.08333333333333,2,23.08333333333333,23:04,11.017424728600275,5.5067926081511045,5.510632120449171,0,0,0,0,0,0,0,0,0,0,0.0,0.0,3,0.3,0.0,0.0,277,0.9618055555555554,0.0,0.5833333333333334,0.6666666666666666,0.6666666666666666,0.9166666666666666,0.0,0.0
854,71.16666666666667,71.16666666666667,2,23.16666666666667,23:10,11.014274987158913,5.505565207387003,5.508709779771911,0,0,0,0,0,0,0,0,0,0,0.0,0.0,3,0.3,0.0,0.0,278,0.965277777777778,0.0,0.5583333333333332,0.5833333333333334,0.5833333333333334,0.8333333333333334,0.0,0.0
855,71.25,71.25,2,23.25,23:15,11.011662920942175,5.5045471790343425,5.507115741907833,0,0,0,0,0,0,1,1,0,0,0.0,0.0,2,0.2,0.0,0.0,279,0.96875,0.0,0.5166666666666667,0.5,0.5,0.9166666666666666,0.0,0.0
856,71.33333333333333,71.33333333333333,2,23.33333333333333,23:19,11.00950300239716,5.503705267937626,5.505797734459534,0,0,0,0,0,0,0,0,0,0,0.0,0.0,2,0.2,0.0,0.0,280,0.972222222222222,0.0,0.48333333333333334,0.4166666666666667,0.4166666666666667,0.75,0.0,0.0
857,71.41666666666667,71.41666666666667,2,23.41666666666667,23:25,11.007722114686809,5.503011028468728,5.504711086218081,1,1,0,1,1,0,1,1,0,0,0.0,0.0,2,0.2,0.0,0.0,281,0.9756944444444446,0.0,0.44166666666666665,0.4166666666666667,0.4166666666666667,0.8333333333333334,0.0,0.0
858,71.5,71.5,2,23.5,23:30,11.006257971159055,5.502440217165992,5.503817753993062,1,1,0,1,1,0,0,0,0,0,0.0,0.0,3,0.3,0.0,0.0,282,0.9791666666666666,0.0,0.4166666666666667,0.4166666666666667,0.4166666666666667,0.6666666666666666,0.0,0.0
859,71.58333333333333,71.58333333333333,2,23.58333333333333,23:34,11.005057696542982,5.501972245873942,5.503085450669041,1,0,1,1,0,1,1,1,0,0,0.0,0.0,3,0.3,0.0,0.0,283,0.9826388888888887,0.0,0.39166666666666666,0.5,0.5,0.75,0.0,0.0
860,71.66666666666667,71.66666666666667,2,23.66666666666667,23:40,11.004076560396394,5.5015896923886345,5.502486868007759,0,0,0,0,0,0,0,0,0,0,0.0,0.0,3,0.3,0.0,0.0,284,0.9861111111111113,0.0,0.36666666666666664,0.4166666666666667,0.4166666666666667,0.6666666666666666,0.0,0.0
861,71.75,71.75,2,23.75,23:45,11.003276852512217,5.5012778651142815,5.501998987397935,0,0,0,0,0,0,0,0,0,0,0.0,0.0,3,0.3,0.0,0.0,285,0.9895833333333334,0.0,0.3333333333333333,0.3333333333333333,0.3333333333333333,0.6666666666666666,0.0,0.0
862,71.83333333333333,71.83333333333333,2,23.83333333333333,23:49,11.002626889529498,5.5010244179194245,5.501602471610074,0,0,0,0,0,0,1,1,0,0,0.0,0.0,2,0.2,0.0,0.0,286,0.9930555555555554,0.0,0.2833333333333333,0.25,0.25,0.75,0.0,0.0
863,71.91666666666667,71.91666666666667,2,23.91666666666667,23:55,11.002100141830914,5.5008190112139035,5.501281130617009,1,1,0,1,1,0,0,0,0,0,0.0,0.0,3,0.3,0.0,0.0,287,0.996527777777778,0.0,0.26666666666666666,0.3333333333333333,0.3333333333333333,0.5,0.0,0.0
