step,hour,global_hour,day_index,hour_of_day,time_label,expected_passing_total,expected_passing_ab,expected_passing_ba,arrivals_total,arrivals_ab,arrivals_ba,starts_total,starts_ab,starts_ba,completions_total,completions_ab,completions_ba,queue_length,queue_wait_mean_minutes,queue_wait_max_minutes,active_plugs,utilization,started_service_mean_minutes,started_wait_mean_minutes,completed_wait_mean_minutes,disruption_active,disruption_type,disruption_type_code,disruption_day_index,disruption_start_hour,disruption_end_hour,disruption_remaining_minutes,effective_num_plugs,demand_multiplier_ab,demand_multiplier_ba,service_time_multiplier,scripted_disruption,step_in_day,day_progress,queue_length_rolling_1h,utilization_rolling_1h,arrivals_total_rolling_1h,starts_total_rolling_1h,completions_total_rolling_1h,queue_wait_mean_minutes_rolling_1h,started_service_mean_minutes_rolling_1h,started_wait_mean_minutes_rolling_1h,effective_num_plugs_rolling_1h
0,0.0,0.0,0,0.0,00:00,11.00008198637012,5.5000508316227625,5.500031154747357,1,1,0,1,1,0,0,0,0,0,0.0,0.0,1,0.07142857142857142,34.79076970107702,0.0,0.0,0,none,0,-1,-1.0,-1.0,0.0,14,1.0,1.0,1.0,0,0,0.0,0.0,0.07142857142857142,1.0,1.0,0.0,0.0,34.79076970107702,0.0,14.0
1,0.08333333333333333,0.08333333333333333,0,0.08333333333333333,00:05,11.000106230721423,5.50006586317033,5.500040367551093,1,1,0,1,1,0,0,0,0,0,0.0,0.0,2,0.14285714285714285,46.942710040408386,0.0,0.0,0,none,0,-1,-1.0,-1.0,0.0,14,1.0,1.0,1.0,0,1,0.003472222222222222,0.0,0.10714285714285714,1.0,1.0,0.0,0.0,40.866739870742705,0.0,14.0
2,0.16666666666666666,0.16666666666666666,0,0.16666666666666666,00:10,11.000137271539305,5.500085108559844,5.500052162979461,1,0,1,1,0,1,0,0,0,0,0.0,0.0,3,0.21428571428571427,25.949666733485483,0.0,0.0,0,none,0,-1,-1.0,-1.0,0.0,14,1.0,1.0,1.0,0,2,0.006944444444444444,0.0,0.14285714285714285,1.0,1.0,0.0,0.0,35.89438215832363,0.0,14.0
3,0.25,0.25,0,0.25,00:15,11.000176902014061,5.5001096795899755,5.500067222424086,0,0,0,0,0,0,0,0,0,0,0.0,0.0,3,0.21428571428571427,0.0,0.0,0.0,0,none,0,-1,-1.0,-1.0,0.0,14,1.0,1.0,1.0,0,3,0.010416666666666666,0.0,0.1607142857142857,0.75,0.75,0.0,0.0,26.92078661874272,0.0,14.0
4,0.3333333333333333,0.3333333333333333,0,0.3333333333333333,00:20,11.000227356278621,5.500140961456445,5.500086394822176,1,0,1,1,0,1,0,0,0,0,0.0,0.0,4,0.2857142857142857,18.14545381022231,0.0,0.0,0,none,0,-1,-1.0,-1.0,0.0,14,1.0,1.0,1.0,0,4,0.013888888888888888,0.0,0.1857142857142857,0.8,0.8,0.0,0.0,25.16572005703864,0.0,14.0
5,0.4166666666666667,0.4166666666666667,0,0.4166666666666667,00:25,11.000291409044976,5.50018067453398,5.500110734510996,0,0,0,0,0,0,0,0,0,0,0.0,0.0,4,0.2857142857142857,0.0,0.0,0.0,0,none,0,-1,-1.0,-1.0,0.0,14,1.0,1.0,1.0,0,5,0.017361111111111112,0.0,0.20238095238095236,0.6666666666666666,0.6666666666666666,0.0,0.0,20.971433380865534,0.0,14.0
6,0.5,0.5,0,0.5,00:30,11.000372495477256,5.500230948709127,5.500141546768129,2,2,0,2,2,0,0,0,0,0,0.0,0.0,6,0.42857142857142855,27.822768561706013,0.0,0.0,0,none,0,-1,-1.0,-1.0,0.0,14,1.0,1.0,1.0,0,6,0.020833333333333332,0.0,0.2346938775510204,0.8571428571428571,0.8571428571428571,0.0,0.0,21.95019554955703,0.0,14.0
7,0.5833333333333334,0.5833333333333334,0,0.5833333333333334,00:35,11.000474854853564,5.5002944124684205,5.500180442385144,0,0,0,0,0,0,1,1,0,0,0.0,0.0,5,0.35714285714285715,0.0,0.0,0.0,0,none,0,-1,-1.0,-1.0,0.0,14,1.0,1.0,1.0,0,7,0.024305555555555556,0.0,0.25,0.75,0.75,0.125,0.0,19.2064211058624,0.0,14.0
8,0.6666666666666666,0.6666666666666666,0,0.6666666666666666,00:40,11.000603702062527,5.500374299253697,5.50022940280883,1,1,0,1,1,0,2,0,2,0,0.0,0.0,4,0.2857142857142857,32.25932673795521,0.0,0.0,0,none,0,-1,-1.0,-1.0,0.0,14,1.0,1.0,1.0,0,8,0.027777777777777776,0.0,0.25396825396825395,0.7777777777777778,0.7777777777777778,0.3333333333333333,0.0,20.656743953872713,0.0,14.0
9,0.75,0.75,0,0.75,00:45,11.000765431513953,5.500474573928727,5.500290857585226,2,0,2,2,0,2,0,0,0,0,0.0,0.0,6,0.42857142857142855,40.54452569978879,0.0,0.0,0,none,0,-1,-1.0,-1.0,0.0,14,1.0,1.0,1.0,0,9,0.03125,0.0,0.2714285714285714,0.9,0.9,0.3,0.0,22.64552212846432,0.0,14.0
10,0.8333333333333334,0.8333333333333334,0,0.8333333333333334,00:50,11.000967858612453,5.500600082556764,5.50036777605569,3,0,3,3,0,3,0,0,0,0,0.0,0.0,9,0.6428571428571429,25.114791098637824,0.0,0.0,0,none,0,-1,-1.0,-1.0,0.0,14,1.0,1.0,1.0,0,10,0.034722222222222224,0.0,0.3051948051948052,1.0909090909090908,1.0909090909090908,0.2727272727272727,0.0,22.87000112575282,0.0,14.0
11,0.9166666666666666,0.9166666666666666,0,0.9166666666666666,00:55,11.00122050454246,5.500756729063854,5.500463775478606,0,0,0,0,0,0,2,2,0,0,0.0,0.0,7,0.5,0.0,0.0,0.0,0,none,0,-1,-1.0,-1.0,0.0,14,1.0,1.0,1.0,0,11,0.03819444444444444,0.0,0.3214285714285714,1.0,1.0,0.4166666666666667,0.0,20.964167698606754,0.0,14.0
12,1.0,1.0,0,1.0,01:00,11.001534930734644,5.5009516827530724,5.500583247981572,1,1,0,1,1,0,0,0,0,0,0.0,0.0,8,0.5714285714285714,26.496095395181595,0.0,0.0,0,none,0,-1,-1.0,-1.0,0.0,14,1.0,1.0,1.0,0,12,0.041666666666666664,0.0,0.3630952380952381,1.0,1.0,0.4166666666666667,0.0,20.272944839782134,0.0,14.0
13,1.0833333333333333,1.0833333333333333,0,1.0833333333333333,01:04,11.001925130016067,5.501193621034091,5.500731508981977,0,0,0,0,0,0,1,1,0,0,0.0,0.0,7,0.5,0.0,0.0,0.0,0,none,0,-1,-1.0,-1.0,0.0,14,1.0,1.0,1.0,0,13,0.04513888888888889,0.0,0.39285714285714285,0.9166666666666666,0.9166666666666666,0.5,0.0,16.36105233641477,0.0,14.0
14,1.1666666666666667,1.1666666666666667,0,1.1666666666666667,01:10,11.002407982075074,5.501493012132404,5.500914969942669,0,0,0,0,0,0,0,0,0,0,0.0,0.0,7,0.5,0.0,0.0,0.0,0,none,0,-1,-1.0,-1.0,0.0,14,1.0,1.0,1.0,0,14,0.04861111111111111,0.0,0.4166666666666667,0.8333333333333334,0.8333333333333334,0.5,0.0,14.198580108624311,0.0,14.0
15,1.25,1.25,0,1.25,01:15,11.003003781478727,5.501862442933056,5.501141338545671,0,0,0,0,0,0,3,1,2,0,0.0,0.0,4,0.2857142857142857,0.0,0.0,0.0,0,none,0,-1,-1.0,-1.0,0.0,14,1.0,1.0,1.0,0,15,0.052083333333333336,0.0,0.4226190476190476,0.8333333333333334,0.8333333333333334,0.75,0.0,14.198580108624311,0.0,14.0
16,1.3333333333333333,1.3333333333333333,0,1.3333333333333333,01:19,11.003736847043271,5.502316997482579,5.501419849560692,1,0,1,1,0,1,0,0,0,0,0.0,0.0,5,0.35714285714285715,30.316183124267074,0.0,0.0,0,none,0,-1,-1.0,-1.0,0.0,14,1.0,1.0,1.0,0,16,0.05555555555555555,0.0,0.4285714285714286,0.8333333333333334,0.8333333333333334,0.75,0.0,15.212807551461376,0.0,14.0
17,1.4166666666666667,1.4166666666666667,0,1.4166666666666667,01:25,11.004636221850088,5.502874692005684,5.501761529844404,0,0,0,0,0,0,2,0,2,0,0.0,0.0,3,0.21428571428571427,0.0,0.0,0.0,0,none,0,-1,-1.0,-1.0,0.0,14,1.0,1.0,1.0,0,17,0.05902777777777778,0.0,0.4226190476190476,0.8333333333333334,0.8333333333333334,0.9166666666666666,0.0,15.212807551461376,0.0,14.0
18,1.5,1.5,0,1.5,01:30,11.005736473589717,5.503556972573228,5.50217950101649,1,0,1,1,0,1,1,1,0,0,0.0,0.0,3,0.21428571428571427,28.195153353911312,0.0,0.0,0,none,0,-1,-1.0,-1.0,0.0,14,1.0,1.0,1.0,0,18,0.0625,0.0,0.4047619047619047,0.75,0.75,1.0,0.0,15.243839617478486,0.0,14.0
19,1.5833333333333333,1.5833333333333333,0,1.5833333333333333,01:34,11.007078605168505,5.5043892817663895,5.502689323402116,0,0,0,0,0,0,1,0,1,0,0.0,0.0,2,0.14285714285714285,0.0,0.0,0.0,0,none,0,-1,-1.0,-1.0,0.0,14,1.0,1.0,1.0,0,19,0.06597222222222222,0.0,0.3869047619047619,0.75,0.75,1.0,0.0,15.243839617478486,0.0,14.0
20,1.6666666666666667,1.6666666666666667,0,1.6666666666666667,01:40,11.008711085586196,5.505401700798184,5.503309384788012,2,2,0,2,2,0,0,0,0,0,0.0,0.0,4,0.2857142857142857,28.898607240424308,0.0,0.0,0,none,0,-1,-1.0,-1.0,0.0,14,1.0,1.0,1.0,0,20,0.06944444444444445,0.0,0.3869047619047619,0.8333333333333334,0.8333333333333334,0.8333333333333334,0.0,14.963779659350907,0.0,14.0
21,1.75,1.75,0,1.75,01:45,11.010691010942473,5.5066296735548965,5.504061337387577,1,0,1,1,0,1,0,0,0,0,0.0,0.0,5,0.35714285714285715,39.1029629939642,0.0,0.0,0,none,0,-1,-1.0,-1.0,0.0,14,1.0,1.0,1.0,0,21,0.07291666666666667,0.0,0.38095238095238093,0.75,0.75,0.8333333333333334,0.0,14.843649433865528,0.0,14.0
22,1.8333333333333333,1.8333333333333333,0,1.8333333333333333,01:49,11.013085405007352,5.5081148188834455,5.504970586123907,1,1,0,1,1,0,0,0,0,0,0.0,0.0,6,0.42857142857142855,34.90807509148298,0.0,0.0,0,none,0,-1,-1.0,-1.0,0.0,14,1.0,1.0,1.0,0,22,0.07638888888888888,0.0,0.3630952380952381,0.5833333333333334,0.5833333333333334,0.8333333333333334,0.0,15.659756433269289,0.0,14.0
23,1.9166666666666667,1.9166666666666667,0,1.9166666666666667,01:55,11.015972668041416,5.509905837152156,5.506066830889259,1,1,0,1,1,0,1,0,1,0,0.0,0.0,6,0.42857142857142855,34.559998486923675,0.0,0.0,0,none,0,-1,-1.0,-1.0,0.0,14,1.0,1.0,1.0,0,23,0.07986111111111112,0.0,0.35714285714285715,0.6666666666666666,0.6666666666666666,0.75,0.0,18.539756307179594,0.0,14.0
24,2.0,2.0,0,2.0,02:00,11.019444181421887,5.512059516628226,5.507384664793661,2,2,0,2,2,0,2,1,1,0,0.0,0.0,6,0.42857142857142855,19.781876469874327,0.0,0.0,0,none,0,-1,-1.0,-1.0,0.0,14,1.0,1.0,1.0,0,24,0.08333333333333333,0.0,0.3452380952380952,0.75,0.75,0.9166666666666666,0.0,17.98023806340399,0.0,14.0
25,2.0833333333333335,2.0833333333333335,0,2.0833333333333335,02:05,11.023606074063139,5.514641844523217,5.508964229539922,2,0,2,2,0,2,0,0,0,0,0.0,0.0,8,0.5714285714285714,23.975002408542935,0.0,0.0,0,none,0,-1,-1.0,-1.0,0.0,14,1.0,1.0,1.0,0,25,0.08680555555555557,0.0,0.3511904761904762,0.9166666666666666,0.9166666666666666,0.8333333333333334,0.0,19.97815493078257,0.0,14.0
26,2.1666666666666665,2.1666666666666665,0,2.1666666666666665,02:09,11.02858115455895,5.517729226638116,5.510851927920833,0,0,0,0,0,0,0,0,0,0,0.0,0.0,8,0.5714285714285714,0.0,0.0,0.0,0,none,0,-1,-1.0,-1.0,0.0,14,1.0,1.0,1.0,0,26,0.09027777777777778,0.0,0.35714285714285715,0.9166666666666666,0.9166666666666666,0.8333333333333334,0.0,19.97815493078257,0.0,14.0
27,2.25,2.25,0,2.25,02:15,11.03451101036479,5.5214098183757105,5.5131011919890796,0,0,0,0,0,0,0,0,0,0,0.0,0.0,8,0.5714285714285714,0.0,0.0,0.0,0,none,0,-1,-1.0,-1.0,0.0,14,1.0,1.0,1.0,0,27,0.09375,0.0,0.38095238095238093,0.9166666666666666,0.9166666666666666,0.5833333333333334,0.0,19.97815493078257,0.0,14.0
28,2.3333333333333335,2.3333333333333335,0,2.3333333333333335,02:20,11.041558272131947,5.525784968468751,5.515773303663196,1,1,0,1,1,0,1,1,0,0,0.0,0.0,8,0.5714285714285714,25.555846337595728,0.0,0.0,0,none,0,-1,-1.0,-1.0,0.0,14,1.0,1.0,1.0,0,28,0.09722222222222222,0.0,0.3988095238095237,0.9166666666666666,0.9166666666666666,0.6666666666666666,0.0,19.581460198559956,0.0,14.0
29,2.4166666666666665,2.4166666666666665,0,2.4166666666666665,02:24,11.049909037458988,5.530970775092245,5.518938262366743,0,0,0,0,0,0,5,3,2,0,0.0,0.0,3,0.21428571428571427,0.0,0.0,0.0,0,none,0,-1,-1.0,-1.0,0.0,14,1.0,1.0,1.0,0,29,0.10069444444444443,0.0,0.3988095238095238,0.9166666666666666,0.9166666666666666,0.9166666666666666,0.0,19.581460198559956,0.0,14.0
30,2.5,2.5,0,2.5,02:30,11.059775443807403,5.537099752089127,5.522675691718276,0,0,0,0,0,0,1,1,0,0,0.0,0.0,2,0.14285714285714285,0.0,0.0,0.0,0,none,0,-1,-1.0,-1.0,0.0,14,1.0,1.0,1.0,0,30,0.10416666666666667,0.0,0.39285714285714285,0.8333333333333334,0.8333333333333334,0.9166666666666666,0.0,17.231864085734014,0.0,14.0
31,2.5833333333333335,2.5833333333333335,0,2.5833333333333335,02:35,11.071398375117802,5.5443226008501485,5.5270757742676535,1,0,1,1,0,1,0,0,0,0,0.0,0.0,3,0.21428571428571427,32.173347190843344,0.0,0.0,0,none,0,-1,-1.0,-1.0,0.0,14,1.0,1.0,1.0,0,31,0.1076388888888889,0.0,0.3988095238095238,0.9166666666666666,0.9166666666666666,0.8333333333333334,0.0,19.912976351637624,0.0,14.0
32,2.6666666666666665,2.6666666666666665,0,2.6666666666666665,02:39,11.085050280758281,5.552810080969729,5.532240199788553,0,0,0,0,0,0,1,0,1,0,0.0,0.0,2,0.14285714285714285,0.0,0.0,0.0,0,none,0,-1,-1.0,-1.0,0.0,14,1.0,1.0,1.0,0,32,0.1111111111111111,0.0,0.38690476190476186,0.75,0.75,0.9166666666666666,0.0,17.504759081602263,0.0,14.0
33,2.75,2.75,0,2.75,02:45,11.101038078854435,5.562754970176136,5.538283108678299,0,0,0,0,0,0,0,0,0,0,0.0,0.0,2,0.14285714285714285,0.0,0.0,0.0,0,none,0,-1,-1.0,-1.0,0.0,14,1.0,1.0,1.0,0,33,0.11458333333333333,0.0,0.36904761904761907,0.6666666666666666,0.6666666666666666,0.9166666666666666,0.0,14.24617883210525,0.0,14.0
34,2.8333333333333335,2.8333333333333335,0,2.8333333333333335,02:50,11.11970610883199,5.5743741012412,5.5453320075907895,0,0,0,0,0,0,1,1,0,0,0.0,0.0,1,0.07142857142857142,0.0,0.0,0.0,0,none,0,-1,-1.0,-1.0,0.0,14,1.0,1.0,1.0,0,34,0.11805555555555557,0.0,0.33928571428571425,0.5833333333333334,0.5833333333333334,1.0,0.0,11.337172574481665,0.0,14.0
35,2.9166666666666665,2.9166666666666665,0,2.9166666666666665,02:54,11.141439090215897,5.587910460652415,5.553528629563482,0,0,0,0,0,0,0,0,0,0,0.0,0.0,1,0.07142857142857142,0.0,0.0,0.0,0,none,0,-1,-1.0,-1.0,0.0,14,1.0,1.0,1.0,0,35,0.12152777777777778,0.0,0.3095238095238095,0.5,0.5,0.9166666666666666,0.0,8.45717270057136,0.0,14.0
36,3.0,3.0,0,3.0,03:00,11.166665036471228,5.60363533082227,5.563029705648958,0,0,0,0,0,0,0,0,0,0,0.0,0.0,1,0.07142857142857142,0.0,0.0,0.0,0,none,0,-1,-1.0,-1.0,0.0,14,1.0,1.0,1.0,0,36,0.125,0.0,0.2797619047619047,0.3333333333333333,0.3333333333333333,0.75,0.0,6.808682994748501,0.0,14.0
37,3.0833333333333335,3.0833333333333335,0,3.0833333333333335,03:05,11.195858064071933,5.621850454560362,5.574007609511571,1,0,1,1,0,1,0,0,0,0,0.0,0.0,2,0.14285714285714285,18.588352248245766,0.0,0.0,0,none,0,-1,-1.0,-1.0,0.0,14,1.0,1.0,1.0,0,37,0.12847222222222224,0.0,0.24404761904761907,0.25,0.25,0.75,0.0,6.359795481390403,0.0,14.0
38,3.1666666666666665,3.1666666666666665,0,3.1666666666666665,03:09,11.229541028207668,5.642890197482153,5.586650830725516,0,0,0,0,0,0,1,0,1,0,0.0,0.0,1,0.07142857142857142,0.0,0.0,0.0,0,none,0,-1,-1.0,-1.0,0.0,14,1.0,1.0,1.0,0,38,0.13194444444444445,0.0,0.20238095238095236,0.25,0.25,0.8333333333333334,0.0,6.359795481390403,0.0,14.0
39,3.25,3.25,0,3.25,03:15,11.268287907786952,5.667123681003905,5.601164226783047,1,0,1,1,0,1,0,0,0,0,0.0,0.0,2,0.14285714285714285,43.72998399532762,0.0,0.0,0,none,0,-1,-1.0,-1.0,0.0,14,1.0,1.0,1.0,0,39,0.13541666666666666,0.0,0.16666666666666666,0.3333333333333333,0.3333333333333333,0.8333333333333334,0.0,10.003960814334372,0.0,14.0
40,3.3333333333333335,3.3333333333333335,0,3.3333333333333335,03:20,11.312725853902098,5.6949568555891945,5.617768998312903,1,0,1,1,0,1,0,0,0,0,0.0,0.0,3,0.21428571428571427,31.10021507858503,0.0,0.0,0,none,0,-1,-1.0,-1.0,0.0,14,1.0,1.0,1.0,0,40,0.1388888888888889,0.0,0.1369047619047619,0.3333333333333333,0.3333333333333333,0.75,0.0,10.465991542750146,0.0,14.0
41,3.4166666666666665,3.4166666666666665,0,3.4166666666666665,03:24,11.363536807958473,5.72683448095971,5.636702326998764,2,0,2,2,0,2,1,0,1,0,0.0,0.0,4,0.2857142857142857,21.537565310222497,0.0,0.0,0,none,0,-1,-1.0,-1.0,0.0,14,1.0,1.0,1.0,0,41,0.1423611111111111,0.0,0.14285714285714288,0.5,0.5,0.4166666666666667,0.0,12.260788651935355,0.0,14.0
42,3.5,3.5,0,3.5,03:30,11.421458588538663,5.76324197702404,5.658216611514622,2,1,1,2,1,1,0,0,0,0,0.0,0.0,6,0.42857142857142855,36.973982812148066,0.0,0.0,0,none,0,-1,-1.0,-1.0,0.0,14,1.0,1.0,1.0,0,42,0.14583333333333334,0.0,0.16666666666666666,0.6666666666666666,0.6666666666666666,0.3333333333333333,0.0,15.341953886281027,0.0,14.0
43,3.5833333333333335,3.5833333333333335,0,3.5833333333333335,03:35,11.487285340100799,5.804707106241756,5.682578233859043,1,0,1,1,0,1,0,0,0,0,0.0,0.0,7,0.5,16.44164021026704,0.0,0.0,0,none,0,-1,-1.0,-1.0,0.0,14,1.0,1.0,1.0,0,43,0.14930555555555555,0.0,0.19047619047619047,0.6666666666666666,0.6666666666666666,0.3333333333333333,0.0,14.030978304566334,0.0,14.0
44,3.6666666666666665,3.6666666666666665,0,3.6666666666666665,03:39,11.561867232150437,5.851801444918895,5.710065787231542,1,1,0,1,1,0,1,0,1,0,0.0,0.0,7,0.5,25.419124759498573,0.0,0.0,0,none,0,-1,-1.0,-1.0,0.0,14,1.0,1.0,1.0,0,44,0.15277777777777776,0.0,0.22023809523809523,0.75,0.75,0.3333333333333333,0.0,16.149238701191216,0.0,14.0
45,3.75,3.75,0,3.75,03:45,11.646109294941454,5.905141597380265,5.740967697561189,0,0,0,0,0,0,0,0,0,0,0.0,0.0,7,0.5,0.0,0.0,0.0,0,none,0,-1,-1.0,-1.0,0.0,14,1.0,1.0,1.0,0,45,0.15625,0.0,0.25,0.75,0.75,0.3333333333333333,0.0,16.149238701191216,0.0,14.0
46,3.8333333333333335,3.8333333333333335,0,3.8333333333333335,03:50,11.740969277423117,5.965390102906246,5.775579174516871,1,1,0,1,1,0,0,0,0,0,0.0,0.0,8,0.5714285714285714,39.4673621344894,0.0,0.0,0,none,0,-1,-1.0,-1.0,0.0,14,1.0,1.0,1.0,0,46,0.15972222222222224,0.0,0.2916666666666667,0.8333333333333334,0.8333333333333334,0.25,0.0,19.438185545732,0.0,14.0
47,3.9166666666666665,3.9166666666666665,0,3.9166666666666665,03:54,11.84745441542011,6.033255980554622,5.814198434865488,0,0,0,0,0,0,3,0,3,0,0.0,0.0,5,0.35714285714285715,0.0,0.0,0.0,0,none,0,-1,-1.0,-1.0,0.0,14,1.0,1.0,1.0,0,47,0.16319444444444445,0.0,0.31547619047619047,0.8333333333333334,0.8333333333333334,0.5,0.0,19.438185545732,0.0,14.0
48,4.0,4.0,0,4.0,04:00,11.966617003253864,6.109494851299408,5.8571221519544565,3,2,1,3,2,1,1,0,1,0,0.0,0.0,7,0.5,26.103325465907005,0.0,0.0,0,none,0,-1,-1.0,-1.0,0.0,14,1.0,1.0,1.0,0,48,0.16666666666666666,0.0,0.3511904761904762,1.0833333333333333,1.0833333333333333,0.5833333333333334,0.0,21.613462667890914,0.0,14.0
49,4.083333333333333,4.083333333333333,0,4.083333333333333,04:04,12.099548670496912,6.194908570107196,5.904640100389716,1,1,0,1,1,0,1,0,1,0,0.0,0.0,7,0.5,40.3097853497961,0.0,0.0,0,none,0,-1,-1.0,-1.0,0.0,14,1.0,1.0,1.0,0,49,0.17013888888888887,0.0,0.38095238095238093,1.0833333333333333,1.0833333333333333,0.6666666666666666,0.0,23.423582093020112,0.0,14.0
50,4.166666666666667,4.166666666666667,0,4.166666666666667,04:10,12.24737327756024,6.290344292475275,5.957028985084964,0,0,0,0,0,0,1,1,0,0,0.0,0.0,6,0.42857142857142855,0.0,0.0,0.0,0,none,0,-1,-1.0,-1.0,0.0,14,1.0,1.0,1.0,0,50,0.17361111111111113,0.0,0.41071428571428564,1.0833333333333333,1.0833333333333333,0.6666666666666666,0.0,23.423582093020112,0.0,14.0
51,4.25,4.25,0,4.25,04:15,12.411238359545287,6.396692890485549,6.014545469059738,0,0,0,0,0,0,1,1,0,0,0.0,0.0,5,0.35714285714285715,0.0,0.0,0.0,0,none,0,-1,-1.0,-1.0,0.0,14,1.0,1.0,1.0,0,51,0.17708333333333334,0.0,0.4285714285714286,1.0,1.0,0.75,0.0,19.779416760076142,0.0,14.0
52,4.333333333333333,4.333333333333333,0,4.333333333333333,04:19,12.592305067367628,6.514886622608013,6.077418444759615,0,0,0,0,0,0,1,1,0,0,0.0,0.0,4,0.2857142857142857,0.0,0.0,0.0,0,none,0,-1,-1.0,-1.0,0.0,14,1.0,1.0,1.0,0,52,0.18055555555555555,0.0,0.43452380952380953,0.9166666666666666,0.9166666666666666,0.8333333333333334,0.0,17.187732170194057,0.0,14.0
53,4.416666666666667,4.416666666666667,0,4.416666666666667,04:25,12.79173657860472,6.645895949497362,6.145840629107358,0,0,0,0,0,0,1,0,1,0,0.0,0.0,3,0.21428571428571427,0.0,0.0,0.0,0,none,0,-1,-1.0,-1.0,0.0,14,1.0,1.0,1.0,0,53,0.1840277777777778,0.0,0.4285714285714286,0.75,0.75,0.8333333333333334,0.0,15.39293506100885,0.0,14.0
54,4.5,4.5,0,4.5,04:30,13.01068497775341,6.790725375245666,6.219959602507744,0,0,0,0,0,0,1,1,0,0,0.0,0.0,2,0.14285714285714285,0.0,0.0,0.0,0,none,0,-1,-1.0,-1.0,0.0,14,1.0,1.0,1.0,0,54,0.1875,0.0,0.4047619047619047,0.5833333333333334,0.5833333333333334,0.9166666666666666,0.0,12.311769826663175,0.0,14.0
55,4.583333333333333,4.583333333333333,0,4.583333333333333,04:34,13.250276636403363,6.950408180603698,6.299868455799666,1,1,0,1,1,0,0,0,0,0,0.0,0.0,3,0.21428571428571427,40.13654003827843,0.0,0.0,0,none,0,-1,-1.0,-1.0,0.0,14,1.0,1.0,1.0,0,55,0.1909722222222222,0.0,0.38095238095238093,0.5833333333333334,0.5833333333333334,0.9166666666666666,0.0,14.28634481233079,0.0,14.0
56,4.666666666666667,4.666666666666667,0,4.666666666666667,04:40,13.511596157908452,7.125999902456289,6.385596255452163,1,0,1,1,0,1,1,1,0,0,0.0,0.0,3,0.21428571428571427,15.580840636072992,0.0,0.0,0,none,0,-1,-1.0,-1.0,0.0,14,1.0,1.0,1.0,0,56,0.19444444444444445,0.0,0.35714285714285715,0.5833333333333334,0.5833333333333334,0.9166666666666666,0.0,13.466487802045327,0.0,14.0
57,4.75,4.75,0,4.75,04:45,13.795668988004156,7.318570403520486,6.47709858448367,2,0,2,2,0,2,0,0,0,0,0.0,0.0,5,0.35714285714285715,26.056614668804762,0.0,0.0,0,none,0,-1,-1.0,-1.0,0.0,14,1.0,1.0,1.0,0,57,0.19791666666666666,0.0,0.3452380952380952,0.75,0.75,0.9166666666666666,0.0,15.637872357779058,0.0,14.0
58,4.833333333333333,4.833333333333333,0,4.833333333333333,04:49,14.103442831869675,7.529194369309713,6.574248462559962,2,2,0,2,2,0,1,1,0,0,0.0,0.0,6,0.42857142857142855,19.375073710307415,0.0,0.0,0,none,0,-1,-1.0,-1.0,0.0,14,1.0,1.0,1.0,0,58,0.20138888888888887,0.0,0.3333333333333333,0.8333333333333334,0.8333333333333334,1.0,0.0,13.963514989097225,0.0,14.0
59,4.916666666666667,4.916666666666667,0,4.916666666666667,04:55,14.435768058628604,7.758940067625665,6.676827991002939,0,0,0,0,0,0,0,0,0,0,0.0,0.0,6,0.42857142857142855,0.0,0.0,0.0,0,none,0,-1,-1.0,-1.0,0.0,14,1.0,1.0,1.0,0,59,0.20486111111111113,0.0,0.33928571428571425,0.8333333333333334,0.8333333333333334,0.75,0.0,13.963514989097225,0.0,14.0
60,5.0,5.0,0,5.0,05:00,14.793377315351826,8.008856211174379,6.784521104177447,1,1,0,1,1,0,1,0,1,0,0.0,0.0,6,0.42857142857142855,21.932400277558955,0.0,0.0,0,none,0,-1,-1.0,-1.0,0.0,14,1.0,1.0,1.0,0,60,0.20833333333333334,0.0,0.3333333333333333,0.6666666666666666,0.6666666666666666,0.75,0.0,13.615937890068222,0.0,14.0
61,5.083333333333333,5.083333333333333,0,5.083333333333333,05:04,15.176864613283556,8.279956778461818,6.896907834821737,1,1,0,1,1,0,1,1,0,0,0.0,0.0,6,0.42857142857142855,15.0,0.0,0.0,0,none,0,-1,-1.0,-1.0,0.0,14,1.0,1.0,1.0,0,61,0.21180555555555555,0.0,0.3273809523809524,0.6666666666666666,0.6666666666666666,0.75,0.0,11.506789110918547,0.0,14.0
62,5.166666666666667,5.166666666666667,0,5.166666666666667,05:10,15.586664188169642,8.573203674031834,7.013460514137808,1,0,1,1,0,1,1,0,1,0,0.0,0.0,6,0.42857142857142855,35.21407241671234,0.0,0.0,0,none,0,-1,-1.0,-1.0,0.0,14,1.0,1.0,1.0,0,62,0.2152777777777778,0.0,0.3273809523809524,0.75,0.75,0.75,0.0,14.441295145644574,0.0,14.0
63,5.25,5.25,0,5.25,05:15,16.023029473063175,8.88948714835656,7.133542324706616,0,0,0,0,0,0,2,1,1,0,0.0,0.0,4,0.2857142857142857,0.0,0.0,0.0,0,none,0,-1,-1.0,-1.0,0.0,14,1.0,1.0,1.0,0,63,0.21875,0.0,0.3214285714285714,0.75,0.75,0.8333333333333334,0.0,14.441295145644574,0.0,14.0
64,5.333333333333333,5.333333333333333,0,5.333333333333333,05:19,16.48601255460398,9.229603951951697,7.256408602652284,1,0,1,1,0,1,2,2,0,0,0.0,0.0,3,0.21428571428571427,28.981489409112022,0.0,0.0,0,none,0,-1,-1.0,-1.0,0.0,14,1.0,1.0,1.0,0,64,0.2222222222222222,0.0,0.31547619047619047,0.8333333333333334,0.8333333333333334,0.9166666666666666,0.0,16.856419263070574,0.0,14.0
65,5.416666666666667,5.416666666666667,0,5.416666666666667,05:25,16.97544451128737,9.59423326872679,7.381211242560582,0,0,0,0,0,0,1,1,0,0,0.0,0.0,2,0.14285714285714285,0.0,0.0,0.0,0,none,0,-1,-1.0,-1.0,0.0,14,1.0,1.0,1.0,0,65,0.22569444444444445,0.0,0.3095238095238095,0.8333333333333334,0.8333333333333334,0.9166666666666666,0.0,16.856419263070574,0.0,14.0
66,5.5,5.5,0,5.5,05:30,17.490917053446246,9.983910560626,7.507006492820245,2,0,2,2,0,2,0,0,0,0,0.0,0.0,4,0.2857142857142857,32.53411389128516,0.0,0.0,0,none,0,-1,-1.0,-1.0,0.0,14,1.0,1.0,1.0,0,66,0.22916666666666666,0.0,0.3214285714285714,1.0,1.0,0.8333333333333334,0.0,19.567595420677673,0.0,14.0
67,5.583333333333333,5.583333333333333,0,5.583333333333333,05:34,18.031765898421348,10.398999558766876,7.632766339654471,2,2,0,2,2,0,0,0,0,0,0.0,0.0,6,0.42857142857142855,25.175432010130642,0.0,0.0,0,none,0,-1,-1.0,-1.0,0.0,14,1.0,1.0,1.0,0,67,0.23263888888888887,0.0,0.33928571428571425,1.0833333333333333,1.0833333333333333,0.8333333333333334,0.0,18.32083641833202,0.0,14.0
68,5.666666666666667,5.666666666666667,0,5.666666666666667,05:40,18.597056319640423,10.83966275392382,7.757393565716602,0,0,0,0,0,0,0,0,0,0,0.0,0.0,6,0.42857142857142855,0.0,0.0,0.0,0,none,0,-1,-1.0,-1.0,0.0,14,1.0,1.0,1.0,0,68,0.23611111111111113,0.0,0.35714285714285715,1.0,1.0,0.75,0.0,17.022433031992605,0.0,14.0
69,5.75,5.75,0,5.75,05:45,19.185571304165776,11.305830868451876,7.879740435713901,2,1,1,2,1,1,0,0,0,0,0.0,0.0,8,0.5714285714285714,36.17507486437871,0.0,0.0,0,none,0,-1,-1.0,-1.0,0.0,14,1.0,1.0,1.0,0,69,0.23958333333333334,0.0,0.375,1.0,1.0,0.75,0.0,17.86563804829044,0.0,14.0
70,5.833333333333333,5.833333333333333,0,5.833333333333333,05:49,19.795802738980814,11.797171928386632,7.998630810594182,1,1,0,1,1,0,2,0,2,0,0.0,0.0,7,0.5,50.0,0.0,0.0,0,none,0,-1,-1.0,-1.0,0.0,14,1.0,1.0,1.0,0,70,0.24305555555555555,0.0,0.38095238095238093,0.9166666666666666,0.9166666666666666,0.8333333333333334,0.0,20.417715239098154,0.0,14.0
71,5.916666666666667,5.916666666666667,0,5.916666666666667,05:55,20.425946021372965,12.313060692932444,8.112885328440521,0,0,0,0,0,0,1,1,0,0,0.0,0.0,6,0.42857142857142855,0.0,0.0,0.0,0,none,0,-1,-1.0,-1.0,0.0,14,1.0,1.0,1.0,0,71,0.2465277777777778,0.0,0.38095238095238093,0.9166666666666666,0.9166666666666666,0.9166666666666666,0.0,20.417715239098154,0.0,14.0
72,6.0,6.0,0,6.0,06:00,21.073898452991536,12.852549332068135,8.221349120923401,2,2,0,2,2,0,0,0,0,0,0.0,0.0,8,0.5714285714285714,24.915351001026067,0.0,0.0,0,none,0,-1,-1.0,-1.0,0.0,14,1.0,1.0,1.0,0,72,0.25,0.0,0.39285714285714285,1.0,1.0,0.8333333333333334,0.0,20.666294466053746,0.0,14.0
73,6.083333333333333,6.083333333333333,0,6.083333333333333,06:04,21.73726173055763,13.41434036372573,8.3229213668319,0,0,0,0,0,0,2,0,2,0,0.0,0.0,6,0.42857142857142855,0.0,0.0,0.0,0,none,0,-1,-1.0,-1.0,0.0,14,1.0,1.0,1.0,0,73,0.2534722222222222,0.0,0.3928571428571428,0.9166666666666666,0.9166666666666666,0.9166666666666666,0.0,19.416294466053746,0.0,14.0
74,6.166666666666667,6.166666666666667,0,6.166666666666667,06:10,22.413348789126818,13.996762961383725,8.416585827743093,1,0,1,1,0,1,1,1,0,0,0.0,0.0,6,0.42857142857142855,43.14949390478826,0.0,0.0,0,none,0,-1,-1.0,-1.0,0.0,14,1.0,1.0,1.0,0,74,0.2569444444444445,0.0,0.39285714285714285,0.9166666666666666,0.9166666666666666,0.9166666666666666,0.0,20.077579590060072,0.0,14.0
75,6.25,6.25,0,6.25,06:15,23.099195186920248,14.597753812116144,8.501441374804104,0,0,0,0,0,0,1,1,0,0,0.0,0.0,5,0.35714285714285715,0.0,0.0,0.0,0,none,0,-1,-1.0,-1.0,0.0,14,1.0,1.0,1.0,0,75,0.2604166666666667,0.0,0.3988095238095238,0.9166666666666666,0.9166666666666666,0.8333333333333334,0.0,20.077579590060072,0.0,14.0
76,6.333333333333333,6.333333333333333,0,6.333333333333333,06:19,23.791575145030517,15.214843735523223,8.576731409507294,0,0,0,0,0,0,0,0,0,0,0.0,0.0,5,0.35714285714285715,0.0,0.0,0.0,0,none,0,-1,-1.0,-1.0,0.0,14,1.0,1.0,1.0,0,76,0.2638888888888889,0.0,0.41071428571428575,0.8333333333333334,0.8333333333333334,0.6666666666666666,0.0,17.66245547263407,0.0,14.0
77,6.416666666666667,6.416666666666667,0,6.416666666666667,06:25,24.487022272072135,15.845151257710988,8.641871014361147,3,1,2,3,1,2,1,1,0,0,0.0,0.0,7,0.5,34.425432720544826,0.0,0.0,0,none,0,-1,-1.0,-1.0,0.0,14,1.0,1.0,1.0,0,77,0.2673611111111111,0.0,0.44047619047619047,1.0833333333333333,1.0833333333333333,0.6666666666666666,0.0,20.531241532679473,0.0,14.0
78,6.5,6.5,0,6.5,06:30,25.18185491467317,16.48538426517569,8.696470649497481,0,0,0,0,0,0,1,1,0,0,0.0,0.0,6,0.42857142857142855,0.0,0.0,0.0,0,none,0,-1,-1.0,-1.0,0.0,14,1.0,1.0,1.0,0,78,0.2708333333333333,0.0,0.4523809523809524,0.9166666666666666,0.9166666666666666,0.75,0.0,17.820065375072375,0.0,14.0
79,6.583333333333333,6.583333333333333,0,6.583333333333333,06:34,25.872205981445973,17.13185073670151,8.740355244744462,0,0,0,0,0,0,1,0,1,0,0.0,0.0,5,0.35714285714285715,0.0,0.0,0.0,0,none,0,-1,-1.0,-1.0,0.0,14,1.0,1.0,1.0,0,79,0.2743055555555555,0.0,0.4464285714285714,0.75,0.75,0.8333333333333334,0.0,15.722112707561488,0.0,14.0
80,6.666666666666667,6.666666666666667,0,6.666666666666667,06:40,26.55405699280672,17.780479365401774,8.773577627404945,3,2,1,3,2,1,1,1,0,0,0.0,0.0,7,0.5,38.206948710668065,0.0,0.0,0,none,0,-1,-1.0,-1.0,0.0,14,1.0,1.0,1.0,0,80,0.2777777777777778,0.0,0.4523809523809524,1.0,1.0,0.9166666666666666,0.0,18.906025100117162,0.0,14.0
81,6.75,6.75,0,6.75,06:45,27.223276013981916,18.426850639071922,8.796425374909996,1,1,0,1,1,0,0,0,0,0,0.0,0.0,8,0.5714285714285714,28.772279993794502,0.0,0.0,0,none,0,-1,-1.0,-1.0,0.0,14,1.0,1.0,1.0,0,81,0.28125,0.0,0.45238095238095233,0.9166666666666666,0.9166666666666666,0.9166666666666666,0.0,18.289125527568476,0.0,14.0
82,6.833333333333333,6.833333333333333,0,6.833333333333333,06:49,27.87565903610473,19.066238649677036,8.809420386427693,1,1,0,1,1,0,0,0,0,0,0.0,0.0,9,0.6428571428571429,31.915921759569557,0.0,0.0,0,none,0,-1,-1.0,-1.0,0.0,14,1.0,1.0,1.0,0,82,0.2847222222222222,0.0,0.46428571428571425,0.9166666666666666,0.9166666666666666,0.75,0.0,16.782119007532604,0.0,14.0
83,6.916666666666667,6.916666666666667,0,6.916666666666667,06:55,28.50697428287284,19.693663560141477,8.813310722731362,1,1,0,1,1,0,2,0,2,0,0.0,0.0,8,0.5714285714285714,30.624505762801725,0.0,0.0,0,none,0,-1,-1.0,-1.0,0.0,14,1.0,1.0,1.0,0,83,0.2881944444444445,0.0,0.4761904761904762,1.0,1.0,0.8333333333333334,0.0,19.33416115443275,0.0,14.0
84,7.0,7.0,0,7.0,07:00,29.1130088401957,20.303954280090416,8.809054560105285,1,1,0,1,1,0,0,0,0,0,0.0,0.0,9,0.6428571428571429,36.14822702126864,0.0,0.0,0,none,0,-1,-1.0,-1.0,0.0,14,1.0,1.0,1.0,0,84,0.2916666666666667,0.0,0.48214285714285715,0.9166666666666666,0.9166666666666666,0.8333333333333334,0.0,20.27023415611963,0.0,14.0
85,7.083333333333333,7.083333333333333,0,7.083333333333333,07:04,29.68961693589145,20.891820506302683,8.797796429588766,4,3,1,4,3,1,2,1,1,0,0.0,0.0,11,0.7857142857142857,27.1963791570524,0.0,0.0,0,none,0,-1,-1.0,-1.0,0.0,14,1.0,1.0,1.0,0,85,0.2951388888888889,0.0,0.511904761904762,1.25,1.25,0.8333333333333334,0.0,22.536599085874,0.0,14.0
86,7.166666666666667,7.166666666666667,0,7.166666666666667,07:10,30.232769137920034,21.45193288532973,8.780836252590305,3,3,0,3,3,0,0,0,0,0,0.0,0.0,14,1.0,30.39777185835291,0.0,0.0,0,none,0,-1,-1.0,-1.0,0.0,14,1.0,1.0,1.0,0,86,0.2986111111111111,0.0,0.5595238095238095,1.4166666666666667,1.4166666666666667,0.75,0.0,21.473955582004383,0.0,14.0
87,7.25,7.25,0,7.25,07:15,30.73860169473985,21.979009673661682,8.759592021078165,2,2,0,1,1,0,1,1,0,1,0.0,0.0,14,1.0,23.286111133359174,0.0,0.0,0,none,0,-1,-1.0,-1.0,0.0,14,1.0,1.0,1.0,0,87,0.3020833333333333,0.08333333333333333,0.613095238095238,1.5833333333333333,1.5,0.75,0.0,23.414464843117653,0.0,14.0
88,7.333333333333333,7.333333333333333,0,7.333333333333333,07:19,31.203465211722794,22.467907924336398,8.735557287386397,1,1,0,2,2,0,3,2,1,0,0.0,0.0,13,0.9285714285714286,22.750878311912167,2.5,0.0,0,none,0,-1,-1.0,-1.0,0.0,14,1.0,1.0,1.0,0,88,0.3055555555555555,0.08333333333333333,0.6607142857142857,1.6666666666666667,1.6666666666666667,1.0,0.0,25.31037136911033,0.20833333333333334,14.0
89,7.416666666666667,7.416666666666667,0,7.416666666666667,07:25,31.623971844371177,22.91371693697449,8.710254907396685,1,1,0,1,1,0,2,2,0,0,0.0,0.0,12,0.8571428571428571,21.357586590480373,0.0,0.0,0,none,0,-1,-1.0,-1.0,0.0,14,1.0,1.0,1.0,0,89,0.3090277777777778,0.08333333333333333,0.6904761904761906,1.5,1.5,1.0833333333333333,0.0,24.221384191604958,0.20833333333333334,14.0
90,7.5,7.5,0,7.5,07:30,31.997040193149484,23.311851488333524,8.68518870481596,3,2,1,3,2,1,2,2,0,0,0.0,0.0,13,0.9285714285714286,27.914360787476397,0.0,0.0,0,none,0,-1,-1.0,-1.0,0.0,14,1.0,1.0,1.0,0,90,0.3125,0.08333333333333333,0.7321428571428571,1.75,1.75,1.1666666666666667,0.0,26.547580923894657,0.20833333333333334,14.0
91,7.583333333333333,7.583333333333333,0,7.583333333333333,07:34,32.319937106434125,23.658142227397715,8.661794879036409,0,0,0,0,0,0,2,1,1,0,0.0,0.0,11,0.7857142857142857,0.0,0.0,0.0,0,none,0,-1,-1.0,-1.0,0.0,14,1.0,1.0,1.0,0,91,0.3159722222222222,0.08333333333333333,0.7678571428571428,1.75,1.75,1.25,0.0,26.547580923894657,0.20833333333333334,14.0
92,7.666666666666667,7.666666666666667,0,7.666666666666667,07:40,32.590315637283716,23.948920583849123,8.641395053434593,1,1,0,1,1,0,3,3,0,0,0.0,0.0,9,0.6428571428571429,29.341103073246824,0.0,0.0,0,none,0,-1,-1.0,-1.0,0.0,14,1.0,1.0,1.0,0,92,0.3194444444444445,0.08333333333333333,0.7797619047619047,1.5833333333333333,1.5833333333333333,1.4166666666666667,0.0,25.808760454109557,0.20833333333333334,14.0
93,7.75,7.75,0,7.75,07:45,32.80624845586041,24.181095608048782,8.62515284781163,2,1,1,2,1,1,3,3,0,0,0.0,0.0,8,0.5714285714285714,45.403338571531066,0.0,1.6666666666666667,0,none,0,-1,-1.0,-1.0,0.0,14,1.0,1.0,1.0,0,93,0.3229166666666667,0.08333333333333333,0.7797619047619047,1.6666666666666667,1.6666666666666667,1.6666666666666667,0.0,27.194682002254268,0.20833333333333334,14.0
94,7.833333333333333,7.833333333333333,0,7.833333333333333,07:49,32.96625609134107,24.352220335784285,8.614035755556788,1,1,0,1,1,0,2,1,1,0,0.0,0.0,7,0.5,30.5303995078145,0.0,0.0,0,none,0,-1,-1.0,-1.0,0.0,14,1.0,1.0,1.0,0,94,0.3263888888888889,0.08333333333333333,0.7678571428571428,1.6666666666666667,1.6666666666666667,1.8333333333333333,0.0,27.079221814608015,0.20833333333333334,14.0
95,7.916666666666667,7.916666666666667,0,7.916666666666667,07:55,33.0693294635577,24.460545547952474,8.608783915605228,1,1,0,1,1,0,0,0,0,0,0.0,0.0,8,0.5714285714285714,24.79771244394282,0.0,0.0,0,none,0,-1,-1.0,-1.0,0.0,14,1.0,1.0,1.0,0,95,0.3298611111111111,0.08333333333333333,0.7678571428571429,1.6666666666666667,1.6666666666666667,1.6666666666666667,0.0,26.593655704703107,0.20833333333333334,14.0
96,8.0,8.0,0,8.0,08:00,33.11494626351003,24.505059164561004,8.609887098949025,2,1,1,1,0,1,2,2,0,1,0.0,0.0,7,1.0,36.932638587268286,0.0,0.0,1,capacity_drop,1,0,8.0,10.0,120.0,7,1.0,1.0,1.0,1,96,0.3333333333333333,0.16666666666666666,0.7976190476190478,1.75,1.6666666666666667,1.8333333333333333,0.0,26.659023335203077,0.20833333333333334,13.416666666666666
97,8.083333333333334,8.083333333333334,0,8.083333333333334,08:05,33.10308085105868,24.48550995942837,8.617570891630306,0,0,0,0,0,0,0,0,0,1,5.0,5.0,7,1.0,0.0,0.0,0.0,1,capacity_drop,1,0,8.0,10.0,115.0,7,1.0,1.0,1.0,1,97,0.3368055555555556,0.25,0.8154761904761906,1.4166666666666667,1.3333333333333333,1.6666666666666667,0.4166666666666667,24.39265840544871,0.20833333333333334,12.833333333333334
98,8.166666666666666,8.166666666666666,0,8.166666666666666,08:09,33.03420745500948,24.402414787887224,8.631792667122253,0,0,0,1,1,0,1,1,0,0,0.0,0.0,7,1.0,20.03287855113141,10.0,0.0,1,capacity_drop,1,0,8.0,10.0,110.0,7,1.0,1.0,1.0,1,98,0.34027777777777773,0.25,0.8154761904761906,1.1666666666666667,1.1666666666666667,1.75,0.4166666666666667,23.528917296513587,1.0416666666666667,12.25
99,8.25,8.25,0,8.25,08:15,32.909296582700236,24.25704906246724,8.652247520232999,2,1,1,1,0,1,1,1,0,1,0.0,0.0,7,1.0,28.5592907283121,0.0,0.0,1,capacity_drop,1,0,8.0,10.0,105.0,7,1.0,1.0,1.0,1,99,0.34375,0.25,0.8154761904761906,1.1666666666666667,1.1666666666666667,1.75,0.4166666666666667,23.968348929426327,1.0416666666666667,11.666666666666666
100,8.333333333333334,8.333333333333334,0,8.333333333333334,08:20,32.729804670231495,24.05142076666158,8.678383903569916,3,2,1,1,1,0,1,1,0,3,0.0,0.0,7,1.0,22.048119933613187,5.0,0.0,1,capacity_drop,1,0,8.0,10.0,100.0,7,1.0,1.0,1.0,1,100,0.34722222222222227,0.5,0.8214285714285715,1.3333333333333333,1.0833333333333333,1.5833333333333333,0.4166666666666667,23.909785731234745,1.25,11.083333333333334
101,8.416666666666666,8.416666666666666,0,8.416666666666666,08:24,32.4976571277268,23.788228839436012,8.709428288290784,5,3,2,1,0,1,1,1,0,7,1.4285714285714286,5.0,7,1.0,37.92977262090329,5.0,0.0,1,capacity_drop,1,0,8.0,10.0,95.0,7,1.0,1.0,1.0,1,101,0.3506944444444444,1.0833333333333333,0.8333333333333334,1.6666666666666667,1.0833333333333333,1.5,0.5357142857142857,25.290801233769987,1.6666666666666667,10.5
102,8.5,8.5,0,8.5,08:30,32.215225053589485,23.470807268775776,8.744417784813711,2,1,1,1,1,0,1,1,0,8,4.375,10.0,7,1.0,26.400116106919704,10.0,0.0,1,capacity_drop,1,0,8.0,10.0,90.0,7,1.0,1.0,1.0,1,102,0.3541666666666667,1.75,0.8392857142857144,1.5833333333333333,0.9166666666666666,1.4166666666666667,0.9002976190476191,25.164614177056933,2.5,9.916666666666666
103,8.583333333333334,8.583333333333334,0,8.583333333333334,08:35,31.885296004891355,23.10305667899454,8.782239325896814,0,0,0,2,2,0,2,1,1,6,8.333333333333334,10.0,7,1.0,25.22012789474413,12.5,5.0,1,capacity_drop,1,0,8.0,10.0,85.0,7,1.0,1.0,1.0,1,103,0.3576388888888889,2.25,0.8571428571428572,1.5833333333333333,1.0833333333333333,1.4166666666666667,1.5947420634920635,27.266291501618948,3.5416666666666665,9.333333333333334
104,8.666666666666666,8.666666666666666,0,8.666666666666666,08:39,31.511039315232885,22.6893655647599,8.821673750472984,1,1,0,1,1,0,1,0,1,6,10.833333333333334,15.0,7,1.0,21.078087751167736,15.0,0.0,1,capacity_drop,1,0,8.0,10.0,80.0,7,1.0,1.0,1.0,1,104,0.3611111111111111,2.75,0.886904761904762,1.5833333333333333,1.0833333333333333,1.25,2.4975198412698414,26.57770689144569,4.791666666666667,8.75
105,8.75,8.75,0,8.75,08:45,31.09596654438335,22.234523600145966,8.861442944237385,1,1,0,2,1,1,2,1,1,5,11.0,20.0,7,1.0,40.88681606998378,20.0,2.5,1,capacity_drop,1,0,8.0,10.0,75.0,7,1.0,1.0,1.0,1,105,0.3645833333333333,3.1666666666666665,0.9226190476190478,1.5,1.0833333333333333,1.1666666666666667,3.414186507936508,26.201330016316746,6.458333333333333,8.166666666666666
106,8.833333333333334,8.833333333333334,0,8.833333333333334,08:50,30.643887723802273,21.743629623876995,8.900258099925276,1,1,0,0,0,0,0,0,0,6,13.333333333333334,25.0,7,1.0,0.0,0.0,0.0,1,capacity_drop,1,0,8.0,10.0,70.0,7,1.0,1.0,1.0,1,106,0.3680555555555556,3.6666666666666665,0.9642857142857144,1.5,1.0,1.0,4.5252976190476195,23.657130057332207,6.458333333333333,7.583333333333333
107,8.916666666666666,8.916666666666666,0,8.916666666666666,08:54,30.15886412721001,21.22199696810257,8.93686715910744,1,1,0,0,0,0,0,0,0,7,15.714285714285714,30.0,7,1.0,0.0,0.0,0.0,1,capacity_drop,1,0,8.0,10.0,65.0,7,1.0,1.0,1.0,1,107,0.37152777777777773,4.25,1.0,1.5,0.9166666666666666,1.0,5.834821428571428,21.59065402033697,6.458333333333333,7.0
108,9.0,9.0,0,9.0,09:00,29.645158344583038,20.6750587588802,8.970099585702838,0,0,0,2,1,1,2,2,0,5,16.0,30.0,7,1.0,25.382093406779866,32.5,12.5,1,capacity_drop,1,0,8.0,10.0,60.0,7,1.0,1.0,1.0,1,108,0.375,4.583333333333333,1.0,1.3333333333333333,1.0,1.0,7.168154761904762,20.6281085886296,9.166666666666666,7.0
109,9.083333333333334,9.083333333333334,0,9.083333333333334,09:05,29.10718247060931,20.1082756785997,8.998906792009612,2,2,0,3,2,1,3,2,1,4,6.25,15.0,7,1.0,31.153290940594434,26.666666666666668,10.0,1,capacity_drop,1,0,8.0,10.0,55.0,7,1.0,1.0,1.0,1,109,0.37847222222222227,4.833333333333333,1.0,1.5,1.25,1.25,7.272321428571428,23.22421616701247,11.388888888888888,7.0
110,9.166666666666666,9.166666666666666,0,9.166666666666666,09:09,28.549445234508667,19.527048455065145,9.022396779443524,2,1,1,0,0,0,0,0,0,6,7.5,20.0,7,1.0,0.0,0.0,0.0,1,capacity_drop,1,0,8.0,10.0,50.0,7,1.0,1.0,1.0,1,110,0.3819444444444444,5.333333333333333,1.0,1.6666666666666667,1.1666666666666667,1.1666666666666667,7.897321428571428,21.554809621084853,10.555555555555555,7.0
111,9.25,9.25,0,9.25,09:15,27.97649889740076,18.936637043846602,9.039861853554159,3,2,1,0,0,0,0,0,0,9,8.333333333333334,25.0,7,1.0,0.0,0.0,0.0,1,capacity_drop,1,0,8.0,10.0,45.0,7,1.0,1.0,1.0,1,111,0.3854166666666667,6.0,1.0,1.75,1.0833333333333333,1.0833333333333333,8.591765873015873,19.174868727058847,10.555555555555555,7.0
112,9.333333333333334,9.333333333333334,0,9.333333333333334,09:20,27.392886726700702,18.34208811756888,9.05079860913182,0,0,0,0,0,0,0,0,0,9,13.333333333333334,30.0,7,1.0,0.0,0.0,0.0,1,capacity_drop,1,0,8.0,10.0,40.0,7,1.0,1.0,1.0,1,112,0.3888888888888889,6.5,1.0,1.5,1.0,1.0,9.702876984126984,17.337525399257746,10.13888888888889,7.0
113,9.416666666666666,9.416666666666666,0,9.416666666666666,09:24,26.803091825334022,17.748172087371678,9.054919737962342,3,2,1,2,2,0,2,0,2,10,10.0,20.0,7,1.0,31.381745306025554,32.5,27.5,1,capacity_drop,1,0,8.0,10.0,35.0,7,1.0,1.0,1.0,1,113,0.3923611111111111,6.75,1.0,1.3333333333333333,1.0833333333333333,1.0833333333333333,10.417162698412698,16.791856456351265,12.430555555555557,7.0
114,9.5,9.5,0,9.5,09:30,26.21148804821528,17.15933047764443,9.05215757057085,0,0,0,2,2,0,2,2,0,8,12.5,20.0,7,1.0,28.480769336402677,25.0,25.0,1,capacity_drop,1,0,8.0,10.0,30.0,7,1.0,1.0,1.0,1,114,0.3958333333333333,6.75,1.0,1.1666666666666667,1.1666666666666667,1.1666666666666667,11.094246031746032,16.96524422547485,13.680555555555557,7.0
115,9.583333333333334,9.583333333333334,0,9.583333333333334,09:35,25.62229368103433,16.57963407441119,9.042659606623141,0,0,0,1,0,1,1,1,0,7,16.428571428571427,25.0,7,1.0,24.11383688522122,25.0,20.0,1,capacity_drop,1,0,8.0,10.0,25.0,7,1.0,1.0,1.0,1,115,0.3993055555555556,6.833333333333333,1.0,1.1666666666666667,1.0833333333333333,1.0833333333333333,11.768849206349207,16.873053308014608,14.722222222222223,7.0
116,9.666666666666666,9.666666666666666,0,9.666666666666666,09:39,25.039528488762734,16.012751887827868,9.026776600934868,3,2,1,1,1,0,1,1,0,9,13.333333333333334,25.0,7,1.0,27.437500391235226,30.0,25.0,1,capacity_drop,1,0,8.0,10.0,20.0,7,1.0,1.0,1.0,1,116,0.40277777777777773,7.083333333333333,1.0,1.3333333333333333,1.0833333333333333,1.0833333333333333,11.97718253968254,17.403004361353563,15.972222222222223,7.0
117,9.75,9.75,0,9.75,09:45,24.466974665405278,15.461930625056299,9.005044040348979,2,1,1,1,1,0,1,0,1,10,13.5,30.0,7,1.0,29.519431929193836,30.0,35.0,1,capacity_drop,1,0,8.0,10.0,15.0,7,1.0,1.0,1.0,1,117,0.40625,7.5,1.0,1.4166666666666667,1.0,1.0,12.185515873015873,16.455722349621066,16.805555555555557,7.0
118,9.833333333333334,9.833333333333334,0,9.833333333333334,09:50,23.908142134435693,14.929984073073747,8.978158061361945,0,0,0,1,1,0,1,1,0,9,16.666666666666668,35.0,7,1.0,43.45867857955133,35.0,35.0,1,capacity_drop,1,0,8.0,10.0,10.0,7,1.0,1.0,1.0,1,118,0.40972222222222227,7.75,1.0,1.3333333333333333,1.0833333333333333,1.0833333333333333,12.463293650793652,20.07727889791701,19.722222222222225,7.0
119,9.916666666666666,9.916666666666666,0,9.916666666666666,09:54,23.36623856314929,14.419291550051323,8.946947013097969,0,0,0,1,0,1,1,1,0,8,19.375,30.0,7,1.0,26.199610512072816,40.0,25.0,1,capacity_drop,1,0,8.0,10.0,5.0,7,1.0,1.0,1.0,1,119,0.4131944444444444,7.833333333333333,1.0,1.25,1.1666666666666667,1.1666666666666667,12.768353174603176,22.26057977392308,23.055555555555557,7.0
120,10.0,10.0,0,10.0,10:00,22.844144365874875,13.931804403464822,8.912339962410053,0,0,0,8,5,3,1,0,1,0,0.0,0.0,14,1.0,29.94994576166807,24.375,25.0,0,none,0,-1,-1.0,-1.0,0.0,14,1.0,1.0,1.0,0,120,0.4166666666666667,7.416666666666667,1.0,1.25,1.6666666666666667,1.0833333333333333,11.435019841269842,22.64123413683043,22.378472222222225,7.583333333333333
121,10.083333333333334,10.083333333333334,0,10.083333333333334,10:05,22.344392882550014,13.469059414244787,8.875333468305227,2,2,0,1,1,0,1,1,0,1,0.0,0.0,14,1.0,31.128682373787086,0.0,25.0,0,none,0,-1,-1.0,-1.0,0.0,14,1.0,1.0,1.0,0,121,0.4201388888888889,7.166666666666667,1.0,1.25,1.5,0.9166666666666666,10.914186507936508,22.63918342292982,20.15625,8.166666666666666
122,10.166666666666666,10.166666666666666,0,10.166666666666666,10:09,21.869155832367476,13.032197906976,8.836957925391475,0,0,0,1,1,0,2,2,0,0,0.0,0.0,13,0.9285714285714286,18.48629913928214,5.0,30.0,0,none,0,-1,-1.0,-1.0,0.0,14,1.0,1.0,1.0,0,122,0.4236111111111111,6.666666666666667,0.994047619047619,1.0833333333333333,1.5833333333333333,1.0833333333333333,10.289186507936508,24.17970835120333,20.572916666666668,8.75
123,10.25,10.25,0,10.25,10:15,21.420234058650554,12.621989361614977,8.798244697035576,1,0,1,1,0,1,1,1,0,0,0.0,0.0,13,0.9285714285714286,33.40845302098753,0.0,30.0,0,none,0,-1,-1.0,-1.0,0.0,14,1.0,1.0,1.0,0,123,0.4270833333333333,5.916666666666667,0.988095238095238,0.9166666666666666,1.6666666666666667,1.1666666666666667,9.594742063492063,26.96374610295229,20.572916666666668,9.333333333333334
124,10.333333333333334,10.333333333333334,0,10.333333333333334,10:20,20.99905350219605,12.238858365423972,8.760195136772076,1,0,1,1,0,1,1,1,0,0,0.0,0.0,13,0.9285714285714286,17.30671389071127,0.0,20.0,0,none,0,-1,-1.0,-1.0,0.0,14,1.0,1.0,1.0,0,124,0.4305555555555556,5.166666666666667,0.9821428571428571,1.0,1.75,1.25,8.483630952380953,28.40597226051156,20.572916666666668,9.916666666666666
125,10.416666666666666,10.416666666666666,0,10.416666666666666,10:24,20.606666267184455,11.882913826299536,8.723752440884919,0,0,0,0,0,0,2,1,1,0,0.0,0.0,11,0.7857142857142857,0.0,0.0,30.0,0,none,0,-1,-1.0,-1.0,0.0,14,1.0,1.0,1.0,0,125,0.43402777777777773,4.333333333333333,0.9642857142857143,0.75,1.5833333333333333,1.25,7.6502976190476195,25.790826818342765,17.864583333333332,10.5
126,10.5,10.5,0,10.5,10:30,20.243756577299482,11.55397948099992,8.689777096299562,1,1,0,1,1,0,3,2,1,0,0.0,0.0,9,0.6428571428571429,32.582095258954254,0.0,13.333333333333334,0,none,0,-1,-1.0,-1.0,0.0,14,1.0,1.0,1.0,0,126,0.4375,3.6666666666666665,0.9345238095238094,0.8333333333333334,1.5,1.3333333333333333,6.6086309523809526,26.132603978555398,15.78125,11.083333333333334
127,10.583333333333334,10.583333333333334,0,10.583333333333334,10:35,19.910651360575347,11.251624864288175,8.659026496287172,1,1,0,1,1,0,3,2,1,0,0.0,0.0,7,0.5,34.45901908419843,0.0,28.333333333333332,0,none,0,-1,-1.0,-1.0,0.0,14,1.0,1.0,1.0,0,127,0.44097222222222227,3.0833333333333335,0.8928571428571428,0.9166666666666666,1.5,1.5,5.239583333333333,26.99470249513683,13.697916666666666,11.666666666666666
128,10.666666666666666,10.666666666666666,0,10.666666666666666,10:39,19.607335150113403,10.975196048358073,8.63213910175533,0,0,0,0,0,0,3,2,1,0,0.0,0.0,4,0.2857142857142857,0.0,0.0,11.666666666666666,0,none,0,-1,-1.0,-1.0,0.0,14,1.0,1.0,1.0,0,128,0.4444444444444444,2.3333333333333335,0.8333333333333334,0.6666666666666666,1.4166666666666667,1.6666666666666667,4.128472222222222,24.708244129200562,11.197916666666666,12.25
129,10.75,10.75,0,10.75,10:45,19.333468944368136,10.723845607532295,8.60962333683584,0,0,0,0,0,0,1,0,1,0,0.0,0.0,3,0.21428571428571427,0.0,0.0,35.0,0,none,0,-1,-1.0,-1.0,0.0,14,1.0,1.0,1.0,0,129,0.4479166666666667,1.5,0.7678571428571428,0.5,1.3333333333333333,1.6666666666666667,3.003472222222222,22.248291468434406,8.697916666666666,12.833333333333334
130,10.833333333333334,10.833333333333334,0,10.833333333333334,10:50,19.088412635182163,10.496561403697479,8.591851231484684,1,1,0,1,1,0,1,0,1,0,0.0,0.0,3,0.21428571428571427,21.802627217115433,0.0,0.0,0,none,0,-1,-1.0,-1.0,0.0,14,1.0,1.0,1.0,0,130,0.4513888888888889,0.75,0.7023809523809522,0.5833333333333334,1.3333333333333333,1.6666666666666667,1.6145833333333333,20.443620521564753,5.78125,13.416666666666666
131,10.916666666666666,10.916666666666666,0,10.916666666666666,10:54,18.871250583960503,10.292193917243159,8.579056666717344,0,0,0,0,0,0,0,0,0,0,0.0,0.0,3,0.21428571428571427,0.0,0.0,0.0,0,none,0,-1,-1.0,-1.0,0.0,14,1.0,1.0,1.0,0,131,0.4548611111111111,0.08333333333333333,0.636904761904762,0.5833333333333334,1.25,1.5833333333333333,0.0,18.260319645558685,2.4479166666666665,14.0
132,11.0,11.0,0,11.0,11:00,18.68081990598018,10.109481961899167,8.571337944081012,1,0,1,1,0,1,0,0,0,0,0.0,0.0,4,0.2857142857142857,25.606547489488985,0.0,0.0,0,none,0,-1,-1.0,-1.0,0.0,14,1.0,1.0,1.0,0,132,0.4583333333333333,0.08333333333333333,0.5773809523809524,0.6666666666666666,0.6666666666666666,1.5,0.0,17.89836978954376,0.4166666666666667,14.0
133,11.083333333333334,11.083333333333334,0,11.083333333333334,11:05,18.51574100938189,9.947076716859609,8.568664292522282,1,0,1,1,0,1,1,1,0,0,0.0,0.0,4,0.2857142857142857,36.11521888520545,0.0,0.0,0,none,0,-1,-1.0,-1.0,0.0,14,1.0,1.0,1.0,0,133,0.4618055555555556,0.0,0.5178571428571429,0.5833333333333334,0.6666666666666666,1.5,0.0,18.313914498828623,0.4166666666666667,14.0
134,11.166666666666666,11.166666666666666,0,11.166666666666666,11:09,18.374449928351616,9.803564084452125,8.570885843899491,1,0,1,1,0,1,1,1,0,0,0.0,0.0,4,0.2857142857142857,31.676350440456122,0.0,0.0,0,none,0,-1,-1.0,-1.0,0.0,14,1.0,1.0,1.0,0,134,0.46527777777777773,0.0,0.46428571428571425,0.6666666666666666,0.6666666666666666,1.4166666666666667,0.0,19.413085440593125,0.0,14.0
135,11.25,11.25,0,11.25,11:15,18.25523198878499,9.677485436192194,8.577746552592794,0,0,0,0,0,0,1,1,0,0,0.0,0.0,3,0.21428571428571427,0.0,0.0,0.0,0,none,0,-1,-1.0,-1.0,0.0,14,1.0,1.0,1.0,0,135,0.46875,0.0,0.4047619047619047,0.5833333333333334,0.5833333333333334,1.4166666666666667,0.0,16.629047688844164,0.0,14.0
136,11.333333333333334,11.333333333333334,0,11.333333333333334,11:20,18.156256348724316,9.567356845303244,8.588899503421072,0,0,0,0,0,0,0,0,0,0,0.0,0.0,3,0.21428571428571427,0.0,0.0,0.0,0,none,0,-1,-1.0,-1.0,0.0,14,1.0,1.0,1.0,0,136,0.47222222222222227,0.0,0.3452380952380953,0.5,0.5,1.3333333333333333,0.0,15.18682153128489,0.0,14.0
137,11.416666666666666,11.416666666666666,0,11.416666666666666,11:24,18.075610964452643,9.471686921513752,8.60392404293889,3,2,1,3,2,1,0,0,0,0,0.0,0.0,6,0.42857142857142855,34.90512136547525,0.0,0.0,0,none,0,-1,-1.0,-1.0,0.0,14,1.0,1.0,1.0,0,137,0.4756944444444444,0.0,0.31547619047619047,0.75,0.75,1.1666666666666667,0.0,18.095581645074493,0.0,14.0
138,11.5,11.5,0,11.5,11:30,18.011337545728793,9.388993366620257,8.622344179108536,1,0,1,1,0,1,1,0,1,0,0.0,0.0,6,0.42857142857142855,37.55937021602538,0.0,0.0,0,none,0,-1,-1.0,-1.0,0.0,14,1.0,1.0,1.0,0,138,0.4791666666666667,0.0,0.2976190476190476,0.75,0.75,1.0,0.0,18.510354558163755,0.0,14.0
139,11.583333333333334,11.583333333333334,0,11.583333333333334,11:35,17.961466079692393,9.317818359768713,8.64364771992368,0,0,0,0,0,0,0,0,0,0,0.0,0.0,6,0.42857142857142855,0.0,0.0,0.0,0,none,0,-1,-1.0,-1.0,0.0,14,1.0,1.0,1.0,0,139,0.4826388888888889,0.0,0.2916666666666667,0.6666666666666666,0.6666666666666666,0.75,0.0,15.638769634480553,0.0,14.0
140,11.666666666666666,11.666666666666666,0,11.666666666666666,11:39,17.924048521947235,9.25674286264822,8.667305659299014,1,0,1,1,0,1,0,0,0,0,0.0,0.0,7,0.5,32.24851347957967,0.0,0.0,0,none,0,-1,-1.0,-1.0,0.0,14,1.0,1.0,1.0,0,140,0.4861111111111111,0.0,0.30952380952380953,0.75,0.75,0.5,0.0,18.326145757778857,0.0,14.0
141,11.75,11.75,0,11.75,11:45,17.897191274787914,9.204399909759529,8.692791365028386,0,0,0,0,0,0,2,0,2,0,0.0,0.0,5,0.35714285714285715,0.0,0.0,0.0,0,none,0,-1,-1.0,-1.0,0.0,14,1.0,1.0,1.0,0,141,0.4895833333333333,0.0,0.32142857142857145,0.75,0.75,0.5833333333333334,0.0,18.326145757778857,0.0,14.0
142,11.833333333333334,11.833333333333334,0,11.833333333333334,11:50,17.879086096068907,9.1594869203623,8.719599175706607,1,1,0,1,1,0,0,0,0,0,0.0,0.0,6,0.42857142857142855,28.180861783398335,0.0,0.0,0,none,0,-1,-1.0,-1.0,0.0,14,1.0,1.0,1.0,0,142,0.4930555555555556,0.0,0.33928571428571425,0.75,0.75,0.5,0.0,18.8576653049691,0.0,14.0
143,11.916666666666666,11.916666666666666,0,11.916666666666666,11:54,17.868039107484766,9.12077703904663,8.747262068438136,2,0,2,2,0,2,0,0,0,0,0.0,0.0,8,0.5714285714285714,37.46823482426503,0.0,0.0,0,none,0,-1,-1.0,-1.0,0.0,14,1.0,1.0,1.0,0,143,0.49652777777777773,0.0,0.36904761904761907,0.9166666666666666,0.9166666666666666,0.5,0.0,21.980018206991186,0.0,14.0
144,12.0,12.0,0,12.0,12:00,17.86249759774826,9.0871294831504,8.775368114597859,2,2,0,2,2,0,2,1,1,0,0.0,0.0,8,0.5714285714285714,28.528007174919537,0.0,0.0,0,none,0,-1,-1.0,-1.0,0.0,14,1.0,1.0,1.0,0,144,0.5,0.0,0.39285714285714285,1.0,1.0,0.6666666666666666,0.0,22.223473180777063,0.0,14.0
145,12.083333333333334,12.083333333333334,0,12.083333333333334,12:05,17.86107434408185,9.057498849062302,8.803575495019548,0,0,0,0,0,0,1,1,0,0,0.0,0.0,7,0.5,0.0,0.0,0.0,0,none,0,-1,-1.0,-1.0,0.0,14,1.0,1.0,1.0,0,145,0.5034722222222222,0.0,0.41071428571428575,0.9166666666666666,0.9166666666666666,0.6666666666666666,0.0,19.213871607009946,0.0,14.0
146,12.166666666666666,12.166666666666666,0,12.166666666666666,12:09,17.86256920438291,9.030943306994764,8.831625897388147,0,0,0,0,0,0,1,0,1,0,0.0,0.0,6,0.42857142857142855,0.0,0.0,0.0,0,none,0,-1,-1.0,-1.0,0.0,14,1.0,1.0,1.0,0,146,0.5069444444444444,0.0,0.4226190476190476,0.8333333333333334,0.8333333333333334,0.6666666666666666,0.0,16.574175736971934,0.0,14.0
147,12.25,12.25,0,12.25,12:15,17.86598776222676,9.006631595875712,8.859356166351047,0,0,0,0,0,0,1,0,1,0,0.0,0.0,5,0.35714285714285715,0.0,0.0,0.0,0,none,0,-1,-1.0,-1.0,0.0,14,1.0,1.0,1.0,0,147,0.5104166666666666,0.0,0.43452380952380953,0.8333333333333334,0.8333333333333334,0.6666666666666666,0.0,16.574175736971934,0.0,14.0
148,12.333333333333334,12.333333333333334,0,12.333333333333334,12:20,17.870556837404767,8.983848717050272,8.886708120354495,1,0,1,1,0,1,1,1,0,0,0.0,0.0,5,0.35714285714285715,40.39374844306454,0.0,0.0,0,none,0,-1,-1.0,-1.0,0.0,14,1.0,1.0,1.0,0,148,0.513888888888889,0.0,0.44642857142857145,0.9166666666666666,0.9166666666666666,0.75,0.0,19.940321440560645,0.0,14.0
149,12.416666666666666,12.416666666666666,0,12.416666666666666,12:24,17.87573670585183,8.962000217697103,8.913736488154726,0,0,0,0,0,0,1,1,0,0,0.0,0.0,4,0.2857142857142857,0.0,0.0,0.0,0,none,0,-1,-1.0,-1.0,0.0,14,1.0,1.0,1.0,0,149,0.517361111111111,0.0,0.43452380952380953,0.6666666666666666,0.6666666666666666,0.8333333333333334,0.0,17.03156132677104,0.0,14.0
150,12.5,12.5,0,12.5,12:30,17.88122990450794,8.94061495225397,8.94061495225397,1,1,0,1,1,0,1,0,1,0,0.0,0.0,4,0.2857142857142857,42.91440989003981,0.0,0.0,0,none,0,-1,-1.0,-1.0,0.0,14,1.0,1.0,1.0,0,150,0.5208333333333334,0.0,0.4226190476190476,0.6666666666666666,0.6666666666666666,0.8333333333333334,0.0,17.477814632938912,0.0,14.0
151,12.583333333333334,12.583333333333334,0,12.583333333333334,12:35,17.886986528804712,8.919346212609193,8.96764031619552,2,1,1,2,1,1,1,1,0,0,0.0,0.0,5,0.35714285714285715,34.07651612705882,0.0,0.0,0,none,0,-1,-1.0,-1.0,0.0,14,1.0,1.0,1.0,0,151,0.5243055555555556,0.0,0.4166666666666667,0.8333333333333334,0.8333333333333334,0.9166666666666666,0.0,20.31752431019381,0.0,14.0
152,12.666666666666666,12.666666666666666,0,12.666666666666666,12:39,17.893205962998053,8.89797112520432,8.995234837793733,1,0,1,1,0,1,1,0,1,0,0.0,0.0,5,0.35714285714285715,37.13482507543977,0.0,0.0,0,none,0,-1,-1.0,-1.0,0.0,14,1.0,1.0,1.0,0,152,0.5277777777777778,0.0,0.4047619047619048,0.8333333333333334,0.8333333333333334,1.0,0.0,20.724716943182155,0.0,14.0
153,12.75,12.75,0,12.75,12:45,17.900335016416467,8.876388225381456,9.02394679103501,0,0,0,0,0,0,0,0,0,0,0.0,0.0,5,0.35714285714285715,0.0,0.0,0.0,0,none,0,-1,-1.0,-1.0,0.0,14,1.0,1.0,1.0,0,153,0.53125,0.0,0.4047619047619047,0.8333333333333334,0.8333333333333334,0.8333333333333334,0.0,20.724716943182155,0.0,14.0
154,12.833333333333334,12.833333333333334,0,12.833333333333334,12:50,17.90906247179544,8.854613136224648,9.054449335570792,0,0,0,0,0,0,0,0,0,0,0.0,0.0,5,0.35714285714285715,0.0,0.0,0.0,0,none,0,-1,-1.0,-1.0,0.0,14,1.0,1.0,1.0,0,154,0.5347222222222222,0.0,0.3988095238095239,0.75,0.75,0.8333333333333334,0.0,18.376311794565627,0.0,14.0
155,12.916666666666666,12.916666666666666,0,12.916666666666666,12:54,17.920310085157453,8.832772300794856,9.087537784362597,1,0,1,1,0,1,0,0,0,0,0.0,0.0,6,0.42857142857142855,33.457334539389734,0.0,0.0,0,none,0,-1,-1.0,-1.0,0.0,14,1.0,1.0,1.0,0,155,0.5381944444444444,0.0,0.38690476190476186,0.6666666666666666,0.6666666666666666,0.8333333333333334,0.0,18.04207010415935,0.0,14.0
156,13.0,13.0,0,13.0,13:00,17.935220110106556,8.811094743120563,9.124125366985993,4,2,2,4,2,2,0,0,0,0,0.0,0.0,10,0.7142857142857143,30.784185572587404,0.0,0.0,0,none,0,-1,-1.0,-1.0,0.0,14,1.0,1.0,1.0,0,156,0.5416666666666666,0.0,0.3988095238095238,0.8333333333333334,0.8333333333333334,0.6666666666666666,0.0,18.230084970631673,0.0,14.0
157,13.083333333333334,13.083333333333334,0,13.083333333333334,13:05,17.955139452865332,8.78990186470857,9.165237588156762,1,0,1,1,0,1,2,1,1,0,0.0,0.0,9,0.6428571428571429,18.32041091744908,0.0,0.0,0,none,0,-1,-1.0,-1.0,0.0,14,1.0,1.0,1.0,0,157,0.545138888888889,0.0,0.41071428571428575,0.9166666666666666,0.9166666666666666,0.75,0.0,19.7567858804191,0.0,14.0
158,13.166666666666666,13.166666666666666,0,13.166666666666666,13:09,17.981600597810417,8.769595319809286,9.212005278001131,1,1,0,1,1,0,0,0,0,0,0.0,0.0,10,0.7142857142857143,24.150678693069004,0.0,0.0,0,none,0,-1,-1.0,-1.0,0.0,14,1.0,1.0,1.0,0,158,0.548611111111111,0.0,0.43452380952380953,1.0,1.0,0.6666666666666666,0.0,21.769342438174846,0.0,14.0
159,13.25,13.25,0,13.25,13:15,18.01629947657129,8.750643054272226,9.265656422299063,0,0,0,0,0,0,1,1,0,0,0.0,0.0,9,0.6428571428571429,0.0,0.0,0.0,0,none,0,-1,-1.0,-1.0,0.0,14,1.0,1.0,1.0,0,159,0.5520833333333334,0.0,0.4583333333333333,1.0,1.0,0.6666666666666666,0.0,21.769342438174846,0.0,14.0
160,13.333333333333334,13.333333333333334,0,13.333333333333334,13:20,18.061070486838766,8.73356363948125,9.327506847357515,1,1,0,1,1,0,2,0,2,0,0.0,0.0,8,0.5714285714285714,33.33190620400851,0.0,0.0,0,none,0,-1,-1.0,-1.0,0.0,14,1.0,1.0,1.0,0,160,0.5555555555555556,0.0,0.4761904761904763,1.0,1.0,0.75,0.0,21.180855584920177,0.0,14.0
161,13.416666666666666,13.416666666666666,0,13.416666666666666,13:24,18.117858899756435,8.71890908425559,9.398949815500846,2,2,0,2,2,0,3,1,2,0,0.0,0.0,7,0.5,30.812319029921163,0.0,0.0,0,none,0,-1,-1.0,-1.0,0.0,14,1.0,1.0,1.0,0,161,0.5590277777777778,0.0,0.49404761904761907,1.1666666666666667,1.1666666666666667,0.9166666666666666,0.0,23.74854883741361,0.0,14.0
162,13.5,13.5,0,13.5,13:30,18.188690926982243,8.707246363114217,9.481444563868026,0,0,0,0,0,0,2,0,2,0,0.0,0.0,5,0.35714285714285715,0.0,0.0,0.0,0,none,0,-1,-1.0,-1.0,0.0,14,1.0,1.0,1.0,0,162,0.5625,0.0,0.5,1.0833333333333333,1.0833333333333333,1.0,0.0,20.172348013243624,0.0,14.0
163,13.583333333333334,13.583333333333334,0,13.583333333333334,13:35,18.275641750014426,8.699137957899087,9.57650379211534,2,1,1,2,1,1,1,1,0,0,0.0,0.0,6,0.42857142857142855,27.5634085635266,0.0,0.0,0,none,0,-1,-1.0,-1.0,0.0,14,1.0,1.0,1.0,0,163,0.5659722222222222,0.0,0.505952380952381,1.0833333333333333,1.0833333333333333,1.0,0.0,19.62958904961594,0.0,14.0
164,13.666666666666666,13.666666666666666,0,13.666666666666666,13:39,18.38080184493627,8.695121769942759,9.68568007499351,1,0,1,1,0,1,0,0,0,0,0.0,0.0,7,0.5,37.8170252282013,0.0,0.0,0,none,0,-1,-1.0,-1.0,0.0,14,1.0,1.0,1.0,0,164,0.5694444444444444,0.0,0.5178571428571429,1.0833333333333333,1.0833333333333333,0.9166666666666666,0.0,19.686439062346068,0.0,14.0
165,13.75,13.75,0,13.75,13:45,18.506241965056223,8.69569081974589,9.810551145310333,1,0,1,1,0,1,0,0,0,0,0.0,0.0,8,0.5714285714285714,31.952688432041644,0.0,0.0,0,none,0,-1,-1.0,-1.0,0.0,14,1.0,1.0,1.0,0,165,0.5729166666666666,0.0,0.5357142857142857,1.1666666666666667,1.1666666666666667,0.9166666666666666,0.0,22.349163098349536,0.0,14.0
166,13.833333333333334,13.833333333333334,0,13.833333333333334,13:50,18.65397717165216,8.701273207980098,9.952703963672061,1,0,1,1,0,1,2,2,0,0,0.0,0.0,7,0.5,34.7079690104797,0.0,0.0,0,none,0,-1,-1.0,-1.0,0.0,14,1.0,1.0,1.0,0,166,0.576388888888889,0.0,0.5476190476190477,1.25,1.25,1.0833333333333333,0.0,25.241493849222845,0.0,14.0
167,13.916666666666666,13.916666666666666,0,13.916666666666666,13:54,18.8259303287559,8.712212862546842,10.113717466209057,1,0,1,1,0,1,1,1,0,0,0.0,0.0,7,0.5,31.053083896071833,0.0,0.0,0,none,0,-1,-1.0,-1.0,0.0,14,1.0,1.0,1.0,0,167,0.579861111111111,0.0,0.5535714285714286,1.25,1.25,1.1666666666666667,0.0,25.041139628946354,0.0,14.0
168,14.0,14.0,0,14.0,14:00,19.023895501153813,8.72875163798738,10.295143863166434,0,0,0,0,0,0,1,0,1,0,0.0,0.0,6,0.42857142857142855,0.0,0.0,0.0,0,none,0,-1,-1.0,-1.0,0.0,14,1.0,1.0,1.0,0,168,0.5833333333333334,0.0,0.5297619047619048,0.9166666666666666,0.9166666666666666,1.25,0.0,22.475790831230736,0.0,14.0
169,14.083333333333334,14.083333333333334,0,14.083333333333334,14:05,19.24950171498294,8.751013362054193,10.498488352928748,1,1,0,1,1,0,1,1,0,0,0.0,0.0,6,0.42857142857142855,34.264004803827895,0.0,0.0,0,none,0,-1,-1.0,-1.0,0.0,14,1.0,1.0,1.0,0,169,0.5868055555555556,0.0,0.5119047619047619,0.9166666666666666,0.9166666666666666,1.1666666666666667,0.0,23.804423655095636,0.0,14.0
170,14.166666666666666,14.166666666666666,0,14.166666666666666,14:09,19.50417755685996,8.778990435911853,10.725187120948108,1,0,1,1,0,1,1,1,0,0,0.0,0.0,6,0.42857142857142855,26.938564502175765,0.0,0.0,0,none,0,-1,-1.0,-1.0,0.0,14,1.0,1.0,1.0,0,170,0.5902777777777778,0.0,0.48809523809523814,0.9166666666666666,0.9166666666666666,1.25,0.0,24.0367474725212,0.0,14.0
171,14.25,14.25,0,14.25,14:15,19.789117099729374,8.812533585538368,10.976583514191006,2,2,0,2,2,0,0,0,0,0,0.0,0.0,8,0.5714285714285714,30.56997479772025,0.0,0.0,0,none,0,-1,-1.0,-1.0,0.0,14,1.0,1.0,1.0,0,171,0.59375,0.0,0.48214285714285715,1.0833333333333333,1.0833333333333333,1.1666666666666667,0.0,26.58424537233122,0.0,14.0
172,14.333333333333334,14.333333333333334,0,14.333333333333334,14:20,20.105247650857034,8.851345329119532,11.253902321737502,1,1,0,1,1,0,2,0,2,0,0.0,0.0,7,0.5,30.50094010711514,0.0,0.0,0,none,0,-1,-1.0,-1.0,0.0,14,1.0,1.0,1.0,0,172,0.5972222222222222,0.0,0.4761904761904762,1.0833333333333333,1.0833333333333333,1.1666666666666667,0.0,26.348331530923442,0.0,14.0
173,14.416666666666666,14.416666666666666,0,14.416666666666666,14:24,20.45319981890424,8.894977665895409,11.558222153008831,3,2,1,3,2,1,1,0,1,0,0.0,0.0,9,0.6428571428571429,35.03337256726595,0.0,0.0,0,none,0,-1,-1.0,-1.0,0.0,14,1.0,1.0,1.0,0,173,0.6006944444444444,0.0,0.48809523809523814,1.1666666666666667,1.1666666666666667,1.0,0.0,26.70008599236884,0.0,14.0
174,14.5,14.5,0,14.5,14:30,20.833280392079033,8.942834404306268,11.890445987772763,0,0,0,0,0,0,1,0,1,0,0.0,0.0,8,0.5714285714285714,0.0,0.0,0.0,0,none,0,-1,-1.0,-1.0,0.0,14,1.0,1.0,1.0,0,174,0.6041666666666666,0.0,0.5059523809523809,1.1666666666666667,1.1666666666666667,0.9166666666666666,0.0,26.70008599236884,0.0,14.0
175,14.583333333333334,14.583333333333334,0,14.583333333333334,14:35,21.245448507288454,8.994178430904247,12.251270076384207,2,1,1,2,1,1,0,0,0,0,0.0,0.0,10,0.7142857142857143,27.179933420609608,0.0,0.0,0,none,0,-1,-1.0,-1.0,0.0,14,1.0,1.0,1.0,0,175,0.607638888888889,0.0,0.5297619047619048,1.1666666666666667,1.1666666666666667,0.8333333333333334,0.0,26.66812973045909,0.0,14.0
176,14.666666666666666,14.666666666666666,0,14.666666666666666,14:39,21.68929557038579,9.048144077343085,12.641151493042706,1,0,1,1,0,1,2,1,1,0,0.0,0.0,9,0.6428571428571429,34.0763065579623,0.0,0.0,0,none,0,-1,-1.0,-1.0,0.0,14,1.0,1.0,1.0,0,176,0.611111111111111,0.0,0.5416666666666667,1.1666666666666667,1.1666666666666667,1.0,0.0,26.35640317460584,0.0,14.0
177,14.75,14.75,0,14.75,14:45,22.164029359491966,9.103754573509828,13.060274785982138,3,2,1,3,2,1,1,1,0,0,0.0,0.0,11,0.7857142857142857,33.43747540564513,0.0,0.0,0,none,0,-1,-1.0,-1.0,0.0,14,1.0,1.0,1.0,0,177,0.6145833333333334,0.0,0.5595238095238095,1.3333333333333333,1.3333333333333333,1.0833333333333333,0.0,26.480135422406132,0.0,14.0
178,14.833333333333334,14.833333333333334,0,14.833333333333334,14:50,22.668462706575397,9.159944384996713,13.508518321578686,2,0,2,2,0,2,1,1,0,0,0.0,0.0,12,0.8571428571428571,33.457217547610554,0.0,0.0,0,none,0,-1,-1.0,-1.0,0.0,14,1.0,1.0,1.0,0,178,0.6180555555555556,0.0,0.5892857142857143,1.4166666666666667,1.4166666666666667,1.0,0.0,26.375906133833706,0.0,14.0
179,14.916666666666666,14.916666666666666,0,14.916666666666666,14:54,23.201007106769826,9.215586028918848,13.985421077850978,1,1,0,1,1,0,2,2,0,0,0.0,0.0,11,0.7857142857142857,29.45448370193161,0.0,0.0,0,none,0,-1,-1.0,-1.0,0.0,14,1.0,1.0,1.0,0,179,0.6215277777777778,0.0,0.613095238095238,1.4166666666666667,1.4166666666666667,1.0833333333333333,0.0,26.24268945098869,0.0,14.0
180,15.0,15.0,0,15.0,15:00,23.759671550263715,9.26952075156188,14.490150798701835,0,0,0,0,0,0,1,0,1,0,0.0,0.0,10,0.7142857142857143,0.0,0.0,0.0,0,none,0,-1,-1.0,-1.0,0.0,14,1.0,1.0,1.0,0,180,0.625,0.0,0.636904761904762,1.4166666666666667,1.4166666666666667,1.0833333333333333,0.0,26.24268945098869,0.0,14.0
181,15.083333333333334,15.083333333333334,0,15.083333333333334,15:05,24.342066808205345,9.320592243964095,15.02147456424125,1,0,1,1,0,1,1,0,1,0,0.0,0.0,10,0.7142857142857143,31.446697712252526,0.0,0.0,0,none,0,-1,-1.0,-1.0,0.0,14,1.0,1.0,1.0,0,181,0.6284722222222222,0.0,0.6607142857142857,1.4166666666666667,1.4166666666666667,1.0833333333333333,0.0,26.007913860024072,0.0,14.0
182,15.166666666666666,15.166666666666666,0,15.166666666666666,15:09,24.94541533238444,9.367682377874381,15.577732954510058,1,1,0,1,1,0,2,2,0,0,0.0,0.0,9,0.6428571428571429,28.140865118650172,0.0,0.0,0,none,0,-1,-1.0,-1.0,0.0,14,1.0,1.0,1.0,0,182,0.6319444444444444,0.0,0.6785714285714285,1.4166666666666667,1.4166666666666667,1.1666666666666667,0.0,26.108105578063604,0.0,14.0
183,15.25,15.25,0,15.25,15:15,25.566566849190355,9.409747775764568,16.156819073425787,2,2,0,2,2,0,3,1,2,0,0.0,0.0,8,0.5714285714285714,30.746174958321873,0.0,0.0,0,none,0,-1,-1.0,-1.0,0.0,14,1.0,1.0,1.0,0,183,0.6354166666666666,0.0,0.6785714285714285,1.4166666666666667,1.4166666666666667,1.4166666666666667,0.0,26.122788924780405,0.0,14.0
184,15.333333333333334,15.333333333333334,0,15.333333333333334,15:20,26.20201964250461,9.445855895902431,16.756163746602176,1,1,0,1,1,0,1,0,1,0,0.0,0.0,8,0.5714285714285714,31.029992645620133,0.0,0.0,0,none,0,-1,-1.0,-1.0,0.0,14,1.0,1.0,1.0,0,184,0.638888888888889,0.0,0.6845238095238096,1.4166666666666667,1.4166666666666667,1.3333333333333333,0.0,26.16687663632249,0.0,14.0
185,15.416666666666666,15.416666666666666,0,15.416666666666666,15:24,26.84794742903174,9.475219227424235,17.372728201607508,3,2,1,3,2,1,1,1,0,0,0.0,0.0,10,0.7142857142857143,22.283025590863513,0.0,0.0,0,none,0,-1,-1.0,-1.0,0.0,14,1.0,1.0,1.0,0,185,0.642361111111111,0.0,0.6904761904761904,1.4166666666666667,1.4166666666666667,1.3333333333333333,0.0,25.104347721622286,0.0,14.0
186,15.5,15.5,0,15.5,15:30,27.500231634640805,9.497226159997263,18.003005474643544,2,0,2,2,0,2,1,0,1,0,0.0,0.0,11,0.7857142857142857,33.66615654548566,0.0,0.0,0,none,0,-1,-1.0,-1.0,0.0,14,1.0,1.0,1.0,0,186,0.6458333333333334,0.0,0.7083333333333334,1.5833333333333333,1.5833333333333333,1.3333333333333333,0.0,27.909860767079422,0.0,14.0
187,15.583333333333334,15.583333333333334,0,15.583333333333334,15:35,28.15449878335403,9.51146712503016,18.64303165832387,1,1,0,1,1,0,1,1,0,0,0.0,0.0,11,0.7857142857142857,30.507766114004504,0.0,0.0,0,none,0,-1,-1.0,-1.0,0.0,14,1.0,1.0,1.0,0,187,0.6493055555555556,0.0,0.7142857142857143,1.5,1.5,1.4166666666666667,0.0,28.187180158195662,0.0,14.0
188,15.666666666666666,15.666666666666666,0,15.666666666666666,15:39,28.806162613663684,9.517754704692791,19.288407908970893,2,0,2,2,0,2,3,2,1,0,0.0,0.0,10,0.7142857142857143,28.598854631511905,0.0,0.0,0,none,0,-1,-1.0,-1.0,0.0,14,1.0,1.0,1.0,0,188,0.6527777777777778,0.0,0.7202380952380953,1.5833333333333333,1.5833333333333333,1.5,0.0,27.730725830991464,0.0,14.0
189,15.75,15.75,0,15.75,15:45,29.450470442021608,9.516136572142347,19.93433386987926,2,0,2,2,0,2,1,1,0,0,0.0,0.0,11,0.7857142857142857,26.233497576446062,0.0,0.0,0,none,0,-1,-1.0,-1.0,0.0,14,1.0,1.0,1.0,0,189,0.65625,0.0,0.7202380952380952,1.5,1.5,1.5,0.0,27.130394345224875,0.0,14.0
190,15.833333333333334,15.833333333333334,0,15.833333333333334,15:50,30.082553202885276,9.506900358507846,20.57565284437743,2,0,2,2,0,2,2,2,0,0,0.0,0.0,11,0.7857142857142857,32.568424017247295,0.0,0.0,0,none,0,-1,-1.0,-1.0,0.0,14,1.0,1.0,1.0,0,190,0.6597222222222222,0.0,0.7142857142857143,1.5,1.5,1.5833333333333333,0.0,27.056328217694603,0.0,14.0
191,15.916666666666666,15.916666666666666,0,15.916666666666666,15:54,30.697478510914777,9.490569832664994,21.206908678249782,1,0,1,1,0,1,1,1,0,0,0.0,0.0,11,0.7857142857142857,39.53924802470651,0.0,0.0,0,none,0,-1,-1.0,-1.0,0.0,14,1.0,1.0,1.0,0,191,0.6631944444444444,0.0,0.7142857142857143,1.5,1.5,1.5,0.0,27.896725244592513,0.0,14.0
192,16.0,16.0,0,16.0,16:00,31.290306016074027,9.467892118126867,21.822413897947158,1,1,0,1,1,0,2,0,2,0,0.0,0.0,10,0.7142857142857143,31.146380644773696,0.0,0.0,0,none,0,-1,-1.0,-1.0,0.0,14,1.0,1.0,1.0,0,192,0.6666666666666666,0.0,0.7142857142857143,1.5833333333333333,1.5833333333333333,1.5833333333333333,0.0,30.492256964990318,0.0,14.0
193,16.083333333333332,16.083333333333332,0,16.083333333333332,16:04,31.85614425867987,9.439816043480489,22.416328215199382,1,0,1,1,0,1,1,0,1,0,0.0,0.0,10,0.7142857142857143,24.42326591792783,0.0,0.0,0,none,0,-1,-1.0,-1.0,0.0,14,1.0,1.0,1.0,0,193,0.6701388888888888,0.0,0.7142857142857143,1.5833333333333333,1.5833333333333333,1.5833333333333333,0.0,29.90697098212993,0.0,14.0
194,16.166666666666668,16.166666666666668,0,16.166666666666668,16:10,32.3902081808799,9.40746211180715,22.98274606907275,3,0,3,3,0,3,3,1,2,0,0.0,0.0,10,0.7142857142857143,23.090537311030477,0.0,0.0,0,none,0,-1,-1.0,-1.0,0.0,14,1.0,1.0,1.0,0,194,0.6736111111111112,0.0,0.7202380952380953,1.75,1.75,1.6666666666666667,0.0,29.486110331494952,0.0,14.0
195,16.25,16.25,0,16.25,16:15,32.88787641539791,9.372084961443933,23.515791453953977,5,2,3,4,1,3,0,0,0,1,0.0,0.0,14,1.0,32.44029675815016,0.0,0.0,0,none,0,-1,-1.0,-1.0,0.0,14,1.0,1.0,1.0,0,195,0.6770833333333334,0.08333333333333333,0.755952380952381,2.0,1.9166666666666667,1.4166666666666667,0.0,29.627287148147314,0.0,14.0
196,16.333333333333332,16.333333333333332,0,16.333333333333332,16:19,33.344747453138154,9.335029555223219,24.009717897914935,1,0,1,2,1,1,3,0,3,0,0.0,0.0,13,0.9285714285714286,34.9516124640715,2.5,0.0,0,none,0,-1,-1.0,-1.0,0.0,14,1.0,1.0,1.0,0,196,0.6805555555555555,0.08333333333333333,0.7857142857142857,2.0,2.0,1.5833333333333333,0.0,29.954088799684925,0.20833333333333334,14.0
197,16.416666666666668,16.416666666666668,0,16.416666666666668,16:25,33.756693789482114,9.29768265801165,24.45901113147046,6,3,3,1,0,1,0,0,0,5,0.0,0.0,14,1.0,33.08581910654049,0.0,0.0,0,none,0,-1,-1.0,-1.0,0.0,14,1.0,1.0,1.0,0,197,0.6840277777777778,0.5,0.8095238095238096,2.25,1.8333333333333333,1.5,0.0,30.854321592658007,0.20833333333333334,14.0
198,16.5,16.5,0,16.5,16:30,34.11991316553358,9.26142142433202,24.85849174120156,3,3,0,3,2,1,3,0,3,5,2.0,5.0,14,1.0,29.347898238797157,5.0,0.0,0,none,0,-1,-1.0,-1.0,0.0,14,1.0,1.0,1.0,0,198,0.6875,0.9166666666666666,0.8273809523809526,2.3333333333333335,1.9166666666666667,1.6666666666666667,0.16666666666666666,30.494466733767297,0.625,14.0
199,16.583333333333332,16.583333333333332,0,16.583333333333332,16:34,34.43097605539087,9.227561102995123,25.20341495239575,1,1,0,3,2,1,3,1,2,3,3.3333333333333335,5.0,14,1.0,35.85787614365855,8.333333333333334,0.0,0,none,0,-1,-1.0,-1.0,0.0,14,1.0,1.0,1.0,0,199,0.6909722222222222,1.1666666666666667,0.8452380952380952,2.3333333333333335,2.0833333333333335,1.8333333333333333,0.4444444444444445,30.940309236238473,1.3194444444444444,14.0
200,16.666666666666668,16.666666666666668,0,16.666666666666668,16:40,34.686868603495384,9.197303961535981,25.489564641959404,5,1,4,2,2,0,2,0,2,6,0.8333333333333334,5.0,14,1.0,25.601137174088766,10.0,0.0,0,none,0,-1,-1.0,-1.0,0.0,14,1.0,1.0,1.0,0,200,0.6944444444444445,1.6666666666666667,0.8690476190476192,2.5833333333333335,2.0833333333333335,1.75,0.513888888888889,30.690499448119876,2.152777777777778,14.0
201,16.75,16.75,0,16.75,16:45,34.88503028647547,9.171691531932606,25.713338754542864,3,1,2,0,0,0,0,0,0,9,3.888888888888889,10.0,14,1.0,0.0,0.0,0.0,0,none,0,-1,-1.0,-1.0,0.0,14,1.0,1.0,1.0,0,201,0.6979166666666666,2.4166666666666665,0.8869047619047619,2.6666666666666665,1.9166666666666667,1.6666666666666667,0.8379629629629629,28.504374650082706,2.152777777777778,14.0
202,16.833333333333332,16.833333333333332,0,16.833333333333332,16:49,35.02338566044036,9.151562177882349,25.87182348255801,0,0,0,1,1,0,1,1,0,8,8.125,10.0,14,1.0,17.014315545849087,15.0,0.0,0,none,0,-1,-1.0,-1.0,0.0,14,1.0,1.0,1.0,0,202,0.7013888888888888,3.0833333333333335,0.9047619047619048,2.5,1.8333333333333333,1.5833333333333333,1.5150462962962965,27.20819894413285,3.402777777777778,14.0
203,16.916666666666668,16.916666666666668,0,16.916666666666668,16:55,35.10036965568599,9.137515785653212,25.962853870032774,1,0,1,5,1,4,5,1,4,4,7.5,10.0,14,1.0,20.252039819531472,15.0,2.0,0,none,0,-1,-1.0,-1.0,0.0,14,1.0,1.0,1.0,0,203,0.7048611111111112,3.4166666666666665,0.9226190476190478,2.5,2.1666666666666665,1.9166666666666667,2.1400462962962963,25.6009315937016,4.652777777777778,14.0
204,17.0,17.0,0,17.0,17:00,35.11494599413609,9.129887093561539,25.985058900574554,0,0,0,2,0,2,2,1,1,2,10.0,15.0,14,1.0,27.526149949201315,15.0,2.5,0,none,0,-1,-1.0,-1.0,0.0,14,1.0,1.0,1.0,0,204,0.7083333333333334,3.5833333333333335,0.9464285714285715,2.4166666666666665,2.25,1.9166666666666667,2.9733796296296298,25.299245702403905,5.902777777777778,14.0
205,17.083333333333332,17.083333333333332,0,17.083333333333332,17:04,35.06661842807187,9.128728812929904,25.937889615141966,3,1,2,1,1,0,1,1,0,4,2.5,10.0,14,1.0,15.0,20.0,10.0,0,none,0,-1,-1.0,-1.0,0.0,14,1.0,1.0,1.0,0,205,0.7118055555555555,3.9166666666666665,0.9702380952380952,2.5833333333333335,2.25,1.9166666666666667,3.1817129629629632,24.513973542576583,7.5694444444444455,14.0
206,17.166666666666668,17.166666666666668,0,17.166666666666668,17:10,34.95543462901267,9.133805273824589,25.821629355188083,3,0,3,4,1,3,4,3,1,3,0.0,0.0,14,1.0,32.37706200758489,7.5,11.25,0,none,0,-1,-1.0,-1.0,0.0,14,1.0,1.0,1.0,0,206,0.7152777777777778,4.166666666666667,0.9940476190476192,2.5833333333333335,2.3333333333333335,2.0,3.1817129629629632,25.287850600622786,8.194444444444445,14.0
207,17.25,17.25,0,17.25,17:15,34.78198268999153,9.144596873207066,25.637385816784462,1,1,0,3,0,3,3,1,2,1,0.0,0.0,14,1.0,29.196585278246815,5.0,11.666666666666666,0,none,0,-1,-1.0,-1.0,0.0,14,1.0,1.0,1.0,0,207,0.71875,4.166666666666667,0.9940476190476192,2.25,2.25,2.25,3.1817129629629632,25.017541310630836,8.611111111111112,14.0
208,17.333333333333332,17.333333333333332,0,17.333333333333332,17:19,34.54738033977345,9.16031513471171,25.387065205061734,2,0,2,3,1,2,5,3,2,0,0.0,0.0,12,0.8571428571428571,23.528323294927034,1.6666666666666667,14.0,0,none,0,-1,-1.0,-1.0,0.0,14,1.0,1.0,1.0,0,208,0.7222222222222222,4.166666666666667,0.9880952380952381,2.3333333333333335,2.3333333333333335,2.4166666666666665,3.1817129629629632,24.065600546535467,8.541666666666666,14.0
209,17.416666666666668,17.416666666666668,0,17.416666666666668,17:25,34.25325710060369,9.179927732138497,25.073329368465192,1,0,1,1,0,1,2,0,2,0,0.0,0.0,11,0.7857142857142857,16.668684600517565,0.0,15.0,0,none,0,-1,-1.0,-1.0,0.0,14,1.0,1.0,1.0,0,209,0.7256944444444445,3.75,0.9702380952380953,1.9166666666666667,2.3333333333333335,2.5833333333333335,3.1817129629629632,22.697506004366886,8.541666666666666,14.0
210,17.5,17.5,0,17.5,17:30,33.90172974870734,9.202192406228747,24.699537342478592,0,0,0,0,0,0,0,0,0,0,0.0,0.0,11,0.7857142857142857,0.0,0.0,0.0,0,none,0,-1,-1.0,-1.0,0.0,14,1.0,1.0,1.0,0,210,0.7291666666666666,3.3333333333333335,0.9523809523809524,1.6666666666666667,2.0833333333333335,2.3333333333333335,3.0150462962962963,20.251847817800456,8.125,14.0
211,17.583333333333332,17.583333333333332,0,17.583333333333332,17:34,33.49537155599347,9.22569833752863,24.269673218464842,2,0,2,2,0,2,1,0,1,0,0.0,0.0,12,0.8571428571428571,28.32097122889116,0.0,15.0,0,none,0,-1,-1.0,-1.0,0.0,14,1.0,1.0,1.0,0,211,0.7326388888888888,3.0833333333333335,0.9404761904761906,1.75,2.0,2.1666666666666665,2.7372685185185186,19.62377240823651,7.430555555555556,14.0
212,17.666666666666668,17.666666666666668,0,17.666666666666668,17:40,33.03717589948519,9.24891324489791,23.78826265458728,1,0,1,1,0,1,2,1,1,0,0.0,0.0,11,0.7857142857142857,27.137906250150262,0.0,5.0,0,none,0,-1,-1.0,-1.0,0.0,14,1.0,1.0,1.0,0,212,0.7361111111111112,2.5833333333333335,0.9226190476190478,1.4166666666666667,1.9166666666666667,2.1666666666666665,2.6678240740740744,19.7518364979083,6.597222222222222,14.0
213,17.75,17.75,0,17.75,17:45,32.53051491944552,9.27023427284599,23.260280646599533,4,1,3,4,1,3,2,0,2,0,0.0,0.0,13,0.9285714285714286,31.231140659951908,0.0,2.5,0,none,0,-1,-1.0,-1.0,0.0,14,1.0,1.0,1.0,0,213,0.7395833333333334,1.8333333333333333,0.9166666666666666,1.5,2.25,2.3333333333333335,2.34375,22.35443155290429,6.597222222222222,14.0
214,17.833333333333332,17.833333333333332,0,17.833333333333332,17:49,31.979093985931627,9.288040619622178,22.69105336630945,1,0,1,1,0,1,4,1,3,0,0.0,0.0,10,0.7142857142857143,45.28541797472084,0.0,2.5,0,none,0,-1,-1.0,-1.0,0.0,14,1.0,1.0,1.0,0,214,0.7430555555555555,1.1666666666666667,0.8928571428571429,1.5833333333333333,2.25,2.5833333333333335,1.6666666666666667,24.710356755310272,5.347222222222222,14.0
215,17.916666666666668,17.916666666666668,0,17.916666666666668,17:55,31.386902794955184,9.300745844635308,22.086156950319875,4,0,4,4,0,4,2,0,2,0,0.0,0.0,12,0.8571428571428571,29.72658976571014,0.0,5.0,0,none,0,-1,-1.0,-1.0,0.0,14,1.0,1.0,1.0,0,215,0.7465277777777778,0.8333333333333334,0.880952380952381,1.8333333333333333,2.1666666666666665,2.3333333333333335,1.0416666666666667,25.499902584158495,4.097222222222222,14.0
216,18.0,18.0,0,18.0,18:00,30.758163958405603,9.306847875653567,21.451316082752037,0,0,0,0,0,0,1,0,1,0,0.0,0.0,11,0.7857142857142857,0.0,0.0,0.0,0,none,0,-1,-1.0,-1.0,0.0,14,1.0,1.0,1.0,0,216,0.75,0.6666666666666666,0.8630952380952381,1.8333333333333333,2.0,2.25,0.20833333333333334,23.206056755058384,2.847222222222222,14.0
217,18.083333333333332,18.083333333333332,0,18.083333333333332,18:04,30.09727997576591,9.304974905556126,20.792305070209785,1,0,1,1,0,1,0,0,0,0,0.0,0.0,12,0.8571428571428571,29.449585174452434,0.0,0.0,0,none,0,-1,-1.0,-1.0,0.0,14,1.0,1.0,1.0,0,217,0.7534722222222222,0.3333333333333333,0.8511904761904763,1.6666666666666667,2.0,2.1666666666666665,0.0,24.410188852929423,1.1805555555555556,14.0
218,18.166666666666668,18.166666666666668,0,18.166666666666668,18:10,29.40877948029533,9.293925612955572,20.114853867339757,5,0,5,5,0,5,3,0,3,0,0.0,0.0,14,1.0,29.995199791297626,0.0,0.0,0,none,0,-1,-1.0,-1.0,0.0,14,1.0,1.0,1.0,0,218,0.7569444444444445,0.08333333333333333,0.8511904761904763,1.8333333333333333,2.0833333333333335,2.0833333333333335,0.0,24.211700334905487,0.5555555555555556,14.0
219,18.25,18.25,0,18.25,18:15,28.697263638153192,9.272702445050424,19.424561193102768,1,1,0,1,1,0,2,0,2,0,0.0,0.0,13,0.9285714285714286,37.28728406932971,0.0,0.0,0,none,0,-1,-1.0,-1.0,0.0,14,1.0,1.0,1.0,0,219,0.7604166666666666,0.0,0.8452380952380953,1.8333333333333333,1.9166666666666667,2.0,0.0,24.88592523416239,0.1388888888888889,14.0
220,18.333333333333332,18.333333333333332,0,18.333333333333332,18:19,27.967353546769075,9.240537046453097,18.72681650031598,1,0,1,1,0,1,2,1,1,0,0.0,0.0,12,0.8571428571428571,30.174749566240582,0.0,0.0,0,none,0,-1,-1.0,-1.0,0.0,14,1.0,1.0,1.0,0,220,0.7638888888888888,0.0,0.8452380952380952,1.75,1.75,1.75,0.0,25.439794090105185,0.0,14.0
221,18.416666666666668,18.416666666666668,0,18.416666666666668,18:25,27.223639429946466,9.196907285107597,18.026732144838867,0,0,0,0,0,0,0,0,0,0,0.0,0.0,12,0.8571428571428571,0.0,0.0,0.0,0,none,0,-1,-1.0,-1.0,0.0,14,1.0,1.0,1.0,0,221,0.7673611111111112,0.0,0.8511904761904762,1.6666666666666667,1.6666666666666667,1.5833333333333333,0.0,24.050737040062057,0.0,14.0
222,18.5,18.5,0,18.5,18:30,26.47063236343379,9.14154569638572,17.32908666704807,2,0,2,2,0,2,2,0,2,0,0.0,0.0,12,0.8571428571428571,19.726795932124947,0.0,0.0,0,none,0,-1,-1.0,-1.0,0.0,14,1.0,1.0,1.0,0,222,0.7708333333333334,0.0,0.8571428571428572,1.8333333333333333,1.8333333333333333,1.75,0.0,25.69463670107247,0.0,14.0
223,18.583333333333332,18.583333333333332,0,18.583333333333332,18:34,25.712719188060802,9.074439520771785,16.63827966728902,2,0,2,2,0,2,3,0,3,0,0.0,0.0,11,0.7857142857142857,31.907691654332133,0.0,0.0,0,none,0,-1,-1.0,-1.0,0.0,14,1.0,1.0,1.0,0,223,0.7743055555555555,0.0,0.8511904761904762,1.8333333333333333,1.8333333333333333,1.9166666666666667,0.0,25.99353006985922,0.0,14.0
224,18.666666666666668,18.666666666666668,0,18.666666666666668,18:40,24.95412118033061,8.995822833054307,15.958298347276303,2,0,2,2,0,2,2,0,2,0,0.0,0.0,11,0.7857142857142857,37.528906021865005,0.0,0.0,0,none,0,-1,-1.0,-1.0,0.0,14,1.0,1.0,1.0,0,224,0.7777777777777778,0.0,0.8511904761904763,1.9166666666666667,1.9166666666666667,1.9166666666666667,0.0,26.859446717502113,0.0,14.0
225,18.75,18.75,0,18.75,18:45,24.198856955072106,8.90616153835985,15.292695416712256,1,0,1,1,0,1,2,0,2,0,0.0,0.0,10,0.7142857142857143,41.570180352170524,0.0,0.0,0,none,0,-1,-1.0,-1.0,0.0,14,1.0,1.0,1.0,0,225,0.78125,0.0,0.8333333333333334,1.6666666666666667,1.6666666666666667,1.9166666666666667,0.0,27.72103335852033,0.0,14.0
226,18.833333333333332,18.833333333333332,0,18.833333333333332,18:49,23.450709973998734,8.806132232833587,14.644577741165149,3,0,3,3,0,3,1,0,1,0,0.0,0.0,12,0.8571428571428571,28.80942260192541,0.0,0.0,0,none,0,-1,-1.0,-1.0,0.0,14,1.0,1.0,1.0,0,226,0.7847222222222222,0.0,0.8452380952380952,1.8333333333333333,1.8333333333333333,1.6666666666666667,0.0,26.34803374412071,0.0,14.0
227,18.916666666666668,18.916666666666668,0,18.916666666666668,18:55,22.71320093041409,8.696596088142153,14.016604842271937,3,0,3,3,0,3,4,1,3,0,0.0,0.0,11,0.7857142857142857,28.837746340332075,0.0,0.0,0,none,0,-1,-1.0,-1.0,0.0,14,1.0,1.0,1.0,0,227,0.7881944444444445,0.0,0.8392857142857144,1.75,1.75,1.8333333333333333,0.0,26.27396345867254,0.0,14.0
228,19.0,19.0,0,19.0,19:00,21.989565176425764,8.57856901683194,13.410996159593822,0,0,0,0,0,0,0,0,0,0,0.0,0.0,11,0.7857142857142857,0.0,0.0,0.0,0,none,0,-1,-1.0,-1.0,0.0,14,1.0,1.0,1.0,0,228,0.7916666666666666,0.0,0.8392857142857143,1.75,1.75,1.75,0.0,26.27396345867254,0.0,14.0
229,19.083333333333332,19.083333333333332,0,19.083333333333332,19:04,21.282735257331538,8.45318941103727,12.829545846294268,1,1,0,1,1,0,2,0,2,0,0.0,0.0,10,0.7142857142857143,32.70651780433629,0.0,0.0,0,none,0,-1,-1.0,-1.0,0.0,14,1.0,1.0,1.0,0,229,0.7951388888888888,0.0,0.8273809523809524,1.75,1.75,1.9166666666666667,0.0,26.54537451116286,0.0,14.0
230,19.166666666666668,19.166666666666668,0,19.166666666666668,19:10,20.59532852059018,8.321684724343898,12.273643796246281,1,0,1,1,0,1,0,0,0,0,0.0,0.0,11,0.7857142857142857,31.416630876877672,0.0,0.0,0,none,0,-1,-1.0,-1.0,0.0,14,1.0,1.0,1.0,0,230,0.7986111111111112,0.0,0.8095238095238094,1.4166666666666667,1.4166666666666667,1.6666666666666667,0.0,26.66382710162786,0.0,14.0
231,19.25,19.25,0,19.25,19:15,19.9296396760039,8.185338092596583,11.744301583407319,0,0,0,0,0,0,3,0,3,0,0.0,0.0,8,0.5714285714285714,0.0,0.0,0.0,0,none,0,-1,-1.0,-1.0,0.0,14,1.0,1.0,1.0,0,231,0.8020833333333334,0.0,0.7797619047619047,1.3333333333333333,1.3333333333333333,1.75,0.0,23.55655342918372,0.0,14.0
232,19.333333333333332,19.333333333333332,0,19.333333333333332,19:19,19.28763810115783,8.045456072839656,11.242182028318176,0,0,0,0,0,0,2,0,2,0,0.0,0.0,6,0.42857142857142855,0.0,0.0,0.0,0,none,0,-1,-1.0,-1.0,0.0,14,1.0,1.0,1.0,0,232,0.8055555555555555,0.0,0.7440476190476191,1.25,1.25,1.75,0.0,21.04199096533034,0.0,14.0
233,19.416666666666668,19.416666666666668,0,19.416666666666668,19:25,18.670969613200644,7.9033384303656025,10.767631182835041,1,0,1,1,0,1,1,0,1,0,0.0,0.0,6,0.42857142857142855,26.338169509721656,0.0,0.0,0,none,0,-1,-1.0,-1.0,0.0,14,1.0,1.0,1.0,0,233,0.8090277777777778,0.0,0.7083333333333334,1.3333333333333333,1.3333333333333333,1.8333333333333333,0.0,23.236838424473813,0.0,14.0
234,19.5,19.5,0,19.5,19:30,18.080962365783023,7.760250732515361,10.320711633267662,0,0,0,0,0,0,1,0,1,0,0.0,0.0,5,0.35714285714285715,0.0,0.0,0.0,0,none,0,-1,-1.0,-1.0,0.0,14,1.0,1.0,1.0,0,234,0.8125,0.0,0.6666666666666666,1.1666666666666667,1.1666666666666667,1.75,0.0,21.592938763463394,0.0,14.0
235,19.583333333333332,19.583333333333332,0,19.583333333333332,19:34,17.518636479126254,7.617400324809062,9.901236154317193,3,2,1,3,2,1,0,0,0,0,0.0,0.0,8,0.5714285714285714,29.864362911060088,0.0,0.0,0,none,0,-1,-1.0,-1.0,0.0,14,1.0,1.0,1.0,0,235,0.8159722222222222,0.0,0.6488095238095238,1.25,1.25,1.5,0.0,21.422661368190727,0.0,14.0
236,19.666666666666668,19.666666666666668,0,19.666666666666668,19:40,16.984716972152874,7.4759160798967965,9.508800892256076,1,0,1,1,0,1,3,1,2,0,0.0,0.0,6,0.42857142857142855,42.07617517750759,0.0,0.0,0,none,0,-1,-1.0,-1.0,0.0,14,1.0,1.0,1.0,0,236,0.8194444444444445,0.0,0.619047619047619,1.1666666666666667,1.1666666666666667,1.5833333333333333,0.0,21.801600464494275,0.0,14.0
237,19.75,19.75,0,19.75,19:45,16.479649538420226,7.336832131294739,9.142817407125486,3,2,1,3,2,1,1,0,1,0,0.0,0.0,8,0.5714285714285714,28.93768272795374,0.0,0.0,0,none,0,-1,-1.0,-1.0,0.0,14,1.0,1.0,1.0,0,237,0.8229166666666666,0.0,0.6071428571428572,1.3333333333333333,1.3333333333333333,1.5,0.0,20.748892329142876,0.0,14.0
238,19.833333333333332,19.833333333333332,0,19.833333333333332,19:49,16.003618691996355,7.201075639059797,8.802543052936556,0,0,0,0,0,0,0,0,0,0,0.0,0.0,8,0.5714285714285714,0.0,0.0,0.0,0,none,0,-1,-1.0,-1.0,0.0,14,1.0,1.0,1.0,0,238,0.8263888888888888,0.0,0.5833333333333334,1.0833333333333333,1.0833333333333333,1.4166666666666667,0.0,18.34810711231576,0.0,14.0
239,19.916666666666668,19.916666666666668,0,19.916666666666668,19:55,15.556567804863045,7.069458488968005,8.48710931589504,1,0,1,1,0,1,2,1,1,0,0.0,0.0,7,0.5,27.37254298725741,0.0,0.0,0,none,0,-1,-1.0,-1.0,0.0,14,1.0,1.0,1.0,0,239,0.8298611111111112,0.0,0.5595238095238095,0.9166666666666666,0.9166666666666666,1.25,0.0,18.22600683289287,0.0,14.0
240,20.0,20.0,0,20.0,20:00,15.138220563138113,6.942672704205335,8.195547858932777,0,0,0,0,0,0,0,0,0,0,0.0,0.0,7,0.5,0.0,0.0,0.0,0,none,0,-1,-1.0,-1.0,0.0,14,1.0,1.0,1.0,0,240,0.8333333333333334,0.0,0.5357142857142857,0.9166666666666666,0.9166666666666666,1.25,0.0,18.22600683289287,0.0,14.0
241,20.083333333333332,20.083333333333332,0,20.083333333333332,20:04,14.748103384393719,6.821289251199,7.926814133194719,0,0,0,0,0,0,0,0,0,0,0.0,0.0,7,0.5,0.0,0.0,0.0,0,none,0,-1,-1.0,-1.0,0.0,14,1.0,1.0,1.0,0,241,0.8368055555555555,0.0,0.5178571428571429,0.8333333333333334,0.8333333333333334,1.0833333333333333,0.0,15.500463682531512,0.0,14.0
242,20.166666666666668,20.166666666666668,0,20.166666666666668,20:10,14.385568361469629,6.705759849625692,7.6798085118439365,0,0,0,0,0,0,2,1,1,0,0.0,0.0,5,0.35714285714285715,0.0,0.0,0.0,0,none,0,-1,-1.0,-1.0,0.0,14,1.0,1.0,1.0,0,242,0.8402777777777778,0.0,0.48214285714285715,0.75,0.75,1.25,0.0,12.882411109458374,0.0,14.0
243,20.25,20.25,0,20.25,20:15,14.04981632818525,6.596421350111682,7.453394978073567,0,0,0,0,0,0,0,0,0,0,0.0,0.0,5,0.35714285714285715,0.0,0.0,0.0,0,none,0,-1,-1.0,-1.0,0.0,14,1.0,1.0,1.0,0,243,0.84375,0.0,0.46428571428571436,0.75,0.75,1.0,0.0,12.882411109458374,0.0,14.0
244,20.333333333333332,20.333333333333332,0,20.333333333333332,20:19,13.739919677927578,6.493502219886455,7.2464174580411225,0,0,0,0,0,0,3,2,1,0,0.0,0.0,2,0.14285714285714285,0.0,0.0,0.0,0,none,0,-1,-1.0,-1.0,0.0,14,1.0,1.0,1.0,0,244,0.8472222222222222,0.0,0.44047619047619047,0.75,0.75,1.0833333333333333,0.0,12.882411109458374,0.0,14.0
245,20.416666666666668,20.416666666666668,0,20.416666666666668,20:25,13.45484460589288,6.397130674047498,7.057713931845384,1,1,0,1,1,0,2,0,2,0,0.0,0.0,1,0.07142857142857142,28.16654421948292,0.0,0.0,0,none,0,-1,-1.0,-1.0,0.0,14,1.0,1.0,1.0,0,245,0.8506944444444445,0.0,0.41071428571428564,0.75,0.75,1.1666666666666667,0.0,13.034775668605144,0.0,14.0
246,20.5,20.5,0,20.5,20:30,13.193472488465396,6.3073440049750635,6.8861284834903325,0,0,0,0,0,0,0,0,0,0,0.0,0.0,1,0.07142857142857142,0.0,0.0,0.0,0,none,0,-1,-1.0,-1.0,0.0,14,1.0,1.0,1.0,0,246,0.8541666666666666,0.0,0.3869047619047619,0.75,0.75,1.0833333333333333,0.0,13.034775668605144,0.0,14.0
247,20.583333333333332,20.583333333333332,0,20.583333333333332,20:34,12.954620157558598,6.224098691349158,6.7305214662094395,0,0,0,0,0,0,0,0,0,0,0.0,0.0,1,0.07142857142857142,0.0,0.0,0.0,0,none,0,-1,-1.0,-1.0,0.0,14,1.0,1.0,1.0,0,247,0.8576388888888888,0.0,0.3452380952380953,0.5,0.5,1.0833333333333333,0.0,10.546078759350138,0.0,14.0
248,20.666666666666668,20.666666666666668,0,20.666666666666668,20:40,12.737058872538054,6.14728090765147,6.589777964886584,0,0,0,0,0,0,0,0,0,0,0.0,0.0,1,0.07142857142857142,0.0,0.0,0.0,0,none,0,-1,-1.0,-1.0,0.0,14,1.0,1.0,1.0,0,248,0.8611111111111112,0.0,0.3154761904761905,0.4166666666666667,0.4166666666666667,0.8333333333333334,0.0,7.039730827891172,0.0,14.0
249,20.75,20.75,0,20.75,20:45,12.539531836511904,6.076717101595184,6.462814734916719,0,0,0,0,0,0,0,0,0,0,0.0,0.0,1,0.07142857142857142,0.0,0.0,0.0,0,none,0,-1,-1.0,-1.0,0.0,14,1.0,1.0,1.0,0,249,0.8645833333333334,0.0,0.2738095238095238,0.16666666666666666,0.16666666666666666,0.75,0.0,4.628257267228361,0.0,14.0
250,20.833333333333332,20.833333333333332,0,20.833333333333332,20:49,12.360770146367823,6.012184357506111,6.348585788861711,0,0,0,0,0,0,0,0,0,0,0.0,0.0,1,0.07142857142857142,0.0,0.0,0.0,0,none,0,-1,-1.0,-1.0,0.0,14,1.0,1.0,1.0,0,250,0.8680555555555555,0.0,0.23214285714285718,0.16666666666666666,0.16666666666666666,0.75,0.0,4.628257267228361,0.0,14.0
251,20.916666666666668,20.916666666666668,0,20.916666666666668,20:55,12.199507106145443,5.953420315551106,6.2460867905943385,0,0,0,0,0,0,1,1,0,0,0.0,0.0,0,0.0,0.0,0.0,0.0,0,none,0,-1,-1.0,-1.0,0.0,14,1.0,1.0,1.0,0,251,0.8715277777777778,0.0,0.1904761904761905,0.08333333333333333,0.08333333333333333,0.6666666666666666,0.0,2.3472120182902434,0.0,14.0
252,21.0,21.0,0,21.0,21:00,12.054490870500668,5.90013246759247,6.1543584029081995,1,0,1,1,0,1,0,0,0,0,0.0,0.0,1,0.07142857142857142,28.00010909577285,0.0,0.0,0,none,0,-1,-1.0,-1.0,0.0,14,1.0,1.0,1.0,0,252,0.875,0.0,0.1547619047619048,0.16666666666666666,0.16666666666666666,0.6666666666666666,0.0,4.680554442937981,0.0,14.0
253,21.083333333333332,21.083333333333332,0,21.083333333333332,21:04,11.924495418634839,5.852006698531692,6.072488720103147,1,0,1,1,0,1,0,0,0,0,0.0,0.0,2,0.14285714285714285,37.51256927009203,0.0,0.0,0,none,0,-1,-1.0,-1.0,0.0,14,1.0,1.0,1.0,0,253,0.8784722222222222,0.0,0.12500000000000003,0.25,0.25,0.6666666666666666,0.0,7.806601882112317,0.0,14.0
254,21.166666666666668,21.166666666666668,0,21.166666666666668,21:10,11.808329888766323,5.808714985953209,5.999614902813114,0,0,0,0,0,0,0,0,0,0,0.0,0.0,2,0.14285714285714285,0.0,0.0,0.0,0,none,0,-1,-1.0,-1.0,0.0,14,1.0,1.0,1.0,0,254,0.8819444444444445,0.0,0.10714285714285715,0.25,0.25,0.5,0.0,7.806601882112317,0.0,14.0
255,21.25,21.25,0,21.25,21:15,11.704846328794464,5.769922209790192,5.934924119004272,2,1,1,2,1,1,0,0,0,0,0.0,0.0,4,0.2857142857142857,40.379957242243606,0.0,0.0,0,none,0,-1,-1.0,-1.0,0.0,14,1.0,1.0,1.0,0,255,0.8854166666666666,0.0,0.1011904761904762,0.4166666666666667,0.4166666666666667,0.5,0.0,11.17159831896595,0.0,14.0
256,21.333333333333332,21.333333333333332,0,21.333333333333332,21:19,11.6129459401572,5.735292057105528,5.877653883051672,0,0,0,0,0,0,0,0,0,0,0.0,0.0,4,0.2857142857142857,0.0,0.0,0.0,0,none,0,-1,-1.0,-1.0,0.0,14,1.0,1.0,1.0,0,256,0.8888888888888888,0.0,0.1130952380952381,0.4166666666666667,0.4166666666666667,0.25,0.0,11.17159831896595,0.0,14.0
257,21.416666666666668,21.416666666666668,0,21.416666666666668,21:25,11.531583909042777,5.704492034744795,5.827091874297982,1,0,1,1,0,1,0,0,0,0,0.0,0.0,5,0.35714285714285715,20.485454376387395,0.0,0.0,0,none,0,-1,-1.0,-1.0,0.0,14,1.0,1.0,1.0,0,257,0.8923611111111112,0.0,0.13690476190476192,0.4166666666666667,0.4166666666666667,0.08333333333333333,0.0,10.53150749870799,0.0,14.0
258,21.5,21.5,0,21.5,21:30,11.459772932212921,5.677197624680009,5.782575307532912,2,2,0,2,2,0,1,0,1,0,0.0,0.0,6,0.42857142857142855,27.121318787382705,0.0,0.0,0,none,0,-1,-1.0,-1.0,0.0,14,1.0,1.0,1.0,0,258,0.8958333333333334,0.0,0.16666666666666666,0.5833333333333334,0.5833333333333334,0.16666666666666666,0.0,12.79161739765655,0.0,14.0
259,21.583333333333332,21.583333333333332,0,21.583333333333332,21:34,11.396585553947569,5.653095633639937,5.743489920307631,0,0,0,0,0,0,0,0,0,0,0.0,0.0,6,0.42857142857142855,0.0,0.0,0.0,0,none,0,-1,-1.0,-1.0,0.0,14,1.0,1.0,1.0,0,259,0.8993055555555555,0.0,0.19642857142857142,0.5833333333333334,0.5833333333333334,0.16666666666666666,0.0,12.79161739765655,0.0,14.0
260,21.666666666666668,21.666666666666668,0,21.666666666666668,21:40,11.34115543631557,5.6318868005808955,5.7092686357346745,2,1,1,2,1,1,0,0,0,0,0.0,0.0,8,0.5714285714285714,18.676207687958467,0.0,0.0,0,none,0,-1,-1.0,-1.0,0.0,14,1.0,1.0,1.0,0,260,0.9027777777777778,0.0,0.23809523809523814,0.75,0.75,0.16666666666666666,0.0,14.347968038319754,0.0,14.0
261,21.75,21.75,0,21.75,21:45,11.292677687450254,5.613287733252455,5.6793899541977995,1,1,0,1,1,0,1,0,1,0,0.0,0.0,8,0.5714285714285714,33.017796114573514,0.0,0.0,0,none,0,-1,-1.0,-1.0,0.0,14,1.0,1.0,1.0,0,261,0.90625,0.0,0.27976190476190477,0.8333333333333334,0.8333333333333334,0.25,0.0,17.099451047867547,0.0,14.0
262,21.833333333333332,21.833333333333332,0,21.833333333333332,21:49,11.250408372138352,5.597032249165732,5.653376122972621,0,0,0,0,0,0,3,1,2,0,0.0,0.0,5,0.35714285714285715,0.0,0.0,0.0,0,none,0,-1,-1.0,-1.0,0.0,14,1.0,1.0,1.0,0,262,0.9097222222222222,0.0,0.30357142857142855,0.8333333333333334,0.8333333333333334,0.5,0.0,17.099451047867547,0.0,14.0
263,21.916666666666668,21.916666666666668,0,21.916666666666668,21:55,11.21366332621106,5.582872197297953,5.630791128913107,1,1,0,1,1,0,1,1,0,0,0.0,0.0,5,0.35714285714285715,38.89138055637739,0.0,0.0,0,none,0,-1,-1.0,-1.0,0.0,14,1.0,1.0,1.0,0,263,0.9131944444444445,0.0,0.3333333333333333,0.9166666666666666,0.9166666666666666,0.5,0.0,20.340399427565664,0.0,14.0
264,22.0,22.0,0,22.0,22:00,11.181816391359748,5.570577835466623,5.611238555893125,1,0,1,1,0,1,0,0,0,0,0.0,0.0,6,0.42857142857142855,30.97524525982815,0.0,0.0,0,none,0,-1,-1.0,-1.0,0.0,14,1.0,1.0,1.0,0,264,0.9166666666666666,0.0,0.36309523809523814,0.9166666666666666,0.9166666666666666,0.5,0.0,20.588327441236938,0.0,14.0
265,22.083333333333332,22.083333333333332,0,22.083333333333332,22:04,11.15429718048388,5.559937835039233,5.594359345444647,0,0,0,0,0,0,2,1,1,0,0.0,0.0,4,0.2857142857142857,0.0,0.0,0.0,0,none,0,-1,-1.0,-1.0,0.0,14,1.0,1.0,1.0,0,265,0.9201388888888888,0.0,0.375,0.8333333333333334,0.8333333333333334,0.6666666666666666,0.0,17.462280002062602,0.0,14.0
266,22.166666666666668,22.166666666666668,0,22.166666666666668,22:10,11.130588475898081,5.55075898001428,5.579829495883802,0,0,0,0,0,0,1,1,0,0,0.0,0.0,3,0.21428571428571427,0.0,0.0,0.0,0,none,0,-1,-1.0,-1.0,0.0,14,1.0,1.0,1.0,0,266,0.9236111111111112,0.0,0.380952380952381,0.8333333333333334,0.8333333333333334,0.75,0.0,17.462280002062602,0.0,14.0
267,22.25,22.25,0,22.25,22:15,11.110223354037712,5.542865621956315,5.567357732081398,0,0,0,0,0,0,0,0,0,0,0.0,0.0,3,0.21428571428571427,0.0,0.0,0.0,0,none,0,-1,-1.0,-1.0,0.0,14,1.0,1.0,1.0,0,267,0.9270833333333334,0.0,0.375,0.6666666666666666,0.6666666666666666,0.75,0.0,14.097283565208969,0.0,14.0
268,22.333333333333332,22.333333333333332,0,22.333333333333332,22:19,11.092782121037228,5.536098946165533,5.556683174871695,0,0,0,0,0,0,1,1,0,0,0.0,0.0,2,0.14285714285714285,0.0,0.0,0.0,0,none,0,-1,-1.0,-1.0,0.0,14,1.0,1.0,1.0,0,268,0.9305555555555555,0.0,0.36309523809523814,0.6666666666666666,0.6666666666666666,0.8333333333333334,0.0,14.097283565208969,0.0,14.0
269,22.416666666666668,22.416666666666668,0,22.416666666666668,22:25,11.077889134007714,5.530316098118495,5.5475730358892195,1,0,1,1,0,1,0,0,0,0,0.0,0.0,3,0.21428571428571427,32.6292173838032,0.0,0.0,0,none,0,-1,-1.0,-1.0,0.0,14,1.0,1.0,1.0,0,269,0.9340277777777778,0.0,0.3511904761904762,0.6666666666666666,0.6666666666666666,0.8333333333333334,0.0,15.109263815826951,0.0,14.0
270,22.5,22.5,0,22.5,22:30,11.065209573266051,5.525389212876043,5.539820360390008,1,1,0,1,1,0,0,0,0,0,0.0,0.0,4,0.2857142857142857,18.988970790026677,0.0,0.0,0,none,0,-1,-1.0,-1.0,0.0,14,1.0,1.0,1.0,0,270,0.9375,0.0,0.33928571428571425,0.5833333333333334,0.5833333333333334,0.75,0.0,14.431568149380617,0.0,14.0
271,22.583333333333332,22.583333333333332,0,22.583333333333332,22:34,11.054446221386897,5.521204384006138,5.533241837380759,1,0,1,1,0,1,2,1,1,0,0.0,0.0,3,0.21428571428571427,15.0,0.0,0.0,0,none,0,-1,-1.0,-1.0,0.0,14,1.0,1.0,1.0,0,271,0.9409722222222222,0.0,0.32142857142857145,0.6666666666666666,0.6666666666666666,0.9166666666666666,0.0,15.681568149380617,0.0,14.0
272,22.666666666666668,22.666666666666668,0,22.666666666666668,22:40,11.045336295939368,5.51766060275124,5.527675693188129,0,0,0,0,0,0,0,0,0,0,0.0,0.0,3,0.21428571428571427,0.0,0.0,0.0,0,none,0,-1,-1.0,-1.0,0.0,14,1.0,1.0,1.0,0,272,0.9444444444444445,0.0,0.2916666666666667,0.5,0.5,0.9166666666666666,0.0,14.125217508717412,0.0,14.0
273,22.75,22.75,0,22.75,22:45,11.037648374275019,5.514668692777917,5.522979681497103,0,0,0,0,0,0,0,0,0,0,0.0,0.0,3,0.21428571428571427,0.0,0.0,0.0,0,none,0,-1,-1.0,-1.0,0.0,14,1.0,1.0,1.0,0,273,0.9479166666666666,0.0,0.2619047619047619,0.4166666666666667,0.4166666666666667,0.8333333333333334,0.0,11.37373449916962,0.0,14.0
274,22.833333333333332,22.833333333333332,0,22.833333333333332,22:49,11.03117944085892,5.512150260939815,5.519029179919106,0,0,0,0,0,0,2,1,1,0,0.0,0.0,1,0.07142857142857142,0.0,0.0,0.0,0,none,0,-1,-1.0,-1.0,0.0,14,1.0,1.0,1.0,0,274,0.9513888888888888,0.0,0.2380952380952381,0.4166666666666667,0.4166666666666667,0.75,0.0,11.37373449916962,0.0,14.0
275,22.916666666666668,22.916666666666668,0,22.916666666666668,22:55,11.025752080455069,5.510036680094674,5.515715400360395,0,0,0,0,0,0,0,0,0,0,0.0,0.0,1,0.07142857142857142,0.0,0.0,0.0,0,none,0,-1,-1.0,-1.0,0.0,14,1.0,1.0,1.0,0,275,0.9548611111111112,0.0,0.2142857142857143,0.3333333333333333,0.3333333333333333,0.6666666666666666,0.0,8.132786119471502,0.0,14.0
276,23.0,23.0,0,23.0,23:00,11.021211834035757,5.508268116149105,5.512943717886652,2,1,1,2,1,1,1,0,1,0,0.0,0.0,2,0.14285714285714285,30.861893613265863,0.0,0.0,0,none,0,-1,-1.0,-1.0,0.0,14,1.0,1.0,1.0,0,276,0.9583333333333334,0.0,0.19047619047619047,0.4166666666666667,0.4166666666666667,0.75,0.0,8.123340148924646,0.0,14.0
277,23.083333333333332,23.083333333333332,0,23.083333333333332,23:04,11.017424728600275,5.5067926081511045,5.510632120449171,0,0,0,0,0,0,0,0,0,0,0.0,0.0,2,0.14285714285714285,0.0,0.0,0.0,0,none,0,-1,-1.0,-1.0,0.0,14,1.0,1.0,1.0,0,277,0.9618055555555555,0.0,0.17857142857142858,0.4166666666666667,0.4166666666666667,0.5833333333333334,0.0,8.123340148924646,0.0,14.0
278,23.166666666666668,23.166666666666668,0,23.166666666666668,23:10,11.014274987158913,5.505565207387003,5.508709779771911,1,1,0,1,1,0,0,0,0,0,0.0,0.0,3,0.21428571428571427,26.62027732090284,0.0,0.0,0,none,0,-1,-1.0,-1.0,0.0,14,1.0,1.0,1.0,0,278,0.9652777777777778,0.0,0.17857142857142858,0.5,0.5,0.5,0.0,10.341696592333216,0.0,14.0
279,23.25,23.25,0,23.25,23:15,11.011662920942175,5.5045471790343425,5.507115741907833,0,0,0,0,0,0,0,0,0,0,0.0,0.0,3,0.21428571428571427,0.0,0.0,0.0,0,none,0,-1,-1.0,-1.0,0.0,14,1.0,1.0,1.0,0,279,0.96875,0.0,0.17857142857142858,0.5,0.5,0.5,0.0,10.341696592333216,0.0,14.0
280,23.333333333333332,23.333333333333332,0,23.333333333333332,23:19,11.00950300239716,5.503705267937626,5.505797734459534,0,0,0,0,0,0,0,0,0,0,0.0,0.0,3,0.21428571428571427,0.0,0.0,0.0,0,none,0,-1,-1.0,-1.0,0.0,14,1.0,1.0,1.0,0,280,0.9722222222222222,0.0,0.18452380952380953,0.5,0.5,0.4166666666666667,0.0,10.341696592333216,0.0,14.0
281,23.416666666666668,23.416666666666668,0,23.416666666666668,23:25,11.007722114686809,5.503011028468728,5.504711086218081,0,0,0,0,0,0,0,0,0,0,0.0,0.0,3,0.21428571428571427,0.0,0.0,0.0,0,none,0,-1,-1.0,-1.0,0.0,14,1.0,1.0,1.0,0,281,0.9756944444444445,0.0,0.1845238095238095,0.4166666666666667,0.4166666666666667,0.4166666666666667,0.0,7.622595143682948,0.0,14.0
282,23.5,23.5,0,23.5,23:30,11.006257971159055,5.502440217165992,5.503817753993062,0,0,0,0,0,0,1,0,1,0,0.0,0.0,2,0.14285714285714285,0.0,0.0,0.0,0,none,0,-1,-1.0,-1.0,0.0,14,1.0,1.0,1.0,0,282,0.9791666666666666,0.0,0.17261904761904764,0.3333333333333333,0.3333333333333333,0.5,0.0,6.040180911180726,0.0,14.0
283,23.583333333333332,23.583333333333332,0,23.583333333333332,23:34,11.005057696542984,5.501972245873942,5.503085450669041,0,0,0,0,0,0,1,1,0,0,0.0,0.0,1,0.07142857142857142,0.0,0.0,0.0,0,none,0,-1,-1.0,-1.0,0.0,14,1.0,1.0,1.0,0,283,0.9826388888888888,0.0,0.16071428571428573,0.25,0.25,0.4166666666666667,0.0,4.790180911180726,0.0,14.0
284,23.666666666666668,23.666666666666668,0,23.666666666666668,23:40,11.004076560396394,5.5015896923886345,5.502486868007759,2,2,0,2,2,0,1,1,0,0,0.0,0.0,2,0.14285714285714285,27.525663519128308,0.0,0.0,0,none,0,-1,-1.0,-1.0,0.0,14,1.0,1.0,1.0,0,284,0.9861111111111112,0.0,0.15476190476190477,0.4166666666666667,0.4166666666666667,0.5,0.0,7.083986204441417,0.0,14.0
285,23.75,23.75,0,23.75,23:45,11.003276852512217,5.5012778651142815,5.501998987397935,0,0,0,0,0,0,0,0,0,0,0.0,0.0,2,0.14285714285714285,0.0,0.0,0.0,0,none,0,-1,-1.0,-1.0,0.0,14,1.0,1.0,1.0,0,285,0.9895833333333334,0.0,0.1488095238095238,0.4166666666666667,0.4166666666666667,0.5,0.0,7.083986204441417,0.0,14.0
286,23.833333333333332,23.833333333333332,0,23.833333333333332,23:49,11.002626889529498,5.5010244179194245,5.501602471610074,1,1,0,1,1,0,0,0,0,0,0.0,0.0,3,0.21428571428571427,25.092354590576953,0.0,0.0,0,none,0,-1,-1.0,-1.0,0.0,14,1.0,1.0,1.0,0,286,0.9930555555555555,0.0,0.16071428571428573,0.5,0.5,0.3333333333333333,0.0,9.175015753656163,0.0,14.0
287,23.916666666666668,23.916666666666668,0,23.916666666666668,23:55,11.002100141830912,5.5008190112139035,5.501281130617009,0,0,0,0,0,0,0,0,0,0,0.0,0.0,3,0.21428571428571427,0.0,0.0,0.0,0,none,0,-1,-1.0,-1.0,0.0,14,1.0,1.0,1.0,0,287,0.9965277777777778,0.0,0.17261904761904764,0.5,0.5,0.3333333333333333,0.0,9.175015753656163,0.0,14.0
288,24.0,24.0,1,0.0,00:00,11.00008198637012,5.5000508316227625,5.500031154747357,0,0,0,0,0,0,0,0,0,0,0.0,0.0,3,0.21428571428571427,0.0,0.0,0.0,0,none,0,-1,-1.0,-1.0,0.0,14,1.0,1.0,1.0,0,0,0.0,0.0,0.17857142857142858,0.3333333333333333,0.3333333333333333,0.25,0.0,6.603191285884009,0.0,14.0
289,24.083333333333332,24.083333333333332,1,0.08333333333333215,00:04,11.000106230721423,5.50006586317033,5.500040367551093,0,0,0,0,0,0,0,0,0,0,0.0,0.0,3,0.21428571428571427,0.0,0.0,0.0,0,none,0,-1,-1.0,-1.0,0.0,14,1.0,1.0,1.0,0,1,0.003472222222222173,0.0,0.18452380952380953,0.3333333333333333,0.3333333333333333,0.25,0.0,6.603191285884009,0.0,14.0
290,24.166666666666668,24.166666666666668,1,0.16666666666666785,00:10,11.000137271539305,5.500085108559844,5.500052162979461,0,0,0,0,0,0,2,2,0,0,0.0,0.0,1,0.07142857142857142,0.0,0.0,0.0,0,none,0,-1,-1.0,-1.0,0.0,14,1.0,1.0,1.0,0,2,0.0069444444444444935,0.0,0.17261904761904764,0.25,0.25,0.4166666666666667,0.0,4.384834842475438,0.0,14.0
291,24.25,24.25,1,0.25,00:15,11.000176902014061,5.5001096795899755,5.500067222424086,1,0,1,1,0,1,0,0,0,0,0.0,0.0,2,0.14285714285714285,18.862243680094757,0.0,0.0,0,none,0,-1,-1.0,-1.0,0.0,14,1.0,1.0,1.0,0,3,0.010416666666666666,0.0,0.16666666666666666,0.3333333333333333,0.3333333333333333,0.4166666666666667,0.0,5.956688482483334,0.0,14.0
292,24.333333333333332,24.333333333333332,1,0.33333333333333215,00:19,11.000227356278621,5.500140961456445,5.500086394822176,0,0,0,0,0,0,1,1,0,0,0.0,0.0,1,0.07142857142857142,0.0,0.0,0.0,0,none,0,-1,-1.0,-1.0,0.0,14,1.0,1.0,1.0,0,4,0.01388888888888884,0.0,0.15476190476190477,0.3333333333333333,0.3333333333333333,0.5,0.0,5.956688482483334,0.0,14.0
293,24.416666666666668,24.416666666666668,1,0.41666666666666785,00:25,11.000291409044976,5.50018067453398,5.500110734510996,0,0,0,0,0,0,0,0,0,0,0.0,0.0,1,0.07142857142857142,0.0,0.0,0.0,0,none,0,-1,-1.0,-1.0,0.0,14,1.0,1.0,1.0,0,5,0.01736111111111116,0.0,0.14285714285714288,0.3333333333333333,0.3333333333333333,0.5,0.0,5.956688482483334,0.0,14.0
294,24.5,24.5,1,0.5,00:30,11.000372495477256,5.500230948709127,5.500141546768129,2,1,1,2,1,1,0,0,0,0,0.0,0.0,3,0.21428571428571427,24.987098201477252,0.0,0.0,0,none,0,-1,-1.0,-1.0,0.0,14,1.0,1.0,1.0,0,6,0.020833333333333332,0.0,0.1488095238095238,0.5,0.5,0.4166666666666667,0.0,8.038946665939772,0.0,14.0
295,24.583333333333332,24.583333333333332,1,0.5833333333333321,00:34,11.000474854853564,5.5002944124684205,5.500180442385144,1,1,0,1,1,0,1,0,1,0,0.0,0.0,3,0.21428571428571427,25.703804190094846,0.0,0.0,0,none,0,-1,-1.0,-1.0,0.0,14,1.0,1.0,1.0,0,7,0.024305555555555507,0.0,0.16071428571428573,0.5833333333333334,0.5833333333333334,0.4166666666666667,0.0,10.180930348447676,0.0,14.0
296,24.666666666666668,24.666666666666668,1,0.6666666666666679,00:40,11.000603702062527,5.500374299253697,5.50022940280883,1,0,1,1,0,1,0,0,0,0,0.0,0.0,4,0.2857142857142857,31.215700677176077,0.0,0.0,0,none,0,-1,-1.0,-1.0,0.0,14,1.0,1.0,1.0,0,8,0.02777777777777783,0.0,0.17261904761904764,0.5,0.5,0.3333333333333333,0.0,10.488433444951658,0.0,14.0
297,24.75,24.75,1,0.75,00:45,11.000765431513953,5.500474573928727,5.500290857585226,0,0,0,0,0,0,0,0,0,0,0.0,0.0,4,0.2857142857142857,0.0,0.0,0.0,0,none,0,-1,-1.0,-1.0,0.0,14,1.0,1.0,1.0,0,9,0.03125,0.0,0.18452380952380953,0.5,0.5,0.3333333333333333,0.0,10.488433444951658,0.0,14.0
298,24.833333333333332,24.833333333333332,1,0.8333333333333321,00:49,11.000967858612453,5.500600082556764,5.50036777605569,0,0,0,0,0,0,0,0,0,0,0.0,0.0,4,0.2857142857142857,0.0,0.0,0.0,0,none,0,-1,-1.0,-1.0,0.0,14,1.0,1.0,1.0,0,10,0.034722222222222175,0.0,0.19047619047619047,0.4166666666666667,0.4166666666666667,0.3333333333333333,0.0,8.397403895736911,0.0,14.0
299,24.916666666666668,24.916666666666668,1,0.9166666666666679,00:55,11.00122050454246,5.500756729063854,5.500463775478606,0,0,0,0,0,0,1,0,1,0,0.0,0.0,3,0.21428571428571427,0.0,0.0,0.0,0,none,0,-1,-1.0,-1.0,0.0,14,1.0,1.0,1.0,0,11,0.038194444444444496,0.0,0.1904761904761905,0.4166666666666667,0.4166666666666667,0.4166666666666667,0.0,8.397403895736911,0.0,14.0
300,25.0,25.0,1,1.0,01:00,11.001534930734644,5.5009516827530724,5.500583247981572,0,0,0,0,0,0,1,1,0,0,0.0,0.0,2,0.14285714285714285,0.0,0.0,0.0,0,none,0,-1,-1.0,-1.0,0.0,14,1.0,1.0,1.0,0,12,0.041666666666666664,0.0,0.18452380952380953,0.4166666666666667,0.4166666666666667,0.5,0.0,8.397403895736911,0.0,14.0
301,25.083333333333332,25.083333333333332,1,1.0833333333333321,01:04,11.001925130016067,5.501193621034091,5.500731508981977,1,0,1,1,0,1,1,1,0,0,0.0,0.0,2,0.14285714285714285,20.92985995427397,0.0,0.0,0,none,0,-1,-1.0,-1.0,0.0,14,1.0,1.0,1.0,0,13,0.04513888888888884,0.0,0.17857142857142858,0.5,0.5,0.5833333333333334,0.0,10.141558891926408,0.0,14.0
302,25.166666666666668,25.166666666666668,1,1.1666666666666679,01:10,11.002407982075074,5.501493012132404,5.500914969942669,1,1,0,1,1,0,0,0,0,0,0.0,0.0,3,0.21428571428571427,38.49316558048813,0.0,0.0,0,none,0,-1,-1.0,-1.0,0.0,14,1.0,1.0,1.0,0,14,0.04861111111111116,0.0,0.1904761904761905,0.5833333333333334,0.5833333333333334,0.4166666666666667,0.0,13.349322690300419,0.0,14.0
303,25.25,25.25,1,1.25,01:15,11.003003781478727,5.501862442933056,5.501141338545671,0,0,0,0,0,0,1,0,1,0,0.0,0.0,2,0.14285714285714285,0.0,0.0,0.0,0,none,0,-1,-1.0,-1.0,0.0,14,1.0,1.0,1.0,0,15,0.052083333333333336,0.0,0.1904761904761905,0.5,0.5,0.5,0.0,11.777469050292522,0.0,14.0
304,25.333333333333332,25.333333333333332,1,1.3333333333333321,01:19,11.003736847043271,5.502316997482579,5.501419849560692,1,0,1,1,0,1,0,0,0,0,0.0,0.0,3,0.21428571428571427,19.423729607372245,0.0,0.0,0,none,0,-1,-1.0,-1.0,0.0,14,1.0,1.0,1.0,0,16,0.055555555555555504,0.0,0.20238095238095236,0.5833333333333334,0.5833333333333334,0.4166666666666667,0.0,13.396113184240209,0.0,14.0
305,25.416666666666668,25.416666666666668,1,1.4166666666666679,01:25,11.004636221850088,5.502874692005684,5.501761529844404,1,1,0,1,1,0,0,0,0,0,0.0,0.0,4,0.2857142857142857,17.255391002614296,0.0,0.0,0,none,0,-1,-1.0,-1.0,0.0,14,1.0,1.0,1.0,0,17,0.059027777777777825,0.0,0.22023809523809526,0.6666666666666666,0.6666666666666666,0.4166666666666667,0.0,14.834062434458067,0.0,14.0
306,25.5,25.5,1,1.5,01:30,11.005736473589717,5.503556972573228,5.50217950101649,1,1,0,1,1,0,1,0,1,0,0.0,0.0,4,0.2857142857142857,17.199296160112937,0.0,0.0,0,none,0,-1,-1.0,-1.0,0.0,14,1.0,1.0,1.0,0,18,0.0625,0.0,0.2261904761904762,0.5833333333333334,0.5833333333333334,0.5,0.0,14.185078931011041,0.0,14.0
307,25.583333333333332,25.583333333333332,1,1.5833333333333321,01:34,11.007078605168505,5.5043892817663895,5.502689323402116,2,0,2,2,0,2,0,0,0,0,0.0,0.0,6,0.42857142857142855,31.076324729748467,0.0,0.0,0,none,0,-1,-1.0,-1.0,0.0,14,1.0,1.0,1.0,0,19,0.06597222222222217,0.0,0.24404761904761904,0.6666666666666666,0.6666666666666666,0.4166666666666667,0.0,14.632788975982178,0.0,14.0
308,25.666666666666668,25.666666666666668,1,1.6666666666666679,01:40,11.008711085586196,5.505401700798184,5.503309384788012,0,0,0,0,0,0,1,0,1,0,0.0,0.0,5,0.35714285714285715,0.0,0.0,0.0,0,none,0,-1,-1.0,-1.0,0.0,14,1.0,1.0,1.0,0,20,0.06944444444444449,0.0,0.25,0.5833333333333334,0.5833333333333334,0.5,0.0,12.031480586217505,0.0,14.0
309,25.75,25.75,1,1.75,01:45,11.010691010942473,5.5066296735548965,5.504061337387577,0,0,0,0,0,0,1,1,0,0,0.0,0.0,4,0.2857142857142857,0.0,0.0,0.0,0,none,0,-1,-1.0,-1.0,0.0,14,1.0,1.0,1.0,0,21,0.07291666666666667,0.0,0.25,0.5833333333333334,0.5833333333333334,0.5833333333333334,0.0,12.031480586217505,0.0,14.0
310,25.833333333333332,25.833333333333332,1,1.8333333333333321,01:49,11.013085405007352,5.5081148188834455,5.504970586123907,1,0,1,1,0,1,2,2,0,0,0.0,0.0,3,0.21428571428571427,27.705127318380043,0.0,0.0,0,none,0,-1,-1.0,-1.0,0.0,14,1.0,1.0,1.0,0,22,0.07638888888888884,0.0,0.24404761904761907,0.6666666666666666,0.6666666666666666,0.75,0.0,14.34024119608251,0.0,14.0
311,25.916666666666668,25.916666666666668,1,1.9166666666666679,01:55,11.015972668041416,5.509905837152156,5.506066830889259,0,0,0,0,0,0,0,0,0,0,0.0,0.0,3,0.21428571428571427,0.0,0.0,0.0,0,none,0,-1,-1.0,-1.0,0.0,14,1.0,1.0,1.0,0,23,0.07986111111111116,0.0,0.24404761904761907,0.6666666666666666,0.6666666666666666,0.6666666666666666,0.0,14.34024119608251,0.0,14.0
312,26.0,26.0,1,2.0,02:00,11.019444181421887,5.512059516628226,5.507384664793661,0,0,0,0,0,0,0,0,0,0,0.0,0.0,3,0.21428571428571427,0.0,0.0,0.0,0,none,0,-1,-1.0,-1.0,0.0,14,1.0,1.0,1.0,0,24,0.08333333333333333,0.0,0.25000000000000006,0.6666666666666666,0.6666666666666666,0.5833333333333334,0.0,14.34024119608251,0.0,14.0
313,26.083333333333332,26.083333333333332,1,2.083333333333332,02:04,11.023606074063139,5.514641844523217,5.508964229539922,0,0,0,0,0,0,1,0,1,0,0.0,0.0,2,0.14285714285714285,0.0,0.0,0.0,0,none,0,-1,-1.0,-1.0,0.0,14,1.0,1.0,1.0,0,25,0.08680555555555551,0.0,0.25000000000000006,0.5833333333333334,0.5833333333333334,0.5833333333333334,0.0,12.59608619989301,0.0,14.0
314,26.166666666666668,26.166666666666668,1,2.166666666666668,02:10,11.02858115455895,5.517729226638116,5.510851927920833,0,0,0,0,0,0,0,0,0,0,0.0,0.0,2,0.14285714285714285,0.0,0.0,0.0,0,none,0,-1,-1.0,-1.0,0.0,14,1.0,1.0,1.0,0,26,0.09027777777777783,0.0,0.24404761904761907,0.5,0.5,0.5833333333333334,0.0,9.388322401519,0.0,14.0
315,26.25,26.25,1,2.25,02:15,11.03451101036479,5.5214098183757105,5.5131011919890796,2,1,1,2,1,1,1,0,1,0,0.0,0.0,3,0.21428571428571427,30.699064167898285,0.0,0.0,0,none,0,-1,-1.0,-1.0,0.0,14,1.0,1.0,1.0,0,27,0.09375,0.0,0.25,0.6666666666666666,0.6666666666666666,0.5833333333333334,0.0,11.946577748843856,0.0,14.0
316,26.333333333333332,26.333333333333332,1,2.333333333333332,02:19,11.041558272131947,5.525784968468751,5.515773303663196,0,0,0,0,0,0,1,0,1,0,0.0,0.0,2,0.14285714285714285,0.0,0.0,0.0,0,none,0,-1,-1.0,-1.0,0.0,14,1.0,1.0,1.0,0,28,0.09722222222222217,0.0,0.24404761904761907,0.5833333333333334,0.5833333333333334,0.6666666666666666,0.0,10.32793361489617,0.0,14.0
317,26.416666666666668,26.416666666666668,1,2.416666666666668,02:25,11.049909037458988,5.530970775092245,5.518938262366743,0,0,0,0,0,0,0,0,0,0,0.0,0.0,2,0.14285714285714285,0.0,0.0,0.0,0,none,0,-1,-1.0,-1.0,0.0,14,1.0,1.0,1.0,0,29,0.10069444444444449,0.0,0.23214285714285718,0.5,0.5,0.6666666666666666,0.0,8.88998436467831,0.0,14.0
318,26.5,26.5,1,2.5,02:30,11.059775443807403,5.537099752089127,5.522675691718276,0,0,0,0,0,0,0,0,0,0,0.0,0.0,2,0.14285714285714285,0.0,0.0,0.0,0,none,0,-1,-1.0,-1.0,0.0,14,1.0,1.0,1.0,0,30,0.10416666666666667,0.0,0.22023809523809523,0.4166666666666667,0.4166666666666667,0.5833333333333334,0.0,7.4567096846688985,0.0,14.0
319,26.583333333333332,26.583333333333332,1,2.583333333333332,02:34,11.071398375117802,5.5443226008501485,5.5270757742676535,0,0,0,0,0,0,0,0,0,0,0.0,0.0,2,0.14285714285714285,0.0,0.0,0.0,0,none,0,-1,-1.0,-1.0,0.0,14,1.0,1.0,1.0,0,31,0.10763888888888884,0.0,0.19642857142857142,0.25,0.25,0.5833333333333334,0.0,4.86701595718986,0.0,14.0
320,26.666666666666668,26.666666666666668,1,2.666666666666668,02:40,11.085050280758281,5.552810080969729,5.532240199788553,0,0,0,0,0,0,1,1,0,0,0.0,0.0,1,0.07142857142857142,0.0,0.0,0.0,0,none,0,-1,-1.0,-1.0,0.0,14,1.0,1.0,1.0,0,32,0.11111111111111116,0.0,0.17261904761904764,0.25,0.25,0.5833333333333334,0.0,4.86701595718986,0.0,14.0
321,26.75,26.75,1,2.75,02:45,11.101038078854435,5.562754970176136,5.538283108678299,0,0,0,0,0,0,0,0,0,0,0.0,0.0,1,0.07142857142857142,0.0,0.0,0.0,0,none,0,-1,-1.0,-1.0,0.0,14,1.0,1.0,1.0,0,33,0.11458333333333333,0.0,0.15476190476190477,0.25,0.25,0.5,0.0,4.86701595718986,0.0,14.0
322,26.833333333333332,26.833333333333332,1,2.833333333333332,02:49,11.119706108831988,5.574374101241199,5.545332007590789,0,0,0,0,0,0,0,0,0,0,0.0,0.0,1,0.07142857142857142,0.0,0.0,0.0,0,none,0,-1,-1.0,-1.0,0.0,14,1.0,1.0,1.0,0,34,0.11805555555555551,0.0,0.14285714285714288,0.16666666666666666,0.16666666666666666,0.3333333333333333,0.0,2.5582553473248573,0.0,14.0
323,26.916666666666668,26.916666666666668,1,2.916666666666668,02:55,11.141439090215899,5.587910460652416,5.553528629563483,1,0,1,1,0,1,1,0,1,0,0.0,0.0,1,0.07142857142857142,30.174878964943986,0.0,0.0,0,none,0,-1,-1.0,-1.0,0.0,14,1.0,1.0,1.0,0,35,0.12152777777777783,0.0,0.13095238095238096,0.25,0.25,0.4166666666666667,0.0,5.072828594403522,0.0,14.0
324,27.0,27.0,1,3.0,03:00,11.166665036471228,5.60363533082227,5.563029705648958,0,0,0,0,0,0,0,0,0,0,0.0,0.0,1,0.07142857142857142,0.0,0.0,0.0,0,none,0,-1,-1.0,-1.0,0.0,14,1.0,1.0,1.0,0,36,0.125,0.0,0.11904761904761907,0.25,0.25,0.4166666666666667,0.0,5.072828594403522,0.0,14.0
325,27.083333333333332,27.083333333333332,1,3.083333333333332,03:04,11.195858064071931,5.621850454560361,5.57400760951157,1,0,1,1,0,1,0,0,0,0,0.0,0.0,2,0.14285714285714285,34.33035870081571,0.0,0.0,0,none,0,-1,-1.0,-1.0,0.0,14,1.0,1.0,1.0,0,37,0.12847222222222218,0.0,0.11904761904761907,0.3333333333333333,0.3333333333333333,0.3333333333333333,0.0,7.933691819471498,0.0,14.0
326,27.166666666666668,27.166666666666668,1,3.166666666666668,03:10,11.22954102820767,5.642890197482154,5.5866508307255165,3,2,1,3,2,1,0,0,0,0,0.0,0.0,5,0.35714285714285715,22.38449558596557,0.0,0.0,0,none,0,-1,-1.0,-1.0,0.0,14,1.0,1.0,1.0,0,38,0.1319444444444445,0.0,0.1369047619047619,0.5833333333333334,0.5833333333333334,0.3333333333333333,0.0,9.799066451635296,0.0,14.0
327,27.25,27.25,1,3.25,03:15,11.268287907786952,5.667123681003905,5.601164226783047,1,0,1,1,0,1,0,0,0,0,0.0,0.0,6,0.42857142857142855,29.170814018144682,0.0,0.0,0,none,0,-1,-1.0,-1.0,0.0,14,1.0,1.0,1.0,0,39,0.13541666666666666,0.0,0.15476190476190477,0.5,0.5,0.25,0.0,9.671712272489161,0.0,14.0
328,27.333333333333332,27.333333333333332,1,3.333333333333332,03:19,11.312725853902098,5.6949568555891945,5.617768998312903,1,0,1,1,0,1,0,0,0,0,0.0,0.0,7,0.5,41.00849245912797,0.0,0.0,0,none,0,-1,-1.0,-1.0,0.0,14,1.0,1.0,1.0,0,40,0.13888888888888884,0.0,0.18452380952380953,0.5833333333333334,0.5833333333333334,0.16666666666666666,0.0,13.08908664408316,0.0,14.0
329,27.416666666666668,27.416666666666668,1,3.416666666666668,03:25,11.363536807958473,5.72683448095971,5.636702326998764,2,2,0,2,2,0,0,0,0,0,0.0,0.0,9,0.6428571428571429,33.358814341178146,0.0,0.0,0,none,0,-1,-1.0,-1.0,0.0,14,1.0,1.0,1.0,0,41,0.14236111111111116,0.0,0.2261904761904762,0.75,0.75,0.16666666666666666,0.0,15.868987839181338,0.0,14.0
330,27.5,27.5,1,3.5,03:30,11.421458588538663,5.76324197702404,5.658216611514622,0,0,0,0,0,0,2,0,2,0,0.0,0.0,7,0.5,0.0,0.0,0.0,0,none,0,-1,-1.0,-1.0,0.0,14,1.0,1.0,1.0,0,42,0.14583333333333334,0.0,0.255952380952381,0.75,0.75,0.3333333333333333,0.0,15.868987839181338,0.0,14.0
331,27.583333333333332,27.583333333333332,1,3.583333333333332,03:34,11.487285340100797,5.8047071062417555,5.682578233859042,1,0,1,1,0,1,1,1,0,0,0.0,0.0,7,0.5,30.13873806093348,0.0,0.0,0,none,0,-1,-1.0,-1.0,0.0,14,1.0,1.0,1.0,0,43,0.1493055555555555,0.0,0.28571428571428575,0.8333333333333334,0.8333333333333334,0.4166666666666667,0.0,18.38054934425913,0.0,14.0
332,27.666666666666668,27.666666666666668,1,3.666666666666668,03:40,11.561867232150437,5.851801444918895,5.710065787231542,1,0,1,1,0,1,2,1,1,0,0.0,0.0,6,0.42857142857142855,35.20955911265944,0.0,0.0,0,none,0,-1,-1.0,-1.0,0.0,14,1.0,1.0,1.0,0,44,0.15277777777777782,0.0,0.3154761904761905,0.9166666666666666,0.9166666666666666,0.5,0.0,21.314679270314084,0.0,14.0
333,27.75,27.75,1,3.75,03:45,11.646109294941454,5.905141597380265,5.740967697561189,0,0,0,0,0,0,1,0,1,0,0.0,0.0,5,0.35714285714285715,0.0,0.0,0.0,0,none,0,-1,-1.0,-1.0,0.0,14,1.0,1.0,1.0,0,45,0.15625,0.0,0.33928571428571425,0.9166666666666666,0.9166666666666666,0.5833333333333334,0.0,21.314679270314084,0.0,14.0
334,27.833333333333332,27.833333333333332,1,3.833333333333332,03:49,11.740969277423115,5.9653901029062455,5.77557917451687,1,0,1,1,0,1,0,0,0,0,0.0,0.0,6,0.42857142857142855,24.3832501738041,0.0,0.0,0,none,0,-1,-1.0,-1.0,0.0,14,1.0,1.0,1.0,0,46,0.15972222222222218,0.0,0.36904761904761907,1.0,1.0,0.5833333333333334,0.0,23.34661678479776,0.0,14.0
335,27.916666666666668,27.916666666666668,1,3.916666666666668,03:55,11.847454415420112,6.033255980554623,5.814198434865489,1,1,0,1,1,0,0,0,0,0,0.0,0.0,7,0.5,32.44801593991137,0.0,0.0,0,none,0,-1,-1.0,-1.0,0.0,14,1.0,1.0,1.0,0,47,0.1631944444444445,0.0,0.4047619047619048,1.0,1.0,0.5,0.0,23.536044866045042,0.0,14.0
336,28.0,28.0,1,4.0,04:00,11.966617003253864,6.109494851299408,5.8571221519544565,0,0,0,0,0,0,2,2,0,0,0.0,0.0,5,0.35714285714285715,0.0,0.0,0.0,0,none,0,-1,-1.0,-1.0,0.0,14,1.0,1.0,1.0,0,48,0.16666666666666666,0.0,0.42857142857142855,1.0,1.0,0.6666666666666666,0.0,23.536044866045042,0.0,14.0
337,28.083333333333332,28.083333333333332,1,4.083333333333332,04:04,12.09954867049691,6.194908570107195,5.904640100389715,1,1,0,1,1,0,1,0,1,0,0.0,0.0,5,0.35714285714285715,28.8964326414659,0.0,0.0,0,none,0,-1,-1.0,-1.0,0.0,14,1.0,1.0,1.0,0,49,0.17013888888888884,0.0,0.44642857142857145,1.0,1.0,0.75,0.0,23.08321769443256,0.0,14.0
338,28.166666666666668,28.166666666666668,1,4.166666666666668,04:10,12.247373277560241,6.290344292475276,5.957028985084965,0,0,0,0,0,0,1,0,1,0,0.0,0.0,4,0.2857142857142857,0.0,0.0,0.0,0,none,0,-1,-1.0,-1.0,0.0,14,1.0,1.0,1.0,0,50,0.17361111111111116,0.0,0.44047619047619047,0.75,0.75,0.8333333333333334,0.0,21.21784306226876,0.0,14.0
339,28.25,28.25,1,4.25,04:15,12.411238359545287,6.396692890485549,6.014545469059738,0,0,0,0,0,0,1,0,1,0,0.0,0.0,3,0.21428571428571427,0.0,0.0,0.0,0,none,0,-1,-1.0,-1.0,0.0,14,1.0,1.0,1.0,0,51,0.17708333333333334,0.0,0.42261904761904767,0.6666666666666666,0.6666666666666666,0.9166666666666666,0.0,18.786941894090035,0.0,14.0
340,28.333333333333332,28.333333333333332,1,4.333333333333332,04:19,12.592305067367626,6.514886622608012,6.077418444759614,2,1,1,2,1,1,1,0,1,0,0.0,0.0,4,0.2857142857142857,33.550029115158,0.0,0.0,0,none,0,-1,-1.0,-1.0,0.0,14,1.0,1.0,1.0,0,52,0.1805555555555555,0.0,0.4047619047619048,0.75,0.75,1.0,0.0,18.165403282092537,0.0,14.0
341,28.416666666666668,28.416666666666668,1,4.416666666666668,04:25,12.791736578604722,6.645895949497363,6.145840629107359,2,2,0,2,2,0,0,0,0,0,0.0,0.0,6,0.42857142857142855,34.76439177437639,0.0,0.0,0,none,0,-1,-1.0,-1.0,0.0,14,1.0,1.0,1.0,0,53,0.18402777777777782,0.0,0.3869047619047619,0.75,0.75,1.0,0.0,18.28253473485906,0.0,14.0
342,28.5,28.5,1,4.5,04:30,13.01068497775341,6.790725375245666,6.219959602507744,2,1,1,2,1,1,1,1,0,0,0.0,0.0,7,0.5,38.585464511164176,0.0,0.0,0,none,0,-1,-1.0,-1.0,0.0,14,1.0,1.0,1.0,0,54,0.1875,0.0,0.3869047619047619,0.9166666666666666,0.9166666666666666,0.9166666666666666,0.0,21.497990110789406,0.0,14.0
343,28.583333333333332,28.583333333333332,1,4.583333333333332,04:34,13.25027663640336,6.950408180603695,6.299868455799665,2,1,1,2,1,1,1,1,0,0,0.0,0.0,8,0.5714285714285714,33.628160532672744,0.0,0.0,0,none,0,-1,-1.0,-1.0,0.0,14,1.0,1.0,1.0,0,55,0.19097222222222218,0.0,0.39285714285714285,1.0,1.0,0.9166666666666666,0.0,21.78877531676768,0.0,14.0
344,28.666666666666668,28.666666666666668,1,4.666666666666668,04:40,13.511596157908453,7.1259999024562894,6.385596255452164,2,1,1,2,1,1,0,0,0,0,0.0,0.0,10,0.7142857142857143,31.265618518373238,0.0,0.0,0,none,0,-1,-1.0,-1.0,0.0,14,1.0,1.0,1.0,0,56,0.1944444444444445,0.0,0.4166666666666667,1.0833333333333333,1.0833333333333333,0.75,0.0,21.46011360057716,0.0,14.0
345,28.75,28.75,1,4.75,04:45,13.795668988004156,7.318570403520486,6.47709858448367,0,0,0,0,0,0,0,0,0,0,0.0,0.0,10,0.7142857142857143,0.0,0.0,0.0,0,none,0,-1,-1.0,-1.0,0.0,14,1.0,1.0,1.0,0,57,0.19791666666666666,0.0,0.44642857142857145,1.0833333333333333,1.0833333333333333,0.6666666666666666,0.0,21.46011360057716,0.0,14.0
346,28.833333333333332,28.833333333333332,1,4.833333333333332,04:49,14.103442831869671,7.529194369309711,6.57424846255996,0,0,0,0,0,0,0,0,0,0,0.0,0.0,10,0.7142857142857143,0.0,0.0,0.0,0,none,0,-1,-1.0,-1.0,0.0,14,1.0,1.0,1.0,0,58,0.20138888888888884,0.0,0.4702380952380952,1.0,1.0,0.6666666666666666,0.0,19.428176086093483,0.0,14.0
347,28.916666666666668,28.916666666666668,1,4.916666666666668,04:55,14.435768058628607,7.758940067625667,6.67682799100294,0,0,0,0,0,0,1,1,0,0,0.0,0.0,9,0.6428571428571429,0.0,0.0,0.0,0,none,0,-1,-1.0,-1.0,0.0,14,1.0,1.0,1.0,0,59,0.20486111111111116,0.0,0.48214285714285715,0.9166666666666666,0.9166666666666666,0.75,0.0,16.72417475776754,0.0,14.0
348,29.0,29.0,1,5.0,05:00,14.793377315351826,8.008856211174379,6.784521104177447,1,1,0,1,1,0,2,1,1,0,0.0,0.0,8,0.5714285714285714,26.425909495387295,0.0,0.0,0,none,0,-1,-1.0,-1.0,0.0,14,1.0,1.0,1.0,0,60,0.20833333333333334,0.0,0.5,1.0,1.0,0.75,0.0,18.926333882383148,0.0,14.0
349,29.083333333333332,29.083333333333332,1,5.083333333333332,05:04,15.176864613283552,8.279956778461814,6.896907834821737,0,0,0,0,0,0,2,2,0,0,0.0,0.0,6,0.42857142857142855,0.0,0.0,0.0,0,none,0,-1,-1.0,-1.0,0.0,14,1.0,1.0,1.0,0,61,0.2118055555555555,0.0,0.5059523809523809,0.9166666666666666,0.9166666666666666,0.8333333333333334,0.0,16.518297828927654,0.0,14.0
350,29.166666666666668,29.166666666666668,1,5.166666666666668,05:10,15.586664188169646,8.573203674031838,7.013460514137807,1,1,0,1,1,0,3,1,2,0,0.0,0.0,4,0.2857142857142857,35.270291268569096,0.0,0.0,0,none,0,-1,-1.0,-1.0,0.0,14,1.0,1.0,1.0,0,62,0.21527777777777782,0.0,0.5059523809523809,1.0,1.0,1.0,0.0,19.45748876797508,0.0,14.0
351,29.25,29.25,1,5.25,05:15,16.023029473063175,8.88948714835656,7.133542324706616,3,2,1,3,2,1,1,0,1,0,0.0,0.0,6,0.42857142857142855,31.00615668924981,0.0,0.0,0,none,0,-1,-1.0,-1.0,0.0,14,1.0,1.0,1.0,0,63,0.21875,0.0,0.5238095238095238,1.25,1.25,1.0,0.0,22.041335158745895,0.0,14.0
352,29.333333333333332,29.333333333333332,1,5.333333333333332,05:19,16.486012554603974,9.229603951951692,7.256408602652283,0,0,0,0,0,0,1,1,0,0,0.0,0.0,5,0.35714285714285715,0.0,0.0,0.0,0,none,0,-1,-1.0,-1.0,0.0,14,1.0,1.0,1.0,0,64,0.22222222222222218,0.0,0.5297619047619048,1.0833333333333333,1.0833333333333333,1.0,0.0,19.2454993991494,0.0,14.0
353,29.416666666666668,29.416666666666668,1,5.416666666666668,05:25,16.975444511287378,9.594233268726793,7.3812112425605845,1,1,0,1,1,0,0,0,0,0,0.0,0.0,6,0.42857142857142855,39.09083926862807,0.0,0.0,0,none,0,-1,-1.0,-1.0,0.0,14,1.0,1.0,1.0,0,65,0.2256944444444445,0.0,0.5297619047619048,1.0,1.0,1.0,0.0,19.606036690337035,0.0,14.0
354,29.5,29.5,1,5.5,05:30,17.490917053446246,9.983910560626,7.507006492820245,3,2,1,3,2,1,1,1,0,0,0.0,0.0,8,0.5714285714285714,29.037302059663006,0.0,0.0,0,none,0,-1,-1.0,-1.0,0.0,14,1.0,1.0,1.0,0,66,0.22916666666666666,0.0,0.5357142857142857,1.0833333333333333,1.0833333333333333,1.0,0.0,18.810356486045272,0.0,14.0
355,29.583333333333332,29.583333333333332,1,5.583333333333332,05:34,18.03176589842134,10.39899955876687,7.63276633965447,0,0,0,0,0,0,1,1,0,0,0.0,0.0,7,0.5,0.0,0.0,0.0,0,none,0,-1,-1.0,-1.0,0.0,14,1.0,1.0,1.0,0,67,0.23263888888888884,0.0,0.5297619047619048,0.9166666666666666,0.9166666666666666,1.0,0.0,16.00800977498921,0.0,14.0
356,29.666666666666668,29.666666666666668,1,5.666666666666668,05:40,18.597056319640426,10.839662753923824,7.757393565716604,1,0,1,1,0,1,0,0,0,0,0.0,0.0,8,0.5714285714285714,16.867720289058862,0.0,0.0,0,none,0,-1,-1.0,-1.0,0.0,14,1.0,1.0,1.0,0,68,0.23611111111111116,0.0,0.5178571428571429,0.8333333333333334,0.8333333333333334,1.0,0.0,14.808184922546346,0.0,14.0
357,29.75,29.75,1,5.75,05:45,19.185571304165776,11.305830868451876,7.879740435713901,2,1,1,2,1,1,0,0,0,0,0.0,0.0,10,0.7142857142857143,22.72668830582254,0.0,0.0,0,none,0,-1,-1.0,-1.0,0.0,14,1.0,1.0,1.0,0,69,0.23958333333333334,0.0,0.5178571428571429,1.0,1.0,1.0,0.0,16.702075614698224,0.0,14.0
358,29.833333333333332,29.833333333333332,1,5.833333333333332,05:49,19.795802738980807,11.797171928386625,7.9986308105941815,3,2,1,3,2,1,2,2,0,0,0.0,0.0,11,0.7857142857142857,26.503583662641375,0.0,0.0,0,none,0,-1,-1.0,-1.0,0.0,14,1.0,1.0,1.0,0,70,0.2430555555555555,0.0,0.5238095238095238,1.25,1.25,1.1666666666666667,0.0,18.910707586585005,0.0,14.0
359,29.916666666666668,29.916666666666668,1,5.916666666666668,05:55,20.425946021372972,12.31306069293245,8.112885328440523,0,0,0,0,0,0,0,0,0,0,0.0,0.0,11,0.7857142857142857,0.0,0.0,0.0,0,none,0,-1,-1.0,-1.0,0.0,14,1.0,1.0,1.0,0,71,0.24652777777777782,0.0,0.5357142857142857,1.25,1.25,1.0833333333333333,0.0,18.910707586585005,0.0,14.0
360,30.0,30.0,1,6.0,06:00,21.073898452991536,12.852549332068135,8.221349120923401,1,0,1,1,0,1,4,1,3,0,0.0,0.0,8,0.5714285714285714,38.52299171537863,0.0,0.0,0,none,0,-1,-1.0,-1.0,0.0,14,1.0,1.0,1.0,0,72,0.25,0.0,0.5357142857142857,1.25,1.25,1.25,0.0,19.91879777158428,0.0,14.0
361,30.083333333333332,30.083333333333332,1,6.083333333333332,06:04,21.737261730557623,13.414340363725726,8.322921366831897,1,0,1,1,0,1,3,2,1,0,0.0,0.0,6,0.42857142857142855,26.259136407706343,0.0,0.0,0,none,0,-1,-1.0,-1.0,0.0,14,1.0,1.0,1.0,0,73,0.25347222222222215,0.0,0.5357142857142857,1.3333333333333333,1.3333333333333333,1.3333333333333333,0.0,22.107059138893145,0.0,14.0
362,30.166666666666668,30.166666666666668,1,6.166666666666668,06:10,22.413348789126825,13.996762961383732,8.416585827743093,1,1,0,1,1,0,0,0,0,0,0.0,0.0,7,0.5,37.64629589438882,0.0,0.0,0,none,0,-1,-1.0,-1.0,0.0,14,1.0,1.0,1.0,0,74,0.2569444444444445,0.0,0.5535714285714285,1.3333333333333333,1.3333333333333333,1.0833333333333333,0.0,22.305059524378123,0.0,14.0
363,30.25,30.25,1,6.25,06:15,23.099195186920248,14.597753812116144,8.501441374804104,0,0,0,0,0,0,0,0,0,0,0.0,0.0,7,0.5,0.0,0.0,0.0,0,none,0,-1,-1.0,-1.0,0.0,14,1.0,1.0,1.0,0,75,0.2604166666666667,0.0,0.5595238095238094,1.0833333333333333,1.0833333333333333,1.0,0.0,19.721213133607304,0.0,14.0
364,30.333333333333332,30.333333333333332,1,6.333333333333332,06:19,23.79157514503051,15.214843735523216,8.576731409507294,1,1,0,1,1,0,4,3,1,0,0.0,0.0,4,0.2857142857142857,42.80558265216253,0.0,0.0,0,none,0,-1,-1.0,-1.0,0.0,14,1.0,1.0,1.0,0,76,0.26388888888888884,0.0,0.5535714285714286,1.1666666666666667,1.1666666666666667,1.25,0.0,23.288345021287512,0.0,14.0
365,30.416666666666668,30.416666666666668,1,6.416666666666668,06:25,24.487022272072142,15.845151257710995,8.641871014361147,0,0,0,0,0,0,0,0,0,0,0.0,0.0,4,0.2857142857142857,0.0,0.0,0.0,0,none,0,-1,-1.0,-1.0,0.0,14,1.0,1.0,1.0,0,77,0.26736111111111116,0.0,0.5416666666666666,1.0833333333333333,1.0833333333333333,1.25,0.0,20.030775082235177,0.0,14.0
366,30.5,30.5,1,6.5,06:30,25.18185491467317,16.48538426517569,8.696470649497481,0,0,0,0,0,0,0,0,0,0,0.0,0.0,4,0.2857142857142857,0.0,0.0,0.0,0,none,0,-1,-1.0,-1.0,0.0,14,1.0,1.0,1.0,0,78,0.2708333333333333,0.0,0.5178571428571429,0.8333333333333334,0.8333333333333334,1.1666666666666667,0.0,17.610999910596593,0.0,14.0
367,30.583333333333332,30.583333333333332,1,6.583333333333332,06:34,25.87220598144596,17.131850736701498,8.74035524474446,2,0,2,2,0,2,1,0,1,0,0.0,0.0,5,0.35714285714285715,24.387992596246825,0.0,0.0,0,none,0,-1,-1.0,-1.0,0.0,14,1.0,1.0,1.0,0,79,0.2743055555555555,0.0,0.5059523809523809,1.0,1.0,1.1666666666666667,0.0,19.643332626950492,0.0,14.0
368,30.666666666666668,30.666666666666668,1,6.666666666666668,06:40,26.55405699280673,17.780479365401785,8.773577627404945,1,0,1,1,0,1,1,0,1,0,0.0,0.0,5,0.35714285714285715,37.08381785409924,0.0,0.0,0,none,0,-1,-1.0,-1.0,0.0,14,1.0,1.0,1.0,0,80,0.27777777777777785,0.0,0.48809523809523814,1.0,1.0,1.25,0.0,21.328007424037192,0.0,14.0
369,30.75,30.75,1,6.75,06:45,27.223276013981916,18.426850639071922,8.796425374909996,1,0,1,1,0,1,0,0,0,0,0.0,0.0,6,0.42857142857142855,37.2734903618232,0.0,0.0,0,none,0,-1,-1.0,-1.0,0.0,14,1.0,1.0,1.0,0,81,0.28125,0.0,0.46428571428571425,0.9166666666666666,0.9166666666666666,1.25,0.0,22.540240928703913,0.0,14.0
370,30.833333333333332,30.833333333333332,1,6.833333333333332,06:49,27.87565903610472,19.06623864967703,8.809420386427695,3,2,1,3,2,1,1,1,0,0,0.0,0.0,8,0.5714285714285714,36.92727242644124,0.0,0.0,0,none,0,-1,-1.0,-1.0,0.0,14,1.0,1.0,1.0,0,82,0.28472222222222215,0.0,0.44642857142857145,0.9166666666666666,0.9166666666666666,1.1666666666666667,0.0,23.40888165902057,0.0,14.0
371,30.916666666666668,30.916666666666668,1,6.916666666666668,06:55,28.506974282872847,19.69366356014148,8.813310722731366,1,1,0,1,1,0,0,0,0,0,0.0,0.0,9,0.6428571428571429,25.503317376627205,0.0,0.0,0,none,0,-1,-1.0,-1.0,0.0,14,1.0,1.0,1.0,0,83,0.2881944444444445,0.0,0.43452380952380953,1.0,1.0,1.1666666666666667,0.0,25.534158107072837,0.0,14.0
372,31.0,31.0,1,7.0,07:00,29.1130088401957,20.303954280090416,8.809054560105285,4,2,2,4,2,2,1,0,1,0,0.0,0.0,12,0.8571428571428571,33.07854670512411,0.0,0.0,0,none,0,-1,-1.0,-1.0,0.0,14,1.0,1.0,1.0,0,84,0.2916666666666667,0.0,0.4583333333333333,1.25,1.25,0.9166666666666666,0.0,25.080454356218294,0.0,14.0
373,31.083333333333332,31.083333333333332,1,7.083333333333332,07:04,29.689616935891436,20.891820506302672,8.797796429588766,2,1,1,2,1,1,2,1,1,0,0.0,0.0,12,0.8571428571428571,24.375359283113838,0.0,0.0,0,none,0,-1,-1.0,-1.0,0.0,14,1.0,1.0,1.0,0,85,0.29513888888888884,0.0,0.49404761904761907,1.3333333333333333,1.3333333333333333,0.8333333333333334,0.0,24.923472929168913,0.0,14.0
374,31.166666666666668,31.166666666666668,1,7.166666666666668,07:10,30.232769137920037,21.451932885329732,8.780836252590307,3,1,2,2,0,2,0,0,0,1,0.0,0.0,14,1.0,25.476863075453274,0.0,0.0,0,none,0,-1,-1.0,-1.0,0.0,14,1.0,1.0,1.0,0,86,0.29861111111111116,0.08333333333333333,0.5357142857142857,1.5,1.4166666666666667,0.8333333333333334,0.0,23.909353527590955,0.0,14.0
375,31.25,31.25,1,7.25,07:15,30.73860169473985,21.979009673661682,8.759592021078165,0,0,0,0,0,0,0,0,0,1,5.0,5.0,14,1.0,0.0,0.0,0.0,0,none,0,-1,-1.0,-1.0,0.0,14,1.0,1.0,1.0,0,87,0.3020833333333333,0.16666666666666666,0.5773809523809524,1.5,1.4166666666666667,0.8333333333333334,0.4166666666666667,23.909353527590955,0.0,14.0
376,31.333333333333332,31.333333333333332,1,7.333333333333332,07:19,31.203465211722794,22.467907924336398,8.735557287386397,2,1,1,2,2,0,2,1,1,1,0.0,0.0,14,1.0,27.14727572102791,5.0,0.0,0,none,0,-1,-1.0,-1.0,0.0,14,1.0,1.0,1.0,0,88,0.3055555555555555,0.25,0.636904761904762,1.5833333333333333,1.5,0.6666666666666666,0.4166666666666667,22.60449461666307,0.4166666666666667,14.0
377,31.416666666666668,31.416666666666668,1,7.416666666666668,07:25,31.623971844371184,22.9137169369745,8.710254907396683,3,3,0,4,3,1,4,2,2,0,0.0,0.0,14,1.0,30.51001760898198,1.25,0.0,0,none,0,-1,-1.0,-1.0,0.0,14,1.0,1.0,1.0,0,89,0.30902777777777785,0.25,0.6964285714285715,1.8333333333333333,1.8333333333333333,1.0,0.4166666666666667,25.146996084078236,0.5208333333333334,14.0
378,31.5,31.5,1,7.5,07:30,31.997040193149484,23.311851488333524,8.68518870481596,2,2,0,1,1,0,1,0,1,1,0.0,0.0,14,1.0,24.596072572333807,0.0,0.0,0,none,0,-1,-1.0,-1.0,0.0,14,1.0,1.0,1.0,0,90,0.3125,0.3333333333333333,0.7559523809523809,2.0,1.9166666666666667,1.0833333333333333,0.4166666666666667,27.196668798439386,0.5208333333333334,14.0
379,31.583333333333332,31.583333333333332,1,7.583333333333332,07:34,32.31993710643412,23.658142227397708,8.66179487903641,3,2,1,4,3,1,5,2,3,0,0.0,0.0,13,0.9285714285714286,29.6993058517099,1.25,0.0,0,none,0,-1,-1.0,-1.0,0.0,14,1.0,1.0,1.0,0,91,0.31597222222222215,0.3333333333333333,0.8035714285714285,2.0833333333333335,2.0833333333333335,1.4166666666666667,0.4166666666666667,27.63927823639464,0.625,14.0
380,31.666666666666668,31.666666666666668,1,7.666666666666668,07:40,32.590315637283716,23.948920583849123,8.641395053434593,4,3,1,2,2,0,1,0,1,2,0.0,0.0,14,1.0,30.10724739552426,0.0,0.0,0,none,0,-1,-1.0,-1.0,0.0,14,1.0,1.0,1.0,0,92,0.3194444444444445,0.5,0.8571428571428572,2.3333333333333335,2.1666666666666665,1.4166666666666667,0.4166666666666667,27.057897364846724,0.625,14.0
381,31.75,31.75,1,7.75,07:45,32.80624845586041,24.181095608048782,8.62515284781163,0,0,0,1,1,0,1,1,0,1,5.0,5.0,14,1.0,34.395264769098716,5.0,0.0,0,none,0,-1,-1.0,-1.0,0.0,14,1.0,1.0,1.0,0,93,0.3229166666666667,0.5833333333333334,0.9047619047619048,2.25,2.1666666666666665,1.5,0.8333333333333334,26.818045232119687,1.0416666666666667,14.0
382,31.833333333333332,31.833333333333332,1,7.833333333333332,07:49,32.96625609134107,24.352220335784285,8.614035755556788,1,0,1,2,0,2,3,2,1,0,0.0,0.0,13,0.9285714285714286,30.18374968643458,5.0,1.6666666666666667,0,none,0,-1,-1.0,-1.0,0.0,14,1.0,1.0,1.0,0,94,0.32638888888888884,0.5833333333333334,0.9345238095238096,2.0833333333333335,2.0833333333333335,1.6666666666666667,0.8333333333333334,26.2560850037858,1.4583333333333333,14.0
383,31.916666666666668,31.916666666666668,1,7.916666666666668,07:55,33.0693294635577,24.460545547952474,8.608783915605228,2,2,0,2,2,0,2,2,0,0,0.0,0.0,13,0.9285714285714286,25.040139540589102,0.0,5.0,0,none,0,-1,-1.0,-1.0,0.0,14,1.0,1.0,1.0,0,95,0.32986111111111116,0.5833333333333334,0.9583333333333334,2.1666666666666665,2.1666666666666665,1.8333333333333333,0.8333333333333334,26.21748685078262,1.4583333333333333,14.0
384,32.0,32.0,1,8.0,08:00,33.11494626351003,24.505059164561004,8.609887098949025,1,1,0,1,1,0,1,1,0,0,0.0,0.0,13,0.9285714285714286,21.946358647681468,0.0,0.0,0,none,0,-1,-1.0,-1.0,0.0,14,1.0,1.0,1.0,0,96,0.3333333333333333,0.5833333333333334,0.9642857142857144,1.9166666666666667,1.9166666666666667,1.8333333333333333,0.8333333333333334,25.2898045126624,1.4583333333333333,14.0
385,32.083333333333336,32.083333333333336,1,8.083333333333336,08:05,33.10308085105868,24.48550995942837,8.617570891630306,1,1,0,1,1,0,2,2,0,0,0.0,0.0,12,0.8571428571428571,28.36168618251126,0.0,2.5,0,none,0,-1,-1.0,-1.0,0.0,14,1.0,1.0,1.0,0,97,0.33680555555555564,0.5833333333333334,0.9642857142857143,1.8333333333333333,1.8333333333333333,1.8333333333333333,0.8333333333333334,25.62199842094552,1.4583333333333333,14.0
386,32.166666666666664,32.166666666666664,1,8.166666666666664,08:09,33.03420745500948,24.402414787887224,8.631792667122253,1,0,1,1,0,1,4,3,1,0,0.0,0.0,9,0.6428571428571429,22.215714509687004,0.0,0.0,0,none,0,-1,-1.0,-1.0,0.0,14,1.0,1.0,1.0,0,98,0.3402777777777777,0.5,0.9345238095238096,1.6666666666666667,1.75,2.1666666666666665,0.8333333333333334,25.350236040465003,1.4583333333333333,14.0
387,32.25,32.25,1,8.25,08:15,32.909296582700236,24.25704906246724,8.652247520232999,1,1,0,1,1,0,1,1,0,0,0.0,0.0,9,0.6428571428571429,18.77172820740808,0.0,0.0,0,none,0,-1,-1.0,-1.0,0.0,14,1.0,1.0,1.0,0,99,0.34375,0.4166666666666667,0.9047619047619048,1.75,1.8333333333333333,2.25,0.4166666666666667,26.914546724415676,1.4583333333333333,14.0
388,32.333333333333336,32.333333333333336,1,8.333333333333336,08:20,32.72980467023149,24.051420766661572,8.678383903569918,1,0,1,1,0,1,3,2,1,0,0.0,0.0,7,0.5,16.138712392884173,0.0,5.0,0,none,0,-1,-1.0,-1.0,0.0,14,1.0,1.0,1.0,0,100,0.3472222222222223,0.3333333333333333,0.8630952380952381,1.6666666666666667,1.75,2.3333333333333335,0.4166666666666667,25.99716644707036,1.0416666666666667,14.0
389,32.416666666666664,32.416666666666664,1,8.416666666666664,08:24,32.4976571277268,23.788228839436016,8.70942828829078,4,2,2,4,2,2,3,2,1,0,0.0,0.0,8,0.5714285714285714,31.316148650443793,0.0,0.0,0,none,0,-1,-1.0,-1.0,0.0,14,1.0,1.0,1.0,0,101,0.35069444444444436,0.3333333333333333,0.8273809523809524,1.75,1.75,2.25,0.4166666666666667,26.064344033858845,0.9375,14.0
390,32.5,32.5,1,8.5,08:30,32.215225053589485,23.470807268775776,8.744417784813711,0,0,0,0,0,0,0,0,0,0,0.0,0.0,8,0.5714285714285714,0.0,0.0,0.0,0,none,0,-1,-1.0,-1.0,0.0,14,1.0,1.0,1.0,0,102,0.3541666666666667,0.25,0.7916666666666666,1.5833333333333333,1.6666666666666667,2.1666666666666665,0.4166666666666667,24.014671319497694,0.9375,14.0
391,32.583333333333336,32.583333333333336,1,8.583333333333336,08:35,31.88529600489135,23.103056678994534,8.782239325896816,0,0,0,0,0,0,3,2,1,0,0.0,0.0,5,0.35714285714285715,0.0,0.0,0.0,0,none,0,-1,-1.0,-1.0,0.0,14,1.0,1.0,1.0,0,103,0.357638888888889,0.25,0.7440476190476191,1.3333333333333333,1.3333333333333333,2.0,0.4166666666666667,21.539729165188536,0.8333333333333334,14.0
392,32.666666666666664,32.666666666666664,1,8.666666666666664,08:39,31.511039315232892,22.68936556475991,8.821673750472984,4,4,0,4,4,0,1,0,1,0,0.0,0.0,8,0.5714285714285714,23.078466497717756,0.0,0.0,0,none,0,-1,-1.0,-1.0,0.0,14,1.0,1.0,1.0,0,104,0.361111111111111,0.08333333333333333,0.7083333333333334,1.3333333333333333,1.5,2.0,0.4166666666666667,20.953997423704664,0.8333333333333334,14.0
393,32.75,32.75,1,8.75,08:45,31.09596654438335,22.234523600145966,8.861442944237385,0,0,0,0,0,0,0,0,0,0,0.0,0.0,8,0.5714285714285714,0.0,0.0,0.0,0,none,0,-1,-1.0,-1.0,0.0,14,1.0,1.0,1.0,0,105,0.3645833333333333,0.0,0.6726190476190476,1.3333333333333333,1.4166666666666667,1.9166666666666667,0.0,18.087725359613103,0.4166666666666667,14.0
394,32.833333333333336,32.833333333333336,1,8.833333333333336,08:50,30.64388772380226,21.743629623876984,8.900258099925276,3,2,1,3,2,1,2,1,1,0,0.0,0.0,9,0.6428571428571429,28.399161907890925,0.0,0.0,0,none,0,-1,-1.0,-1.0,0.0,14,1.0,1.0,1.0,0,106,0.36805555555555564,0.0,0.6488095238095238,1.5,1.5,1.8333333333333333,0.0,17.93900971140113,0.0,14.0
395,32.916666666666664,32.916666666666664,1,8.916666666666664,08:54,30.158864127210023,21.221996968102584,8.93686715910744,3,1,2,3,1,2,0,0,0,0,0.0,0.0,12,0.8571428571428571,32.53417233413771,0.0,0.0,0,none,0,-1,-1.0,-1.0,0.0,14,1.0,1.0,1.0,0,107,0.3715277777777777,0.0,0.6428571428571429,1.5833333333333333,1.5833333333333333,1.6666666666666667,0.0,18.56351244419685,0.0,14.0
396,33.0,33.0,1,9.0,09:00,29.645158344583038,20.6750587588802,8.970099585702838,0,0,0,0,0,0,1,1,0,0,0.0,0.0,11,0.7857142857142857,0.0,0.0,0.0,0,none,0,-1,-1.0,-1.0,0.0,14,1.0,1.0,1.0,0,108,0.375,0.0,0.6309523809523809,1.5,1.5,1.6666666666666667,0.0,16.734649223556726,0.0,14.0
397,33.083333333333336,33.083333333333336,1,9.083333333333336,09:05,29.1071824706093,20.108275678599686,8.998906792009613,2,2,0,2,2,0,2,2,0,0,0.0,0.0,11,0.7857142857142857,32.243318370207696,0.0,0.0,0,none,0,-1,-1.0,-1.0,0.0,14,1.0,1.0,1.0,0,109,0.3784722222222223,0.0,0.625,1.5833333333333333,1.5833333333333333,1.6666666666666667,0.0,17.05811857253143,0.0,14.0
398,33.166666666666664,33.166666666666664,1,9.166666666666664,09:09,28.54944523450868,19.527048455065156,9.022396779443524,1,1,0,1,1,0,4,3,1,0,0.0,0.0,8,0.5714285714285714,32.36731350522369,0.0,0.0,0,none,0,-1,-1.0,-1.0,0.0,14,1.0,1.0,1.0,0,110,0.38194444444444436,0.0,0.6190476190476191,1.5833333333333333,1.5833333333333333,1.6666666666666667,0.0,17.90408515549282,0.0,14.0
399,33.25,33.25,1,9.25,09:15,27.97649889740076,18.936637043846602,9.039861853554159,2,2,0,2,2,0,1,0,1,0,0.0,0.0,9,0.6428571428571429,26.171499101562603,0.0,0.0,0,none,0,-1,-1.0,-1.0,0.0,14,1.0,1.0,1.0,0,111,0.3854166666666667,0.0,0.6190476190476191,1.6666666666666667,1.6666666666666667,1.6666666666666667,0.0,18.520732730005694,0.0,14.0
400,33.333333333333336,33.333333333333336,1,9.333333333333336,09:20,27.392886726700688,18.342088117568867,9.05079860913182,2,2,0,2,2,0,0,0,0,0,0.0,0.0,11,0.7857142857142857,21.773354068877936,0.0,0.0,0,none,0,-1,-1.0,-1.0,0.0,14,1.0,1.0,1.0,0,112,0.388888888888889,0.0,0.6428571428571429,1.75,1.75,1.4166666666666667,0.0,18.990286203005176,0.0,14.0
401,33.416666666666664,33.416666666666664,1,9.416666666666664,09:24,26.803091825334036,17.748172087371692,9.054919737962344,0,0,0,0,0,0,1,1,0,0,0.0,0.0,10,0.7142857142857143,0.0,0.0,0.0,0,none,0,-1,-1.0,-1.0,0.0,14,1.0,1.0,1.0,0,113,0.392361111111111,0.0,0.6547619047619048,1.4166666666666667,1.4166666666666667,1.25,0.0,16.380607148801527,0.0,14.0
402,33.5,33.5,1,9.5,09:30,26.21148804821528,17.15933047764443,9.05215757057085,0,0,0,0,0,0,2,0,2,0,0.0,0.0,8,0.5714285714285714,0.0,0.0,0.0,0,none,0,-1,-1.0,-1.0,0.0,14,1.0,1.0,1.0,0,114,0.3958333333333333,0.0,0.6547619047619048,1.4166666666666667,1.4166666666666667,1.4166666666666667,0.0,16.380607148801527,0.0,14.0
403,33.583333333333336,33.583333333333336,1,9.583333333333336,09:35,25.62229368103432,16.579634074411178,9.042659606623143,2,1,1,2,1,1,1,1,0,0,0.0,0.0,9,0.6428571428571429,33.43023257173721,0.0,0.0,0,none,0,-1,-1.0,-1.0,0.0,14,1.0,1.0,1.0,0,115,0.39930555555555564,0.0,0.6785714285714285,1.5833333333333333,1.5833333333333333,1.25,0.0,19.16645986311296,0.0,14.0
404,33.666666666666664,33.666666666666664,1,9.666666666666664,09:39,25.03952848876275,16.012751887827882,9.026776600934866,2,2,0,2,2,0,2,2,0,0,0.0,0.0,9,0.6428571428571429,28.03578774701728,0.0,0.0,0,none,0,-1,-1.0,-1.0,0.0,14,1.0,1.0,1.0,0,116,0.4027777777777777,0.0,0.6845238095238094,1.4166666666666667,1.4166666666666667,1.3333333333333333,0.0,19.579569967221254,0.0,14.0
405,33.75,33.75,1,9.75,09:45,24.466974665405278,15.461930625056299,9.005044040348979,1,1,0,1,1,0,5,5,0,0,0.0,0.0,5,0.35714285714285715,37.03334176952864,0.0,0.0,0,none,0,-1,-1.0,-1.0,0.0,14,1.0,1.0,1.0,0,117,0.40625,0.0,0.6666666666666666,1.5,1.5,1.75,0.0,22.665681781348642,0.0,14.0
406,33.833333333333336,33.833333333333336,1,9.833333333333336,09:50,23.908142134435682,14.929984073073737,8.978158061361945,0,0,0,0,0,0,0,0,0,0,0.0,0.0,5,0.35714285714285715,0.0,0.0,0.0,0,none,0,-1,-1.0,-1.0,0.0,14,1.0,1.0,1.0,0,118,0.4097222222222223,0.0,0.6428571428571428,1.25,1.25,1.5833333333333333,0.0,20.29908495569106,0.0,14.0
407,33.916666666666664,33.916666666666664,1,9.916666666666664,09:54,23.366238563149302,14.419291550051335,8.946947013097967,0,0,0,0,0,0,0,0,0,0,0.0,0.0,5,0.35714285714285715,0.0,0.0,0.0,0,none,0,-1,-1.0,-1.0,0.0,14,1.0,1.0,1.0,0,119,0.41319444444444436,0.0,0.6011904761904762,1.0,1.0,1.5833333333333333,0.0,17.587903927846256,0.0,14.0
408,34.0,34.0,1,10.0,10:00,22.844144365874875,13.931804403464822,8.912339962410053,2,1,1,2,1,1,0,0,0,0,0.0,0.0,7,0.5,37.802847977713874,0.0,0.0,0,none,0,-1,-1.0,-1.0,0.0,14,1.0,1.0,1.0,0,120,0.4166666666666667,0.0,0.5773809523809524,1.1666666666666667,1.1666666666666667,1.5,0.0,20.73814125932241,0.0,14.0
409,34.083333333333336,34.083333333333336,1,10.083333333333336,10:05,22.344392882550007,13.46905941424478,8.875333468305227,2,2,0,2,2,0,2,2,0,0,0.0,0.0,7,0.5,34.763095590532906,0.0,0.0,0,none,0,-1,-1.0,-1.0,0.0,14,1.0,1.0,1.0,0,121,0.420138888888889,0.0,0.5535714285714286,1.1666666666666667,1.1666666666666667,1.5,0.0,20.94812269434951,0.0,14.0
410,34.166666666666664,34.166666666666664,1,10.166666666666664,10:09,21.869155832367486,13.032197906976009,8.836957925391477,1,1,0,1,1,0,0,0,0,0,0.0,0.0,8,0.5714285714285714,35.995630555603526,0.0,0.0,0,none,0,-1,-1.0,-1.0,0.0,14,1.0,1.0,1.0,0,122,0.423611111111111,0.0,0.5535714285714285,1.1666666666666667,1.1666666666666667,1.1666666666666667,0.0,21.25048244854783,0.0,14.0
411,34.25,34.25,1,10.25,10:15,21.420234058650554,12.621989361614977,8.798244697035576,0,0,0,0,0,0,2,1,1,0,0.0,0.0,6,0.42857142857142855,0.0,0.0,0.0,0,none,0,-1,-1.0,-1.0,0.0,14,1.0,1.0,1.0,0,123,0.4270833333333333,0.0,0.5357142857142857,1.0,1.0,1.25,0.0,19.06952419008428,0.0,14.0
412,34.333333333333336,34.333333333333336,1,10.333333333333336,10:20,20.999053502196038,12.238858365423964,8.760195136772074,0,0,0,0,0,0,0,0,0,0,0.0,0.0,6,0.42857142857142855,0.0,0.0,0.0,0,none,0,-1,-1.0,-1.0,0.0,14,1.0,1.0,1.0,0,124,0.43055555555555564,0.0,0.505952380952381,0.8333333333333334,0.8333333333333334,1.25,0.0,17.255078017677786,0.0,14.0
413,34.416666666666664,34.416666666666664,1,10.416666666666664,10:24,20.606666267184465,11.882913826299545,8.72375244088492,1,1,0,1,1,0,1,1,0,0,0.0,0.0,6,0.42857142857142855,33.698700997982385,0.0,0.0,0,none,0,-1,-1.0,-1.0,0.0,14,1.0,1.0,1.0,0,125,0.4340277777777777,0.0,0.48214285714285715,0.9166666666666666,0.9166666666666666,1.25,0.0,20.063303100842983,0.0,14.0
414,34.5,34.5,1,10.5,10:30,20.243756577299482,11.55397948099992,8.689777096299562,1,1,0,1,1,0,0,0,0,0,0.0,0.0,7,0.5,37.838417900871846,0.0,0.0,0,none,0,-1,-1.0,-1.0,0.0,14,1.0,1.0,1.0,0,126,0.4375,0.0,0.4761904761904762,1.0,1.0,1.0833333333333333,0.0,23.216504592582307,0.0,14.0
415,34.583333333333336,34.583333333333336,1,10.583333333333336,10:35,19.91065136057534,11.25162486428817,8.65902649628717,1,1,0,1,1,0,1,1,0,0,0.0,0.0,7,0.5,25.446815144255638,0.0,0.0,0,none,0,-1,-1.0,-1.0,0.0,14,1.0,1.0,1.0,0,127,0.4409722222222223,0.0,0.46428571428571425,0.9166666666666666,0.9166666666666666,1.0833333333333333,0.0,22.55121980695884,0.0,14.0
416,34.666666666666664,34.666666666666664,1,10.666666666666664,10:39,19.60733515011341,10.975196048358079,8.632139101755332,0,0,0,0,0,0,1,1,0,0,0.0,0.0,6,0.42857142857142855,0.0,0.0,0.0,0,none,0,-1,-1.0,-1.0,0.0,14,1.0,1.0,1.0,0,128,0.44444444444444436,0.0,0.4464285714285714,0.75,0.75,1.0,0.0,20.21490416137407,0.0,14.0
417,34.75,34.75,1,10.75,10:45,19.333468944368136,10.723845607532295,8.60962333683584,0,0,0,0,0,0,2,1,1,0,0.0,0.0,4,0.2857142857142857,0.0,0.0,0.0,0,none,0,-1,-1.0,-1.0,0.0,14,1.0,1.0,1.0,0,129,0.4479166666666667,0.0,0.44047619047619047,0.6666666666666666,0.6666666666666666,0.75,0.0,17.128792347246684,0.0,14.0
418,34.833333333333336,34.833333333333336,1,10.833333333333336,10:50,19.08841263518216,10.496561403697475,8.591851231484684,0,0,0,0,0,0,1,1,0,0,0.0,0.0,3,0.21428571428571427,0.0,0.0,0.0,0,none,0,-1,-1.0,-1.0,0.0,14,1.0,1.0,1.0,0,130,0.451388888888889,0.0,0.4285714285714286,0.6666666666666666,0.6666666666666666,0.8333333333333334,0.0,17.128792347246684,0.0,14.0
419,34.916666666666664,34.916666666666664,1,10.916666666666664,10:54,18.87125058396051,10.292193917243164,8.579056666717346,2,0,2,2,0,2,0,0,0,0,0.0,0.0,5,0.35714285714285715,26.249469136040688,0.0,0.0,0,none,0,-1,-1.0,-1.0,0.0,14,1.0,1.0,1.0,0,131,0.454861111111111,0.0,0.42857142857142855,0.8333333333333334,0.8333333333333334,0.8333333333333334,0.0,19.316248108583405,0.0,14.0
420,35.0,35.0,1,11.0,11:00,18.68081990598018,10.109481961899167,8.571337944081012,1,0,1,1,0,1,1,1,0,0,0.0,0.0,5,0.35714285714285715,27.98199895344896,0.0,0.0,0,none,0,-1,-1.0,-1.0,0.0,14,1.0,1.0,1.0,0,132,0.4583333333333333,0.0,0.4166666666666667,0.75,0.75,0.9166666666666666,0.0,18.497844023227994,0.0,14.0
421,35.083333333333336,35.083333333333336,1,11.083333333333336,11:05,18.51574100938189,9.947076716859607,8.568664292522284,2,1,1,2,1,1,1,1,0,0,0.0,0.0,6,0.42857142857142855,32.32451866995557,0.0,0.0,0,none,0,-1,-1.0,-1.0,0.0,14,1.0,1.0,1.0,0,133,0.46180555555555564,0.0,0.41071428571428575,0.75,0.75,0.8333333333333334,0.0,18.29462927984655,0.0,14.0
422,35.166666666666664,35.166666666666664,1,11.166666666666664,11:09,18.374449928351616,9.803564084452127,8.57088584389949,2,1,1,2,1,1,1,1,0,0,0.0,0.0,7,0.5,29.428052242717364,0.0,0.0,0,none,0,-1,-1.0,-1.0,0.0,14,1.0,1.0,1.0,0,134,0.4652777777777777,0.0,0.4047619047619048,0.8333333333333334,0.8333333333333334,0.9166666666666666,0.0,17.747331087106037,0.0,14.0
423,35.25,35.25,1,11.25,11:15,18.25523198878499,9.677485436192194,8.577746552592794,2,2,0,2,2,0,0,0,0,0,0.0,0.0,9,0.6428571428571429,30.808369206228413,0.0,0.0,0,none,0,-1,-1.0,-1.0,0.0,14,1.0,1.0,1.0,0,135,0.46875,0.0,0.4226190476190476,1.0,1.0,0.75,0.0,20.314695187625073,0.0,14.0
424,35.333333333333336,35.333333333333336,1,11.333333333333336,11:20,18.156256348724312,9.567356845303241,8.588899503421072,0,0,0,0,0,0,1,0,1,0,0.0,0.0,8,0.5714285714285714,0.0,0.0,0.0,0,none,0,-1,-1.0,-1.0,0.0,14,1.0,1.0,1.0,0,136,0.4722222222222223,0.0,0.4345238095238095,1.0,1.0,0.8333333333333334,0.0,20.314695187625073,0.0,14.0
425,35.416666666666664,35.416666666666664,1,11.416666666666664,11:24,18.075610964452643,9.471686921513756,8.603924042938887,2,2,0,2,2,0,0,0,0,0,0.0,0.0,10,0.7142857142857143,33.57225705404639,0.0,0.0,0,none,0,-1,-1.0,-1.0,0.0,14,1.0,1.0,1.0,0,137,0.47569444444444436,0.0,0.4583333333333333,1.0833333333333333,1.0833333333333333,0.75,0.0,20.30415819229707,0.0,14.0
426,35.5,35.5,1,11.5,11:30,18.011337545728793,9.388993366620257,8.622344179108536,1,1,0,1,1,0,3,0,3,0,0.0,0.0,8,0.5714285714285714,39.61890297891975,0.0,0.0,0,none,0,-1,-1.0,-1.0,0.0,14,1.0,1.0,1.0,0,138,0.4791666666666667,0.0,0.46428571428571425,1.0833333333333333,1.0833333333333333,1.0,0.0,20.452531948801067,0.0,14.0
427,35.583333333333336,35.583333333333336,1,11.583333333333336,11:35,17.961466079692393,9.317818359768712,8.643647719923681,0,0,0,0,0,0,1,0,1,0,0.0,0.0,7,0.5,0.0,0.0,0.0,0,none,0,-1,-1.0,-1.0,0.0,14,1.0,1.0,1.0,0,139,0.482638888888889,0.0,0.46428571428571425,1.0,1.0,1.0,0.0,18.331964020113094,0.0,14.0
428,35.666666666666664,35.666666666666664,1,11.666666666666664,11:39,17.924048521947235,9.25674286264822,8.667305659299014,1,1,0,1,1,0,0,0,0,0,0.0,0.0,8,0.5714285714285714,44.173569092299914,0.0,0.0,0,none,0,-1,-1.0,-1.0,0.0,14,1.0,1.0,1.0,0,140,0.486111111111111,0.0,0.4761904761904762,1.0833333333333333,1.0833333333333333,0.9166666666666666,0.0,22.013094777804753,0.0,14.0
429,35.75,35.75,1,11.75,11:45,17.897191274787914,9.204399909759529,8.692791365028386,0,0,0,0,0,0,1,1,0,0,0.0,0.0,7,0.5,0.0,0.0,0.0,0,none,0,-1,-1.0,-1.0,0.0,14,1.0,1.0,1.0,0,141,0.4895833333333333,0.0,0.49404761904761907,1.0833333333333333,1.0833333333333333,0.8333333333333334,0.0,22.013094777804753,0.0,14.0
430,35.833333333333336,35.833333333333336,1,11.833333333333336,11:50,17.879086096068907,9.1594869203623,8.719599175706607,1,0,1,1,0,1,2,2,0,0,0.0,0.0,6,0.42857142857142855,23.85228653576873,0.0,0.0,0,none,0,-1,-1.0,-1.0,0.0,14,1.0,1.0,1.0,0,142,0.49305555555555564,0.0,0.5119047619047619,1.1666666666666667,1.1666666666666667,0.9166666666666666,0.0,24.00078532245215,0.0,14.0
431,35.916666666666664,35.916666666666664,1,11.916666666666664,11:54,17.868039107484766,9.12077703904663,8.747262068438136,1,0,1,1,0,1,1,1,0,0,0.0,0.0,6,0.42857142857142855,32.54599481277405,0.0,0.0,0,none,0,-1,-1.0,-1.0,0.0,14,1.0,1.0,1.0,0,143,0.4965277777777777,0.0,0.5178571428571429,1.0833333333333333,1.0833333333333333,1.0,0.0,24.525495795513265,0.0,14.0
432,36.0,36.0,1,12.0,12:00,17.86249759774826,9.0871294831504,8.775368114597859,0,0,0,0,0,0,2,2,0,0,0.0,0.0,4,0.5714285714285714,0.0,0.0,0.0,1,capacity_drop,1,1,12.0,14.0,120.0,7,1.0,1.0,1.0,1,144,0.5,0.0,0.5357142857142857,1.0,1.0,1.0833333333333333,0.0,22.193662549392517,0.0,13.416666666666666
433,36.083333333333336,36.083333333333336,1,12.083333333333336,12:05,17.86107434408185,9.057498849062302,8.803575495019548,1,1,0,1,1,0,0,0,0,0,0.0,0.0,5,0.7142857142857143,26.224678505702503,0.0,0.0,1,capacity_drop,1,1,12.0,14.0,115.0,7,1.0,1.0,1.0,1,145,0.5034722222222223,0.0,0.5595238095238095,0.9166666666666666,0.9166666666666666,1.0,0.0,21.685342535704763,0.0,12.833333333333334
434,36.166666666666664,36.166666666666664,1,12.166666666666664,12:09,17.86256920438291,9.030943306994764,8.831625897388147,0,0,0,0,0,0,1,1,0,0,0.0,0.0,4,0.5714285714285714,0.0,0.0,0.0,1,capacity_drop,1,1,12.0,14.0,110.0,7,1.0,1.0,1.0,1,146,0.5069444444444443,0.0,0.5654761904761904,0.75,0.75,1.0,0.0,19.233004848811646,0.0,12.25
435,36.25,36.25,1,12.25,12:15,17.86598776222676,9.006631595875712,8.859356166351047,1,1,0,1,1,0,1,0,1,0,0.0,0.0,4,0.5714285714285714,24.60625229246436,0.0,0.0,1,capacity_drop,1,1,12.0,14.0,105.0,7,1.0,1.0,1.0,1,147,0.5104166666666666,0.0,0.5595238095238095,0.6666666666666666,0.6666666666666666,1.0833333333333333,0.0,18.716161772664645,0.0,11.666666666666666
436,36.333333333333336,36.333333333333336,1,12.333333333333336,12:20,17.870556837404763,8.98384871705027,8.886708120354493,1,1,0,1,1,0,0,0,0,0,0.0,0.0,5,0.7142857142857143,27.21785889739463,0.0,0.0,1,capacity_drop,1,1,12.0,14.0,100.0,7,1.0,1.0,1.0,1,148,0.513888888888889,0.0,0.5714285714285715,0.75,0.75,1.0,0.0,20.98431668078086,0.0,11.083333333333334
437,36.416666666666664,36.416666666666664,1,12.416666666666664,12:24,17.87573670585183,8.962000217697103,8.913736488154726,0,0,0,0,0,0,1,1,0,0,0.0,0.0,4,0.5714285714285714,0.0,0.0,0.0,1,capacity_drop,1,1,12.0,14.0,95.0,7,1.0,1.0,1.0,1,149,0.517361111111111,0.0,0.5595238095238095,0.5833333333333334,0.5833333333333334,1.0833333333333333,0.0,18.186628592943663,0.0,10.5
438,36.5,36.5,1,12.5,12:30,17.88122990450794,8.94061495225397,8.94061495225397,0,0,0,0,0,0,1,0,1,0,0.0,0.0,3,0.42857142857142855,0.0,0.0,0.0,1,capacity_drop,1,1,12.0,14.0,90.0,7,1.0,1.0,1.0,1,150,0.5208333333333334,0.0,0.5476190476190476,0.5,0.5,0.9166666666666666,0.0,14.885053344700347,0.0,9.916666666666666
439,36.583333333333336,36.583333333333336,1,12.583333333333336,12:35,17.886986528804712,8.919346212609192,8.96764031619552,1,0,1,1,0,1,1,1,0,0,0.0,0.0,3,0.42857142857142855,16.616106801725067,0.0,0.0,1,capacity_drop,1,1,12.0,14.0,85.0,7,1.0,1.0,1.0,1,151,0.5243055555555557,0.0,0.5416666666666666,0.5833333333333334,0.5833333333333334,0.9166666666666666,0.0,16.26972891151077,0.0,9.333333333333334
440,36.666666666666664,36.666666666666664,1,12.666666666666664,12:39,17.893205962998053,8.897971125204322,8.995234837793733,1,1,0,1,1,0,1,1,0,0,0.0,0.0,3,0.42857142857142855,20.77789094810761,0.0,0.0,1,capacity_drop,1,1,12.0,14.0,80.0,7,1.0,1.0,1.0,1,152,0.5277777777777777,0.0,0.5297619047619048,0.5833333333333334,0.5833333333333334,1.0,0.0,14.32008906616141,0.0,8.75
441,36.75,36.75,1,12.75,12:45,17.900335016416467,8.876388225381456,9.02394679103501,0,0,0,0,0,0,0,0,0,0,0.0,0.0,3,0.42857142857142855,0.0,0.0,0.0,1,capacity_drop,1,1,12.0,14.0,75.0,7,1.0,1.0,1.0,1,153,0.53125,0.0,0.5238095238095238,0.5833333333333334,0.5833333333333334,0.9166666666666666,0.0,14.32008906616141,0.0,8.166666666666666
442,36.833333333333336,36.833333333333336,1,12.833333333333336,12:50,17.909062471795444,8.85461313622465,9.054449335570794,1,0,1,1,0,1,1,1,0,0,0.0,0.0,3,0.42857142857142855,31.61795179500339,0.0,0.0,1,capacity_drop,1,1,12.0,14.0,70.0,7,1.0,1.0,1.0,1,154,0.5347222222222223,0.0,0.5238095238095238,0.5833333333333334,0.5833333333333334,0.8333333333333334,0.0,14.9672278377643,0.0,7.583333333333333
443,36.916666666666664,36.916666666666664,1,12.916666666666664,12:54,17.920310085157453,8.832772300794858,9.087537784362596,1,0,1,1,0,1,1,0,1,0,0.0,0.0,3,0.42857142857142855,42.187693063396075,0.0,0.0,1,capacity_drop,1,1,12.0,14.0,65.0,7,1.0,1.0,1.0,1,155,0.5381944444444443,0.0,0.5238095238095238,0.5833333333333334,0.5833333333333334,0.8333333333333334,0.0,15.7707026919828,0.0,7.0
444,37.0,37.0,1,13.0,13:00,17.935220110106556,8.811094743120563,9.124125366985993,2,0,2,2,0,2,0,0,0,0,0.0,0.0,5,0.7142857142857143,24.658699637096532,0.0,0.0,1,capacity_drop,1,1,12.0,14.0,60.0,7,1.0,1.0,1.0,1,156,0.5416666666666666,0.0,0.5357142857142857,0.75,0.75,0.6666666666666666,0.0,17.825594328407515,0.0,7.0
445,37.083333333333336,37.083333333333336,1,13.083333333333336,13:05,17.955139452865332,8.78990186470857,9.165237588156762,0,0,0,0,0,0,1,1,0,0,0.0,0.0,4,0.5714285714285714,0.0,0.0,0.0,1,capacity_drop,1,1,12.0,14.0,55.0,7,1.0,1.0,1.0,1,157,0.545138888888889,0.0,0.5238095238095238,0.6666666666666666,0.6666666666666666,0.75,0.0,15.640204452932304,0.0,7.0
446,37.166666666666664,37.166666666666664,1,13.166666666666664,13:09,17.981600597810417,8.769595319809286,9.212005278001131,0,0,0,0,0,0,0,0,0,0,0.0,0.0,4,0.5714285714285714,0.0,0.0,0.0,1,capacity_drop,1,1,12.0,14.0,50.0,7,1.0,1.0,1.0,1,158,0.548611111111111,0.0,0.5238095238095237,0.6666666666666666,0.6666666666666666,0.6666666666666666,0.0,15.640204452932304,0.0,7.0
447,37.25,37.25,1,13.25,13:15,18.01629947657129,8.750643054272226,9.265656422299063,2,1,1,2,1,1,0,0,0,0,0.0,0.0,6,0.8571428571428571,28.00733044836714,0.0,0.0,1,capacity_drop,1,1,12.0,14.0,45.0,7,1.0,1.0,1.0,1,159,0.5520833333333334,0.0,0.5476190476190476,0.75,0.75,0.5833333333333334,0.0,15.92362763259087,0.0,7.0
448,37.333333333333336,37.333333333333336,1,13.333333333333336,13:20,18.061070486838766,8.73356363948125,9.327506847357515,0,0,0,0,0,0,0,0,0,0,0.0,0.0,6,0.8571428571428571,0.0,0.0,0.0,1,capacity_drop,1,1,12.0,14.0,40.0,7,1.0,1.0,1.0,1,160,0.5555555555555557,0.0,0.5595238095238094,0.6666666666666666,0.6666666666666666,0.5833333333333334,0.0,13.65547272447465,0.0,7.0
449,37.416666666666664,37.416666666666664,1,13.416666666666664,13:24,18.11785889975643,8.71890908425559,9.398949815500842,0,0,0,0,0,0,2,0,2,0,0.0,0.0,4,0.5714285714285714,0.0,0.0,0.0,1,capacity_drop,1,1,12.0,14.0,35.0,7,1.0,1.0,1.0,1,161,0.5590277777777777,0.0,0.5595238095238094,0.6666666666666666,0.6666666666666666,0.6666666666666666,0.0,13.65547272447465,0.0,7.0
450,37.5,37.5,1,13.5,13:30,18.188690926982243,8.707246363114217,9.481444563868026,0,0,0,0,0,0,1,0,1,0,0.0,0.0,3,0.42857142857142855,0.0,0.0,0.0,1,capacity_drop,1,1,12.0,14.0,30.0,7,1.0,1.0,1.0,1,162,0.5625,0.0,0.5595238095238094,0.6666666666666666,0.6666666666666666,0.6666666666666666,0.0,13.65547272447465,0.0,7.0
451,37.583333333333336,37.583333333333336,1,13.583333333333336,13:35,18.275641750014422,8.699137957899083,9.576503792115341,2,0,2,2,0,2,1,0,1,0,0.0,0.0,4,0.5714285714285714,29.149014195012253,0.0,0.0,1,capacity_drop,1,1,12.0,14.0,25.0,7,1.0,1.0,1.0,1,163,0.5659722222222223,0.0,0.5714285714285714,0.75,0.75,0.6666666666666666,0.0,14.69988167391525,0.0,7.0
452,37.666666666666664,37.666666666666664,1,13.666666666666664,13:39,18.380801844936265,8.695121769942759,9.685680074993506,1,0,1,1,0,1,1,0,1,0,0.0,0.0,4,0.5714285714285714,35.67455104628919,0.0,0.0,1,capacity_drop,1,1,12.0,14.0,20.0,7,1.0,1.0,1.0,1,164,0.5694444444444443,0.0,0.5833333333333334,0.75,0.75,0.6666666666666666,0.0,15.941270015430382,0.0,7.0
453,37.75,37.75,1,13.75,13:45,18.506241965056223,8.69569081974589,9.810551145310333,1,1,0,1,1,0,0,0,0,0,0.0,0.0,5,0.7142857142857143,33.08600656546077,0.0,0.0,1,capacity_drop,1,1,12.0,14.0,15.0,7,1.0,1.0,1.0,1,165,0.5729166666666666,0.0,0.6071428571428571,0.8333333333333334,0.8333333333333334,0.6666666666666666,0.0,18.69843722921878,0.0,7.0
454,37.833333333333336,37.833333333333336,1,13.833333333333336,13:50,18.653977171652162,8.701273207980098,9.952703963672064,0,0,0,0,0,0,0,0,0,0,0.0,0.0,5,0.7142857142857143,0.0,0.0,0.0,1,capacity_drop,1,1,12.0,14.0,10.0,7,1.0,1.0,1.0,1,166,0.576388888888889,0.0,0.6309523809523809,0.75,0.75,0.5833333333333334,0.0,16.063607912968497,0.0,7.0
455,37.916666666666664,37.916666666666664,1,13.916666666666664,13:54,18.825930328755895,8.71221286254684,10.113717466209055,3,3,0,3,3,0,1,1,0,0,0.0,0.0,7,1.0,27.88349531314172,0.0,0.0,1,capacity_drop,1,1,12.0,14.0,5.0,7,1.0,1.0,1.0,1,167,0.579861111111111,0.0,0.6785714285714285,0.9166666666666666,0.9166666666666666,0.5833333333333334,0.0,14.871591433780635,0.0,7.0
456,38.0,38.0,1,14.0,14:00,19.023895501153813,8.72875163798738,10.295143863166434,4,2,2,4,2,2,1,0,1,0,0.0,0.0,10,0.7142857142857143,33.38424284589074,0.0,0.0,0,none,0,-1,-1.0,-1.0,0.0,14,1.0,1.0,1.0,0,168,0.5833333333333334,0.0,0.6785714285714285,1.0833333333333333,1.0833333333333333,0.6666666666666666,0.0,15.598720034513486,0.0,7.583333333333333
457,38.083333333333336,38.083333333333336,1,14.083333333333336,14:05,19.249501714982948,8.751013362054195,10.498488352928753,0,0,0,0,0,0,0,0,0,0,0.0,0.0,10,0.7142857142857143,0.0,0.0,0.0,0,none,0,-1,-1.0,-1.0,0.0,14,1.0,1.0,1.0,0,169,0.5868055555555557,0.0,0.6904761904761904,1.0833333333333333,1.0833333333333333,0.5833333333333334,0.0,15.598720034513486,0.0,8.166666666666666
458,38.166666666666664,38.166666666666664,1,14.166666666666664,14:09,19.504177556859954,8.778990435911853,10.725187120948101,1,0,1,1,0,1,1,0,1,0,0.0,0.0,10,0.7142857142857143,15.584246720065766,0.0,0.0,0,none,0,-1,-1.0,-1.0,0.0,14,1.0,1.0,1.0,0,170,0.5902777777777777,0.0,0.7023809523809524,1.1666666666666667,1.1666666666666667,0.6666666666666666,0.0,16.89740726118563,0.0,8.75
459,38.25,38.25,1,14.25,14:15,19.789117099729374,8.812533585538368,10.976583514191006,1,1,0,1,1,0,1,1,0,0,0.0,0.0,10,0.7142857142857143,36.07479105402278,0.0,0.0,0,none,0,-1,-1.0,-1.0,0.0,14,1.0,1.0,1.0,0,171,0.59375,0.0,0.6904761904761904,1.0833333333333333,1.0833333333333333,0.75,0.0,17.569695644990265,0.0,9.333333333333334
460,38.333333333333336,38.333333333333336,1,14.333333333333336,14:20,20.10524765085704,8.851345329119534,11.253902321737508,0,0,0,0,0,0,3,2,1,0,0.0,0.0,7,0.5,0.0,0.0,0.0,0,none,0,-1,-1.0,-1.0,0.0,14,1.0,1.0,1.0,0,172,0.5972222222222223,0.0,0.6607142857142857,1.0833333333333333,1.0833333333333333,1.0,0.0,17.569695644990265,0.0,9.916666666666666
461,38.416666666666664,38.416666666666664,1,14.416666666666664,14:24,20.453199818904228,8.894977665895407,11.55822215300882,0,0,0,0,0,0,0,0,0,0,0.0,0.0,7,0.5,0.0,0.0,0.0,0,none,0,-1,-1.0,-1.0,0.0,14,1.0,1.0,1.0,0,173,0.6006944444444443,0.0,0.6547619047619048,1.0833333333333333,1.0833333333333333,0.8333333333333334,0.0,17.569695644990265,0.0,10.5
462,38.5,38.5,1,14.5,14:30,20.833280392079033,8.942834404306268,11.890445987772763,2,1,1,2,1,1,3,1,2,0,0.0,0.0,6,0.42857142857142855,24.754863171673094,0.0,0.0,0,none,0,-1,-1.0,-1.0,0.0,14,1.0,1.0,1.0,0,174,0.6041666666666666,0.0,0.6547619047619048,1.25,1.25,1.0,0.0,19.632600909296357,0.0,11.083333333333334
463,38.583333333333336,38.583333333333336,1,14.583333333333336,14:35,21.245448507288465,8.994178430904247,12.251270076384218,3,1,2,3,1,2,0,0,0,0,0.0,0.0,9,0.6428571428571429,30.87210540222748,0.0,0.0,0,none,0,-1,-1.0,-1.0,0.0,14,1.0,1.0,1.0,0,175,0.607638888888889,0.0,0.6607142857142857,1.3333333333333333,1.3333333333333333,0.9166666666666666,0.0,19.77619184323096,0.0,11.666666666666666
464,38.666666666666664,38.666666666666664,1,14.666666666666664,14:39,21.68929557038578,9.048144077343084,12.641151493042695,1,0,1,1,0,1,1,1,0,0,0.0,0.0,9,0.6428571428571429,34.020483607419216,0.0,0.0,0,none,0,-1,-1.0,-1.0,0.0,14,1.0,1.0,1.0,0,176,0.611111111111111,0.0,0.6666666666666666,1.3333333333333333,1.3333333333333333,0.9166666666666666,0.0,19.638352889991797,0.0,12.25
465,38.75,38.75,1,14.75,14:45,22.164029359491966,9.103754573509828,13.060274785982138,4,1,3,4,1,3,2,1,1,0,0.0,0.0,11,0.7857142857142857,26.836165901716413,0.0,0.0,0,none,0,-1,-1.0,-1.0,0.0,14,1.0,1.0,1.0,0,177,0.6145833333333334,0.0,0.6726190476190476,1.5833333333333333,1.5833333333333333,1.0833333333333333,0.0,19.117532834679768,0.0,12.833333333333334
466,38.833333333333336,38.833333333333336,1,14.833333333333336,14:50,22.668462706575408,9.159944384996713,13.508518321578695,2,0,2,2,0,2,1,1,0,0,0.0,0.0,12,0.8571428571428571,33.23695159097289,0.0,0.0,0,none,0,-1,-1.0,-1.0,0.0,14,1.0,1.0,1.0,0,178,0.6180555555555557,0.0,0.6845238095238096,1.75,1.75,1.1666666666666667,0.0,21.887278800594174,0.0,13.416666666666666
467,38.916666666666664,38.916666666666664,1,14.916666666666664,14:54,23.201007106769815,9.215586028918846,13.985421077850969,4,3,1,3,3,0,1,1,0,1,0.0,0.0,14,1.0,23.11992790745528,0.0,0.0,0,none,0,-1,-1.0,-1.0,0.0,14,1.0,1.0,1.0,0,179,0.6215277777777777,0.08333333333333333,0.6845238095238096,1.8333333333333333,1.75,1.1666666666666667,0.0,21.490314850120303,0.0,14.0
468,39.0,39.0,1,15.0,15:00,23.759671550263715,9.26952075156188,14.490150798701835,1,0,1,2,0,2,2,0,2,0,0.0,0.0,14,1.0,34.89313831525783,2.5,0.0,0,none,0,-1,-1.0,-1.0,0.0,14,1.0,1.0,1.0,0,180,0.625,0.08333333333333333,0.7083333333333334,1.5833333333333333,1.5833333333333333,1.25,0.0,21.616056139234228,0.20833333333333334,14.0
469,39.083333333333336,39.083333333333336,1,15.083333333333336,15:05,24.34206680820536,9.320592243964095,15.021474564241263,1,1,0,1,1,0,1,0,1,0,0.0,0.0,14,1.0,31.88461578421547,0.0,0.0,0,none,0,-1,-1.0,-1.0,0.0,14,1.0,1.0,1.0,0,181,0.6284722222222223,0.08333333333333333,0.7321428571428571,1.6666666666666667,1.6666666666666667,1.3333333333333333,0.0,24.273107454585517,0.20833333333333334,14.0
470,39.166666666666664,39.166666666666664,1,15.166666666666664,15:09,24.945415332384425,9.367682377874381,15.577732954510044,2,0,2,2,0,2,2,2,0,0,0.0,0.0,14,1.0,23.568209851941948,0.0,0.0,0,none,0,-1,-1.0,-1.0,0.0,14,1.0,1.0,1.0,0,182,0.6319444444444443,0.08333333333333333,0.755952380952381,1.75,1.75,1.4166666666666667,0.0,24.9384377155752,0.20833333333333334,14.0
471,39.25,39.25,1,15.25,15:15,25.566566849190355,9.409747775764568,16.156819073425787,0,0,0,0,0,0,3,1,2,0,0.0,0.0,11,0.7857142857142857,0.0,0.0,0.0,0,none,0,-1,-1.0,-1.0,0.0,14,1.0,1.0,1.0,0,183,0.6354166666666666,0.08333333333333333,0.7619047619047619,1.6666666666666667,1.6666666666666667,1.5833333333333333,0.0,21.932205127739973,0.20833333333333334,14.0
472,39.333333333333336,39.333333333333336,1,15.333333333333336,15:20,26.202019642504617,9.44585589590243,16.756163746602187,1,0,1,1,0,1,4,1,3,0,0.0,0.0,8,0.5714285714285714,34.09828960024182,0.0,0.0,0,none,0,-1,-1.0,-1.0,0.0,14,1.0,1.0,1.0,0,184,0.638888888888889,0.08333333333333333,0.7678571428571428,1.75,1.75,1.6666666666666667,0.0,24.773729261093454,0.20833333333333334,14.0
473,39.416666666666664,39.416666666666664,1,15.416666666666664,15:24,26.847947429031734,9.475219227424237,17.372728201607497,2,1,1,2,1,1,1,1,0,0,0.0,0.0,9,0.6428571428571429,28.988969660556894,0.0,0.0,0,none,0,-1,-1.0,-1.0,0.0,14,1.0,1.0,1.0,0,185,0.642361111111111,0.08333333333333333,0.7797619047619048,1.9166666666666667,1.9166666666666667,1.75,0.0,27.18947673280653,0.20833333333333334,14.0
474,39.5,39.5,1,15.5,15:30,27.500231634640805,9.497226159997263,18.003005474643544,2,1,1,2,1,1,2,0,2,0,0.0,0.0,9,0.6428571428571429,46.23018995977125,0.0,0.0,0,none,0,-1,-1.0,-1.0,0.0,14,1.0,1.0,1.0,0,186,0.6458333333333334,0.08333333333333333,0.7976190476190476,1.9166666666666667,1.9166666666666667,1.6666666666666667,0.0,28.979087298481375,0.20833333333333334,14.0
475,39.583333333333336,39.583333333333336,1,15.583333333333336,15:35,28.154498783354047,9.511467125030162,18.643031658323885,0,0,0,0,0,0,1,0,1,0,0.0,0.0,8,0.5714285714285714,0.0,0.0,0.0,0,none,0,-1,-1.0,-1.0,0.0,14,1.0,1.0,1.0,0,187,0.6493055555555557,0.08333333333333333,0.7916666666666666,1.6666666666666667,1.6666666666666667,1.75,0.0,26.40641184829575,0.20833333333333334,14.0
476,39.666666666666664,39.666666666666664,1,15.666666666666664,15:39,28.80616261366367,9.517754704692791,19.28840790897088,1,1,0,1,1,0,3,1,2,0,0.0,0.0,6,0.42857142857142855,24.28213560955355,0.0,1.6666666666666667,0,none,0,-1,-1.0,-1.0,0.0,14,1.0,1.0,1.0,0,188,0.6527777777777777,0.08333333333333333,0.7738095238095238,1.6666666666666667,1.6666666666666667,1.9166666666666667,0.0,25.594882848473613,0.20833333333333334,14.0
477,39.75,39.75,1,15.75,15:45,29.450470442021608,9.516136572142347,19.93433386987926,1,0,1,1,0,1,0,0,0,0,0.0,0.0,7,0.5,24.853976668367068,0.0,0.0,0,none,0,-1,-1.0,-1.0,0.0,14,1.0,1.0,1.0,0,189,0.65625,0.08333333333333333,0.75,1.4166666666666667,1.4166666666666667,1.75,0.0,25.429700412361168,0.20833333333333334,14.0
478,39.833333333333336,39.833333333333336,1,15.833333333333336,15:50,30.082553202885293,9.506900358507847,20.575652844377444,4,1,3,4,1,3,0,0,0,0,0.0,0.0,11,0.7857142857142857,26.486831572027995,0.0,0.0,0,none,0,-1,-1.0,-1.0,0.0,14,1.0,1.0,1.0,0,190,0.6597222222222223,0.08333333333333333,0.744047619047619,1.5833333333333333,1.5833333333333333,1.6666666666666667,0.0,24.867190410782428,0.20833333333333334,14.0
479,39.916666666666664,39.916666666666664,1,15.916666666666664,15:54,30.69747851091476,9.490569832664995,21.206908678249764,2,0,2,2,0,2,2,1,1,0,0.0,0.0,11,0.7857142857142857,27.033180002106384,0.0,0.0,0,none,0,-1,-1.0,-1.0,0.0,14,1.0,1.0,1.0,0,191,0.6631944444444443,0.0,0.7261904761904762,1.4166666666666667,1.5,1.75,0.0,25.193294752003354,0.20833333333333334,14.0
480,40.0,40.0,1,16.0,16:00,31.290306016074027,9.467892118126867,21.822413897947158,0,0,0,0,0,0,1,0,1,0,0.0,0.0,10,0.7142857142857143,0.0,0.0,0.0,0,none,0,-1,-1.0,-1.0,0.0,14,1.0,1.0,1.0,0,192,0.6666666666666666,0.0,0.7023809523809524,1.3333333333333333,1.3333333333333333,1.6666666666666667,0.0,22.285533225731868,0.0,14.0
481,40.083333333333336,40.083333333333336,1,16.083333333333336,16:05,31.856144258679898,9.43981604348049,22.416328215199407,0,0,0,0,0,0,1,1,0,0,0.0,0.0,9,0.6428571428571429,0.0,0.0,0.0,0,none,0,-1,-1.0,-1.0,0.0,14,1.0,1.0,1.0,0,193,0.670138888888889,0.0,0.6726190476190476,1.25,1.25,1.6666666666666667,0.0,19.628481910380575,0.0,14.0
482,40.166666666666664,40.166666666666664,1,16.166666666666664,16:09,32.390208180879874,9.40746211180715,22.98274606907272,0,0,0,0,0,0,1,0,1,0,0.0,0.0,8,0.5714285714285714,0.0,0.0,0.0,0,none,0,-1,-1.0,-1.0,0.0,14,1.0,1.0,1.0,0,194,0.673611111111111,0.0,0.636904761904762,1.0833333333333333,1.0833333333333333,1.5833333333333333,0.0,17.664464422718748,0.0,14.0
483,40.25,40.25,1,16.25,16:15,32.88787641539791,9.372084961443933,23.515791453953977,3,2,1,3,2,1,3,0,3,0,0.0,0.0,8,0.5714285714285714,31.42611255445134,0.0,0.0,0,none,0,-1,-1.0,-1.0,0.0,14,1.0,1.0,1.0,0,195,0.6770833333333334,0.0,0.6190476190476191,1.3333333333333333,1.3333333333333333,1.5833333333333333,0.0,20.28330713558969,0.0,14.0
484,40.333333333333336,40.333333333333336,1,16.333333333333336,16:20,33.34474745313816,9.335029555223215,24.009717897914946,2,1,1,2,1,1,2,1,1,0,0.0,0.0,8,0.5714285714285714,30.179662881463585,0.0,0.0,0,none,0,-1,-1.0,-1.0,0.0,14,1.0,1.0,1.0,0,196,0.6805555555555557,0.0,0.6190476190476191,1.4166666666666667,1.4166666666666667,1.4166666666666667,0.0,19.956754909024838,0.0,14.0
485,40.416666666666664,40.416666666666664,1,16.416666666666664,16:24,33.75669378948209,9.297682658011649,24.459011131470444,1,0,1,1,0,1,2,1,1,0,0.0,0.0,7,0.5,27.162483819955625,0.0,0.0,0,none,0,-1,-1.0,-1.0,0.0,14,1.0,1.0,1.0,0,197,0.6840277777777777,0.0,0.6071428571428571,1.3333333333333333,1.3333333333333333,1.5,0.0,19.804547755641398,0.0,14.0
486,40.5,40.5,1,16.5,16:30,34.11991316553358,9.26142142433202,24.85849174120156,3,2,1,3,2,1,1,0,1,0,0.0,0.0,9,0.6428571428571429,28.043584160473085,0.0,0.0,0,none,0,-1,-1.0,-1.0,0.0,14,1.0,1.0,1.0,0,198,0.6875,0.0,0.6071428571428571,1.4166666666666667,1.4166666666666667,1.4166666666666667,0.0,18.288997272366554,0.0,14.0
487,40.583333333333336,40.583333333333336,1,16.583333333333336,16:35,34.43097605539088,9.22756110299512,25.20341495239576,1,0,1,1,0,1,0,0,0,0,0.0,0.0,10,0.7142857142857143,19.278138850253626,0.0,0.0,0,none,0,-1,-1.0,-1.0,0.0,14,1.0,1.0,1.0,0,199,0.6909722222222223,0.0,0.6190476190476191,1.5,1.5,1.3333333333333333,0.0,19.895508843221023,0.0,14.0
488,40.666666666666664,40.666666666666664,1,16.666666666666664,16:39,34.68686860349537,9.197303961535981,25.489564641959387,1,0,1,1,0,1,0,0,0,0,0.0,0.0,11,0.7857142857142857,44.76601592704022,0.0,0.0,0,none,0,-1,-1.0,-1.0,0.0,14,1.0,1.0,1.0,0,200,0.6944444444444443,0.0,0.6488095238095238,1.5,1.5,1.0833333333333333,0.0,21.602498869678243,0.0,14.0
489,40.75,40.75,1,16.75,16:45,34.88503028647547,9.171691531932606,25.713338754542864,3,1,2,3,1,2,2,1,1,0,0.0,0.0,12,0.8571428571428571,33.4563977619382,0.0,0.0,0,none,0,-1,-1.0,-1.0,0.0,14,1.0,1.0,1.0,0,201,0.6979166666666666,0.0,0.6785714285714285,1.6666666666666667,1.6666666666666667,1.25,0.0,22.319367294142506,0.0,14.0
490,40.833333333333336,40.833333333333336,1,16.833333333333336,16:50,35.02338566044037,9.151562177882349,25.87182348255802,2,0,2,2,0,2,2,0,2,0,0.0,0.0,12,0.8571428571428571,30.505564652094016,0.0,0.0,0,none,0,-1,-1.0,-1.0,0.0,14,1.0,1.0,1.0,0,202,0.701388888888889,0.0,0.6845238095238094,1.5,1.5,1.4166666666666667,0.0,22.654261717481337,0.0,14.0
491,40.916666666666664,40.916666666666664,1,16.916666666666664,16:54,35.10036965568598,9.13751578565321,25.96285387003277,1,0,1,1,0,1,4,2,2,0,0.0,0.0,9,0.6428571428571429,39.52437765766458,0.0,0.0,0,none,0,-1,-1.0,-1.0,0.0,14,1.0,1.0,1.0,0,203,0.704861111111111,0.0,0.6726190476190476,1.4166666666666667,1.4166666666666667,1.5833333333333333,0.0,23.695194855444523,0.0,14.0
492,41.0,41.0,1,17.0,17:00,35.11494599413609,9.129887093561539,25.985058900574554,0,0,0,0,0,0,1,1,0,0,0.0,0.0,8,0.5714285714285714,0.0,0.0,0.0,0,none,0,-1,-1.0,-1.0,0.0,14,1.0,1.0,1.0,0,204,0.7083333333333334,0.0,0.6607142857142857,1.4166666666666667,1.4166666666666667,1.5833333333333333,0.0,23.695194855444523,0.0,14.0
493,41.083333333333336,41.083333333333336,1,17.083333333333336,17:05,35.06661842807186,9.128728812929902,25.93788961514196,1,0,1,1,0,1,0,0,0,0,0.0,0.0,9,0.6428571428571429,32.31650621501218,0.0,0.0,0,none,0,-1,-1.0,-1.0,0.0,14,1.0,1.0,1.0,0,205,0.7118055555555557,0.0,0.6607142857142857,1.5,1.5,1.5,0.0,26.388237040028873,0.0,14.0
494,41.166666666666664,41.166666666666664,1,17.166666666666664,17:09,34.95543462901268,9.13380527382459,25.821629355188087,5,1,4,5,1,4,0,0,0,0,0.0,0.0,14,1.0,34.5619568484021,0.0,0.0,0,none,0,-1,-1.0,-1.0,0.0,14,1.0,1.0,1.0,0,206,0.7152777777777777,0.0,0.6964285714285715,1.9166666666666667,1.9166666666666667,1.4166666666666667,0.0,29.268400110729047,0.0,14.0
495,41.25,41.25,1,17.25,17:15,34.78198268999153,9.144596873207066,25.637385816784462,1,0,1,1,0,1,1,1,0,0,0.0,0.0,14,1.0,29.747121146835088,0.0,0.0,0,none,0,-1,-1.0,-1.0,0.0,14,1.0,1.0,1.0,0,207,0.71875,0.0,0.7321428571428571,1.75,1.75,1.25,0.0,29.12848416009436,0.0,14.0
496,41.333333333333336,41.333333333333336,1,17.333333333333336,17:20,34.54738033977343,9.16031513471171,25.38706520506172,0,0,0,0,0,0,3,1,2,0,0.0,0.0,11,0.7857142857142857,0.0,0.0,0.0,0,none,0,-1,-1.0,-1.0,0.0,14,1.0,1.0,1.0,0,208,0.7222222222222223,0.0,0.75,1.5833333333333333,1.5833333333333333,1.3333333333333333,0.0,26.613512253305725,0.0,14.0
497,41.416666666666664,41.416666666666664,1,17.416666666666664,17:24,34.2532571006037,9.179927732138495,25.073329368465203,2,0,2,2,0,2,3,0,3,0,0.0,0.0,10,0.7142857142857143,19.620652982075313,0.0,0.0,0,none,0,-1,-1.0,-1.0,0.0,14,1.0,1.0,1.0,0,209,0.7256944444444443,0.0,0.7678571428571429,1.6666666666666667,1.6666666666666667,1.4166666666666667,0.0,25.985026350149038,0.0,14.0
498,41.5,41.5,1,17.5,17:30,33.90172974870734,9.202192406228747,24.699537342478592,1,1,0,1,1,0,0,0,0,0,0.0,0.0,11,0.7857142857142857,27.35978565129807,0.0,0.0,0,none,0,-1,-1.0,-1.0,0.0,14,1.0,1.0,1.0,0,210,0.7291666666666666,0.0,0.7797619047619048,1.5,1.5,1.3333333333333333,0.0,25.928043141051116,0.0,14.0
499,41.583333333333336,41.583333333333336,1,17.583333333333336,17:35,33.49537155599346,9.225698337528634,24.269673218464824,2,1,1,2,1,1,1,0,1,0,0.0,0.0,12,0.8571428571428571,33.32760341520841,0.0,0.0,0,none,0,-1,-1.0,-1.0,0.0,14,1.0,1.0,1.0,0,211,0.732638888888889,0.0,0.7916666666666666,1.5833333333333333,1.5833333333333333,1.4166666666666667,0.0,27.09883185479735,0.0,14.0
500,41.666666666666664,41.666666666666664,1,17.666666666666664,17:39,33.03717589948521,9.248913244897908,23.788262654587303,2,2,0,2,2,0,2,0,2,0,0.0,0.0,12,0.8571428571428571,32.02096886453856,0.0,0.0,0,none,0,-1,-1.0,-1.0,0.0,14,1.0,1.0,1.0,0,212,0.736111111111111,0.0,0.7976190476190476,1.6666666666666667,1.6666666666666667,1.5833333333333333,0.0,26.036744599588875,0.0,14.0
501,41.75,41.75,1,17.75,17:45,32.53051491944552,9.27023427284599,23.260280646599533,0,0,0,0,0,0,4,0,4,0,0.0,0.0,8,0.5714285714285714,0.0,0.0,0.0,0,none,0,-1,-1.0,-1.0,0.0,14,1.0,1.0,1.0,0,213,0.7395833333333334,0.0,0.7738095238095238,1.4166666666666667,1.4166666666666667,1.75,0.0,23.24871145276069,0.0,14.0
502,41.833333333333336,41.833333333333336,1,17.833333333333336,17:50,31.979093985931605,9.288040619622178,22.691053366309426,4,2,2,4,2,2,2,1,1,0,0.0,0.0,10,0.7142857142857143,28.270758934380297,0.0,0.0,0,none,0,-1,-1.0,-1.0,0.0,14,1.0,1.0,1.0,0,214,0.7430555555555557,0.0,0.7619047619047619,1.5833333333333333,1.5833333333333333,1.75,0.0,23.06247764295122,0.0,14.0
503,41.916666666666664,41.916666666666664,1,17.916666666666664,17:54,31.386902794955205,9.300745844635307,22.086156950319896,1,0,1,1,0,1,0,0,0,0,0.0,0.0,11,0.7857142857142857,19.810666297178173,0.0,0.0,0,none,0,-1,-1.0,-1.0,0.0,14,1.0,1.0,1.0,0,215,0.7465277777777777,0.0,0.7738095238095238,1.5833333333333333,1.5833333333333333,1.4166666666666667,0.0,21.41966836291068,0.0,14.0
504,42.0,42.0,1,18.0,18:00,30.758163958405603,9.306847875653567,21.451316082752037,2,2,0,2,2,0,2,1,1,0,0.0,0.0,11,0.7857142857142857,37.42003119617839,0.0,0.0,0,none,0,-1,-1.0,-1.0,0.0,14,1.0,1.0,1.0,0,216,0.75,0.0,0.7916666666666666,1.75,1.75,1.5,0.0,24.538004295925546,0.0,14.0
505,42.083333333333336,42.083333333333336,1,18.083333333333336,18:05,30.097279975765876,9.304974905556122,20.792305070209753,1,0,1,1,0,1,1,0,1,0,0.0,0.0,11,0.7857142857142857,29.93723454970245,0.0,0.0,0,none,0,-1,-1.0,-1.0,0.0,14,1.0,1.0,1.0,0,217,0.7534722222222223,0.0,0.8035714285714287,1.75,1.75,1.5833333333333333,0.0,24.339731657149738,0.0,14.0
506,42.166666666666664,42.166666666666664,1,18.166666666666664,18:09,29.40877948029537,9.293925612955576,20.114853867339793,2,0,2,2,0,2,2,2,0,0,0.0,0.0,11,0.7857142857142857,33.15240786244444,0.0,0.0,0,none,0,-1,-1.0,-1.0,0.0,14,1.0,1.0,1.0,0,218,0.7569444444444443,0.0,0.7857142857142856,1.5,1.5,1.75,0.0,24.22226924165327,0.0,14.0
507,42.25,42.25,1,18.25,18:15,28.697263638153192,9.272702445050424,19.424561193102768,2,0,2,2,0,2,2,0,2,0,0.0,0.0,11,0.7857142857142857,22.424595192042315,0.0,0.0,0,none,0,-1,-1.0,-1.0,0.0,14,1.0,1.0,1.0,0,219,0.7604166666666666,0.0,0.7678571428571428,1.5833333333333333,1.5833333333333333,1.8333333333333333,0.0,23.612058745420537,0.0,14.0
508,42.333333333333336,42.333333333333336,1,18.333333333333336,18:20,27.96735354676904,9.240537046453095,18.726816500315945,2,1,1,2,1,1,2,1,1,0,0.0,0.0,11,0.7857142857142857,28.68425480818213,0.0,0.0,0,none,0,-1,-1.0,-1.0,0.0,14,1.0,1.0,1.0,0,220,0.763888888888889,0.0,0.7678571428571428,1.75,1.75,1.75,0.0,26.002413312769047,0.0,14.0
509,42.416666666666664,42.416666666666664,1,18.416666666666664,18:24,27.223639429946502,9.196907285107601,18.0267321448389,1,0,1,1,0,1,1,1,0,0,0.0,0.0,11,0.7857142857142857,27.347217763997463,0.0,0.0,0,none,0,-1,-1.0,-1.0,0.0,14,1.0,1.0,1.0,0,221,0.767361111111111,0.0,0.7738095238095238,1.6666666666666667,1.6666666666666667,1.5833333333333333,0.0,26.646293711262558,0.0,14.0
510,42.5,42.5,1,18.5,18:30,26.47063236343379,9.14154569638572,17.32908666704807,1,0,1,1,0,1,1,0,1,0,0.0,0.0,11,0.7857142857142857,37.059041282963825,0.0,0.0,0,none,0,-1,-1.0,-1.0,0.0,14,1.0,1.0,1.0,0,222,0.7708333333333334,0.0,0.7738095238095237,1.6666666666666667,1.6666666666666667,1.6666666666666667,0.0,27.454565013901373,0.0,14.0
511,42.583333333333336,42.583333333333336,1,18.583333333333336,18:35,25.712719188060767,9.074439520771781,16.638279667288987,1,1,0,1,1,0,3,2,1,0,0.0,0.0,9,0.6428571428571429,33.14442605253062,0.0,0.0,0,none,0,-1,-1.0,-1.0,0.0,14,1.0,1.0,1.0,0,223,0.7743055555555557,0.0,0.7559523809523809,1.5833333333333333,1.5833333333333333,1.8333333333333333,0.0,27.43930023367822,0.0,14.0
512,42.666666666666664,42.666666666666664,1,18.666666666666664,18:39,24.95412118033064,8.995822833054309,15.958298347276333,3,3,0,3,3,0,0,0,0,0,0.0,0.0,12,0.8571428571428571,29.338091184705632,0.0,0.0,0,none,0,-1,-1.0,-1.0,0.0,14,1.0,1.0,1.0,0,224,0.7777777777777777,0.0,0.755952380952381,1.6666666666666667,1.6666666666666667,1.6666666666666667,0.0,27.21572709369215,0.0,14.0
513,42.75,42.75,1,18.75,18:45,24.198856955072106,8.90616153835985,15.292695416712256,1,1,0,1,1,0,4,1,3,0,0.0,0.0,9,0.6428571428571429,15.0,0.0,0.0,0,none,0,-1,-1.0,-1.0,0.0,14,1.0,1.0,1.0,0,225,0.78125,0.0,0.7619047619047619,1.75,1.75,1.6666666666666667,0.0,28.46572709369215,0.0,14.0
514,42.833333333333336,42.833333333333336,1,18.833333333333336,18:50,23.450709973998705,8.806132232833583,14.64457774116512,0,0,0,0,0,0,2,1,1,0,0.0,0.0,7,0.5,0.0,0.0,0.0,0,none,0,-1,-1.0,-1.0,0.0,14,1.0,1.0,1.0,0,226,0.7847222222222223,0.0,0.7440476190476191,1.4166666666666667,1.4166666666666667,1.6666666666666667,0.0,26.109830515827124,0.0,14.0
515,42.916666666666664,42.916666666666664,1,18.916666666666664,18:54,22.71320093041412,8.69659608814216,14.016604842271962,2,0,2,2,0,2,1,0,1,0,0.0,0.0,8,0.5714285714285714,32.46663399180504,0.0,0.0,0,none,0,-1,-1.0,-1.0,0.0,14,1.0,1.0,1.0,0,227,0.7881944444444443,0.0,0.7261904761904762,1.5,1.5,1.75,0.0,27.164494490379354,0.0,14.0
516,43.0,43.0,1,19.0,19:00,21.989565176425764,8.57856901683194,13.410996159593822,2,2,0,2,2,0,1,1,0,0,0.0,0.0,9,0.6428571428571429,30.88347456074716,0.0,0.0,0,none,0,-1,-1.0,-1.0,0.0,14,1.0,1.0,1.0,0,228,0.7916666666666666,0.0,0.7142857142857143,1.5,1.5,1.6666666666666667,0.0,26.619781437426756,0.0,14.0
517,43.083333333333336,43.083333333333336,1,19.083333333333336,19:05,21.28273525733151,8.453189411037265,12.829545846294245,0,0,0,0,0,0,1,1,0,0,0.0,0.0,8,0.5714285714285714,0.0,0.0,0.0,0,none,0,-1,-1.0,-1.0,0.0,14,1.0,1.0,1.0,0,229,0.795138888888889,0.0,0.6964285714285715,1.4166666666666667,1.4166666666666667,1.6666666666666667,0.0,24.125011891618218,0.0,14.0
518,43.166666666666664,43.166666666666664,1,19.166666666666664,19:09,20.595328520590208,8.321684724343905,12.273643796246303,1,0,1,1,0,1,3,2,1,0,0.0,0.0,6,0.42857142857142855,38.57964833925445,0.0,0.0,0,none,0,-1,-1.0,-1.0,0.0,14,1.0,1.0,1.0,0,230,0.798611111111111,0.0,0.6666666666666666,1.3333333333333333,1.3333333333333333,1.75,0.0,24.577281931352385,0.0,14.0
519,43.25,43.25,1,19.25,19:15,19.9296396760039,8.185338092596583,11.744301583407319,0,0,0,0,0,0,0,0,0,0,0.0,0.0,6,0.42857142857142855,0.0,0.0,0.0,0,none,0,-1,-1.0,-1.0,0.0,14,1.0,1.0,1.0,0,231,0.8020833333333334,0.0,0.6369047619047619,1.1666666666666667,1.1666666666666667,1.5833333333333333,0.0,22.708565665348857,0.0,14.0
520,43.333333333333336,43.333333333333336,1,19.333333333333336,19:20,19.287638101157803,8.04545607283965,11.242182028318155,2,2,0,2,2,0,1,1,0,0,0.0,0.0,7,0.5,38.37163600375473,0.0,0.0,0,none,0,-1,-1.0,-1.0,0.0,14,1.0,1.0,1.0,0,232,0.8055555555555557,0.0,0.613095238095238,1.1666666666666667,1.1666666666666667,1.5,0.0,23.515847431646577,0.0,14.0
521,43.416666666666664,43.416666666666664,1,19.416666666666664,19:24,18.670969613200672,7.903338430365608,10.767631182835064,0,0,0,0,0,0,1,0,1,0,0.0,0.0,6,0.42857142857142855,0.0,0.0,0.0,0,none,0,-1,-1.0,-1.0,0.0,14,1.0,1.0,1.0,0,233,0.8090277777777777,0.0,0.5833333333333334,1.0833333333333333,1.0833333333333333,1.5,0.0,21.23691261798012,0.0,14.0
522,43.5,43.5,1,19.5,19:30,18.080962365783023,7.760250732515361,10.320711633267662,2,2,0,2,2,0,2,1,1,0,0.0,0.0,6,0.42857142857142855,34.33272647418139,0.0,0.0,0,none,0,-1,-1.0,-1.0,0.0,14,1.0,1.0,1.0,0,234,0.8125,0.0,0.5535714285714285,1.1666666666666667,1.1666666666666667,1.5833333333333333,0.0,21.009719717248252,0.0,14.0
523,43.583333333333336,43.583333333333336,1,19.583333333333336,19:35,17.51863647912623,7.617400324809055,9.901236154317173,1,0,1,1,0,1,0,0,0,0,0.0,0.0,7,0.5,21.92999087452236,0.0,0.0,0,none,0,-1,-1.0,-1.0,0.0,14,1.0,1.0,1.0,0,235,0.8159722222222223,0.0,0.5416666666666666,1.1666666666666667,1.1666666666666667,1.3333333333333333,0.0,20.07518345241423,0.0,14.0
524,43.666666666666664,43.666666666666664,1,19.666666666666664,19:39,16.984716972152892,7.475916079896802,9.50880089225609,0,0,0,0,0,0,1,1,0,0,0.0,0.0,6,0.42857142857142855,0.0,0.0,0.0,0,none,0,-1,-1.0,-1.0,0.0,14,1.0,1.0,1.0,0,236,0.8194444444444443,0.0,0.5059523809523809,0.9166666666666666,0.9166666666666666,1.4166666666666667,0.0,17.630342520355427,0.0,14.0
525,43.75,43.75,1,19.75,19:45,16.479649538420226,7.336832131294739,9.142817407125486,2,2,0,2,2,0,0,0,0,0,0.0,0.0,8,0.5714285714285714,32.551233928694195,0.0,0.0,0,none,0,-1,-1.0,-1.0,0.0,14,1.0,1.0,1.0,0,237,0.8229166666666666,0.0,0.5,1.0,1.0,1.0833333333333333,0.0,19.09294534774661,0.0,14.0
526,43.833333333333336,43.833333333333336,1,19.833333333333336,19:50,16.003618691996333,7.201075639059791,8.802543052936542,0,0,0,0,0,0,1,0,1,0,0.0,0.0,7,0.5,0.0,0.0,0.0,0,none,0,-1,-1.0,-1.0,0.0,14,1.0,1.0,1.0,0,238,0.826388888888889,0.0,0.5,1.0,1.0,1.0,0.0,19.09294534774661,0.0,14.0
527,43.916666666666664,43.916666666666664,1,19.916666666666664,19:54,15.556567804863064,7.069458488968011,8.487109315895054,0,0,0,0,0,0,0,0,0,0,0.0,0.0,7,0.5,0.0,0.0,0.0,0,none,0,-1,-1.0,-1.0,0.0,14,1.0,1.0,1.0,0,239,0.829861111111111,0.0,0.49404761904761907,0.8333333333333334,0.8333333333333334,0.9166666666666666,0.0,16.38739251509619,0.0,14.0
528,44.0,44.0,1,20.0,20:00,15.138220563138113,6.942672704205335,8.195547858932777,1,0,1,1,0,1,3,2,1,0,0.0,0.0,5,0.35714285714285715,41.10005024865637,0.0,0.0,0,none,0,-1,-1.0,-1.0,0.0,14,1.0,1.0,1.0,0,240,0.8333333333333334,0.0,0.4702380952380953,0.75,0.75,1.0833333333333333,0.0,17.238773822421958,0.0,14.0
529,44.083333333333336,44.083333333333336,1,20.083333333333336,20:05,14.748103384393705,6.821289251198996,7.926814133194708,1,1,0,1,1,0,1,1,0,0,0.0,0.0,5,0.35714285714285715,41.27004208841906,0.0,0.0,0,none,0,-1,-1.0,-1.0,0.0,14,1.0,1.0,1.0,0,241,0.8368055555555557,0.0,0.45238095238095233,0.8333333333333334,0.8333333333333334,1.0833333333333333,0.0,20.67794399645688,0.0,14.0
530,44.166666666666664,44.166666666666664,1,20.166666666666664,20:09,14.385568361469645,6.705759849625697,7.679808511843948,0,0,0,0,0,0,0,0,0,0,0.0,0.0,5,0.35714285714285715,0.0,0.0,0.0,0,none,0,-1,-1.0,-1.0,0.0,14,1.0,1.0,1.0,0,242,0.8402777777777777,0.0,0.44642857142857145,0.75,0.75,0.8333333333333334,0.0,17.46297330151901,0.0,14.0
531,44.25,44.25,1,20.25,20:15,14.04981632818525,6.596421350111682,7.453394978073567,2,1,1,2,1,1,2,2,0,0,0.0,0.0,5,0.35714285714285715,30.246790064099105,0.0,0.0,0,none,0,-1,-1.0,-1.0,0.0,14,1.0,1.0,1.0,0,243,0.84375,0.0,0.44047619047619047,0.9166666666666666,0.9166666666666666,1.0,0.0,19.983539140193933,0.0,14.0
532,44.333333333333336,44.333333333333336,1,20.333333333333336,20:20,13.739919677927565,6.493502219886451,7.2464174580411145,1,1,0,1,1,0,0,0,0,0,0.0,0.0,6,0.42857142857142855,39.77385233678051,0.0,0.0,0,none,0,-1,-1.0,-1.0,0.0,14,1.0,1.0,1.0,0,244,0.8472222222222223,0.0,0.43452380952380953,0.8333333333333334,0.8333333333333334,0.9166666666666666,0.0,20.100390501279417,0.0,14.0
533,44.416666666666664,44.416666666666664,1,20.416666666666664,20:24,13.454844605892891,6.397130674047501,7.057713931845389,2,1,1,2,1,1,1,1,0,0,0.0,0.0,7,0.5,24.53508273547559,0.0,0.0,0,none,0,-1,-1.0,-1.0,0.0,14,1.0,1.0,1.0,0,245,0.8506944444444443,0.0,0.44047619047619047,1.0,1.0,0.9166666666666666,0.0,22.144980729235712,0.0,14.0
534,44.5,44.5,1,20.5,20:30,13.193472488465396,6.3073440049750635,6.8861284834903325,2,1,1,2,1,1,0,0,0,0,0.0,0.0,9,0.6428571428571429,29.102587577722666,0.0,0.0,0,none,0,-1,-1.0,-1.0,0.0,14,1.0,1.0,1.0,0,246,0.8541666666666666,0.0,0.4583333333333333,1.0,1.0,0.75,0.0,21.70913582119749,0.0,14.0
535,44.583333333333336,44.583333333333336,1,20.583333333333336,20:35,12.954620157558587,6.2240986913491545,6.730521466209432,0,0,0,0,0,0,0,0,0,0,0.0,0.0,9,0.6428571428571429,0.0,0.0,0.0,0,none,0,-1,-1.0,-1.0,0.0,14,1.0,1.0,1.0,0,247,0.857638888888889,0.0,0.4702380952380953,0.9166666666666666,0.9166666666666666,0.75,0.0,19.881636581653957,0.0,14.0
536,44.666666666666664,44.666666666666664,1,20.666666666666664,20:39,12.73705887253806,6.147280907651473,6.589777964886588,0,0,0,0,0,0,1,0,1,0,0.0,0.0,8,0.5714285714285714,0.0,0.0,0.0,0,none,0,-1,-1.0,-1.0,0.0,14,1.0,1.0,1.0,0,248,0.861111111111111,0.0,0.48214285714285715,0.9166666666666666,0.9166666666666666,0.75,0.0,19.881636581653957,0.0,14.0
537,44.75,44.75,1,20.75,20:45,12.539531836511904,6.076717101595184,6.462814734916719,0,0,0,0,0,0,2,0,2,0,0.0,0.0,6,0.42857142857142855,0.0,0.0,0.0,0,none,0,-1,-1.0,-1.0,0.0,14,1.0,1.0,1.0,0,249,0.8645833333333334,0.0,0.4702380952380952,0.75,0.75,0.9166666666666666,0.0,17.169033754262774,0.0,14.0
538,44.833333333333336,44.833333333333336,1,20.833333333333336,20:50,12.360770146367816,6.012184357506109,6.348585788861707,0,0,0,0,0,0,2,2,0,0,0.0,0.0,4,0.2857142857142857,0.0,0.0,0.0,0,none,0,-1,-1.0,-1.0,0.0,14,1.0,1.0,1.0,0,250,0.8680555555555557,0.0,0.45238095238095233,0.75,0.75,1.0,0.0,17.169033754262774,0.0,14.0
539,44.916666666666664,44.916666666666664,1,20.916666666666664,20:54,12.19950710614545,5.953420315551108,6.246086790594342,1,0,1,1,0,1,0,0,0,0,0.0,0.0,5,0.35714285714285715,38.81255560880515,0.0,0.0,0,none,0,-1,-1.0,-1.0,0.0,14,1.0,1.0,1.0,0,251,0.8715277777777777,0.0,0.4404761904761905,0.8333333333333334,0.8333333333333334,1.0,0.0,20.40341338832987,0.0,14.0
540,45.0,45.0,1,21.0,21:00,12.054490870500668,5.90013246759247,6.1543584029081995,2,0,2,2,0,2,3,2,1,0,0.0,0.0,4,0.2857142857142857,27.03040481613266,0.0,0.0,0,none,0,-1,-1.0,-1.0,0.0,14,1.0,1.0,1.0,0,252,0.875,0.0,0.43452380952380953,0.9166666666666666,0.9166666666666666,1.0,0.0,19.230942935619563,0.0,14.0
541,45.083333333333336,45.083333333333336,1,21.083333333333336,21:05,11.924495418634834,5.8520066985316905,6.072488720103144,0,0,0,0,0,0,1,1,0,0,0.0,0.0,3,0.21428571428571427,0.0,0.0,0.0,0,none,0,-1,-1.0,-1.0,0.0,14,1.0,1.0,1.0,0,253,0.8784722222222223,0.0,0.42261904761904767,0.8333333333333334,0.8333333333333334,1.0,0.0,15.791772761584639,0.0,14.0
542,45.166666666666664,45.166666666666664,1,21.166666666666664,21:09,11.80832988876633,5.808714985953212,5.999614902813118,1,1,0,1,1,0,0,0,0,0,0.0,0.0,4,0.2857142857142857,35.257065440104576,0.0,0.0,0,none,0,-1,-1.0,-1.0,0.0,14,1.0,1.0,1.0,0,254,0.8819444444444443,0.0,0.4166666666666667,0.9166666666666666,0.9166666666666666,1.0,0.0,18.72986154826002,0.0,14.0
543,45.25,45.25,1,21.25,21:15,11.704846328794464,5.769922209790192,5.934924119004272,0,0,0,0,0,0,0,0,0,0,0.0,0.0,4,0.2857142857142857,0.0,0.0,0.0,0,none,0,-1,-1.0,-1.0,0.0,14,1.0,1.0,1.0,0,255,0.8854166666666666,0.0,0.41071428571428575,0.75,0.75,0.8333333333333334,0.0,16.209295709585096,0.0,14.0
544,45.333333333333336,45.333333333333336,1,21.333333333333336,21:20,11.612945940157196,5.735292057105526,5.87765388305167,0,0,0,0,0,0,1,0,1,0,0.0,0.0,3,0.21428571428571427,0.0,0.0,0.0,0,none,0,-1,-1.0,-1.0,0.0,14,1.0,1.0,1.0,0,256,0.888888888888889,0.0,0.39285714285714285,0.6666666666666666,0.6666666666666666,0.9166666666666666,0.0,12.894808014853387,0.0,14.0
545,45.416666666666664,45.416666666666664,1,21.416666666666664,21:24,11.53158390904278,5.7044920347447965,5.827091874297984,1,1,0,1,1,0,0,0,0,0,0.0,0.0,4,0.2857142857142857,22.208917646310773,0.0,0.0,0,none,0,-1,-1.0,-1.0,0.0,14,1.0,1.0,1.0,0,257,0.892361111111111,0.0,0.375,0.5833333333333334,0.5833333333333334,0.8333333333333334,0.0,12.700960924089651,0.0,14.0
546,45.5,45.5,1,21.5,21:30,11.459772932212921,5.677197624680009,5.782575307532912,0,0,0,0,0,0,0,0,0,0,0.0,0.0,4,0.2857142857142857,0.0,0.0,0.0,0,none,0,-1,-1.0,-1.0,0.0,14,1.0,1.0,1.0,0,258,0.8958333333333334,0.0,0.3452380952380952,0.4166666666666667,0.4166666666666667,0.8333333333333334,0.0,10.275745292612763,0.0,14.0
547,45.583333333333336,45.583333333333336,1,21.583333333333336,21:35,11.396585553947567,5.6530956336399365,5.74348992030763,0,0,0,0,0,0,2,0,2,0,0.0,0.0,2,0.14285714285714285,0.0,0.0,0.0,0,none,0,-1,-1.0,-1.0,0.0,14,1.0,1.0,1.0,0,259,0.8993055555555557,0.0,0.30357142857142855,0.4166666666666667,0.4166666666666667,1.0,0.0,10.275745292612763,0.0,14.0
548,45.666666666666664,45.666666666666664,1,21.666666666666664,21:39,11.34115543631557,5.631886800580896,5.709268635734675,0,0,0,0,0,0,0,0,0,0,0.0,0.0,2,0.14285714285714285,0.0,0.0,0.0,0,none,0,-1,-1.0,-1.0,0.0,14,1.0,1.0,1.0,0,260,0.9027777777777777,0.0,0.26785714285714285,0.4166666666666667,0.4166666666666667,0.9166666666666666,0.0,10.275745292612763,0.0,14.0
549,45.75,45.75,1,21.75,21:45,11.292677687450254,5.613287733252455,5.6793899541977995,0,0,0,0,0,0,0,0,0,0,0.0,0.0,2,0.14285714285714285,0.0,0.0,0.0,0,none,0,-1,-1.0,-1.0,0.0,14,1.0,1.0,1.0,0,261,0.90625,0.0,0.24404761904761904,0.4166666666666667,0.4166666666666667,0.75,0.0,10.275745292612763,0.0,14.0
550,45.833333333333336,45.833333333333336,1,21.833333333333336,21:50,11.250408372138352,5.597032249165731,5.65337612297262,0,0,0,0,0,0,2,2,0,0,0.0,0.0,0,0.0,0.0,0.0,0.0,0,none,0,-1,-1.0,-1.0,0.0,14,1.0,1.0,1.0,0,262,0.9097222222222223,0.0,0.22023809523809523,0.4166666666666667,0.4166666666666667,0.75,0.0,10.275745292612763,0.0,14.0
551,45.916666666666664,45.916666666666664,1,21.916666666666664,21:54,11.213663326211062,5.582872197297954,5.630791128913109,1,1,0,1,1,0,0,0,0,0,0.0,0.0,1,0.07142857142857142,20.51643346001213,0.0,0.0,0,none,0,-1,-1.0,-1.0,0.0,14,1.0,1.0,1.0,0,263,0.9131944444444443,0.0,0.19642857142857142,0.4166666666666667,0.4166666666666667,0.75,0.0,8.75106844688001,0.0,14.0
552,46.0,46.0,1,22.0,22:00,11.181816391359748,5.570577835466623,5.611238555893125,0,0,0,0,0,0,0,0,0,0,0.0,0.0,1,0.07142857142857142,0.0,0.0,0.0,0,none,0,-1,-1.0,-1.0,0.0,14,1.0,1.0,1.0,0,264,0.9166666666666666,0.0,0.17857142857142852,0.25,0.25,0.5,0.0,6.49853471220229,0.0,14.0
553,46.083333333333336,46.083333333333336,1,22.083333333333336,22:05,11.15429718048388,5.559937835039233,5.594359345444647,0,0,0,0,0,0,0,0,0,0,0.0,0.0,1,0.07142857142857142,0.0,0.0,0.0,0,none,0,-1,-1.0,-1.0,0.0,14,1.0,1.0,1.0,0,265,0.920138888888889,0.0,0.16666666666666666,0.25,0.25,0.4166666666666667,0.0,6.49853471220229,0.0,14.0
554,46.166666666666664,46.166666666666664,1,22.166666666666664,22:09,11.130588475898081,5.55075898001428,5.579829495883802,2,1,1,2,1,1,0,0,0,0,0.0,0.0,3,0.21428571428571427,34.797742990631306,0.0,0.0,0,none,0,-1,-1.0,-1.0,0.0,14,1.0,1.0,1.0,0,266,0.923611111111111,0.0,0.1607142857142857,0.3333333333333333,0.3333333333333333,0.4166666666666667,0.0,6.460257841412851,0.0,14.0
555,46.25,46.25,1,22.25,22:15,11.110223354037712,5.542865621956315,5.567357732081398,0,0,0,0,0,0,0,0,0,0,0.0,0.0,3,0.21428571428571427,0.0,0.0,0.0,0,none,0,-1,-1.0,-1.0,0.0,14,1.0,1.0,1.0,0,267,0.9270833333333334,0.0,0.15476190476190477,0.3333333333333333,0.3333333333333333,0.4166666666666667,0.0,6.460257841412851,0.0,14.0
556,46.333333333333336,46.333333333333336,1,22.333333333333336,22:20,11.092782121037228,5.5360989461655326,5.5566831748716945,1,1,0,1,1,0,1,1,0,0,0.0,0.0,3,0.21428571428571427,29.635951453344788,0.0,0.0,0,none,0,-1,-1.0,-1.0,0.0,14,1.0,1.0,1.0,0,268,0.9305555555555557,0.0,0.15476190476190474,0.4166666666666667,0.4166666666666667,0.4166666666666667,0.0,8.929920462524917,0.0,14.0
557,46.416666666666664,46.416666666666664,1,22.416666666666664,22:24,11.077889134007714,5.530316098118494,5.54757303588922,0,0,0,0,0,0,0,0,0,0,0.0,0.0,3,0.21428571428571427,0.0,0.0,0.0,0,none,0,-1,-1.0,-1.0,0.0,14,1.0,1.0,1.0,0,269,0.9340277777777777,0.0,0.1488095238095238,0.3333333333333333,0.3333333333333333,0.4166666666666667,0.0,7.079177325332353,0.0,14.0
558,46.5,46.5,1,22.5,22:30,11.065209573266051,5.525389212876043,5.539820360390008,1,0,1,1,0,1,0,0,0,0,0.0,0.0,4,0.2857142857142857,32.88274172907322,0.0,0.0,0,none,0,-1,-1.0,-1.0,0.0,14,1.0,1.0,1.0,0,270,0.9375,0.0,0.1488095238095238,0.4166666666666667,0.4166666666666667,0.4166666666666667,0.0,9.81940580275512,0.0,14.0
559,46.583333333333336,46.583333333333336,1,22.583333333333336,22:35,11.054446221386895,5.521204384006137,5.533241837380758,0,0,0,0,0,0,0,0,0,0,0.0,0.0,4,0.2857142857142857,0.0,0.0,0.0,0,none,0,-1,-1.0,-1.0,0.0,14,1.0,1.0,1.0,0,271,0.9409722222222223,0.0,0.1607142857142857,0.4166666666666667,0.4166666666666667,0.25,0.0,9.81940580275512,0.0,14.0
560,46.666666666666664,46.666666666666664,1,22.666666666666664,22:39,11.045336295939368,5.51766060275124,5.527675693188129,0,0,0,0,0,0,1,1,0,0,0.0,0.0,3,0.21428571428571427,0.0,0.0,0.0,0,none,0,-1,-1.0,-1.0,0.0,14,1.0,1.0,1.0,0,272,0.9444444444444443,0.0,0.16666666666666666,0.4166666666666667,0.4166666666666667,0.3333333333333333,0.0,9.81940580275512,0.0,14.0
561,46.75,46.75,1,22.75,22:45,11.037648374275019,5.514668692777917,5.522979681497103,1,1,0,1,1,0,0,0,0,0,0.0,0.0,4,0.2857142857142857,40.56734473053384,0.0,0.0,0,none,0,-1,-1.0,-1.0,0.0,14,1.0,1.0,1.0,0,273,0.9479166666666666,0.0,0.17857142857142858,0.5,0.5,0.3333333333333333,0.0,13.200017863632942,0.0,14.0
562,46.833333333333336,46.833333333333336,1,22.833333333333336,22:50,11.03117944085892,5.512150260939815,5.519029179919106,0,0,0,0,0,0,1,1,0,0,0.0,0.0,3,0.21428571428571427,0.0,0.0,0.0,0,none,0,-1,-1.0,-1.0,0.0,14,1.0,1.0,1.0,0,274,0.951388888888889,0.0,0.1964285714285714,0.5,0.5,0.25,0.0,13.200017863632942,0.0,14.0
563,46.916666666666664,46.916666666666664,1,22.916666666666664,22:54,11.025752080455069,5.510036680094674,5.515715400360395,0,0,0,0,0,0,1,0,1,0,0.0,0.0,2,0.14285714285714285,0.0,0.0,0.0,0,none,0,-1,-1.0,-1.0,0.0,14,1.0,1.0,1.0,0,275,0.954861111111111,0.0,0.2023809523809524,0.4166666666666667,0.4166666666666667,0.3333333333333333,0.0,11.490315075298597,0.0,14.0
564,47.0,47.0,1,23.0,23:00,11.021211834035757,5.508268116149105,5.512943717886652,1,0,1,1,0,1,0,0,0,0,0.0,0.0,3,0.21428571428571427,31.166580636710105,0.0,0.0,0,none,0,-1,-1.0,-1.0,0.0,14,1.0,1.0,1.0,0,276,0.9583333333333334,0.0,0.21428571428571427,0.5,0.5,0.3333333333333333,0.0,14.087530128357772,0.0,14.0
565,47.083333333333336,47.083333333333336,1,23.083333333333336,23:05,11.017424728600275,5.5067926081511045,5.510632120449171,0,0,0,0,0,0,1,0,1,0,0.0,0.0,2,0.14285714285714285,0.0,0.0,0.0,0,none,0,-1,-1.0,-1.0,0.0,14,1.0,1.0,1.0,0,277,0.9618055555555557,0.0,0.2202380952380952,0.5,0.5,0.4166666666666667,0.0,14.087530128357772,0.0,14.0
566,47.166666666666664,47.166666666666664,1,23.166666666666664,23:09,11.014274987158913,5.505565207387003,5.508709779771911,1,1,0,1,1,0,0,0,0,0,0.0,0.0,3,0.21428571428571427,22.03444780781419,0.0,0.0,0,none,0,-1,-1.0,-1.0,0.0,14,1.0,1.0,1.0,0,278,0.9652777777777777,0.0,0.22023809523809523,0.4166666666666667,0.4166666666666667,0.4166666666666667,0.0,13.023922196456347,0.0,14.0
567,47.25,47.25,1,23.25,23:15,11.011662920942175,5.5045471790343425,5.507115741907833,0,0,0,0,0,0,0,0,0,0,0.0,0.0,3,0.21428571428571427,0.0,0.0,0.0,0,none,0,-1,-1.0,-1.0,0.0,14,1.0,1.0,1.0,0,279,0.96875,0.0,0.22023809523809523,0.4166666666666667,0.4166666666666667,0.4166666666666667,0.0,13.023922196456345,0.0,14.0
568,47.333333333333336,47.333333333333336,1,23.333333333333336,23:20,11.00950300239716,5.503705267937626,5.505797734459534,0,0,0,0,0,0,0,0,0,0,0.0,0.0,3,0.21428571428571427,0.0,0.0,0.0,0,none,0,-1,-1.0,-1.0,0.0,14,1.0,1.0,1.0,0,280,0.9722222222222223,0.0,0.2202380952380952,0.3333333333333333,0.3333333333333333,0.3333333333333333,0.0,10.554259575344279,0.0,14.0
569,47.416666666666664,47.416666666666664,1,23.416666666666664,23:24,11.007722114686809,5.503011028468728,5.504711086218081,0,0,0,0,0,0,0,0,0,0,0.0,0.0,3,0.21428571428571427,0.0,0.0,0.0,0,none,0,-1,-1.0,-1.0,0.0,14,1.0,1.0,1.0,0,281,0.9756944444444443,0.0,0.22023809523809523,0.3333333333333333,0.3333333333333333,0.3333333333333333,0.0,10.554259575344279,0.0,14.0
570,47.5,47.5,1,23.5,23:30,11.006257971159055,5.502440217165992,5.503817753993062,0,0,0,0,0,0,1,1,0,0,0.0,0.0,2,0.14285714285714285,0.0,0.0,0.0,0,none,0,-1,-1.0,-1.0,0.0,14,1.0,1.0,1.0,0,282,0.9791666666666666,0.0,0.2083333333333333,0.25,0.25,0.4166666666666667,0.0,7.814031097921511,0.0,14.0
571,47.583333333333336,47.583333333333336,1,23.583333333333336,23:35,11.005057696542984,5.501972245873942,5.503085450669041,0,0,0,0,0,0,2,1,1,0,0.0,0.0,0,0.0,0.0,0.0,0.0,0,none,0,-1,-1.0,-1.0,0.0,14,1.0,1.0,1.0,0,283,0.982638888888889,0.0,0.1845238095238095,0.25,0.25,0.5833333333333334,0.0,7.814031097921511,0.0,14.0
572,47.666666666666664,47.666666666666664,1,23.666666666666664,23:39,11.004076560396394,5.5015896923886345,5.502486868007759,0,0,0,0,0,0,0,0,0,0,0.0,0.0,0,0.0,0.0,0.0,0.0,0,none,0,-1,-1.0,-1.0,0.0,14,1.0,1.0,1.0,0,284,0.986111111111111,0.0,0.16666666666666666,0.25,0.25,0.5,0.0,7.814031097921511,0.0,14.0
573,47.75,47.75,1,23.75,23:45,11.003276852512217,5.5012778651142815,5.501998987397935,0,0,0,0,0,0,0,0,0,0,0.0,0.0,0,0.0,0.0,0.0,0.0,0,none,0,-1,-1.0,-1.0,0.0,14,1.0,1.0,1.0,0,285,0.9895833333333334,0.0,0.14285714285714288,0.16666666666666666,0.16666666666666666,0.5,0.0,4.4334190370436914,0.0,14.0
574,47.833333333333336,47.833333333333336,1,23.833333333333336,23:50,11.002626889529498,5.5010244179194245,5.501602471610074,0,0,0,0,0,0,0,0,0,0,0.0,0.0,0,0.0,0.0,0.0,0.0,0,none,0,-1,-1.0,-1.0,0.0,14,1.0,1.0,1.0,0,286,0.9930555555555557,0.0,0.125,0.16666666666666666,0.16666666666666666,0.4166666666666667,0.0,4.4334190370436914,0.0,14.0
575,47.916666666666664,47.916666666666664,1,23.916666666666664,23:54,11.002100141830912,5.5008190112139035,5.501281130617009,0,0,0,0,0,0,0,0,0,0,0.0,0.0,0,0.0,0.0,0.0,0.0,0,none,0,-1,-1.0,-1.0,0.0,14,1.0,1.0,1.0,0,287,0.9965277777777777,0.0,0.1130952380952381,0.16666666666666666,0.16666666666666666,0.3333333333333333,0.0,4.4334190370436914,0.0,14.0
576,48.0,48.0,2,0.0,00:00,11.00008198637012,5.5000508316227625,5.500031154747357,0,0,0,0,0,0,0,0,0,0,0.0,0.0,0,0.0,0.0,0.0,0.0,0,none,0,-1,-1.0,-1.0,0.0,14,1.0,1.0,1.0,0,0,0.0,0.0,0.09523809523809523,0.08333333333333333,0.08333333333333333,0.3333333333333333,0.0,1.8362039839845157,0.0,14.0
577,48.083333333333336,48.083333333333336,2,0.0833333333333357,00:05,11.000106230721423,5.50006586317033,5.500040367551093,0,0,0,0,0,0,0,0,0,0,0.0,0.0,0,0.0,0.0,0.0,0.0,0,none,0,-1,-1.0,-1.0,0.0,14,1.0,1.0,1.0,0,1,0.003472222222222321,0.0,0.08333333333333333,0.08333333333333333,0.08333333333333333,0.25,0.0,1.8362039839845157,0.0,14.0
578,48.166666666666664,48.166666666666664,2,0.1666666666666643,00:09,11.000137271539305,5.500085108559844,5.500052162979461,1,0,1,1,0,1,0,0,0,0,0.0,0.0,1,0.07142857142857142,34.22070652825452,0.0,0.0,0,none,0,-1,-1.0,-1.0,0.0,14,1.0,1.0,1.0,0,2,0.006944444444444346,0.0,0.07142857142857142,0.08333333333333333,0.08333333333333333,0.25,0.0,2.85172554402121,0.0,14.0
579,48.25,48.25,2,0.25,00:15,11.000176902014061,5.5001096795899755,5.500067222424086,2,2,0,2,2,0,0,0,0,0,0.0,0.0,3,0.21428571428571427,29.58270218870447,0.0,0.0,0,none,0,-1,-1.0,-1.0,0.0,14,1.0,1.0,1.0,0,3,0.010416666666666666,0.0,0.07142857142857142,0.25,0.25,0.25,0.0,5.316950726413249,0.0,14.0
580,48.333333333333336,48.333333333333336,2,0.3333333333333357,00:20,11.000227356278621,5.500140961456445,5.500086394822176,2,1,1,2,1,1,0,0,0,0,0.0,0.0,5,0.35714285714285715,25.568731409410027,0.0,0.0,0,none,0,-1,-1.0,-1.0,0.0,14,1.0,1.0,1.0,0,4,0.013888888888888987,0.0,0.08333333333333333,0.4166666666666667,0.4166666666666667,0.25,0.0,7.447678343864085,0.0,14.0
581,48.416666666666664,48.416666666666664,2,0.4166666666666643,00:24,11.000291409044976,5.50018067453398,5.500110734510996,1,1,0,1,1,0,0,0,0,0,0.0,0.0,6,0.42857142857142855,22.09540007944232,0.0,0.0,0,none,0,-1,-1.0,-1.0,0.0,14,1.0,1.0,1.0,0,5,0.01736111111111101,0.0,0.1011904761904762,0.5,0.5,0.25,0.0,9.288961683817611,0.0,14.0
582,48.5,48.5,2,0.5,00:30,11.000372495477256,5.500230948709127,5.500141546768129,0,0,0,0,0,0,0,0,0,0,0.0,0.0,6,0.42857142857142855,0.0,0.0,0.0,0,none,0,-1,-1.0,-1.0,0.0,14,1.0,1.0,1.0,0,6,0.020833333333333332,0.0,0.125,0.5,0.5,0.16666666666666666,0.0,9.288961683817611,0.0,14.0
583,48.583333333333336,48.583333333333336,2,0.5833333333333357,00:35,11.000474854853564,5.5002944124684205,5.500180442385144,0,0,0,0,0,0,0,0,0,0,0.0,0.0,6,0.42857142857142855,0.0,0.0,0.0,0,none,0,-1,-1.0,-1.0,0.0,14,1.0,1.0,1.0,0,7,0.024305555555555653,0.0,0.16071428571428573,0.5,0.5,0.0,0.0,9.288961683817611,0.0,14.0
584,48.666666666666664,48.666666666666664,2,0.6666666666666643,00:39,11.000603702062527,5.500374299253697,5.50022940280883,0,0,0,0,0,0,1,1,0,0,0.0,0.0,5,0.35714285714285715,0.0,0.0,0.0,0,none,0,-1,-1.0,-1.0,0.0,14,1.0,1.0,1.0,0,8,0.02777777777777768,0.0,0.19047619047619047,0.5,0.5,0.08333333333333333,0.0,9.288961683817611,0.0,14.0
585,48.75,48.75,2,0.75,00:45,11.000765431513953,5.500474573928727,5.500290857585226,1,1,0,1,1,0,1,0,1,0,0.0,0.0,5,0.35714285714285715,38.330415148350376,0.0,0.0,0,none,0,-1,-1.0,-1.0,0.0,14,1.0,1.0,1.0,0,9,0.03125,0.0,0.22023809523809523,0.5833333333333334,0.5833333333333334,0.16666666666666666,0.0,12.483162946180144,0.0,14.0
586,48.833333333333336,48.833333333333336,2,0.8333333333333357,00:50,11.000967858612453,5.500600082556764,5.50036777605569,1,1,0,1,1,0,3,2,1,0,0.0,0.0,3,0.21428571428571427,31.929780754387817,0.0,0.0,0,none,0,-1,-1.0,-1.0,0.0,14,1.0,1.0,1.0,0,10,0.03472222222222232,0.0,0.23809523809523805,0.6666666666666666,0.6666666666666666,0.4166666666666667,0.0,15.143978009045794,0.0,14.0
587,48.916666666666664,48.916666666666664,2,0.9166666666666643,00:54,11.00122050454246,5.500756729063854,5.500463775478606,1,1,0,1,1,0,1,1,0,0,0.0,0.0,3,0.21428571428571427,30.036768641027603,0.0,0.0,0,none,0,-1,-1.0,-1.0,0.0,14,1.0,1.0,1.0,0,11,0.03819444444444434,0.0,0.25595238095238093,0.75,0.75,0.5,0.0,17.64704206246476,0.0,14.0
588,49.0,49.0,2,1.0,01:00,11.001534930734644,5.5009516827530724,5.500583247981572,0,0,0,0,0,0,0,0,0,0,0.0,0.0,3,0.21428571428571427,0.0,0.0,0.0,0,none,0,-1,-1.0,-1.0,0.0,14,1.0,1.0,1.0,0,12,0.041666666666666664,0.0,0.2738095238095238,0.75,0.75,0.5,0.0,17.64704206246476,0.0,14.0
589,49.083333333333336,49.083333333333336,2,1.0833333333333357,01:05,11.001925130016067,5.501193621034091,5.500731508981977,0,0,0,0,0,0,0,0,0,0,0.0,0.0,3,0.21428571428571427,0.0,0.0,0.0,0,none,0,-1,-1.0,-1.0,0.0,14,1.0,1.0,1.0,0,13,0.045138888888888985,0.0,0.2916666666666667,0.75,0.75,0.5,0.0,17.64704206246476,0.0,14.0
590,49.166666666666664,49.166666666666664,2,1.1666666666666643,01:09,11.002407982075074,5.501493012132404,5.500914969942669,0,0,0,0,0,0,0,0,0,0,0.0,0.0,3,0.21428571428571427,0.0,0.0,0.0,0,none,0,-1,-1.0,-1.0,0.0,14,1.0,1.0,1.0,0,14,0.048611111111111015,0.0,0.30357142857142855,0.6666666666666666,0.6666666666666666,0.5,0.0,14.795316518443551,0.0,14.0
591,49.25,49.25,2,1.25,01:15,11.003003781478727,5.501862442933056,5.501141338545671,1,0,1,1,0,1,0,0,0,0,0.0,0.0,4,0.2857142857142857,20.010224884203527,0.0,0.0,0,none,0,-1,-1.0,-1.0,0.0,14,1.0,1.0,1.0,0,15,0.052083333333333336,0.0,0.30952380952380953,0.5833333333333334,0.5833333333333334,0.5,0.0,13.997610076401806,0.0,14.0
592,49.333333333333336,49.333333333333336,2,1.3333333333333357,01:20,11.003736847043271,5.502316997482579,5.501419849560692,2,2,0,2,2,0,0,0,0,0,0.0,0.0,6,0.42857142857142855,31.40793247624227,0.0,0.0,0,none,0,-1,-1.0,-1.0,0.0,14,1.0,1.0,1.0,0,16,0.05555555555555566,0.0,0.31547619047619047,0.5833333333333334,0.5833333333333334,0.5,0.0,14.484210165304495,0.0,14.0
593,49.416666666666664,49.416666666666664,2,1.4166666666666643,01:24,11.004636221850088,5.502874692005684,5.501761529844404,0,0,0,0,0,0,2,2,0,0,0.0,0.0,4,0.2857142857142857,0.0,0.0,0.0,0,none,0,-1,-1.0,-1.0,0.0,14,1.0,1.0,1.0,0,17,0.05902777777777768,0.0,0.30357142857142855,0.5,0.5,0.6666666666666666,0.0,12.642926825350967,0.0,14.0
594,49.5,49.5,2,1.5,01:30,11.005736473589717,5.503556972573228,5.50217950101649,1,1,0,1,1,0,1,1,0,0,0.0,0.0,4,0.2857142857142857,36.00661800957842,0.0,0.0,0,none,0,-1,-1.0,-1.0,0.0,14,1.0,1.0,1.0,0,18,0.0625,0.0,0.29166666666666663,0.5833333333333334,0.5833333333333334,0.75,0.0,15.64347832614917,0.0,14.0
595,49.583333333333336,49.583333333333336,2,1.5833333333333357,01:35,11.007078605168505,5.5043892817663895,5.502689323402116,0,0,0,0,0,0,0,0,0,0,0.0,0.0,4,0.2857142857142857,0.0,0.0,0.0,0,none,0,-1,-1.0,-1.0,0.0,14,1.0,1.0,1.0,0,19,0.06597222222222232,0.0,0.27976190476190477,0.5833333333333334,0.5833333333333334,0.75,0.0,15.64347832614917,0.0,14.0
596,49.666666666666664,49.666666666666664,2,1.6666666666666643,01:39,11.008711085586196,5.505401700798184,5.503309384788012,0,0,0,0,0,0,1,0,1,0,0.0,0.0,3,0.21428571428571427,0.0,0.0,0.0,0,none,0,-1,-1.0,-1.0,0.0,14,1.0,1.0,1.0,0,20,0.06944444444444435,0.0,0.26785714285714285,0.5833333333333334,0.5833333333333334,0.75,0.0,15.64347832614917,0.0,14.0
597,49.75,49.75,2,1.75,01:45,11.010691010942473,5.5066296735548965,5.504061337387577,0,0,0,0,0,0,0,0,0,0,0.0,0.0,3,0.21428571428571427,0.0,0.0,0.0,0,none,0,-1,-1.0,-1.0,0.0,14,1.0,1.0,1.0,0,21,0.07291666666666667,0.0,0.25595238095238093,0.5,0.5,0.6666666666666666,0.0,12.449277063786639,0.0,14.0
598,49.833333333333336,49.833333333333336,2,1.8333333333333357,01:50,11.013085405007352,5.5081148188834455,5.504970586123907,0,0,0,0,0,0,1,1,0,0,0.0,0.0,2,0.14285714285714285,0.0,0.0,0.0,0,none,0,-1,-1.0,-1.0,0.0,14,1.0,1.0,1.0,0,22,0.07638888888888899,0.0,0.25,0.4166666666666667,0.4166666666666667,0.5,0.0,9.788462000920985,0.0,14.0
599,49.916666666666664,49.916666666666664,2,1.9166666666666643,01:54,11.015972668041416,5.509905837152156,5.506066830889259,2,1,1,2,1,1,0,0,0,0,0.0,0.0,4,0.2857142857142857,26.338508642119386,0.0,0.0,0,none,0,-1,-1.0,-1.0,0.0,14,1.0,1.0,1.0,0,23,0.07986111111111101,0.0,0.25595238095238093,0.5,0.5,0.4166666666666667,0.0,9.480273667678633,0.0,14.0
600,50.0,50.0,2,2.0,02:00,11.019444181421887,5.512059516628226,5.507384664793661,0,0,0,0,0,0,1,1,0,0,0.0,0.0,3,0.21428571428571427,0.0,0.0,0.0,0,none,0,-1,-1.0,-1.0,0.0,14,1.0,1.0,1.0,0,24,0.08333333333333333,0.0,0.25595238095238093,0.5,0.5,0.5,0.0,9.480273667678633,0.0,14.0
601,50.083333333333336,50.083333333333336,2,2.0833333333333357,02:05,11.023606074063139,5.514641844523217,5.508964229539922,0,0,0,0,0,0,0,0,0,0,0.0,0.0,3,0.21428571428571427,0.0,0.0,0.0,0,none,0,-1,-1.0,-1.0,0.0,14,1.0,1.0,1.0,0,25,0.08680555555555565,0.0,0.25595238095238093,0.5,0.5,0.5,0.0,9.480273667678633,0.0,14.0
602,50.166666666666664,50.166666666666664,2,2.1666666666666643,02:09,11.02858115455895,5.517729226638116,5.510851927920833,1,1,0,1,1,0,1,1,0,0,0.0,0.0,3,0.21428571428571427,40.93662175356303,0.0,0.0,0,none,0,-1,-1.0,-1.0,0.0,14,1.0,1.0,1.0,0,26,0.09027777777777768,0.0,0.25595238095238093,0.5833333333333334,0.5833333333333334,0.5833333333333334,0.0,12.891658813808887,0.0,14.0
603,50.25,50.25,2,2.25,02:15,11.03451101036479,5.5214098183757105,5.5131011919890796,0,0,0,0,0,0,0,0,0,0,0.0,0.0,3,0.21428571428571427,0.0,0.0,0.0,0,none,0,-1,-1.0,-1.0,0.0,14,1.0,1.0,1.0,0,27,0.09375,0.0,0.25,0.5,0.5,0.5833333333333334,0.0,11.224140073458592,0.0,14.0
604,50.333333333333336,50.333333333333336,2,2.3333333333333357,02:20,11.041558272131947,5.525784968468751,5.515773303663196,0,0,0,0,0,0,1,0,1,0,0.0,0.0,2,0.14285714285714285,0.0,0.0,0.0,0,none,0,-1,-1.0,-1.0,0.0,14,1.0,1.0,1.0,0,28,0.09722222222222232,0.0,0.22619047619047616,0.3333333333333333,0.3333333333333333,0.6666666666666666,0.0,8.60681236710507,0.0,14.0
605,50.416666666666664,50.416666666666664,2,2.4166666666666643,02:24,11.049909037458988,5.530970775092245,5.518938262366743,1,1,0,1,1,0,0,0,0,0,0.0,0.0,3,0.21428571428571427,32.39805292732542,0.0,0.0,0,none,0,-1,-1.0,-1.0,0.0,14,1.0,1.0,1.0,0,29,0.10069444444444435,0.0,0.22023809523809523,0.4166666666666667,0.4166666666666667,0.5,0.0,11.306650111048855,0.0,14.0
606,50.5,50.5,2,2.5,02:30,11.059775443807403,5.537099752089127,5.522675691718276,2,1,1,2,1,1,1,1,0,0,0.0,0.0,4,0.2857142857142857,37.39421106122619,0.0,0.0,0,none,0,-1,-1.0,-1.0,0.0,14,1.0,1.0,1.0,0,30,0.10416666666666667,0.0,0.22023809523809523,0.5,0.5,0.5,0.0,11.422282865352836,0.0,14.0
607,50.583333333333336,50.583333333333336,2,2.5833333333333357,02:35,11.071398375117802,5.5443226008501485,5.5270757742676535,2,1,1,2,1,1,0,0,0,0,0.0,0.0,6,0.42857142857142855,35.041467063731346,0.0,0.0,0,none,0,-1,-1.0,-1.0,0.0,14,1.0,1.0,1.0,0,31,0.10763888888888899,0.0,0.23214285714285712,0.6666666666666666,0.6666666666666666,0.5,0.0,14.342405120663782,0.0,14.0
608,50.666666666666664,50.666666666666664,2,2.6666666666666643,02:39,11.085050280758281,5.552810080969729,5.532240199788553,2,0,2,2,0,2,0,0,0,0,0.0,0.0,8,0.5714285714285714,31.085278648230922,0.0,0.0,0,none,0,-1,-1.0,-1.0,0.0,14,1.0,1.0,1.0,0,32,0.11111111111111101,0.0,0.2619047619047619,0.8333333333333334,0.8333333333333334,0.4166666666666667,0.0,16.932845008016358,0.0,14.0
609,50.75,50.75,2,2.75,02:45,11.101038078854435,5.562754970176136,5.538283108678299,0,0,0,0,0,0,0,0,0,0,0.0,0.0,8,0.5714285714285714,0.0,0.0,0.0,0,none,0,-1,-1.0,-1.0,0.0,14,1.0,1.0,1.0,0,33,0.11458333333333333,0.0,0.2916666666666667,0.8333333333333334,0.8333333333333334,0.4166666666666667,0.0,16.932845008016358,0.0,14.0
610,50.833333333333336,50.833333333333336,2,2.8333333333333357,02:50,11.11970610883199,5.5743741012412,5.5453320075907895,0,0,0,0,0,0,0,0,0,0,0.0,0.0,8,0.5714285714285714,0.0,0.0,0.0,0,none,0,-1,-1.0,-1.0,0.0,14,1.0,1.0,1.0,0,34,0.11805555555555565,0.0,0.3273809523809524,0.8333333333333334,0.8333333333333334,0.3333333333333333,0.0,16.932845008016358,0.0,14.0
611,50.916666666666664,50.916666666666664,2,2.9166666666666643,02:54,11.141439090215897,5.587910460652415,5.553528629563482,0,0,0,0,0,0,1,1,0,0,0.0,0.0,7,0.5,0.0,0.0,0.0,0,none,0,-1,-1.0,-1.0,0.0,14,1.0,1.0,1.0,0,35,0.12152777777777768,0.0,0.3452380952380952,0.6666666666666666,0.6666666666666666,0.4166666666666667,0.0,14.737969287839741,0.0,14.0
612,51.0,51.0,2,3.0,03:00,11.166665036471228,5.60363533082227,5.563029705648958,0,0,0,0,0,0,1,1,0,0,0.0,0.0,6,0.42857142857142855,0.0,0.0,0.0,0,none,0,-1,-1.0,-1.0,0.0,14,1.0,1.0,1.0,0,36,0.125,0.0,0.3630952380952381,0.6666666666666666,0.6666666666666666,0.4166666666666667,0.0,14.737969287839741,0.0,14.0
613,51.083333333333336,51.083333333333336,2,3.0833333333333357,03:05,11.195858064071933,5.621850454560362,5.574007609511571,4,1,3,4,1,3,0,0,0,0,0.0,0.0,10,0.7142857142857143,33.012621512091435,0.0,0.0,0,none,0,-1,-1.0,-1.0,0.0,14,1.0,1.0,1.0,0,37,0.12847222222222232,0.0,0.4047619047619047,1.0,1.0,0.4166666666666667,0.0,17.48902108051403,0.0,14.0
614,51.166666666666664,51.166666666666664,2,3.1666666666666643,03:09,11.229541028207668,5.642890197482153,5.586650830725516,1,1,0,1,1,0,4,1,3,0,0.0,0.0,7,0.5,30.460414162571837,0.0,0.0,0,none,0,-1,-1.0,-1.0,0.0,14,1.0,1.0,1.0,0,38,0.13194444444444434,0.0,0.42857142857142855,1.0,1.0,0.6666666666666666,0.0,16.616003781264762,0.0,14.0
615,51.25,51.25,2,3.25,03:15,11.268287907786952,5.667123681003905,5.601164226783047,0,0,0,0,0,0,1,1,0,0,0.0,0.0,6,0.42857142857142855,0.0,0.0,0.0,0,none,0,-1,-1.0,-1.0,0.0,14,1.0,1.0,1.0,0,39,0.13541666666666666,0.0,0.4464285714285714,1.0,1.0,0.75,0.0,16.616003781264762,0.0,14.0
616,51.333333333333336,51.333333333333336,2,3.3333333333333357,03:20,11.3127258539021,5.694956855589195,5.617768998312904,0,0,0,0,0,0,1,0,1,0,0.0,0.0,5,0.35714285714285715,0.0,0.0,0.0,0,none,0,-1,-1.0,-1.0,0.0,14,1.0,1.0,1.0,0,40,0.13888888888888898,0.0,0.46428571428571425,1.0,1.0,0.75,0.0,16.616003781264762,0.0,14.0
617,51.416666666666664,51.416666666666664,2,3.4166666666666643,03:24,11.363536807958472,5.726834480959709,5.636702326998763,0,0,0,0,0,0,0,0,0,0,0.0,0.0,5,0.35714285714285715,0.0,0.0,0.0,0,none,0,-1,-1.0,-1.0,0.0,14,1.0,1.0,1.0,0,41,0.14236111111111102,0.0,0.4761904761904762,0.9166666666666666,0.9166666666666666,0.75,0.0,13.916166037320977,0.0,14.0
618,51.5,51.5,2,3.5,03:30,11.421458588538663,5.76324197702404,5.658216611514622,0,0,0,0,0,0,0,0,0,0,0.0,0.0,5,0.35714285714285715,0.0,0.0,0.0,0,none,0,-1,-1.0,-1.0,0.0,14,1.0,1.0,1.0,0,42,0.14583333333333334,0.0,0.48214285714285715,0.75,0.75,0.6666666666666666,0.0,10.799981782218794,0.0,14.0
619,51.583333333333336,51.583333333333336,2,3.5833333333333357,03:35,11.4872853401008,5.804707106241757,5.682578233859044,1,0,1,1,0,1,2,1,1,0,0.0,0.0,4,0.2857142857142857,22.840301176937672,0.0,0.0,0,none,0,-1,-1.0,-1.0,0.0,14,1.0,1.0,1.0,0,43,0.14930555555555566,0.0,0.4702380952380952,0.6666666666666666,0.6666666666666666,0.8333333333333334,0.0,9.783217958319321,0.0,14.0
620,51.666666666666664,51.666666666666664,2,3.6666666666666643,03:39,11.561867232150433,5.851801444918893,5.710065787231541,0,0,0,0,0,0,1,0,1,0,0.0,0.0,3,0.21428571428571427,0.0,0.0,0.0,0,none,0,-1,-1.0,-1.0,0.0,14,1.0,1.0,1.0,0,44,0.15277777777777768,0.0,0.44047619047619047,0.5,0.5,0.9166666666666666,0.0,7.192778070966746,0.0,14.0
621,51.75,51.75,2,3.75,03:45,11.646109294941454,5.905141597380265,5.740967697561189,1,0,1,1,0,1,1,1,0,0,0.0,0.0,3,0.21428571428571427,22.254052569992016,0.0,0.0,0,none,0,-1,-1.0,-1.0,0.0,14,1.0,1.0,1.0,0,45,0.15625,0.0,0.41071428571428575,0.5833333333333334,0.5833333333333334,1.0,0.0,9.047282451799413,0.0,14.0
622,51.833333333333336,51.833333333333336,2,3.8333333333333357,03:50,11.740969277423119,5.965390102906249,5.77557917451687,0,0,0,0,0,0,1,0,1,0,0.0,0.0,2,0.14285714285714285,0.0,0.0,0.0,0,none,0,-1,-1.0,-1.0,0.0,14,1.0,1.0,1.0,0,46,0.15972222222222232,0.0,0.375,0.5833333333333334,0.5833333333333334,1.0833333333333333,0.0,9.047282451799413,0.0,14.0
623,51.916666666666664,51.916666666666664,2,3.9166666666666643,03:54,11.847454415420106,6.03325598055462,5.814198434865486,0,0,0,0,0,0,0,0,0,0,0.0,0.0,2,0.14285714285714285,0.0,0.0,0.0,0,none,0,-1,-1.0,-1.0,0.0,14,1.0,1.0,1.0,0,47,0.16319444444444434,0.0,0.3452380952380952,0.5833333333333334,0.5833333333333334,1.0,0.0,9.047282451799413,0.0,14.0
624,52.0,52.0,2,4.0,04:00,11.966617003253864,6.109494851299408,5.8571221519544565,1,1,0,1,1,0,1,0,1,0,0.0,0.0,2,0.14285714285714285,24.430174713650203,0.0,0.0,0,none,0,-1,-1.0,-1.0,0.0,14,1.0,1.0,1.0,0,48,0.16666666666666666,0.0,0.32142857142857145,0.6666666666666666,0.6666666666666666,1.0,0.0,11.083130344603598,0.0,14.0
625,52.083333333333336,52.083333333333336,2,4.083333333333336,04:05,12.099548670496915,6.194908570107198,5.9046401003897175,2,1,1,2,1,1,0,0,0,0,0.0,0.0,4,0.2857142857142857,37.41383824599743,0.0,0.0,0,none,0,-1,-1.0,-1.0,0.0,14,1.0,1.0,1.0,0,49,0.17013888888888898,0.0,0.2857142857142857,0.5,0.5,1.0,0.0,11.449898405762431,0.0,14.0
626,52.166666666666664,52.166666666666664,2,4.166666666666664,04:09,12.247373277560236,6.2903442924752735,5.957028985084962,0,0,0,0,0,0,1,0,1,0,0.0,0.0,3,0.21428571428571427,0.0,0.0,0.0,0,none,0,-1,-1.0,-1.0,0.0,14,1.0,1.0,1.0,0,50,0.17361111111111102,0.0,0.2619047619047619,0.4166666666666667,0.4166666666666667,0.75,0.0,8.911530558881443,0.0,14.0
627,52.25,52.25,2,4.25,04:15,12.411238359545287,6.396692890485549,6.014545469059738,0,0,0,0,0,0,0,0,0,0,0.0,0.0,3,0.21428571428571427,0.0,0.0,0.0,0,none,0,-1,-1.0,-1.0,0.0,14,1.0,1.0,1.0,0,51,0.17708333333333334,0.0,0.24404761904761907,0.4166666666666667,0.4166666666666667,0.6666666666666666,0.0,8.911530558881443,0.0,14.0
628,52.333333333333336,52.333333333333336,2,4.333333333333336,04:20,12.592305067367635,6.514886622608017,6.077418444759617,1,1,0,1,1,0,0,0,0,0,0.0,0.0,4,0.2857142857142857,33.009898372987315,0.0,0.0,0,none,0,-1,-1.0,-1.0,0.0,14,1.0,1.0,1.0,0,52,0.18055555555555566,0.0,0.2380952380952381,0.5,0.5,0.5833333333333334,0.0,11.662355423297052,0.0,14.0
629,52.416666666666664,52.416666666666664,2,4.416666666666664,04:24,12.791736578604713,6.645895949497357,6.145840629107356,1,1,0,1,1,0,1,1,0,0,0.0,0.0,4,0.2857142857142857,42.56814842019605,0.0,0.0,0,none,0,-1,-1.0,-1.0,0.0,14,1.0,1.0,1.0,0,53,0.18402777777777768,0.0,0.23214285714285712,0.5833333333333334,0.5833333333333334,0.6666666666666666,0.0,15.209701124980057,0.0,14.0
630,52.5,52.5,2,4.5,04:30,13.01068497775341,6.790725375245666,6.219959602507744,0,0,0,0,0,0,0,0,0,0,0.0,0.0,4,0.2857142857142857,0.0,0.0,0.0,0,none,0,-1,-1.0,-1.0,0.0,14,1.0,1.0,1.0,0,54,0.1875,0.0,0.22619047619047616,0.5833333333333334,0.5833333333333334,0.6666666666666666,0.0,15.209701124980057,0.0,14.0
631,52.583333333333336,52.583333333333336,2,4.583333333333336,04:35,13.25027663640337,6.950408180603702,6.299868455799668,1,0,1,1,0,1,0,0,0,0,0.0,0.0,5,0.35714285714285715,26.518315687443184,0.0,0.0,0,none,0,-1,-1.0,-1.0,0.0,14,1.0,1.0,1.0,0,55,0.19097222222222232,0.0,0.23214285714285712,0.5833333333333334,0.5833333333333334,0.5,0.0,15.516202334188852,0.0,14.0
632,52.666666666666664,52.666666666666664,2,4.666666666666664,04:39,13.511596157908443,7.125999902456282,6.38559625545216,0,0,0,0,0,0,1,1,0,0,0.0,0.0,4,0.2857142857142857,0.0,0.0,0.0,0,none,0,-1,-1.0,-1.0,0.0,14,1.0,1.0,1.0,0,56,0.19444444444444434,0.0,0.23809523809523805,0.5833333333333334,0.5833333333333334,0.5,0.0,15.516202334188852,0.0,14.0
633,52.75,52.75,2,4.75,04:45,13.795668988004156,7.318570403520486,6.47709858448367,1,1,0,1,1,0,0,0,0,0,0.0,0.0,5,0.35714285714285715,40.509549104758996,0.0,0.0,0,none,0,-1,-1.0,-1.0,0.0,14,1.0,1.0,1.0,0,57,0.19791666666666666,0.0,0.24999999999999997,0.5833333333333334,0.5833333333333334,0.4166666666666667,0.0,17.0374937120861,0.0,14.0
634,52.833333333333336,52.833333333333336,2,4.833333333333336,04:50,14.103442831869685,7.52919436930972,6.574248462559965,0,0,0,0,0,0,1,0,1,0,0.0,0.0,4,0.2857142857142857,0.0,0.0,0.0,0,none,0,-1,-1.0,-1.0,0.0,14,1.0,1.0,1.0,0,58,0.20138888888888898,0.0,0.2619047619047619,0.5833333333333334,0.5833333333333334,0.4166666666666667,0.0,17.0374937120861,0.0,14.0
635,52.916666666666664,52.916666666666664,2,4.916666666666664,04:54,14.435768058628593,7.758940067625658,6.676827991002935,4,3,1,4,3,1,1,1,0,0,0.0,0.0,7,0.5,26.62723160305731,0.0,0.0,0,none,0,-1,-1.0,-1.0,0.0,14,1.0,1.0,1.0,0,59,0.20486111111111102,0.0,0.2916666666666667,0.9166666666666666,0.9166666666666666,0.5,0.0,19.256429679007542,0.0,14.0
636,53.0,53.0,2,5.0,05:00,14.793377315351826,8.008856211174379,6.784521104177447,0,0,0,0,0,0,0,0,0,0,0.0,0.0,7,0.5,0.0,0.0,0.0,0,none,0,-1,-1.0,-1.0,0.0,14,1.0,1.0,1.0,0,60,0.20833333333333334,0.0,0.32142857142857145,0.8333333333333334,0.8333333333333334,0.4166666666666667,0.0,17.220581786203358,0.0,14.0
637,53.083333333333336,53.083333333333336,2,5.083333333333336,05:05,15.176864613283568,8.279956778461827,6.896907834821741,0,0,0,0,0,0,1,0,1,0,0.0,0.0,6,0.42857142857142855,0.0,0.0,0.0,0,none,0,-1,-1.0,-1.0,0.0,14,1.0,1.0,1.0,0,61,0.21180555555555566,0.0,0.3333333333333333,0.6666666666666666,0.6666666666666666,0.5,0.0,14.102761932370237,0.0,14.0
638,53.166666666666664,53.166666666666664,2,5.166666666666664,05:09,15.586664188169628,8.573203674031825,7.013460514137804,3,1,2,3,1,2,1,1,0,0,0.0,0.0,8,0.5714285714285714,26.939174773789613,0.0,0.0,0,none,0,-1,-1.0,-1.0,0.0,14,1.0,1.0,1.0,0,62,0.21527777777777768,0.0,0.3630952380952381,0.9166666666666666,0.9166666666666666,0.5,0.0,16.34769316351937,0.0,14.0
639,53.25,53.25,2,5.25,05:15,16.023029473063175,8.88948714835656,7.133542324706616,1,1,0,1,1,0,1,1,0,0,0.0,0.0,8,0.5714285714285714,44.243814310508874,0.0,0.0,0,none,0,-1,-1.0,-1.0,0.0,14,1.0,1.0,1.0,0,63,0.21875,0.0,0.3928571428571428,1.0,1.0,0.5833333333333334,0.0,20.03467768939511,0.0,14.0
640,53.333333333333336,53.333333333333336,2,5.333333333333336,05:20,16.486012554603995,9.229603951951706,7.2564086026522885,0,0,0,0,0,0,0,0,0,0,0.0,0.0,8,0.5714285714285714,0.0,0.0,0.0,0,none,0,-1,-1.0,-1.0,0.0,14,1.0,1.0,1.0,0,64,0.22222222222222232,0.0,0.4166666666666667,0.9166666666666666,0.9166666666666666,0.5833333333333334,0.0,17.283852824979505,0.0,14.0
641,53.416666666666664,53.416666666666664,2,5.416666666666664,05:24,16.975444511287357,9.594233268726777,7.381211242560579,1,1,0,1,1,0,3,1,2,0,0.0,0.0,6,0.42857142857142855,22.226018168114454,0.0,0.0,0,none,0,-1,-1.0,-1.0,0.0,14,1.0,1.0,1.0,0,65,0.22569444444444434,0.0,0.42857142857142855,0.9166666666666666,0.9166666666666666,0.75,0.0,15.588675303972705,0.0,14.0
642,53.5,53.5,2,5.5,05:30,17.490917053446246,9.983910560626,7.507006492820245,0,0,0,0,0,0,1,1,0,0,0.0,0.0,5,0.35714285714285715,0.0,0.0,0.0,0,none,0,-1,-1.0,-1.0,0.0,14,1.0,1.0,1.0,0,66,0.22916666666666666,0.0,0.43452380952380953,0.9166666666666666,0.9166666666666666,0.8333333333333334,0.0,15.588675303972705,0.0,14.0
643,53.583333333333336,53.583333333333336,2,5.583333333333336,05:35,18.031765898421366,10.39899955876689,7.6327663396544745,1,1,0,1,1,0,1,1,0,0,0.0,0.0,5,0.35714285714285715,34.38229178909561,0.0,0.0,0,none,0,-1,-1.0,-1.0,0.0,14,1.0,1.0,1.0,0,67,0.23263888888888898,0.0,0.4345238095238095,0.9166666666666666,0.9166666666666666,0.9166666666666666,0.0,16.244006645777073,0.0,14.0
644,53.666666666666664,53.666666666666664,2,5.666666666666664,05:39,18.5970563196404,10.839662753923804,7.7573935657165975,2,1,1,2,1,1,1,0,1,0,0.0,0.0,6,0.42857142857142855,22.672387220716978,0.0,0.0,0,none,0,-1,-1.0,-1.0,0.0,14,1.0,1.0,1.0,0,68,0.23611111111111102,0.0,0.4464285714285714,1.0833333333333333,1.0833333333333333,0.9166666666666666,0.0,18.133372247503488,0.0,14.0
645,53.75,53.75,2,5.75,05:45,19.185571304165776,11.305830868451876,7.879740435713901,2,0,2,2,0,2,0,0,0,0,0.0,0.0,8,0.5714285714285714,22.53934533854325,0.0,0.0,0,none,0,-1,-1.0,-1.0,0.0,14,1.0,1.0,1.0,0,69,0.23958333333333334,0.0,0.46428571428571425,1.1666666666666667,1.1666666666666667,0.9166666666666666,0.0,16.635855266985505,0.0,14.0
646,53.833333333333336,53.833333333333336,2,5.833333333333336,05:50,19.795802738980836,11.79717192838665,7.998630810594187,2,1,1,2,1,1,2,2,0,0,0.0,0.0,8,0.5714285714285714,33.31937569556614,0.0,0.0,0,none,0,-1,-1.0,-1.0,0.0,14,1.0,1.0,1.0,0,70,0.24305555555555566,0.0,0.48809523809523814,1.3333333333333333,1.3333333333333333,1.0,0.0,19.412469908282684,0.0,14.0
647,53.916666666666664,53.916666666666664,2,5.916666666666664,05:54,20.425946021372948,12.31306069293243,8.112885328440518,1,1,0,1,1,0,0,0,0,0,0.0,0.0,9,0.6428571428571429,27.796620575615133,0.0,0.0,0,none,0,-1,-1.0,-1.0,0.0,14,1.0,1.0,1.0,0,71,0.24652777777777768,0.0,0.5,1.0833333333333333,1.0833333333333333,0.9166666666666666,0.0,19.50991898932917,0.0,14.0
648,54.0,54.0,2,6.0,06:00,21.073898452991536,12.852549332068135,8.221349120923401,3,2,1,3,2,1,2,1,1,0,0.0,0.0,10,0.7142857142857143,23.11162210155059,0.0,0.0,0,none,0,-1,-1.0,-1.0,0.0,14,1.0,1.0,1.0,0,72,0.25,0.0,0.5178571428571429,1.3333333333333333,1.3333333333333333,1.0833333333333333,0.0,21.43588749779172,0.0,14.0
649,54.083333333333336,54.083333333333336,2,6.083333333333336,06:05,21.737261730557652,13.41434036372575,8.322921366831903,0,0,0,0,0,0,0,0,0,0,0.0,0.0,10,0.7142857142857143,0.0,0.0,0.0,0,none,0,-1,-1.0,-1.0,0.0,14,1.0,1.0,1.0,0,73,0.2534722222222223,0.0,0.5416666666666666,1.3333333333333333,1.3333333333333333,1.0,0.0,21.43588749779172,0.0,14.0
650,54.166666666666664,54.166666666666664,2,6.166666666666664,06:09,22.413348789126797,13.996762961383707,8.41658582774309,2,0,2,2,0,2,4,2,2,0,0.0,0.0,8,0.5714285714285714,29.376611745563835,0.0,0.0,0,none,0,-1,-1.0,-1.0,0.0,14,1.0,1.0,1.0,0,74,0.25694444444444436,0.0,0.5416666666666666,1.25,1.25,1.25,0.0,21.639007245439572,0.0,14.0
651,54.25,54.25,2,6.25,06:15,23.099195186920248,14.597753812116144,8.501441374804104,2,1,1,2,1,1,0,0,0,0,0.0,0.0,10,0.7142857142857143,25.792749734017832,0.0,0.0,0,none,0,-1,-1.0,-1.0,0.0,14,1.0,1.0,1.0,0,75,0.2604166666666667,0.0,0.5535714285714286,1.3333333333333333,1.3333333333333333,1.1666666666666667,0.0,20.101418530731987,0.0,14.0
652,54.333333333333336,54.333333333333336,2,6.333333333333336,06:20,23.79157514503054,15.214843735523242,8.576731409507296,0,0,0,0,0,0,2,2,0,0,0.0,0.0,8,0.5714285714285714,0.0,0.0,0.0,0,none,0,-1,-1.0,-1.0,0.0,14,1.0,1.0,1.0,0,76,0.263888888888889,0.0,0.5535714285714285,1.3333333333333333,1.3333333333333333,1.3333333333333333,0.0,20.101418530731987,0.0,14.0
653,54.416666666666664,54.416666666666664,2,6.416666666666664,06:24,24.487022272072114,15.845151257710969,8.641871014361145,0,0,0,0,0,0,2,1,1,0,0.0,0.0,6,0.42857142857142855,0.0,0.0,0.0,0,none,0,-1,-1.0,-1.0,0.0,14,1.0,1.0,1.0,0,77,0.267361111111111,0.0,0.5535714285714286,1.25,1.25,1.25,0.0,18.249250350055778,0.0,14.0
654,54.5,54.5,2,6.5,06:30,25.18185491467317,16.48538426517569,8.696470649497481,1,0,1,1,0,1,1,0,1,0,0.0,0.0,6,0.42857142857142855,31.73408356618489,0.0,0.0,0,none,0,-1,-1.0,-1.0,0.0,14,1.0,1.0,1.0,0,78,0.2708333333333333,0.0,0.5595238095238095,1.3333333333333333,1.3333333333333333,1.25,0.0,20.89375731390452,0.0,14.0
655,54.583333333333336,54.583333333333336,2,6.583333333333336,06:35,25.87220598144599,17.131850736701526,8.740355244744464,1,1,0,1,1,0,1,1,0,0,0.0,0.0,6,0.42857142857142855,15.031151293171193,0.0,0.0,0,none,0,-1,-1.0,-1.0,0.0,14,1.0,1.0,1.0,0,79,0.27430555555555564,0.0,0.5654761904761905,1.3333333333333333,1.3333333333333333,1.25,0.0,19.281162272577486,0.0,14.0
656,54.666666666666664,54.666666666666664,2,6.666666666666664,06:39,26.5540569928067,17.780479365401757,8.773577627404944,1,1,0,1,1,0,1,0,1,0,0.0,0.0,6,0.42857142857142855,37.93691027178639,0.0,0.0,0,none,0,-1,-1.0,-1.0,0.0,14,1.0,1.0,1.0,0,80,0.2777777777777777,0.0,0.5654761904761905,1.25,1.25,1.25,0.0,20.553205860166603,0.0,14.0
657,54.75,54.75,2,6.75,06:45,27.223276013981916,18.426850639071922,8.796425374909996,1,1,0,1,1,0,3,1,2,0,0.0,0.0,4,0.2857142857142857,28.897986383783312,0.0,0.0,0,none,0,-1,-1.0,-1.0,0.0,14,1.0,1.0,1.0,0,81,0.28125,0.0,0.5416666666666666,1.1666666666666667,1.1666666666666667,1.5,0.0,21.08309261393661,0.0,14.0
658,54.833333333333336,54.833333333333336,2,6.833333333333336,06:50,27.87565903610475,19.066238649677057,8.809420386427695,3,3,0,3,3,0,0,0,0,0,0.0,0.0,7,0.5,22.610924267641206,0.0,0.0,0,none,0,-1,-1.0,-1.0,0.0,14,1.0,1.0,1.0,0,82,0.2847222222222223,0.0,0.5357142857142857,1.25,1.25,1.3333333333333333,0.0,20.190721661609533,0.0,14.0
659,54.916666666666664,54.916666666666664,2,6.916666666666664,06:54,28.506974282872825,19.69366356014146,8.813310722731364,4,4,0,4,4,0,1,1,0,0,0.0,0.0,10,0.7142857142857143,30.671310736734426,0.0,0.0,0,none,0,-1,-1.0,-1.0,0.0,14,1.0,1.0,1.0,0,83,0.28819444444444436,0.0,0.5416666666666666,1.5,1.5,1.4166666666666667,0.0,20.43027917503614,0.0,14.0
660,55.0,55.0,2,7.0,07:00,29.1130088401957,20.303954280090416,8.809054560105285,0,0,0,0,0,0,0,0,0,0,0.0,0.0,10,0.7142857142857143,0.0,0.0,0.0,0,none,0,-1,-1.0,-1.0,0.0,14,1.0,1.0,1.0,0,84,0.2916666666666667,0.0,0.5416666666666666,1.25,1.25,1.25,0.0,18.50431066657359,0.0,14.0
661,55.083333333333336,55.083333333333336,2,7.083333333333336,07:05,29.689616935891465,20.891820506302697,8.797796429588768,5,2,3,5,2,3,1,0,1,0,0.0,0.0,14,1.0,30.370177731435206,0.0,0.0,0,none,0,-1,-1.0,-1.0,0.0,14,1.0,1.0,1.0,0,85,0.295138888888889,0.0,0.5654761904761905,1.6666666666666667,1.6666666666666667,1.3333333333333333,0.0,21.03515881085986,0.0,14.0
662,55.166666666666664,55.166666666666664,2,7.166666666666664,07:09,30.232769137920016,21.45193288532971,8.780836252590307,0,0,0,0,0,0,0,0,0,0,0.0,0.0,14,1.0,0.0,0.0,0.0,0,none,0,-1,-1.0,-1.0,0.0,14,1.0,1.0,1.0,0,86,0.298611111111111,0.0,0.6011904761904762,1.5,1.5,1.0,0.0,18.587107832062873,0.0,14.0
663,55.25,55.25,2,7.25,07:15,30.73860169473985,21.979009673661682,8.759592021078165,3,2,1,3,2,1,4,4,0,0,0.0,0.0,13,0.9285714285714286,33.72120931937525,0.0,0.0,0,none,0,-1,-1.0,-1.0,0.0,14,1.0,1.0,1.0,0,87,0.3020833333333333,0.0,0.6190476190476191,1.5833333333333333,1.5833333333333333,1.3333333333333333,0.0,19.247812797509322,0.0,14.0
664,55.333333333333336,55.333333333333336,2,7.333333333333336,07:20,31.20346521172281,22.467907924336416,8.735557287386396,1,1,0,1,1,0,2,2,0,0,0.0,0.0,12,0.8571428571428571,15.0,0.0,0.0,0,none,0,-1,-1.0,-1.0,0.0,14,1.0,1.0,1.0,0,88,0.30555555555555564,0.0,0.6428571428571429,1.6666666666666667,1.6666666666666667,1.3333333333333333,0.0,20.497812797509322,0.0,14.0
665,55.416666666666664,55.416666666666664,2,7.416666666666664,07:24,31.623971844371166,22.91371693697448,8.710254907396685,1,0,1,1,0,1,2,1,1,0,0.0,0.0,11,0.7857142857142857,31.956329188279252,0.0,0.0,0,none,0,-1,-1.0,-1.0,0.0,14,1.0,1.0,1.0,0,89,0.3090277777777777,0.0,0.6726190476190476,1.75,1.75,1.3333333333333333,0.0,23.160840229865926,0.0,14.0
666,55.5,55.5,2,7.5,07:30,31.997040193149484,23.311851488333524,8.68518870481596,3,3,0,3,3,0,1,1,0,0,0.0,0.0,13,0.9285714285714286,33.29867705211398,0.0,0.0,0,none,0,-1,-1.0,-1.0,0.0,14,1.0,1.0,1.0,0,90,0.3125,0.0,0.7142857142857143,1.9166666666666667,1.9166666666666667,1.3333333333333333,0.0,23.291223020360018,0.0,14.0
667,55.583333333333336,55.583333333333336,2,7.583333333333336,07:35,32.319937106434125,23.658142227397715,8.661794879036409,2,2,0,2,2,0,2,2,0,0,0.0,0.0,13,0.9285714285714286,35.31547236570832,0.0,0.0,0,none,0,-1,-1.0,-1.0,0.0,14,1.0,1.0,1.0,0,91,0.3159722222222223,0.0,0.7559523809523809,2.0,2.0,1.4166666666666667,0.0,24.98158310973811,0.0,14.0
668,55.666666666666664,55.666666666666664,2,7.666666666666664,07:39,32.5903156372837,23.94892058384911,8.641395053434593,4,3,1,4,3,1,3,2,1,0,0.0,0.0,14,1.0,26.199008390095162,0.0,0.0,0,none,0,-1,-1.0,-1.0,0.0,14,1.0,1.0,1.0,0,92,0.31944444444444436,0.0,0.8035714285714285,2.25,2.25,1.5833333333333333,0.0,24.00342461959718,0.0,14.0
669,55.75,55.75,2,7.75,07:45,32.80624845586041,24.181095608048782,8.62515284781163,6,4,2,1,1,0,1,0,1,5,0.0,0.0,14,1.0,19.11150396922875,0.0,0.0,0,none,0,-1,-1.0,-1.0,0.0,14,1.0,1.0,1.0,0,93,0.3229166666666667,0.4166666666666667,0.8630952380952381,2.6666666666666665,2.25,1.4166666666666667,0.0,23.187884418384296,0.0,14.0
670,55.833333333333336,55.833333333333336,2,7.833333333333336,07:50,32.96625609134107,24.352220335784285,8.614035755556788,3,2,1,2,2,0,2,1,1,6,2.5,5.0,14,1.0,32.04840888151692,5.0,0.0,0,none,0,-1,-1.0,-1.0,0.0,14,1.0,1.0,1.0,0,94,0.326388888888889,0.9166666666666666,0.9047619047619048,2.6666666666666665,2.1666666666666665,1.5833333333333333,0.20833333333333334,23.974341469540605,0.4166666666666667,14.0
671,55.916666666666664,55.916666666666664,2,7.916666666666664,07:54,33.0693294635577,24.460545547952474,8.608783915605228,2,2,0,1,0,1,1,1,0,7,5.0,10.0,14,1.0,29.96786362897184,10.0,0.0,0,none,0,-1,-1.0,-1.0,0.0,14,1.0,1.0,1.0,0,95,0.329861111111111,1.5,0.9285714285714285,2.5,1.9166666666666667,1.5833333333333333,0.625,23.915720877227056,1.25,14.0
672,56.0,56.0,2,8.0,08:00,33.11494626351003,24.505059164561004,8.609887098949025,1,1,0,3,1,2,3,1,2,5,6.0,10.0,14,1.0,33.73956028004704,13.333333333333334,0.0,0,none,0,-1,-1.0,-1.0,0.0,14,1.0,1.0,1.0,0,96,0.3333333333333333,1.9166666666666667,0.9523809523809524,2.5833333333333335,2.1666666666666665,1.8333333333333333,1.125,26.727350900564307,2.361111111111111,14.0
673,56.083333333333336,56.083333333333336,2,8.083333333333336,08:05,33.10308085105868,24.48550995942837,8.617570891630306,1,1,0,4,4,0,4,4,0,2,2.5,5.0,14,1.0,26.713771162110348,12.5,0.0,0,none,0,-1,-1.0,-1.0,0.0,14,1.0,1.0,1.0,0,97,0.33680555555555564,2.0833333333333335,0.9523809523809524,2.25,2.0833333333333335,2.0833333333333335,1.3333333333333333,26.42265035312057,3.402777777777778,14.0
674,56.166666666666664,56.166666666666664,2,8.166666666666664,08:09,33.03420745500948,24.402414787887224,8.631792667122253,1,1,0,2,2,0,2,2,0,1,0.0,0.0,14,1.0,32.54315115003292,7.5,0.0,0,none,0,-1,-1.0,-1.0,0.0,14,1.0,1.0,1.0,0,98,0.3402777777777777,2.1666666666666665,0.9523809523809524,2.3333333333333335,2.25,2.25,1.3333333333333333,29.134579615623313,4.027777777777778,14.0
675,56.25,56.25,2,8.25,08:15,32.909296582700236,24.25704906246724,8.652247520232999,1,1,0,0,0,0,0,0,0,2,2.5,5.0,14,1.0,0.0,0.0,0.0,0,none,0,-1,-1.0,-1.0,0.0,14,1.0,1.0,1.0,0,99,0.34375,2.3333333333333335,0.9583333333333334,2.1666666666666665,2.0,1.9166666666666667,1.5416666666666667,26.32447883900871,4.027777777777778,14.0
676,56.333333333333336,56.333333333333336,2,8.333333333333336,08:20,32.72980467023149,24.051420766661572,8.678383903569918,1,1,0,1,1,0,1,1,0,2,2.5,5.0,14,1.0,27.007675274963155,10.0,0.0,0,none,0,-1,-1.0,-1.0,0.0,14,1.0,1.0,1.0,0,100,0.3472222222222223,2.5,0.9702380952380952,2.1666666666666665,2.0,1.8333333333333333,1.75,27.32511844525564,4.861111111111112,14.0
677,56.416666666666664,56.416666666666664,2,8.416666666666664,08:24,32.4976571277268,23.788228839436016,8.70942828829078,0,0,0,2,2,0,6,5,1,0,0.0,0.0,10,0.7142857142857143,26.298613929032772,7.5,7.5,0,none,0,-1,-1.0,-1.0,0.0,14,1.0,1.0,1.0,0,101,0.35069444444444436,2.5,0.9642857142857143,2.0833333333333335,2.0833333333333335,2.1666666666666665,1.75,26.853642173651764,5.486111111111111,14.0
678,56.5,56.5,2,8.5,08:30,32.215225053589485,23.470807268775776,8.744417784813711,2,2,0,2,2,0,1,1,0,0,0.0,0.0,11,0.7857142857142857,28.94986881778451,0.0,15.0,0,none,0,-1,-1.0,-1.0,0.0,14,1.0,1.0,1.0,0,102,0.3541666666666667,2.5,0.9523809523809524,2.0,2.0,2.1666666666666665,1.75,26.491241487457643,5.486111111111111,14.0
679,56.583333333333336,56.583333333333336,2,8.583333333333336,08:35,31.88529600489135,23.103056678994534,8.782239325896816,2,2,0,2,2,0,1,0,1,0,0.0,0.0,12,0.8571428571428571,37.05046777424728,0.0,10.0,0,none,0,-1,-1.0,-1.0,0.0,14,1.0,1.0,1.0,0,103,0.357638888888889,2.5,0.9464285714285715,2.0,2.0,2.0833333333333335,1.75,26.635824438169227,5.486111111111111,14.0
680,56.666666666666664,56.666666666666664,2,8.666666666666664,08:39,31.511039315232892,22.68936556475991,8.821673750472984,1,1,0,1,1,0,2,1,1,0,0.0,0.0,11,0.7857142857142857,35.232650918639116,0.0,15.0,0,none,0,-1,-1.0,-1.0,0.0,14,1.0,1.0,1.0,0,104,0.361111111111111,2.5,0.9285714285714285,1.75,1.75,2.0,1.75,27.388627982214555,5.486111111111111,14.0
681,56.75,56.75,2,8.75,08:45,31.09596654438335,22.234523600145966,8.861442944237385,2,1,1,2,1,1,2,2,0,0,0.0,0.0,11,0.7857142857142857,26.223444112975095,0.0,7.5,0,none,0,-1,-1.0,-1.0,0.0,14,1.0,1.0,1.0,0,105,0.3645833333333333,2.0833333333333335,0.9107142857142857,1.4166666666666667,1.8333333333333333,2.0833333333333335,1.75,27.981289660860085,5.486111111111111,14.0
682,56.833333333333336,56.833333333333336,2,8.833333333333336,08:50,30.64388772380226,21.743629623876984,8.900258099925276,1,1,0,1,1,0,3,3,0,0,0.0,0.0,9,0.6428571428571429,40.942861190366145,0.0,8.333333333333334,0,none,0,-1,-1.0,-1.0,0.0,14,1.0,1.0,1.0,0,106,0.36805555555555564,1.5833333333333333,0.8809523809523809,1.25,1.75,2.1666666666666665,1.5416666666666667,28.72249401993085,5.069444444444445,14.0
683,56.916666666666664,56.916666666666664,2,8.916666666666664,08:54,30.158864127210023,21.221996968102584,8.93686715910744,1,1,0,1,1,0,0,0,0,0,0.0,0.0,10,0.7142857142857143,23.958481978223617,0.0,0.0,0,none,0,-1,-1.0,-1.0,0.0,14,1.0,1.0,1.0,0,107,0.3715277777777777,1.0,0.8571428571428571,1.1666666666666667,1.75,2.0833333333333335,1.125,28.22171221570183,4.236111111111112,14.0
684,57.0,57.0,2,9.0,09:00,29.645158344583038,20.6750587588802,8.970099585702838,1,1,0,1,1,0,2,2,0,0,0.0,0.0,9,0.6428571428571429,22.735987191298122,0.0,5.0,0,none,0,-1,-1.0,-1.0,0.0,14,1.0,1.0,1.0,0,108,0.375,0.5833333333333334,0.8273809523809524,1.1666666666666667,1.5833333333333333,2.0,0.625,27.304747791639425,3.125,14.0
685,57.083333333333336,57.083333333333336,2,9.083333333333336,09:05,29.1071824706093,20.108275678599686,8.998906792009613,1,0,1,1,0,1,1,1,0,0,0.0,0.0,9,0.6428571428571429,22.707384689051686,0.0,0.0,0,none,0,-1,-1.0,-1.0,0.0,14,1.0,1.0,1.0,0,109,0.3784722222222223,0.4166666666666667,0.7976190476190476,1.1666666666666667,1.3333333333333333,1.75,0.4166666666666667,26.970882252217873,2.0833333333333335,14.0
686,57.166666666666664,57.166666666666664,2,9.166666666666664,09:09,28.54944523450868,19.527048455065156,9.022396779443524,1,1,0,1,1,0,2,1,1,0,0.0,0.0,8,0.5714285714285714,29.521634554640993,0.0,0.0,0,none,0,-1,-1.0,-1.0,0.0,14,1.0,1.0,1.0,0,110,0.38194444444444436,0.3333333333333333,0.7619047619047619,1.1666666666666667,1.25,1.75,0.4166666666666667,26.719089202601875,1.4583333333333333,14.0
687,57.25,57.25,2,9.25,09:15,27.97649889740076,18.936637043846602,9.039861853554159,6,3,3,6,3,3,1,1,0,0,0.0,0.0,13,0.9285714285714286,28.19692342857447,0.0,0.0,0,none,0,-1,-1.0,-1.0,0.0,14,1.0,1.0,1.0,0,111,0.3854166666666667,0.16666666666666666,0.7559523809523809,1.5833333333333333,1.75,1.8333333333333333,0.20833333333333334,29.068832821649746,1.4583333333333333,14.0
688,57.333333333333336,57.333333333333336,2,9.333333333333336,09:20,27.392886726700688,18.342088117568867,9.05079860913182,1,0,1,1,0,1,3,3,0,0,0.0,0.0,11,0.7857142857142857,32.171702939491034,0.0,0.0,0,none,0,-1,-1.0,-1.0,0.0,14,1.0,1.0,1.0,0,112,0.388888888888889,0.0,0.7380952380952381,1.5833333333333333,1.75,2.0,0.0,29.499168460360405,0.625,14.0
689,57.416666666666664,57.416666666666664,2,9.416666666666664,09:24,26.803091825334036,17.748172087371692,9.054919737962344,0,0,0,0,0,0,1,1,0,0,0.0,0.0,10,0.7142857142857143,0.0,0.0,0.0,0,none,0,-1,-1.0,-1.0,0.0,14,1.0,1.0,1.0,0,113,0.392361111111111,0.0,0.7380952380952381,1.5833333333333333,1.5833333333333333,1.5833333333333333,0.0,27.307617299607674,0.0,14.0
690,57.5,57.5,2,9.5,09:30,26.21148804821528,17.15933047764443,9.05215757057085,2,2,0,2,2,0,1,0,1,0,0.0,0.0,11,0.7857142857142857,37.23083380949645,0.0,0.0,0,none,0,-1,-1.0,-1.0,0.0,14,1.0,1.0,1.0,0,114,0.3958333333333333,0.0,0.7380952380952381,1.5833333333333333,1.5833333333333333,1.5833333333333333,0.0,27.99769771558367,0.0,14.0
691,57.583333333333336,57.583333333333336,2,9.583333333333336,09:35,25.62229368103432,16.579634074411178,9.042659606623143,1,1,0,1,1,0,2,2,0,0,0.0,0.0,10,0.7142857142857143,31.92599147667514,0.0,0.0,0,none,0,-1,-1.0,-1.0,0.0,14,1.0,1.0,1.0,0,115,0.39930555555555564,0.0,0.7261904761904762,1.5,1.5,1.6666666666666667,0.0,27.57065802411932,0.0,14.0
692,57.666666666666664,57.666666666666664,2,9.666666666666664,09:39,25.03952848876275,16.012751887827882,9.026776600934866,4,3,1,4,3,1,2,2,0,0,0.0,0.0,12,0.8571428571428571,27.82453053765813,0.0,0.0,0,none,0,-1,-1.0,-1.0,0.0,14,1.0,1.0,1.0,0,116,0.4027777777777777,0.0,0.7321428571428572,1.75,1.75,1.6666666666666667,0.0,26.953314659037574,0.0,14.0
693,57.75,57.75,2,9.75,09:45,24.466974665405278,15.461930625056299,9.005044040348979,1,1,0,1,1,0,0,0,0,0,0.0,0.0,13,0.9285714285714286,20.191896761411805,0.0,0.0,0,none,0,-1,-1.0,-1.0,0.0,14,1.0,1.0,1.0,0,117,0.40625,0.0,0.7440476190476191,1.6666666666666667,1.6666666666666667,1.5,0.0,26.450685713073966,0.0,14.0
694,57.833333333333336,57.833333333333336,2,9.833333333333336,09:50,23.908142134435682,14.929984073073737,8.978158061361945,1,0,1,1,0,1,3,0,3,0,0.0,0.0,11,0.7857142857142857,32.30646189123122,0.0,0.0,0,none,0,-1,-1.0,-1.0,0.0,14,1.0,1.0,1.0,0,118,0.4097222222222223,0.0,0.7559523809523809,1.6666666666666667,1.6666666666666667,1.5,0.0,25.730985771479393,0.0,14.0
695,57.916666666666664,57.916666666666664,2,9.916666666666664,09:54,23.366238563149302,14.419291550051335,8.946947013097967,1,1,0,1,1,0,2,1,1,0,0.0,0.0,10,0.7142857142857143,22.1363969183203,0.0,0.0,0,none,0,-1,-1.0,-1.0,0.0,14,1.0,1.0,1.0,0,119,0.41319444444444436,0.0,0.755952380952381,1.6666666666666667,1.6666666666666667,1.6666666666666667,0.0,25.57914534982078,0.0,14.0
696,58.0,58.0,2,10.0,10:00,22.844144365874875,13.931804403464822,8.912339962410053,2,2,0,2,2,0,1,1,0,0,0.0,0.0,11,0.7857142857142857,45.32480605844699,0.0,0.0,0,none,0,-1,-1.0,-1.0,0.0,14,1.0,1.0,1.0,0,120,0.4166666666666667,0.0,0.7678571428571428,1.75,1.75,1.5833333333333333,0.0,27.461546922083187,0.0,14.0
697,58.083333333333336,58.083333333333336,2,10.083333333333336,10:05,22.344392882550007,13.46905941424478,8.875333468305227,1,0,1,1,0,1,0,0,0,0,0.0,0.0,12,0.8571428571428571,21.699865179797637,0.0,0.0,0,none,0,-1,-1.0,-1.0,0.0,14,1.0,1.0,1.0,0,121,0.420138888888889,0.0,0.7857142857142857,1.75,1.75,1.5,0.0,27.37758696297868,0.0,14.0
698,58.166666666666664,58.166666666666664,2,10.166666666666664,10:09,21.869155832367486,13.032197906976009,8.836957925391477,3,3,0,3,3,0,6,5,1,0,0.0,0.0,9,0.6428571428571429,25.416468134448213,0.0,0.0,0,none,0,-1,-1.0,-1.0,0.0,14,1.0,1.0,1.0,0,122,0.423611111111111,0.0,0.7916666666666666,1.9166666666666667,1.9166666666666667,1.8333333333333333,0.0,27.03548976129595,0.0,14.0
699,58.25,58.25,2,10.25,10:15,21.420234058650554,12.621989361614977,8.798244697035576,2,1,1,2,1,1,0,0,0,0,0.0,0.0,11,0.7857142857142857,24.84314237616175,0.0,0.0,0,none,0,-1,-1.0,-1.0,0.0,14,1.0,1.0,1.0,0,123,0.4270833333333333,0.0,0.7797619047619048,1.5833333333333333,1.5833333333333333,1.75,0.0,26.756008006928226,0.0,14.0
700,58.333333333333336,58.333333333333336,2,10.333333333333336,10:20,20.999053502196038,12.238858365423964,8.760195136772074,0,0,0,0,0,0,2,2,0,0,0.0,0.0,9,0.6428571428571429,0.0,0.0,0.0,0,none,0,-1,-1.0,-1.0,0.0,14,1.0,1.0,1.0,0,124,0.43055555555555564,0.0,0.7678571428571428,1.5,1.5,1.6666666666666667,0.0,24.075032761970636,0.0,14.0
701,58.416666666666664,58.416666666666664,2,10.416666666666664,10:24,20.606666267184465,11.882913826299545,8.72375244088492,1,1,0,1,1,0,1,0,1,0,0.0,0.0,9,0.6428571428571429,23.860997694417925,0.0,0.0,0,none,0,-1,-1.0,-1.0,0.0,14,1.0,1.0,1.0,0,125,0.4340277777777777,0.0,0.7619047619047619,1.5833333333333333,1.5833333333333333,1.6666666666666667,0.0,26.063449236505463,0.0,14.0
702,58.5,58.5,2,10.5,10:30,20.243756577299482,11.55397948099992,8.689777096299562,2,2,0,2,2,0,2,1,1,0,0.0,0.0,9,0.6428571428571429,26.86265938608662,0.0,0.0,0,none,0,-1,-1.0,-1.0,0.0,14,1.0,1.0,1.0,0,126,0.4375,0.0,0.75,1.5833333333333333,1.5833333333333333,1.75,0.0,25.19943470122131,0.0,14.0
703,58.583333333333336,58.583333333333336,2,10.583333333333336,10:35,19.91065136057534,11.25162486428817,8.65902649628717,2,1,1,2,1,1,0,0,0,0,0.0,0.0,11,0.7857142857142857,33.36102241923506,0.0,0.0,0,none,0,-1,-1.0,-1.0,0.0,14,1.0,1.0,1.0,0,127,0.4409722222222223,0.0,0.7559523809523809,1.6666666666666667,1.6666666666666667,1.5833333333333333,0.0,25.319020613101305,0.0,14.0
704,58.666666666666664,58.666666666666664,2,10.666666666666664,10:39,19.60733515011341,10.975196048358079,8.632139101755332,1,1,0,1,1,0,2,1,1,0,0.0,0.0,10,0.7142857142857143,33.239677039291195,0.0,0.0,0,none,0,-1,-1.0,-1.0,0.0,14,1.0,1.0,1.0,0,128,0.44444444444444436,0.0,0.7440476190476191,1.4166666666666667,1.4166666666666667,1.5833333333333333,0.0,25.770282821570728,0.0,14.0
705,58.75,58.75,2,10.75,10:45,19.333468944368136,10.723845607532295,8.60962333683584,0,0,0,0,0,0,3,3,0,0,0.0,0.0,7,0.5,0.0,0.0,0.0,0,none,0,-1,-1.0,-1.0,0.0,14,1.0,1.0,1.0,0,129,0.4479166666666667,0.0,0.7083333333333334,1.3333333333333333,1.3333333333333333,1.8333333333333333,0.0,24.08762475811974,0.0,14.0
706,58.833333333333336,58.833333333333336,2,10.833333333333336,10:50,19.08841263518216,10.496561403697475,8.591851231484684,1,1,0,1,1,0,3,3,0,0,0.0,0.0,5,0.35714285714285715,25.26417305427112,0.0,0.0,0,none,0,-1,-1.0,-1.0,0.0,14,1.0,1.0,1.0,0,130,0.451388888888889,0.0,0.6726190476190476,1.3333333333333333,1.3333333333333333,1.8333333333333333,0.0,23.500767355039738,0.0,14.0
707,58.916666666666664,58.916666666666664,2,10.916666666666664,10:54,18.87125058396051,10.292193917243164,8.579056666717346,1,0,1,1,0,1,0,0,0,0,0.0,0.0,6,0.42857142857142855,42.02042069986999,0.0,0.0,0,none,0,-1,-1.0,-1.0,0.0,14,1.0,1.0,1.0,0,131,0.454861111111111,0.0,0.6488095238095238,1.3333333333333333,1.3333333333333333,1.6666666666666667,0.0,25.157769336835543,0.0,14.0
708,59.0,59.0,2,11.0,11:00,18.68081990598018,10.109481961899167,8.571337944081012,0,0,0,0,0,0,0,0,0,0,0.0,0.0,6,0.42857142857142855,0.0,0.0,0.0,0,none,0,-1,-1.0,-1.0,0.0,14,1.0,1.0,1.0,0,132,0.4583333333333333,0.0,0.6190476190476191,1.1666666666666667,1.1666666666666667,1.5833333333333333,0.0,21.38070216529829,0.0,14.0
709,59.083333333333336,59.083333333333336,2,11.083333333333336,11:05,18.51574100938189,9.947076716859607,8.568664292522284,1,0,1,1,0,1,0,0,0,0,0.0,0.0,7,0.5,40.731844104599745,0.0,0.0,0,none,0,-1,-1.0,-1.0,0.0,14,1.0,1.0,1.0,0,133,0.46180555555555564,0.0,0.5892857142857143,1.1666666666666667,1.1666666666666667,1.5833333333333333,0.0,22.9667004090318,0.0,14.0
710,59.166666666666664,59.166666666666664,2,11.166666666666664,11:09,18.374449928351616,9.803564084452127,8.57088584389949,0,0,0,0,0,0,2,2,0,0,0.0,0.0,5,0.35714285714285715,0.0,0.0,0.0,0,none,0,-1,-1.0,-1.0,0.0,14,1.0,1.0,1.0,0,134,0.4652777777777777,0.0,0.5654761904761905,0.9166666666666666,0.9166666666666666,1.25,0.0,20.848661397827783,0.0,14.0
711,59.25,59.25,2,11.25,11:15,18.25523198878499,9.677485436192194,8.577746552592794,1,0,1,1,0,1,2,1,1,0,0.0,0.0,4,0.2857142857142857,37.902251457365516,0.0,0.0,0,none,0,-1,-1.0,-1.0,0.0,14,1.0,1.0,1.0,0,135,0.46875,0.0,0.5238095238095238,0.8333333333333334,0.8333333333333334,1.4166666666666667,0.0,21.936920487928095,0.0,14.0
712,59.333333333333336,59.333333333333336,2,11.333333333333336,11:20,18.156256348724312,9.567356845303241,8.588899503421072,0,0,0,0,0,0,1,1,0,0,0.0,0.0,3,0.21428571428571427,0.0,0.0,0.0,0,none,0,-1,-1.0,-1.0,0.0,14,1.0,1.0,1.0,0,136,0.4722222222222223,0.0,0.4880952380952381,0.8333333333333334,0.8333333333333334,1.3333333333333333,0.0,21.936920487928095,0.0,14.0
713,59.416666666666664,59.416666666666664,2,11.416666666666664,11:24,18.075610964452643,9.471686921513756,8.603924042938887,0,0,0,0,0,0,0,0,0,0,0.0,0.0,3,0.21428571428571427,0.0,0.0,0.0,0,none,0,-1,-1.0,-1.0,0.0,14,1.0,1.0,1.0,0,137,0.47569444444444436,0.0,0.45238095238095233,0.75,0.75,1.25,0.0,19.948504013393272,0.0,14.0
714,59.5,59.5,2,11.5,11:30,18.011337545728793,9.388993366620257,8.622344179108536,1,1,0,1,1,0,0,0,0,0,0.0,0.0,4,0.2857142857142857,24.392476189970306,0.0,0.0,0,none,0,-1,-1.0,-1.0,0.0,14,1.0,1.0,1.0,0,138,0.4791666666666667,0.0,0.4226190476190476,0.6666666666666666,0.6666666666666666,1.0833333333333333,0.0,19.74265541371691,0.0,14.0
715,59.583333333333336,59.583333333333336,2,11.583333333333336,11:35,17.961466079692393,9.317818359768712,8.643647719923681,0,0,0,0,0,0,0,0,0,0,0.0,0.0,4,0.2857142857142857,0.0,0.0,0.0,0,none,0,-1,-1.0,-1.0,0.0,14,1.0,1.0,1.0,0,139,0.482638888888889,0.0,0.38095238095238093,0.5,0.5,1.0833333333333333,0.0,16.962570212113988,0.0,14.0
716,59.666666666666664,59.666666666666664,2,11.666666666666664,11:39,17.924048521947235,9.25674286264822,8.667305659299014,1,0,1,1,0,1,1,0,1,0,0.0,0.0,4,0.2857142857142857,33.14889717145996,0.0,0.0,0,none,0,-1,-1.0,-1.0,0.0,14,1.0,1.0,1.0,0,140,0.486111111111111,0.0,0.3452380952380953,0.5,0.5,1.0,0.0,16.95500522312805,0.0,14.0
717,59.75,59.75,2,11.75,11:45,17.897191274787914,9.204399909759529,8.692791365028386,0,0,0,0,0,0,0,0,0,0,0.0,0.0,4,0.2857142857142857,0.0,0.0,0.0,0,none,0,-1,-1.0,-1.0,0.0,14,1.0,1.0,1.0,0,141,0.4895833333333333,0.0,0.3273809523809524,0.5,0.5,0.75,0.0,16.95500522312805,0.0,14.0
718,59.833333333333336,59.833333333333336,2,11.833333333333336,11:50,17.879086096068907,9.1594869203623,8.719599175706607,0,0,0,0,0,0,1,0,1,0,0.0,0.0,3,0.21428571428571427,0.0,0.0,0.0,0,none,0,-1,-1.0,-1.0,0.0,14,1.0,1.0,1.0,0,142,0.49305555555555564,0.0,0.31547619047619047,0.4166666666666667,0.4166666666666667,0.5833333333333334,0.0,14.849657468605459,0.0,14.0
719,59.916666666666664,59.916666666666664,2,11.916666666666664,11:54,17.868039107484766,9.12077703904663,8.747262068438136,0,0,0,0,0,0,2,1,1,0,0.0,0.0,1,0.07142857142857142,0.0,0.0,0.0,0,none,0,-1,-1.0,-1.0,0.0,14,1.0,1.0,1.0,0,143,0.4965277777777777,0.0,0.2857142857142857,0.3333333333333333,0.3333333333333333,0.75,0.0,11.347955743616295,0.0,14.0
720,60.0,60.0,2,12.0,12:00,17.86249759774826,9.0871294831504,8.775368114597859,1,0,1,1,0,1,0,0,0,0,0.0,0.0,2,0.14285714285714285,35.603856600021174,0.0,0.0,0,none,0,-1,-1.0,-1.0,0.0,14,1.0,1.0,1.0,0,144,0.5,0.0,0.2619047619047619,0.4166666666666667,0.4166666666666667,0.75,0.0,14.314943793618058,0.0,14.0
721,60.083333333333336,60.083333333333336,2,12.083333333333336,12:05,17.86107434408185,9.057498849062302,8.803575495019548,0,0,0,0,0,0,0,0,0,0,0.0,0.0,2,0.14285714285714285,0.0,0.0,0.0,0,none,0,-1,-1.0,-1.0,0.0,14,1.0,1.0,1.0,0,145,0.5034722222222223,0.0,0.23214285714285712,0.3333333333333333,0.3333333333333333,0.75,0.0,10.920623451568082,0.0,14.0
722,60.166666666666664,60.166666666666664,2,12.166666666666664,12:09,17.86256920438291,9.030943306994764,8.831625897388147,2,2,0,2,2,0,0,0,0,0,0.0,0.0,4,0.2857142857142857,28.847297539620936,0.0,0.0,0,none,0,-1,-1.0,-1.0,0.0,14,1.0,1.0,1.0,0,146,0.5069444444444443,0.0,0.22619047619047616,0.5,0.5,0.5833333333333334,0.0,13.32456491320316,0.0,14.0
723,60.25,60.25,2,12.25,12:15,17.86598776222676,9.006631595875712,8.859356166351047,2,1,1,2,1,1,1,0,1,0,0.0,0.0,5,0.35714285714285715,31.989691501621657,0.0,0.0,0,none,0,-1,-1.0,-1.0,0.0,14,1.0,1.0,1.0,0,147,0.5104166666666666,0.0,0.23214285714285712,0.5833333333333334,0.5833333333333334,0.5,0.0,12.831851583557835,0.0,14.0
724,60.333333333333336,60.333333333333336,2,12.333333333333336,12:20,17.870556837404763,8.98384871705027,8.886708120354493,2,1,1,2,1,1,0,0,0,0,0.0,0.0,7,0.5,26.543330420321073,0.0,0.0,0,none,0,-1,-1.0,-1.0,0.0,14,1.0,1.0,1.0,0,148,0.513888888888889,0.0,0.25595238095238093,0.75,0.75,0.4166666666666667,0.0,15.043795785251257,0.0,14.0
725,60.416666666666664,60.416666666666664,2,12.416666666666664,12:24,17.87573670585183,8.962000217697103,8.913736488154726,2,1,1,2,1,1,0,0,0,0,0.0,0.0,9,0.6428571428571429,21.931485905899695,0.0,0.0,0,none,0,-1,-1.0,-1.0,0.0,14,1.0,1.0,1.0,0,149,0.517361111111111,0.0,0.29166666666666663,0.9166666666666666,0.9166666666666666,0.4166666666666667,0.0,16.8714196107429,0.0,14.0
726,60.5,60.5,2,12.5,12:30,17.88122990450794,8.94061495225397,8.94061495225397,0,0,0,0,0,0,1,1,0,0,0.0,0.0,8,0.5714285714285714,0.0,0.0,0.0,0,none,0,-1,-1.0,-1.0,0.0,14,1.0,1.0,1.0,0,150,0.5208333333333334,0.0,0.31547619047619047,0.8333333333333334,0.8333333333333334,0.5,0.0,14.83871326157871,0.0,14.0
727,60.583333333333336,60.583333333333336,2,12.583333333333336,12:35,17.886986528804712,8.919346212609192,8.96764031619552,1,1,0,1,1,0,0,0,0,0,0.0,0.0,9,0.6428571428571429,33.18287348445283,0.0,0.0,0,none,0,-1,-1.0,-1.0,0.0,14,1.0,1.0,1.0,0,151,0.5243055555555557,0.0,0.3452380952380952,0.9166666666666666,0.9166666666666666,0.5,0.0,17.603952718616444,0.0,14.0
728,60.666666666666664,60.666666666666664,2,12.666666666666664,12:39,17.893205962998053,8.897971125204322,8.995234837793733,1,0,1,1,0,1,2,1,1,0,0.0,0.0,8,0.5714285714285714,31.032422190751305,0.0,0.0,0,none,0,-1,-1.0,-1.0,0.0,14,1.0,1.0,1.0,0,152,0.5277777777777777,0.0,0.36904761904761907,0.9166666666666666,0.9166666666666666,0.5833333333333334,0.0,17.42757980355739,0.0,14.0
729,60.75,60.75,2,12.75,12:45,17.900335016416467,8.876388225381456,9.02394679103501,1,0,1,1,0,1,2,2,0,0,0.0,0.0,7,0.5,19.179959690625324,0.0,0.0,0,none,0,-1,-1.0,-1.0,0.0,14,1.0,1.0,1.0,0,153,0.53125,0.0,0.3869047619047619,1.0,1.0,0.75,0.0,19.025909777776167,0.0,14.0
730,60.833333333333336,60.833333333333336,2,12.833333333333336,12:50,17.909062471795444,8.85461313622465,9.054449335570794,2,0,2,2,0,2,3,1,2,0,0.0,0.0,6,0.42857142857142855,34.045424325679846,0.0,0.0,0,none,0,-1,-1.0,-1.0,0.0,14,1.0,1.0,1.0,0,154,0.5347222222222223,0.0,0.4047619047619047,1.1666666666666667,1.1666666666666667,0.9166666666666666,0.0,21.863028471582822,0.0,14.0
731,60.916666666666664,60.916666666666664,2,12.916666666666664,12:54,17.920310085157453,8.832772300794858,9.087537784362596,1,0,1,1,0,1,0,0,0,0,0.0,0.0,7,0.5,23.515149366957594,0.0,0.0,0,none,0,-1,-1.0,-1.0,0.0,14,1.0,1.0,1.0,0,155,0.5381944444444443,0.0,0.4404761904761905,1.25,1.25,0.75,0.0,23.822624252162623,0.0,14.0
732,61.0,61.0,2,13.0,13:00,17.935220110106556,8.811094743120563,9.124125366985993,0,0,0,0,0,0,1,0,1,0,0.0,0.0,6,0.42857142857142855,0.0,0.0,0.0,0,none,0,-1,-1.0,-1.0,0.0,14,1.0,1.0,1.0,0,156,0.5416666666666666,0.0,0.46428571428571425,1.1666666666666667,1.1666666666666667,0.8333333333333334,0.0,20.855636202160856,0.0,14.0
733,61.083333333333336,61.083333333333336,2,13.083333333333336,13:05,17.955139452865332,8.78990186470857,9.165237588156762,0,0,0,0,0,0,1,0,1,0,0.0,0.0,5,0.35714285714285715,0.0,0.0,0.0,0,none,0,-1,-1.0,-1.0,0.0,14,1.0,1.0,1.0,0,157,0.545138888888889,0.0,0.4821428571428572,1.1666666666666667,1.1666666666666667,0.9166666666666666,0.0,20.855636202160856,0.0,14.0
734,61.166666666666664,61.166666666666664,2,13.166666666666664,13:09,17.981600597810417,8.769595319809286,9.212005278001131,1,0,1,1,0,1,1,1,0,0,0.0,0.0,5,0.35714285714285715,31.721316453143405,0.0,0.0,0,none,0,-1,-1.0,-1.0,0.0,14,1.0,1.0,1.0,0,158,0.548611111111111,0.0,0.4880952380952381,1.0833333333333333,1.0833333333333333,1.0,0.0,21.095137778287725,0.0,14.0
735,61.25,61.25,2,13.25,13:15,18.01629947657129,8.750643054272226,9.265656422299063,2,2,0,2,2,0,1,0,1,0,0.0,0.0,6,0.42857142857142855,29.756256934523805,0.0,0.0,0,none,0,-1,-1.0,-1.0,0.0,14,1.0,1.0,1.0,0,159,0.5520833333333334,0.0,0.49404761904761907,1.0833333333333333,1.0833333333333333,1.0,0.0,20.909018231029574,0.0,14.0
736,61.333333333333336,61.333333333333336,2,13.333333333333336,13:20,18.061070486838766,8.73356363948125,9.327506847357515,0,0,0,0,0,0,2,0,2,0,0.0,0.0,4,0.2857142857142857,0.0,0.0,0.0,0,none,0,-1,-1.0,-1.0,0.0,14,1.0,1.0,1.0,0,160,0.5555555555555557,0.0,0.4761904761904762,0.9166666666666666,0.9166666666666666,1.1666666666666667,0.0,18.69707402933615,0.0,14.0
737,61.416666666666664,61.416666666666664,2,13.416666666666664,13:24,18.11785889975643,8.71890908425559,9.398949815500842,0,0,0,0,0,0,0,0,0,0,0.0,0.0,4,0.2857142857142857,0.0,0.0,0.0,0,none,0,-1,-1.0,-1.0,0.0,14,1.0,1.0,1.0,0,161,0.5590277777777777,0.0,0.4464285714285714,0.75,0.75,1.1666666666666667,0.0,16.869450203844508,0.0,14.0
738,61.5,61.5,2,13.5,13:30,18.188690926982243,8.707246363114217,9.481444563868026,0,0,0,0,0,0,0,0,0,0,0.0,0.0,4,0.2857142857142857,0.0,0.0,0.0,0,none,0,-1,-1.0,-1.0,0.0,14,1.0,1.0,1.0,0,162,0.5625,0.0,0.4226190476190476,0.75,0.75,1.0833333333333333,0.0,16.869450203844508,0.0,14.0
739,61.583333333333336,61.583333333333336,2,13.583333333333336,13:35,18.275641750014422,8.699137957899083,9.576503792115341,0,0,0,0,0,0,1,0,1,0,0.0,0.0,3,0.21428571428571427,0.0,0.0,0.0,0,none,0,-1,-1.0,-1.0,0.0,14,1.0,1.0,1.0,0,163,0.5659722222222223,0.0,0.3869047619047619,0.6666666666666666,0.6666666666666666,1.1666666666666667,0.0,14.104210746806771,0.0,14.0
740,61.666666666666664,61.666666666666664,2,13.666666666666664,13:39,18.380801844936265,8.695121769942759,9.685680074993506,2,0,2,2,0,2,0,0,0,0,0.0,0.0,5,0.35714285714285715,30.98706861460741,0.0,0.0,0,none,0,-1,-1.0,-1.0,0.0,14,1.0,1.0,1.0,0,164,0.5694444444444443,0.0,0.369047619047619,0.75,0.75,1.0,0.0,14.100431282128115,0.0,14.0
741,61.75,61.75,2,13.75,13:45,18.506241965056223,8.69569081974589,9.810551145310333,0,0,0,0,0,0,2,1,1,0,0.0,0.0,3,0.21428571428571427,0.0,0.0,0.0,0,none,0,-1,-1.0,-1.0,0.0,14,1.0,1.0,1.0,0,165,0.5729166666666666,0.0,0.3452380952380952,0.6666666666666666,0.6666666666666666,1.0,0.0,12.502101307909337,0.0,14.0
742,61.833333333333336,61.833333333333336,2,13.833333333333336,13:50,18.653977171652162,8.701273207980098,9.952703963672064,0,0,0,0,0,0,1,1,0,0,0.0,0.0,2,0.14285714285714285,0.0,0.0,0.0,0,none,0,-1,-1.0,-1.0,0.0,14,1.0,1.0,1.0,0,166,0.576388888888889,0.0,0.32142857142857145,0.5,0.5,0.8333333333333334,0.0,9.664982614102685,0.0,14.0
743,61.916666666666664,61.916666666666664,2,13.916666666666664,13:54,18.825930328755895,8.71221286254684,10.113717466209055,3,1,2,3,1,2,0,0,0,0,0.0,0.0,5,0.35714285714285715,30.586577157204147,0.0,0.0,0,none,0,-1,-1.0,-1.0,0.0,14,1.0,1.0,1.0,0,167,0.579861111111111,0.0,0.30952380952380953,0.6666666666666666,0.6666666666666666,0.8333333333333334,0.0,10.254268263289896,0.0,14.0
744,62.0,62.0,2,14.0,14:00,19.023895501153813,8.72875163798738,10.295143863166434,1,1,0,1,1,0,0,0,0,0,0.0,0.0,6,0.42857142857142855,21.993293428952768,0.0,0.0,0,none,0,-1,-1.0,-1.0,0.0,14,1.0,1.0,1.0,0,168,0.5833333333333334,0.0,0.30952380952380953,0.75,0.75,0.75,0.0,12.087042715702628,0.0,14.0
745,62.083333333333336,62.083333333333336,2,14.083333333333336,14:05,19.249501714982948,8.751013362054195,10.498488352928753,0,0,0,0,0,0,0,0,0,0,0.0,0.0,6,0.42857142857142855,0.0,0.0,0.0,0,none,0,-1,-1.0,-1.0,0.0,14,1.0,1.0,1.0,0,169,0.5868055555555557,0.0,0.31547619047619047,0.75,0.75,0.6666666666666666,0.0,12.087042715702628,0.0,14.0
746,62.166666666666664,62.166666666666664,2,14.166666666666664,14:09,19.504177556859954,8.778990435911853,10.725187120948101,0,0,0,0,0,0,1,0,1,0,0.0,0.0,5,0.35714285714285715,0.0,0.0,0.0,0,none,0,-1,-1.0,-1.0,0.0,14,1.0,1.0,1.0,0,170,0.5902777777777777,0.0,0.31547619047619047,0.6666666666666666,0.6666666666666666,0.6666666666666666,0.0,9.443599677940677,0.0,14.0
747,62.25,62.25,2,14.25,14:15,19.789117099729374,8.812533585538368,10.976583514191006,0,0,0,0,0,0,1,0,1,0,0.0,0.0,4,0.2857142857142857,0.0,0.0,0.0,0,none,0,-1,-1.0,-1.0,0.0,14,1.0,1.0,1.0,0,171,0.59375,0.0,0.30357142857142855,0.5,0.5,0.6666666666666666,0.0,6.963911600063693,0.0,14.0
748,62.333333333333336,62.333333333333336,2,14.333333333333336,14:20,20.10524765085704,8.851345329119534,11.253902321737508,2,0,2,2,0,2,1,0,1,0,0.0,0.0,5,0.35714285714285715,28.96912690102021,0.0,0.0,0,none,0,-1,-1.0,-1.0,0.0,14,1.0,1.0,1.0,0,172,0.5972222222222223,0.0,0.3095238095238095,0.6666666666666666,0.6666666666666666,0.5833333333333334,0.0,9.378005508482044,0.0,14.0
749,62.416666666666664,62.416666666666664,2,14.416666666666664,14:24,20.453199818904228,8.894977665895407,11.55822215300882,2,1,1,2,1,1,1,1,0,0,0.0,0.0,6,0.42857142857142855,33.83864944722593,0.0,0.0,0,none,0,-1,-1.0,-1.0,0.0,14,1.0,1.0,1.0,0,173,0.6006944444444443,0.0,0.32142857142857145,0.8333333333333334,0.8333333333333334,0.6666666666666666,0.0,12.197892962417539,0.0,14.0
750,62.5,62.5,2,14.5,14:30,20.833280392079033,8.942834404306268,11.890445987772763,0,0,0,0,0,0,1,0,1,0,0.0,0.0,5,0.35714285714285715,0.0,0.0,0.0,0,none,0,-1,-1.0,-1.0,0.0,14,1.0,1.0,1.0,0,174,0.6041666666666666,0.0,0.3273809523809524,0.8333333333333334,0.8333333333333334,0.75,0.0,12.197892962417539,0.0,14.0
751,62.583333333333336,62.583333333333336,2,14.583333333333336,14:35,21.245448507288465,8.994178430904247,12.251270076384218,2,1,1,2,1,1,1,1,0,0,0.0,0.0,6,0.42857142857142855,29.047589864130988,0.0,0.0,0,none,0,-1,-1.0,-1.0,0.0,14,1.0,1.0,1.0,0,175,0.607638888888889,0.0,0.3452380952380952,1.0,1.0,0.75,0.0,14.618525451095122,0.0,14.0
752,62.666666666666664,62.666666666666664,2,14.666666666666664,14:39,21.68929557038578,9.048144077343084,12.641151493042695,1,0,1,1,0,1,0,0,0,0,0.0,0.0,7,0.5,50.0,0.0,0.0,0,none,0,-1,-1.0,-1.0,0.0,14,1.0,1.0,1.0,0,176,0.611111111111111,0.0,0.35714285714285715,0.9166666666666666,0.9166666666666666,0.75,0.0,16.20293639987784,0.0,14.0
753,62.75,62.75,2,14.75,14:45,22.164029359491966,9.103754573509828,13.060274785982138,2,0,2,2,0,2,1,0,1,0,0.0,0.0,8,0.5714285714285714,23.435537824140916,0.0,0.0,0,none,0,-1,-1.0,-1.0,0.0,14,1.0,1.0,1.0,0,177,0.6145833333333334,0.0,0.38690476190476186,1.0833333333333333,1.0833333333333333,0.6666666666666666,0.0,18.155897885222913,0.0,14.0
754,62.833333333333336,62.833333333333336,2,14.833333333333336,14:50,22.668462706575408,9.159944384996713,13.508518321578695,0,0,0,0,0,0,0,0,0,0,0.0,0.0,8,0.5714285714285714,0.0,0.0,0.0,0,none,0,-1,-1.0,-1.0,0.0,14,1.0,1.0,1.0,0,178,0.6180555555555557,0.0,0.4226190476190476,1.0833333333333333,1.0833333333333333,0.5833333333333334,0.0,18.155897885222913,0.0,14.0
755,62.916666666666664,62.916666666666664,2,14.916666666666664,14:54,23.201007106769815,9.215586028918846,13.985421077850969,2,2,0,2,2,0,2,0,2,0,0.0,0.0,8,0.5714285714285714,33.13237438028298,0.0,0.0,0,none,0,-1,-1.0,-1.0,0.0,14,1.0,1.0,1.0,0,179,0.6215277777777777,0.0,0.44047619047619047,1.0,1.0,0.75,0.0,18.368047653812816,0.0,14.0
756,63.0,63.0,2,15.0,15:00,23.759671550263715,9.26952075156188,14.490150798701835,1,1,0,1,1,0,2,1,1,0,0.0,0.0,7,0.5,15.256669119355655,0.0,0.0,0,none,0,-1,-1.0,-1.0,0.0,14,1.0,1.0,1.0,0,180,0.625,0.0,0.44642857142857145,1.0,1.0,0.9166666666666666,0.0,17.80666229467972,0.0,14.0
757,63.083333333333336,63.083333333333336,2,15.083333333333336,15:05,24.34206680820536,9.320592243964095,15.021474564241263,1,0,1,1,0,1,1,1,0,0,0.0,0.0,7,0.5,27.575721995402645,0.0,0.0,0,none,0,-1,-1.0,-1.0,0.0,14,1.0,1.0,1.0,0,181,0.6284722222222223,0.0,0.4523809523809524,1.0833333333333333,1.0833333333333333,1.0,0.0,20.10463912762994,0.0,14.0
758,63.166666666666664,63.166666666666664,2,15.166666666666664,15:09,24.945415332384425,9.367682377874381,15.577732954510044,0,0,0,0,0,0,1,0,1,0,0.0,0.0,6,0.42857142857142855,0.0,0.0,0.0,0,none,0,-1,-1.0,-1.0,0.0,14,1.0,1.0,1.0,0,182,0.6319444444444443,0.0,0.45833333333333326,1.0833333333333333,1.0833333333333333,1.0,0.0,20.10463912762994,0.0,14.0
759,63.25,63.25,2,15.25,15:15,25.566566849190355,9.409747775764568,16.156819073425787,3,1,2,3,1,2,0,0,0,0,0.0,0.0,9,0.6428571428571429,34.562148590170146,0.0,0.0,0,none,0,-1,-1.0,-1.0,0.0,14,1.0,1.0,1.0,0,183,0.6354166666666666,0.0,0.4880952380952381,1.3333333333333333,1.3333333333333333,0.9166666666666666,0.0,22.98481817681079,0.0,14.0
760,63.333333333333336,63.333333333333336,2,15.333333333333336,15:20,26.202019642504617,9.44585589590243,16.756163746602187,1,1,0,1,1,0,3,2,1,0,0.0,0.0,7,0.5,48.60608170985449,0.0,0.0,0,none,0,-1,-1.0,-1.0,0.0,14,1.0,1.0,1.0,0,184,0.638888888888889,0.0,0.5,1.25,1.25,1.0833333333333333,0.0,24.62123107754698,0.0,14.0
761,63.416666666666664,63.416666666666664,2,15.416666666666664,15:24,26.847947429031734,9.475219227424237,17.372728201607497,1,0,1,1,0,1,0,0,0,0,0.0,0.0,8,0.5714285714285714,38.13062814889098,0.0,0.0,0,none,0,-1,-1.0,-1.0,0.0,14,1.0,1.0,1.0,0,185,0.642361111111111,0.0,0.5119047619047619,1.1666666666666667,1.1666666666666667,1.0,0.0,24.978895969352397,0.0,14.0
762,63.5,63.5,2,15.5,15:30,27.500231634640805,9.497226159997263,18.003005474643544,0,0,0,0,0,0,1,0,1,0,0.0,0.0,7,0.5,0.0,0.0,0.0,0,none,0,-1,-1.0,-1.0,0.0,14,1.0,1.0,1.0,0,186,0.6458333333333334,0.0,0.5238095238095238,1.1666666666666667,1.1666666666666667,1.0,0.0,24.978895969352397,0.0,14.0
763,63.583333333333336,63.583333333333336,2,15.583333333333336,15:35,28.154498783354047,9.511467125030162,18.643031658323885,2,0,2,2,0,2,1,0,1,0,0.0,0.0,8,0.5714285714285714,26.118774918283926,0.0,0.0,0,none,0,-1,-1.0,-1.0,0.0,14,1.0,1.0,1.0,0,187,0.6493055555555557,0.0,0.5357142857142857,1.1666666666666667,1.1666666666666667,1.0,0.0,24.734828057198474,0.0,14.0
764,63.666666666666664,63.666666666666664,2,15.666666666666664,15:39,28.80616261366367,9.517754704692791,19.28840790897088,3,3,0,3,3,0,1,1,0,0,0.0,0.0,10,0.7142857142857143,37.9090537651098,0.0,0.0,0,none,0,-1,-1.0,-1.0,0.0,14,1.0,1.0,1.0,0,188,0.6527777777777777,0.0,0.5535714285714285,1.3333333333333333,1.3333333333333333,1.0833333333333333,0.0,23.72724920429096,0.0,14.0
765,63.75,63.75,2,15.75,15:45,29.450470442021608,9.516136572142347,19.93433386987926,2,0,2,2,0,2,0,0,0,0,0.0,0.0,12,0.8571428571428571,36.634742218665586,0.0,0.0,0,none,0,-1,-1.0,-1.0,0.0,14,1.0,1.0,1.0,0,189,0.65625,0.0,0.5773809523809524,1.3333333333333333,1.3333333333333333,1.0,0.0,24.827182903834682,0.0,14.0
766,63.833333333333336,63.833333333333336,2,15.833333333333336,15:50,30.082553202885293,9.506900358507847,20.575652844377444,0,0,0,0,0,0,1,0,1,0,0.0,0.0,11,0.7857142857142857,0.0,0.0,0.0,0,none,0,-1,-1.0,-1.0,0.0,14,1.0,1.0,1.0,0,190,0.6597222222222223,0.0,0.5952380952380952,1.3333333333333333,1.3333333333333333,1.0833333333333333,0.0,24.827182903834682,0.0,14.0
767,63.916666666666664,63.916666666666664,2,15.916666666666664,15:54,30.69747851091476,9.490569832664995,21.206908678249764,2,0,2,2,0,2,2,1,1,0,0.0,0.0,11,0.7857142857142857,21.823817649355256,0.0,0.0,0,none,0,-1,-1.0,-1.0,0.0,14,1.0,1.0,1.0,0,191,0.6631944444444443,0.0,0.613095238095238,1.3333333333333333,1.3333333333333333,1.0833333333333333,0.0,23.88480317625738,0.0,14.0
768,64.0,64.0,2,16.0,16:00,31.290306016074027,9.467892118126867,21.822413897947158,2,0,2,2,0,2,1,0,1,0,0.0,0.0,12,0.8571428571428571,34.81780936920634,0.0,0.0,0,none,0,-1,-1.0,-1.0,0.0,14,1.0,1.0,1.0,0,192,0.6666666666666666,0.0,0.6428571428571428,1.4166666666666667,1.4166666666666667,1.0,0.0,25.514898197078267,0.0,14.0
769,64.08333333333333,64.08333333333333,2,16.08333333333333,16:04,31.85614425867985,9.43981604348049,22.41632821519936,0,0,0,0,0,0,1,0,1,0,0.0,0.0,11,0.7857142857142857,0.0,0.0,0.0,0,none,0,-1,-1.0,-1.0,0.0,14,1.0,1.0,1.0,0,193,0.6701388888888887,0.0,0.6666666666666666,1.3333333333333333,1.3333333333333333,1.0,0.0,23.216921364128044,0.0,14.0
770,64.16666666666667,64.16666666666667,2,16.16666666666667,16:10,32.390208180879924,9.407462111807149,22.98274606907277,2,0,2,2,0,2,3,1,2,0,0.0,0.0,10,0.7142857142857143,29.21267375071647,0.0,0.0,0,none,0,-1,-1.0,-1.0,0.0,14,1.0,1.0,1.0,0,194,0.6736111111111113,0.0,0.6904761904761906,1.5,1.5,1.1666666666666667,0.0,25.65131084335442,0.0,14.0
771,64.25,64.25,2,16.25,16:15,32.88787641539791,9.372084961443933,23.515791453953977,0,0,0,0,0,0,1,0,1,0,0.0,0.0,9,0.6428571428571429,0.0,0.0,0.0,0,none,0,-1,-1.0,-1.0,0.0,14,1.0,1.0,1.0,0,195,0.6770833333333334,0.0,0.6904761904761904,1.25,1.25,1.25,0.0,22.77113179417357,0.0,14.0
772,64.33333333333333,64.33333333333333,2,16.33333333333333,16:19,33.34474745313813,9.33502955522322,24.009717897914914,3,1,2,3,1,2,3,3,0,0,0.0,0.0,9,0.6428571428571429,27.64473925035199,0.0,0.0,0,none,0,-1,-1.0,-1.0,0.0,14,1.0,1.0,1.0,0,196,0.6805555555555554,0.0,0.7023809523809524,1.4166666666666667,1.4166666666666667,1.25,0.0,21.024353255881696,0.0,14.0
773,64.41666666666667,64.41666666666667,2,16.41666666666667,16:25,33.75669378948213,9.297682658011649,24.45901113147048,1,0,1,1,0,1,1,0,1,0,0.0,0.0,9,0.6428571428571429,20.383976974417298,0.0,0.0,0,none,0,-1,-1.0,-1.0,0.0,14,1.0,1.0,1.0,0,197,0.684027777777778,0.0,0.7083333333333334,1.4166666666666667,1.4166666666666667,1.3333333333333333,0.0,19.54546565800889,0.0,14.0
774,64.5,64.5,2,16.5,16:30,34.11991316553358,9.26142142433202,24.85849174120156,4,1,3,4,1,3,1,0,1,0,0.0,0.0,12,0.8571428571428571,30.44776311133176,0.0,0.0,0,none,0,-1,-1.0,-1.0,0.0,14,1.0,1.0,1.0,0,198,0.6875,0.0,0.7380952380952381,1.75,1.75,1.3333333333333333,0.0,22.08277925061987,0.0,14.0
775,64.58333333333333,64.58333333333333,2,16.58333333333333,16:34,34.430976055390865,9.227561102995125,25.20341495239574,0,0,0,0,0,0,3,1,2,0,0.0,0.0,9,0.6428571428571429,0.0,0.0,0.0,0,none,0,-1,-1.0,-1.0,0.0,14,1.0,1.0,1.0,0,199,0.690972222222222,0.0,0.7440476190476191,1.5833333333333333,1.5833333333333333,1.5,0.0,19.90621467409621,0.0,14.0
776,64.66666666666667,64.66666666666667,2,16.66666666666667,16:40,34.6868686034954,9.19730396153598,25.489564641959415,2,0,2,2,0,2,0,0,0,0,0.0,0.0,11,0.7857142857142857,21.23572708548115,0.0,0.0,0,none,0,-1,-1.0,-1.0,0.0,14,1.0,1.0,1.0,0,200,0.6944444444444446,0.0,0.75,1.5,1.5,1.4166666666666667,0.0,18.516770784127154,0.0,14.0
777,64.75,64.75,2,16.75,16:45,34.88503028647547,9.171691531932606,25.713338754542864,0,0,0,0,0,0,2,0,2,0,0.0,0.0,9,0.6428571428571429,0.0,0.0,0.0,0,none,0,-1,-1.0,-1.0,0.0,14,1.0,1.0,1.0,0,201,0.6979166666666666,0.0,0.7321428571428572,1.3333333333333333,1.3333333333333333,1.5833333333333333,0.0,15.463875599238355,0.0,14.0
778,64.83333333333333,64.83333333333333,2,16.83333333333333,16:49,35.02338566044036,9.15156217788235,25.87182348255801,0,0,0,0,0,0,1,0,1,0,0.0,0.0,8,0.5714285714285714,0.0,0.0,0.0,0,none,0,-1,-1.0,-1.0,0.0,14,1.0,1.0,1.0,0,202,0.7013888888888887,0.0,0.7142857142857143,1.3333333333333333,1.3333333333333333,1.5833333333333333,0.0,15.463875599238355,0.0,14.0
779,64.91666666666667,64.91666666666667,2,16.91666666666667,16:55,35.10036965568598,9.13751578565321,25.962853870032774,1,0,1,1,0,1,3,0,3,0,0.0,0.0,6,0.42857142857142855,20.401865708063852,0.0,0.0,0,none,0,-1,-1.0,-1.0,0.0,14,1.0,1.0,1.0,0,203,0.7048611111111113,0.0,0.6845238095238094,1.25,1.25,1.6666666666666667,0.0,15.34537960413074,0.0,14.0
780,65.0,65.0,2,17.0,17:00,35.11494599413609,9.129887093561539,25.985058900574554,3,1,2,2,1,1,1,0,1,1,0.0,0.0,7,1.0,28.57445905543314,0.0,0.0,1,capacity_drop,1,2,17.0,19.0,120.0,7,1.0,1.0,1.0,1,204,0.7083333333333334,0.08333333333333333,0.6964285714285715,1.3333333333333333,1.25,1.6666666666666667,0.0,14.825100411316305,0.0,13.416666666666666
781,65.08333333333333,65.08333333333333,2,17.08333333333333,17:04,35.06661842807187,9.128728812929904,25.937889615141966,1,1,0,2,1,1,4,1,3,0,0.0,0.0,5,0.7142857142857143,18.56544994045034,2.5,0.0,1,capacity_drop,1,2,17.0,19.0,115.0,7,1.0,1.0,1.0,1,205,0.7118055555555554,0.08333333333333333,0.6904761904761904,1.4166666666666667,1.4166666666666667,1.9166666666666667,0.0,16.372221239687168,0.20833333333333334,12.833333333333334
782,65.16666666666667,65.16666666666667,2,17.16666666666667,17:10,34.955434629012665,9.13380527382459,25.821629355188072,3,0,3,2,0,2,0,0,0,1,0.0,0.0,7,1.0,31.231703970136135,0.0,0.0,1,capacity_drop,1,2,17.0,19.0,110.0,7,1.0,1.0,1.0,1,206,0.715277777777778,0.16666666666666666,0.7142857142857144,1.5,1.4166666666666667,1.6666666666666667,0.0,16.54047375797214,0.20833333333333334,12.25
783,65.25,65.25,2,17.25,17:15,34.78198268999153,9.144596873207066,25.637385816784462,0,0,0,0,0,0,0,0,0,1,5.0,5.0,7,1.0,0.0,0.0,0.0,1,capacity_drop,1,2,17.0,19.0,105.0,7,1.0,1.0,1.0,1,207,0.71875,0.25,0.7440476190476191,1.5,1.4166666666666667,1.5833333333333333,0.4166666666666667,16.540473757972137,0.20833333333333334,11.666666666666666
784,65.33333333333333,65.33333333333333,2,17.33333333333333,17:19,34.547380339773454,9.160315134711709,25.387065205061745,1,0,1,2,0,2,2,0,2,0,0.0,0.0,7,1.0,25.27342925169966,5.0,2.5,1,capacity_drop,1,2,17.0,19.0,100.0,7,1.0,1.0,1.0,1,208,0.722222222222222,0.25,0.7738095238095238,1.3333333333333333,1.3333333333333333,1.5,0.4166666666666667,16.34286459141778,0.625,11.083333333333334
785,65.41666666666667,65.41666666666667,2,17.41666666666667,17:25,34.253257100603676,9.179927732138497,25.073329368465178,1,0,1,0,0,0,0,0,0,1,0.0,0.0,7,1.0,0.0,0.0,0.0,1,capacity_drop,1,2,17.0,19.0,95.0,7,1.0,1.0,1.0,1,209,0.7256944444444446,0.3333333333333333,0.8035714285714285,1.3333333333333333,1.25,1.4166666666666667,0.4166666666666667,14.64419984354967,0.625,10.5
786,65.5,65.5,2,17.5,17:30,33.90172974870734,9.202192406228747,24.699537342478592,1,0,1,2,0,2,2,2,0,0,0.0,0.0,7,1.0,32.75550109655515,2.5,0.0,1,capacity_drop,1,2,17.0,19.0,90.0,7,1.0,1.0,1.0,1,210,0.7291666666666666,0.3333333333333333,0.8154761904761906,1.0833333333333333,1.0833333333333333,1.5,0.4166666666666667,14.836511342318287,0.8333333333333334,9.916666666666666
787,65.58333333333333,65.58333333333333,2,17.58333333333333,17:34,33.495371555993486,9.22569833752863,24.269673218464856,2,1,1,1,0,1,1,0,1,1,0.0,0.0,7,1.0,39.19467287379269,0.0,0.0,1,capacity_drop,1,2,17.0,19.0,85.0,7,1.0,1.0,1.0,1,211,0.7326388888888887,0.4166666666666667,0.8452380952380952,1.25,1.1666666666666667,1.3333333333333333,0.4166666666666667,18.10273408180101,0.8333333333333334,9.333333333333334
788,65.66666666666667,65.66666666666667,2,17.66666666666667,17:40,33.03717589948518,9.248913244897913,23.788262654587264,4,1,3,1,1,0,1,0,1,4,0.0,0.0,7,1.0,22.96863136065934,5.0,0.0,1,capacity_drop,1,2,17.0,19.0,80.0,7,1.0,1.0,1.0,1,212,0.7361111111111113,0.75,0.8630952380952381,1.4166666666666667,1.0833333333333333,1.4166666666666667,0.4166666666666667,18.247142771399194,1.25,8.75
789,65.75,65.75,2,17.75,17:45,32.53051491944552,9.27023427284599,23.260280646599533,1,1,0,1,0,1,1,0,1,4,3.75,5.0,7,1.0,41.53421025709189,5.0,10.0,1,capacity_drop,1,2,17.0,19.0,75.0,7,1.0,1.0,1.0,1,213,0.7395833333333334,1.0833333333333333,0.8928571428571429,1.5,1.1666666666666667,1.3333333333333333,0.7291666666666666,21.708326959490183,1.6666666666666667,8.166666666666666
790,65.83333333333333,65.83333333333333,2,17.83333333333333,17:49,31.979093985931655,9.288040619622178,22.691053366309475,1,0,1,2,0,2,2,0,2,3,5.0,10.0,7,1.0,28.990717407224164,10.0,0.0,1,capacity_drop,1,2,17.0,19.0,70.0,7,1.0,1.0,1.0,1,214,0.7430555555555554,1.3333333333333333,0.9285714285714285,1.5833333333333333,1.3333333333333333,1.4166666666666667,1.1458333333333333,24.124220076758863,2.5,7.583333333333333
791,65.91666666666667,65.91666666666667,2,17.91666666666667,17:55,31.386902794955155,9.300745844635307,22.086156950319847,1,1,0,0,0,0,0,0,0,4,7.5,15.0,7,1.0,0.0,0.0,0.0,1,capacity_drop,1,2,17.0,19.0,65.0,7,1.0,1.0,1.0,1,215,0.746527777777778,1.6666666666666667,0.9761904761904763,1.5833333333333333,1.25,1.1666666666666667,1.7708333333333333,22.42406460108688,2.5,7.0
792,66.0,66.0,2,18.0,18:00,30.758163958405603,9.306847875653567,21.451316082752037,3,1,2,1,1,0,1,0,1,6,5.0,15.0,7,1.0,34.79422909242451,20.0,0.0,1,capacity_drop,1,2,17.0,19.0,60.0,7,1.0,1.0,1.0,1,216,0.75,2.0833333333333335,0.9761904761904763,1.5833333333333333,1.1666666666666667,1.1666666666666667,2.1875,22.942378770836157,4.166666666666667,7.0
793,66.08333333333333,66.08333333333333,2,18.08333333333333,18:04,30.09727997576594,9.304974905556126,20.792305070209814,2,1,1,1,1,0,1,1,0,7,5.714285714285714,15.0,7,1.0,28.372185948320666,20.0,5.0,1,capacity_drop,1,2,17.0,19.0,55.0,7,1.0,1.0,1.0,1,217,0.753472222222222,2.6666666666666665,1.0,1.6666666666666667,1.0833333333333333,0.9166666666666666,2.6636904761904763,23.75960677149202,5.625,7.0
794,66.16666666666667,66.16666666666667,2,18.16666666666667,18:10,29.408779480295305,9.293925612955572,20.114853867339733,1,0,1,0,0,0,0,0,0,8,9.375,20.0,7,1.0,0.0,0.0,0.0,1,capacity_drop,1,2,17.0,19.0,50.0,7,1.0,1.0,1.0,1,218,0.7569444444444446,3.25,1.0,1.5,0.9166666666666666,0.9166666666666666,3.4449404761904763,21.156964773980672,5.625,7.0
795,66.25,66.25,2,18.25,18:15,28.697263638153192,9.272702445050424,19.424561193102768,1,0,1,2,1,1,2,0,2,7,10.0,15.0,7,1.0,23.035974344578165,22.5,2.5,1,capacity_drop,1,2,17.0,19.0,45.0,7,1.0,1.0,1.0,1,219,0.7604166666666666,3.75,1.0,1.5833333333333333,1.0833333333333333,1.0833333333333333,3.861607142857143,23.076629302695522,7.5,7.0
796,66.33333333333333,66.33333333333333,2,18.33333333333333,18:19,27.967353546769104,9.240537046453097,18.72681650031601,1,1,0,1,0,1,1,0,1,7,12.142857142857142,20.0,7,1.0,37.94040717438763,20.0,10.0,1,capacity_drop,1,2,17.0,19.0,40.0,7,1.0,1.0,1.0,1,220,0.7638888888888887,4.333333333333333,1.0,1.5833333333333333,1.0,1.0,4.873511904761905,24.13221079625285,8.75,7.0
797,66.41666666666667,66.41666666666667,2,18.41666666666667,18:25,27.223639429946434,9.196907285107596,18.02673214483884,2,1,1,1,1,0,1,0,1,8,11.875,25.0,7,1.0,38.850499407920076,25.0,10.0,1,capacity_drop,1,2,17.0,19.0,35.0,7,1.0,1.0,1.0,1,221,0.7673611111111113,4.916666666666667,1.0,1.6666666666666667,1.0833333333333333,1.0833333333333333,5.863095238095238,27.369752413579523,10.833333333333334,7.0
798,66.5,66.5,2,18.5,18:30,26.47063236343379,9.14154569638572,17.32908666704807,0,0,0,1,0,1,1,0,1,7,15.0,25.0,7,1.0,30.941302353496503,30.0,5.0,1,capacity_drop,1,2,17.0,19.0,30.0,7,1.0,1.0,1.0,1,222,0.7708333333333334,5.5,1.0,1.5833333333333333,1.0,1.0,7.113095238095238,27.218569184991306,13.125,7.0
799,66.58333333333333,66.58333333333333,2,18.58333333333333,18:34,25.712719188060834,9.074439520771787,16.638279667289048,0,0,0,2,1,1,2,2,0,5,16.0,25.0,7,1.0,26.88617278351709,30.0,20.0,1,capacity_drop,1,2,17.0,19.0,25.0,7,1.0,1.0,1.0,1,223,0.7743055555555554,5.833333333333333,1.0,1.4166666666666667,1.0833333333333333,1.0833333333333333,8.446428571428571,26.192860844135,15.625,7.0
800,66.66666666666667,66.66666666666667,2,18.66666666666667,18:40,24.954121180330578,8.995822833054303,15.958298347276274,2,0,2,2,0,2,2,1,1,5,10.0,20.0,7,1.0,27.75051817141069,27.5,22.5,1,capacity_drop,1,2,17.0,19.0,20.0,7,1.0,1.0,1.0,1,224,0.777777777777778,5.916666666666667,1.0,1.25,1.1666666666666667,1.1666666666666667,9.279761904761905,26.591351411697612,17.5,7.0
801,66.75,66.75,2,18.75,18:45,24.198856955072106,8.90616153835985,15.292695416712256,1,0,1,0,0,0,0,0,0,6,12.5,25.0,7,1.0,0.0,0.0,0.0,1,capacity_drop,1,2,17.0,19.0,15.0,7,1.0,1.0,1.0,1,225,0.78125,6.083333333333333,1.0,1.25,1.0833333333333333,1.0833333333333333,10.008928571428571,23.130167223606623,17.083333333333332,7.0
802,66.83333333333333,66.83333333333333,2,18.83333333333333,18:49,23.45070997399877,8.806132232833592,14.644577741165175,2,1,1,1,1,0,1,0,1,7,10.714285714285714,25.0,7,1.0,23.407819276388853,30.0,30.0,1,capacity_drop,1,2,17.0,19.0,10.0,7,1.0,1.0,1.0,1,226,0.784722222222222,6.416666666666667,1.0,1.3333333333333333,1.0,1.0,10.485119047619047,22.66492571270368,18.75,7.0
803,66.91666666666667,66.91666666666667,2,18.91666666666667,18:55,22.713200930414057,8.69659608814215,14.016604842271908,1,0,1,0,0,0,0,0,0,8,13.75,30.0,7,1.0,0.0,0.0,0.0,1,capacity_drop,1,2,17.0,19.0,5.0,7,1.0,1.0,1.0,1,227,0.7881944444444446,6.75,1.0,1.3333333333333333,1.0,1.0,11.005952380952381,22.66492571270368,18.75,7.0
804,67.0,67.0,2,19.0,19:00,21.989565176425764,8.57856901683194,13.410996159593822,1,0,1,8,2,6,1,0,1,1,0.0,0.0,14,1.0,29.27383597774878,18.75,20.0,0,none,0,-1,-1.0,-1.0,0.0,14,1.0,1.0,1.0,0,228,0.7916666666666666,6.333333333333333,1.0,1.1666666666666667,1.5833333333333333,1.0,10.589285714285714,22.204892953147368,18.645833333333332,7.583333333333333
805,67.08333333333333,67.08333333333333,2,19.08333333333333,19:04,21.282735257331566,8.453189411037275,12.829545846294291,0,0,0,1,0,1,2,1,1,0,0.0,0.0,13,0.9285714285714286,19.772284834685074,5.0,27.5,0,none,0,-1,-1.0,-1.0,0.0,14,1.0,1.0,1.0,0,229,0.7951388888888887,5.75,0.9940476190476191,1.0,1.5833333333333333,1.0833333333333333,10.113095238095239,21.488234527011073,17.395833333333332,8.166666666666666
806,67.16666666666667,67.16666666666667,2,19.16666666666667,19:10,20.59532852059015,8.321684724343893,12.273643796246258,1,1,0,1,1,0,1,0,1,0,0.0,0.0,13,0.9285714285714286,29.07818793544979,0.0,30.0,0,none,0,-1,-1.0,-1.0,0.0,14,1.0,1.0,1.0,0,230,0.7986111111111113,5.083333333333333,0.9880952380952381,1.0,1.6666666666666667,1.1666666666666667,9.331845238095239,23.91141685496522,17.395833333333332,8.75
807,67.25,67.25,2,19.25,19:15,19.9296396760039,8.185338092596583,11.744301583407319,0,0,0,0,0,0,3,2,1,0,0.0,0.0,10,0.7142857142857143,0.0,0.0,28.333333333333332,0,none,0,-1,-1.0,-1.0,0.0,14,1.0,1.0,1.0,0,231,0.8020833333333334,4.5,0.9642857142857143,0.9166666666666666,1.5,1.25,8.498511904761905,21.991752326250374,15.520833333333334,9.333333333333334
808,67.33333333333333,67.33333333333333,2,19.33333333333333,19:19,19.287638101157853,8.045456072839661,11.242182028318194,4,3,1,4,3,1,0,0,0,0,0.0,0.0,14,1.0,28.868954162055033,0.0,0.0,0,none,0,-1,-1.0,-1.0,0.0,14,1.0,1.0,1.0,0,232,0.8055555555555554,3.9166666666666665,0.9642857142857143,1.1666666666666667,1.75,1.1666666666666667,7.486607142857142,21.23579790855599,13.854166666666666,9.916666666666666
809,67.41666666666667,67.41666666666667,2,19.41666666666667,19:25,18.67096961320062,7.903338430365595,10.767631182835023,1,0,1,1,0,1,3,0,3,0,0.0,0.0,12,0.8571428571428571,18.425354509840908,0.0,13.333333333333334,0,none,0,-1,-1.0,-1.0,0.0,14,1.0,1.0,1.0,0,233,0.809027777777778,3.25,0.9523809523809524,1.0833333333333333,1.75,1.3333333333333333,6.497023809523809,19.533702500382727,11.770833333333334,10.5
810,67.5,67.5,2,19.5,19:30,18.080962365783023,7.760250732515361,10.320711633267662,0,0,0,0,0,0,3,2,1,0,0.0,0.0,9,0.6428571428571429,0.0,0.0,18.333333333333332,0,none,0,-1,-1.0,-1.0,0.0,14,1.0,1.0,1.0,0,234,0.8125,2.6666666666666665,0.9226190476190476,1.0833333333333333,1.6666666666666667,1.5,5.247023809523809,16.95526063759135,9.270833333333334,11.083333333333334
811,67.58333333333333,67.58333333333333,2,19.58333333333333,19:34,17.51863647912628,7.617400324809069,9.90123615431721,0,0,0,0,0,0,2,0,2,0,0.0,0.0,7,0.5,0.0,0.0,12.5,0,none,0,-1,-1.0,-1.0,0.0,14,1.0,1.0,1.0,0,235,0.815972222222222,2.25,0.8809523809523809,1.0833333333333333,1.5,1.5,3.913690476190476,14.714746238964928,6.770833333333333,11.666666666666666
812,67.66666666666667,67.66666666666667,2,19.66666666666667,19:40,16.98471697215285,7.47591607989679,9.50880089225606,0,0,0,0,0,0,3,2,1,0,0.0,0.0,4,0.2857142857142857,0.0,0.0,11.666666666666666,0,none,0,-1,-1.0,-1.0,0.0,14,1.0,1.0,1.0,0,236,0.8194444444444446,1.8333333333333333,0.8214285714285715,0.9166666666666666,1.3333333333333333,1.5833333333333333,3.0803571428571423,12.402203058014036,4.479166666666667,12.25
813,67.75,67.75,2,19.75,19:45,16.479649538420226,7.336832131294739,9.142817407125486,0,0,0,0,0,0,1,0,1,0,0.0,0.0,3,0.21428571428571427,0.0,0.0,0.0,0,none,0,-1,-1.0,-1.0,0.0,14,1.0,1.0,1.0,0,237,0.8229166666666666,1.3333333333333333,0.7559523809523809,0.8333333333333334,1.3333333333333333,1.6666666666666667,2.0386904761904763,12.402203058014036,4.479166666666667,12.833333333333334
814,67.83333333333333,67.83333333333333,2,19.83333333333333,19:49,16.003618691996373,7.201075639059804,8.80254305293657,0,0,0,0,0,0,1,1,0,0,0.0,0.0,2,0.14285714285714285,0.0,0.0,0.0,0,none,0,-1,-1.0,-1.0,0.0,14,1.0,1.0,1.0,0,238,0.8263888888888887,0.75,0.6845238095238096,0.6666666666666666,1.25,1.6666666666666667,1.1458333333333333,10.451551451648298,1.9791666666666667,13.416666666666666
815,67.91666666666667,67.91666666666667,2,19.91666666666667,19:55,15.556567804863029,7.069458488968,8.487109315895028,0,0,0,0,0,0,1,1,0,0,0.0,0.0,1,0.07142857142857142,0.0,0.0,0.0,0,none,0,-1,-1.0,-1.0,0.0,14,1.0,1.0,1.0,0,239,0.8298611111111113,0.08333333333333333,0.6071428571428571,0.5833333333333334,1.25,1.75,0.0,10.451551451648298,1.9791666666666667,14.0
816,68.0,68.0,2,20.0,20:00,15.138220563138113,6.942672704205335,8.195547858932777,0,0,0,0,0,0,1,0,1,0,0.0,0.0,0,0.0,0.0,0.0,0.0,0,none,0,-1,-1.0,-1.0,0.0,14,1.0,1.0,1.0,0,240,0.8333333333333334,0.0,0.5238095238095238,0.5,0.5833333333333334,1.75,0.0,8.012065120169234,0.4166666666666667,14.0
817,68.08333333333333,68.08333333333333,2,20.08333333333333,20:04,14.748103384393737,6.821289251199006,7.926814133194732,0,0,0,0,0,0,0,0,0,0,0.0,0.0,0,0.0,0.0,0.0,0.0,0,none,0,-1,-1.0,-1.0,0.0,14,1.0,1.0,1.0,0,241,0.8368055555555554,0.0,0.4464285714285714,0.5,0.5,1.5833333333333333,0.0,6.36437471727881,0.0,14.0
818,68.16666666666667,68.16666666666667,2,20.16666666666667,20:10,14.385568361469616,6.7057598496256885,7.679808511843927,0,0,0,0,0,0,0,0,0,0,0.0,0.0,0,0.0,0.0,0.0,0.0,0,none,0,-1,-1.0,-1.0,0.0,14,1.0,1.0,1.0,0,242,0.840277777777778,0.0,0.36904761904761907,0.4166666666666667,0.4166666666666667,1.5,0.0,3.941192389324661,0.0,14.0
819,68.25,68.25,2,20.25,20:15,14.04981632818525,6.596421350111682,7.453394978073567,1,1,0,1,1,0,0,0,0,0,0.0,0.0,1,0.07142857142857142,28.388964508579253,0.0,0.0,0,none,0,-1,-1.0,-1.0,0.0,14,1.0,1.0,1.0,0,243,0.84375,0.0,0.3154761904761905,0.5,0.5,1.25,0.0,6.306939431706266,0.0,14.0
820,68.33333333333333,68.33333333333333,2,20.33333333333333,20:19,13.739919677927592,6.49350221988646,7.246417458041132,0,0,0,0,0,0,0,0,0,0,0.0,0.0,1,0.07142857142857142,0.0,0.0,0.0,0,none,0,-1,-1.0,-1.0,0.0,14,1.0,1.0,1.0,0,244,0.847222222222222,0.0,0.2380952380952381,0.16666666666666666,0.16666666666666666,1.25,0.0,3.901193251535013,0.0,14.0
821,68.41666666666667,68.41666666666667,2,20.41666666666667,20:25,13.45484460589287,6.397130674047494,7.057713931845375,2,0,2,2,0,2,0,0,0,0,0.0,0.0,3,0.21428571428571427,38.6175702886762,0.0,0.0,0,none,0,-1,-1.0,-1.0,0.0,14,1.0,1.0,1.0,0,245,0.8506944444444446,0.0,0.18452380952380953,0.25,0.25,1.0,0.0,5.583877899771288,0.0,14.0
822,68.5,68.5,2,20.5,20:30,13.193472488465396,6.3073440049750635,6.8861284834903325,1,0,1,1,0,1,0,0,0,0,0.0,0.0,4,0.2857142857142857,39.50853904767631,0.0,0.0,0,none,0,-1,-1.0,-1.0,0.0,14,1.0,1.0,1.0,0,246,0.8541666666666666,0.0,0.15476190476190477,0.3333333333333333,0.3333333333333333,0.75,0.0,8.876256153744313,0.0,14.0
823,68.58333333333333,68.58333333333333,2,20.58333333333333,20:34,12.954620157558606,6.224098691349161,6.730521466209446,0,0,0,0,0,0,0,0,0,0,0.0,0.0,4,0.2857142857142857,0.0,0.0,0.0,0,none,0,-1,-1.0,-1.0,0.0,14,1.0,1.0,1.0,0,247,0.8576388888888887,0.0,0.13690476190476192,0.3333333333333333,0.3333333333333333,0.5833333333333334,0.0,8.876256153744313,0.0,14.0
824,68.66666666666667,68.66666666666667,2,20.66666666666667,20:40,12.737058872538045,6.147280907651467,6.5897779648865775,2,1,1,2,1,1,0,0,0,0,0.0,0.0,6,0.42857142857142855,26.94420254693189,0.0,0.0,0,none,0,-1,-1.0,-1.0,0.0,14,1.0,1.0,1.0,0,248,0.8611111111111113,0.0,0.1488095238095238,0.5,0.5,0.3333333333333333,0.0,11.121606365988638,0.0,14.0
825,68.75,68.75,2,20.75,20:45,12.539531836511904,6.076717101595184,6.462814734916719,0,0,0,0,0,0,1,1,0,0,0.0,0.0,5,0.35714285714285715,0.0,0.0,0.0,0,none,0,-1,-1.0,-1.0,0.0,14,1.0,1.0,1.0,0,249,0.8645833333333334,0.0,0.16071428571428573,0.5,0.5,0.3333333333333333,0.0,11.121606365988638,0.0,14.0
826,68.83333333333333,68.83333333333333,2,20.83333333333333,20:49,12.36077014636783,6.012184357506114,6.348585788861716,0,0,0,0,0,0,0,0,0,0,0.0,0.0,5,0.35714285714285715,0.0,0.0,0.0,0,none,0,-1,-1.0,-1.0,0.0,14,1.0,1.0,1.0,0,250,0.8680555555555554,0.0,0.1785714285714286,0.5,0.5,0.25,0.0,11.121606365988638,0.0,14.0
827,68.91666666666667,68.91666666666667,2,20.91666666666667,20:55,12.199507106145438,5.953420315551104,6.246086790594334,0,0,0,0,0,0,0,0,0,0,0.0,0.0,5,0.35714285714285715,0.0,0.0,0.0,0,none,0,-1,-1.0,-1.0,0.0,14,1.0,1.0,1.0,0,251,0.871527777777778,0.0,0.2023809523809524,0.5,0.5,0.16666666666666666,0.0,11.121606365988638,0.0,14.0
828,69.0,69.0,2,21.0,21:00,12.054490870500668,5.90013246759247,6.1543584029081995,2,1,1,2,1,1,0,0,0,0,0.0,0.0,7,0.5,36.641866556570534,0.0,0.0,0,none,0,-1,-1.0,-1.0,0.0,14,1.0,1.0,1.0,0,252,0.875,0.0,0.24404761904761907,0.6666666666666666,0.6666666666666666,0.08333333333333333,0.0,14.175095245702849,0.0,14.0
829,69.08333333333333,69.08333333333333,2,21.08333333333333,21:04,11.924495418634844,5.852006698531694,6.072488720103149,0,0,0,0,0,0,3,0,3,0,0.0,0.0,4,0.2857142857142857,0.0,0.0,0.0,0,none,0,-1,-1.0,-1.0,0.0,14,1.0,1.0,1.0,0,253,0.878472222222222,0.0,0.26785714285714285,0.6666666666666666,0.6666666666666666,0.3333333333333333,0.0,14.175095245702849,0.0,14.0
830,69.16666666666667,69.16666666666667,2,21.16666666666667,21:10,11.80832988876632,5.808714985953208,5.999614902813112,0,0,0,0,0,0,1,0,1,0,0.0,0.0,3,0.21428571428571427,0.0,0.0,0.0,0,none,0,-1,-1.0,-1.0,0.0,14,1.0,1.0,1.0,0,254,0.8819444444444446,0.0,0.2857142857142857,0.6666666666666666,0.6666666666666666,0.4166666666666667,0.0,14.175095245702849,0.0,14.0
831,69.25,69.25,2,21.25,21:15,11.704846328794464,5.769922209790192,5.934924119004272,1,1,0,1,1,0,1,1,0,0,0.0,0.0,3,0.21428571428571427,42.46319366096133,0.0,0.0,0,none,0,-1,-1.0,-1.0,0.0,14,1.0,1.0,1.0,0,255,0.8854166666666666,0.0,0.2976190476190476,0.6666666666666666,0.6666666666666666,0.5,0.0,15.347947675068022,0.0,14.0
832,69.33333333333333,69.33333333333333,2,21.33333333333333,21:19,11.612945940157203,5.735292057105529,5.877653883051676,2,1,1,2,1,1,0,0,0,0,0.0,0.0,5,0.35714285714285715,36.051061555853344,0.0,0.0,0,none,0,-1,-1.0,-1.0,0.0,14,1.0,1.0,1.0,0,256,0.8888888888888887,0.0,0.32142857142857145,0.8333333333333334,0.8333333333333334,0.5,0.0,18.352202804722467,0.0,14.0
833,69.41666666666667,69.41666666666667,2,21.41666666666667,21:25,11.531583909042777,5.704492034744795,5.827091874297981,1,1,0,1,1,0,0,0,0,0,0.0,0.0,6,0.42857142857142855,25.89629471305956,0.0,0.0,0,none,0,-1,-1.0,-1.0,0.0,14,1.0,1.0,1.0,0,257,0.8923611111111113,0.0,0.33928571428571436,0.75,0.75,0.5,0.0,17.292096506754415,0.0,14.0
834,69.5,69.5,2,21.5,21:30,11.459772932212921,5.677197624680009,5.782575307532912,0,0,0,0,0,0,0,0,0,0,0.0,0.0,6,0.42857142857142855,0.0,0.0,0.0,0,none,0,-1,-1.0,-1.0,0.0,14,1.0,1.0,1.0,0,258,0.8958333333333334,0.0,0.3511904761904762,0.6666666666666666,0.6666666666666666,0.5,0.0,13.999718252781387,0.0,14.0
835,69.58333333333333,69.58333333333333,2,21.58333333333333,21:34,11.39658555394757,5.653095633639938,5.743489920307632,0,0,0,0,0,0,1,1,0,0,0.0,0.0,5,0.35714285714285715,0.0,0.0,0.0,0,none,0,-1,-1.0,-1.0,0.0,14,1.0,1.0,1.0,0,259,0.8993055555555554,0.0,0.35714285714285715,0.6666666666666666,0.6666666666666666,0.5833333333333334,0.0,13.999718252781387,0.0,14.0
836,69.66666666666667,69.66666666666667,2,21.66666666666667,21:40,11.341155436315567,5.631886800580895,5.709268635734674,0,0,0,0,0,0,0,0,0,0,0.0,0.0,5,0.35714285714285715,0.0,0.0,0.0,0,none,0,-1,-1.0,-1.0,0.0,14,1.0,1.0,1.0,0,260,0.902777777777778,0.0,0.3511904761904762,0.5,0.5,0.5833333333333334,0.0,11.754368040537065,0.0,14.0
837,69.75,69.75,2,21.75,21:45,11.292677687450254,5.613287733252455,5.6793899541977995,0,0,0,0,0,0,1,0,1,0,0.0,0.0,4,0.2857142857142857,0.0,0.0,0.0,0,none,0,-1,-1.0,-1.0,0.0,14,1.0,1.0,1.0,0,261,0.90625,0.0,0.3452380952380953,0.5,0.5,0.5833333333333334,0.0,11.754368040537065,0.0,14.0
838,69.83333333333333,69.83333333333333,2,21.83333333333333,21:49,11.250408372138354,5.597032249165732,5.653376122972622,0,0,0,0,0,0,1,1,0,0,0.0,0.0,3,0.21428571428571427,0.0,0.0,0.0,0,none,0,-1,-1.0,-1.0,0.0,14,1.0,1.0,1.0,0,262,0.909722222222222,0.0,0.3333333333333333,0.5,0.5,0.6666666666666666,0.0,11.754368040537065,0.0,14.0
839,69.91666666666667,69.91666666666667,2,21.91666666666667,21:55,11.213663326211059,5.582872197297952,5.630791128913106,0,0,0,0,0,0,1,1,0,0,0.0,0.0,2,0.14285714285714285,0.0,0.0,0.0,0,none,0,-1,-1.0,-1.0,0.0,14,1.0,1.0,1.0,0,263,0.9131944444444446,0.0,0.3154761904761905,0.5,0.5,0.75,0.0,11.754368040537065,0.0,14.0
840,70.0,70.0,2,22.0,22:00,11.181816391359748,5.570577835466623,5.611238555893125,2,1,1,2,1,1,1,1,0,0,0.0,0.0,3,0.21428571428571427,36.34424110817903,0.0,0.0,0,none,0,-1,-1.0,-1.0,0.0,14,1.0,1.0,1.0,0,264,0.9166666666666666,0.0,0.2916666666666667,0.5,0.5,0.8333333333333334,0.0,11.729565919837773,0.0,14.0
841,70.08333333333333,70.08333333333333,2,22.08333333333333,22:04,11.154297180483882,5.559937835039234,5.594359345444648,1,1,0,1,1,0,0,0,0,0,0.0,0.0,4,0.2857142857142857,34.57398558595766,0.0,0.0,0,none,0,-1,-1.0,-1.0,0.0,14,1.0,1.0,1.0,0,265,0.9201388888888887,0.0,0.2916666666666667,0.5833333333333334,0.5833333333333334,0.5833333333333334,0.0,14.610731385334242,0.0,14.0
842,70.16666666666667,70.16666666666667,2,22.16666666666667,22:10,11.13058847589808,5.550758980014279,5.579829495883801,1,1,0,1,1,0,1,0,1,0,0.0,0.0,4,0.2857142857142857,25.588519526863152,0.0,0.0,0,none,0,-1,-1.0,-1.0,0.0,14,1.0,1.0,1.0,0,266,0.9236111111111113,0.0,0.2976190476190476,0.6666666666666666,0.6666666666666666,0.5833333333333334,0.0,16.743108012572836,0.0,14.0
843,70.25,70.25,2,22.25,22:15,11.110223354037712,5.542865621956315,5.567357732081398,0,0,0,0,0,0,0,0,0,0,0.0,0.0,4,0.2857142857142857,0.0,0.0,0.0,0,none,0,-1,-1.0,-1.0,0.0,14,1.0,1.0,1.0,0,267,0.9270833333333334,0.0,0.30357142857142855,0.5833333333333334,0.5833333333333334,0.5,0.0,13.20450854082606,0.0,14.0
844,70.33333333333333,70.33333333333333,2,22.33333333333333,22:19,11.092782121037228,5.536098946165533,5.556683174871695,2,1,1,2,1,1,0,0,0,0,0.0,0.0,6,0.42857142857142855,24.65068067185661,0.0,0.0,0,none,0,-1,-1.0,-1.0,0.0,14,1.0,1.0,1.0,0,268,0.9305555555555554,0.0,0.3095238095238095,0.5833333333333334,0.5833333333333334,0.5,0.0,12.254476800493,0.0,14.0
845,70.41666666666667,70.41666666666667,2,22.41666666666667,22:25,11.077889134007714,5.530316098118495,5.5475730358892195,0,0,0,0,0,0,0,0,0,0,0.0,0.0,6,0.42857142857142855,0.0,0.0,0.0,0,none,0,-1,-1.0,-1.0,0.0,14,1.0,1.0,1.0,0,269,0.934027777777778,0.0,0.30952380952380953,0.5,0.5,0.5,0.0,10.09645224107137,0.0,14.0
846,70.5,70.5,2,22.5,22:30,11.065209573266051,5.525389212876043,5.539820360390008,3,2,1,3,2,1,1,1,0,0,0.0,0.0,8,0.5714285714285714,23.855976478336615,0.0,0.0,0,none,0,-1,-1.0,-1.0,0.0,14,1.0,1.0,1.0,0,270,0.9375,0.0,0.32142857142857145,0.75,0.75,0.5833333333333334,0.0,12.084450280932755,0.0,14.0
847,70.58333333333333,70.58333333333333,2,22.58333333333333,22:34,11.054446221386897,5.521204384006138,5.533241837380759,0,0,0,0,0,0,0,0,0,0,0.0,0.0,8,0.5714285714285714,0.0,0.0,0.0,0,none,0,-1,-1.0,-1.0,0.0,14,1.0,1.0,1.0,0,271,0.940972222222222,0.0,0.33928571428571425,0.75,0.75,0.5,0.0,12.084450280932755,0.0,14.0
848,70.66666666666667,70.66666666666667,2,22.66666666666667,22:40,11.045336295939368,5.51766060275124,5.527675693188129,1,0,1,1,0,1,2,2,0,0,0.0,0.0,7,0.5,45.333526197849494,0.0,0.0,0,none,0,-1,-1.0,-1.0,0.0,14,1.0,1.0,1.0,0,272,0.9444444444444446,0.0,0.3511904761904762,0.8333333333333334,0.8333333333333334,0.6666666666666666,0.0,15.862244130753545,0.0,14.0
849,70.75,70.75,2,22.75,22:45,11.037648374275019,5.514668692777917,5.522979681497103,1,1,0,1,1,0,2,0,2,0,0.0,0.0,6,0.42857142857142855,29.519373931889056,0.0,0.0,0,none,0,-1,-1.0,-1.0,0.0,14,1.0,1.0,1.0,0,273,0.9479166666666666,0.0,0.36309523809523814,0.9166666666666666,0.9166666666666666,0.75,0.0,18.322191958410965,0.0,14.0
850,70.83333333333333,70.83333333333333,2,22.83333333333333,22:49,11.03117944085892,5.512150260939815,5.519029179919106,1,1,0,1,1,0,1,1,0,0,0.0,0.0,6,0.42857142857142855,27.170683615615985,0.0,0.0,0,none,0,-1,-1.0,-1.0,0.0,14,1.0,1.0,1.0,0,274,0.9513888888888887,0.0,0.38095238095238093,1.0,1.0,0.75,0.0,20.586415593045633,0.0,14.0
851,70.91666666666667,70.91666666666667,2,22.91666666666667,22:55,11.025752080455069,5.510036680094674,5.515715400360395,3,1,2,3,1,2,2,1,1,0,0.0,0.0,7,0.5,28.067074579936207,0.0,0.0,0,none,0,-1,-1.0,-1.0,0.0,14,1.0,1.0,1.0,0,275,0.9548611111111113,0.0,0.41071428571428564,1.25,1.25,0.8333333333333334,0.0,22.92533847470698,0.0,14.0
852,71.0,71.0,2,23.0,23:00,11.021211834035757,5.508268116149105,5.512943717886652,0,0,0,0,0,0,1,1,0,0,0.0,0.0,6,0.42857142857142855,0.0,0.0,0.0,0,none,0,-1,-1.0,-1.0,0.0,14,1.0,1.0,1.0,0,276,0.9583333333333334,0.0,0.4285714285714286,1.0833333333333333,1.0833333333333333,0.8333333333333334,0.0,19.896651715692062,0.0,14.0
853,71.08333333333333,71.08333333333333,2,23.08333333333333,23:04,11.017424728600275,5.5067926081511045,5.510632120449171,1,0,1,1,0,1,0,0,0,0,0.0,0.0,7,0.5,29.713332739218437,0.0,0.0,0,none,0,-1,-1.0,-1.0,0.0,14,1.0,1.0,1.0,0,277,0.9618055555555554,0.0,0.44642857142857145,1.0833333333333333,1.0833333333333333,0.8333333333333334,0.0,19.49159731179713,0.0,14.0
854,71.16666666666667,71.16666666666667,2,23.16666666666667,23:10,11.014274987158913,5.505565207387003,5.508709779771911,1,1,0,1,1,0,0,0,0,0,0.0,0.0,8,0.5714285714285714,39.23628884998918,0.0,0.0,0,none,0,-1,-1.0,-1.0,0.0,14,1.0,1.0,1.0,0,278,0.965277777777778,0.0,0.4702380952380952,1.0833333333333333,1.0833333333333333,0.75,0.0,20.62891142205763,0.0,14.0
855,71.25,71.25,2,23.25,23:15,11.011662920942175,5.5045471790343425,5.507115741907833,2,1,1,2,1,1,1,1,0,0,0.0,0.0,9,0.6428571428571429,27.264900525468235,0.0,0.0,0,none,0,-1,-1.0,-1.0,0.0,14,1.0,1.0,1.0,0,279,0.96875,0.0,0.5,1.25,1.25,0.8333333333333334,0.0,22.900986465846653,0.0,14.0
856,71.33333333333333,71.33333333333333,2,23.33333333333333,23:19,11.00950300239716,5.503705267937626,5.505797734459534,2,1,1,2,1,1,1,1,0,0,0.0,0.0,10,0.7142857142857143,32.43939247182394,0.0,0.0,0,none,0,-1,-1.0,-1.0,0.0,14,1.0,1.0,1.0,0,280,0.972222222222222,0.0,0.5238095238095238,1.25,1.25,0.9166666666666666,0.0,23.550045782510594,0.0,14.0
857,71.41666666666667,71.41666666666667,2,23.41666666666667,23:25,11.007722114686809,5.503011028468728,5.504711086218081,2,0,2,2,0,2,2,1,1,0,0.0,0.0,10,0.7142857142857143,23.42341233432284,0.0,0.0,0,none,0,-1,-1.0,-1.0,0.0,14,1.0,1.0,1.0,0,281,0.9756944444444446,0.0,0.5476190476190477,1.4166666666666667,1.4166666666666667,1.0833333333333333,0.0,25.50199681037083,0.0,14.0
858,71.5,71.5,2,23.5,23:30,11.006257971159055,5.502440217165992,5.503817753993062,0,0,0,0,0,0,2,0,2,0,0.0,0.0,8,0.5714285714285714,0.0,0.0,0.0,0,none,0,-1,-1.0,-1.0,0.0,14,1.0,1.0,1.0,0,282,0.9791666666666666,0.0,0.5476190476190477,1.1666666666666667,1.1666666666666667,1.1666666666666667,0.0,23.513998770509446,0.0,14.0
859,71.58333333333333,71.58333333333333,2,23.58333333333333,23:34,11.005057696542984,5.501972245873942,5.503085450669041,1,1,0,1,1,0,1,0,1,0,0.0,0.0,8,0.5714285714285714,26.670261295992,0.0,0.0,0,none,0,-1,-1.0,-1.0,0.0,14,1.0,1.0,1.0,0,283,0.9826388888888887,0.0,0.5476190476190476,1.25,1.25,1.25,0.0,25.73652054517545,0.0,14.0
860,71.66666666666667,71.66666666666667,2,23.66666666666667,23:40,11.004076560396394,5.5015896923886345,5.502486868007759,1,0,1,1,0,1,2,0,2,0,0.0,0.0,7,0.5,24.89628183065237,0.0,0.0,0,none,0,-1,-1.0,-1.0,0.0,14,1.0,1.0,1.0,0,284,0.9861111111111113,0.0,0.5476190476190476,1.25,1.25,1.25,0.0,24.03341684790902,0.0,14.0
861,71.75,71.75,2,23.75,23:45,11.003276852512217,5.5012778651142815,5.501998987397935,0,0,0,0,0,0,1,0,1,0,0.0,0.0,6,0.42857142857142855,0.0,0.0,0.0,0,none,0,-1,-1.0,-1.0,0.0,14,1.0,1.0,1.0,0,285,0.9895833333333334,0.0,0.5476190476190477,1.1666666666666667,1.1666666666666667,1.1666666666666667,0.0,21.573469020251597,0.0,14.0
862,71.83333333333333,71.83333333333333,2,23.83333333333333,23:49,11.002626889529498,5.5010244179194245,5.501602471610074,2,1,1,2,1,1,2,2,0,0,0.0,0.0,6,0.42857142857142855,26.919545847452326,0.0,0.0,0,none,0,-1,-1.0,-1.0,0.0,14,1.0,1.0,1.0,0,286,0.9930555555555554,0.0,0.5476190476190476,1.25,1.25,1.25,0.0,21.552540872904626,0.0,14.0
863,71.91666666666667,71.91666666666667,2,23.91666666666667,23:55,11.002100141830912,5.5008190112139035,5.501281130617009,2,2,0,2,2,0,0,0,0,0,0.0,0.0,8,0.5714285714285714,29.50112070375324,0.0,0.0,0,none,0,-1,-1.0,-1.0,0.0,14,1.0,1.0,1.0,0,287,0.996527777777778,0.0,0.5535714285714286,1.1666666666666667,1.1666666666666667,1.0833333333333333,0.0,21.672044716556048,0.0,14.0
