step,hour,global_hour,day_index,hour_of_day,time_label,expected_passing_total,expected_station_arrivals_ab,expected_station_arrivals_bc,expected_passing_ab,expected_passing_ba,arrivals_total,arrivals_total_station_ab,arrivals_total_station_bc,arrivals_ab,arrivals_ba,starts_total,starts_ab,starts_ba,completions_total,completions_ab,completions_ba,queue_length,queue_wait_mean_minutes,queue_wait_target_minutes,queue_wait_excess_minutes,queue_wait_target_breached,active_plugs,effective_num_plugs,unused_mobile_chargers,unused_mobile_stations_estimate,utilization,started_wait_mean_minutes,completed_wait_mean_minutes,started_service_mean_minutes,disruption_active,disruption_type,disruption_type_code,disruption_target,disruption_target_code,disruption_day_index,disruption_remaining_minutes,rl_action_mcs,num_active_mobile_stations,num_active_mobile_stations_station_ab,num_active_mobile_stations_station_bc,queue_length_station_ab,queue_length_station_bc,queue_wait_mean_minutes_station_ab,queue_wait_mean_minutes_station_bc,local_deficit_without_mcs_station_ab,local_deficit_without_mcs_station_bc,local_deficit_bias_ab_minus_bc,mobile_service_capacity_station_ab,mobile_service_capacity_station_bc,spatial_deficit_coverage,unused_mobile_stations_estimate_station_ab,unused_mobile_stations_estimate_station_bc,expected_passing_od_ab,expected_passing_od_ba,expected_passing_od_bc,expected_passing_od_cb,expected_passing_od_ac,expected_passing_od_ca,reward,expected_demand_share_ab,expected_demand_share_bc,allocation_share_ab,allocation_share_bc,allocation_demand_gap_ab,allocation_demand_gap_bc,allocation_vs_demand_alignment,allocation_bias_ab_minus_bc,expected_demand_bias_ab_minus_bc,alignment_on_station_ab_disruption,alignment_on_station_bc_disruption,disruption_target_is_station_ab,disruption_target_is_station_bc,disruption_target_is_all_stations,disruption_target_is_od_ab,disruption_target_is_od_ba,disruption_target_is_od_bc,disruption_target_is_od_cb,disruption_target_is_od_ac,disruption_target_is_od_ca,disruption_target_is_eastbound,disruption_target_is_westbound,disruption_target_is_all_ods,step_in_day,day_progress,queue_length_rolling_1h,utilization_rolling_1h,arrivals_total_rolling_1h,starts_total_rolling_1h,completions_total_rolling_1h,queue_wait_mean_minutes_rolling_1h,started_service_mean_minutes_rolling_1h,started_wait_mean_minutes_rolling_1h,effective_num_plugs_rolling_1h
0,0.0,0.0,0,0.0,00:00,26.000201239272073,0.715005668143551,0.715005400016413,0.0,0.0,1.0,0.0,1.0,0.0,0.0,1.0,0.0,0.0,1.0,0.0,0.0,0.0,0.0,0.0,0.0,0,1.0,24.0,0.0,0.0,0.0416666679084301,0.0,0.0,30.0,0,none,0,none,0,-1,0.0,0.0,0.0,0.0,0.0,0.0,0.0,0.0,0.0,0.0,0.0,0.0,0.0,0.0,0.0,0.0,0.0,6.719335125196606,2.662667639024035,2.662674783477558,6.719323105704207,3.6181035289520183,3.61809705691765,-0.12583333320915702,0.500000093750022,0.49999990624997803,0.0,0.0,0.500000093750022,0.49999990624997803,0.0,0.0,2.681271380478023e-07,,,0,0,0,0,0,0,0,0,0,0,0,0,0,0.0,0.0,0.0416666679084301,1.0,1.0,1.0,0.0,30.0,0.0,24.0
1,0.08333333333333333,0.08333333333333333,0,0.08333333333333333,00:05,26.000260748134345,0.7150073442818634,0.7150069968655253,0.0,0.0,0.0,0.0,0.0,0.0,0.0,0.0,0.0,0.0,0.0,0.0,0.0,0.0,0.0,0.0,0.0,0,1.0,24.0,0.0,0.0,0.0416666679084301,0.0,0.0,30.0,0,none,0,none,0,-1,0.0,0.0,0.0,0.0,0.0,0.0,0.0,0.0,0.0,0.0,0.0,0.0,0.0,0.0,0.0,0.0,0.0,6.719352281465857,2.6626726769443145,2.6626819341194707,6.719336707630006,3.6181127669431534,3.618104381031541,-0.22583333320915702,0.5000001214730259,0.49999987852697414,0.0,0.0,0.5000001214730259,0.49999987852697414,0.0,0.0,3.4741633814228123e-07,,,0,0,0,0,0,0,0,0,0,0,0,0,1,0.003472222222222222,0.0,0.0416666679084301,0.5,0.5,0.5,0.0,30.0,0.0,24.0
2,0.16666666666666666,0.16666666666666666,0,0.16666666666666666,00:10,26.00033693923275,0.715009490295583,0.7150090413622181,0.0,0.0,1.0,1.0,0.0,0.0,0.0,1.0,0.0,0.0,1.0,0.0,0.0,0.0,0.0,0.0,0.0,0,2.0,24.0,0.0,0.0,0.0833333358168602,0.0,0.0,30.0,0,none,0,none,0,-1,0.0,0.0,0.0,0.0,0.0,0.0,0.0,0.0,0.0,0.0,0.0,0.0,0.0,0.0,0.0,0.0,0.0,6.719374247197603,2.6626791271476207,2.6626910893219233,6.719354122598481,3.618124594644863,3.6181137583222585,-0.111666666418314,0.5000001569676739,0.49999984303232614,0.0,0.0,0.5000001569676739,0.49999984303232614,0.0,0.0,4.4893336492712876e-07,,,0,0,0,0,0,0,0,0,0,0,0,0,2,0.006944444444444444,0.0,0.055555557211240135,0.6666666666666666,0.6666666666666666,0.6666666666666666,0.0,30.0,0.0,24.0
3,0.25,0.25,0,0.25,00:15,26.000434214034374,0.7150122301575376,0.715011651614353,0.0,0.0,2.0,0.0,2.0,0.0,0.0,2.0,0.0,0.0,2.0,0.0,0.0,0.0,0.0,0.0,0.0,0,4.0,24.0,0.0,0.0,0.1666666716337204,0.0,0.0,30.0,0,none,0,none,0,-1,0.0,0.0,0.0,0.0,0.0,0.0,0.0,0.0,0.0,0.0,0.7150115966796875,-0.7150115966796875,0.0,0.0,0.0,0.0,0.0,6.719402291335554,2.6626873622483473,2.6627027779758374,6.71937635664107,3.6181396953345284,3.6181257304990373,0.01666666716337204,0.5000002022844485,0.49999979771555153,0.0,0.0,0.5000002022844485,0.49999979771555153,0.0,0.0,5.785431845817257e-07,,,0,0,0,0,0,0,0,0,0,0,0,0,3,0.010416666666666666,0.0,0.0833333358168602,1.0,1.0,1.0,0.0,30.0,0.0,24.0
4,0.3333333333333333,0.3333333333333333,0,0.3333333333333333,00:20,26.00055805632005,0.7150157183253821,0.7150149747722205,0.0,0.0,5.0,3.0,2.0,0.0,0.0,5.0,0.0,0.0,5.0,0.0,0.0,0.0,0.0,0.0,0.0,0,9.0,24.0,0.0,0.0,0.375,0.0,0.0,30.0,0,none,0,none,0,-1,0.0,0.0,0.0,0.0,0.0,0.0,0.0,0.0,0.0,1.7150156497955322,0.7150149345397949,1.0000007152557373,0.0,0.0,0.0,0.0,0.0,6.719437994859425,2.662697846483344,2.6627176590284036,6.719404663165971,3.618158920308921,3.618140972473984,0.3875,0.5000002599780428,0.49999974002195713,0.0,0.0,0.5000002599780428,0.49999974002195713,0.0,0.0,7.435531615973545e-07,,,0,0,0,0,0,0,0,0,0,0,0,0,4,0.013888888888888888,0.0,0.14166666865348815,1.8,1.8,1.8,0.0,30.0,0.0,24.0
5,0.4166666666666667,0.4166666666666667,0,0.4166666666666667,00:25,26.00071527674646,0.7150201466300854,0.71501919359097,0.0,0.0,0.0,0.0,0.0,0.0,0.0,0.0,0.0,0.0,0.0,0.0,0.0,0.0,0.0,0.0,0.0,0,9.0,24.0,0.0,0.0,0.375,0.0,0.0,30.0,0,none,0,none,0,-1,0.0,0.0,0.0,0.0,0.0,0.0,0.0,0.0,0.0,0.0,0.0,0.0,0.0,0.0,0.0,0.0,0.0,6.719483321296194,2.66271115641342,2.662736550872612,6.719440598853085,3.6181833268517964,3.618160322459353,-0.1125,0.5000003332212928,0.4999996667787072,0.0,0.0,0.5000003332212928,0.4999996667787072,0.0,0.0,9.530391154033424e-07,,,0,0,0,0,0,0,0,0,0,0,0,0,5,0.017361111111111112,0.0,0.18055555721124014,1.5,1.5,1.5,0.0,30.0,0.0,24.0
6,0.5,0.5,0,0.5,00:30,26.000914307080095,0.7150257525635397,0.7150245343258654,0.0,0.0,4.0,3.0,1.0,0.0,0.0,4.0,0.0,0.0,4.0,0.0,0.0,0.0,0.0,0.0,0.0,0,13.0,24.0,0.0,0.0,0.5416666269302368,0.0,0.0,30.0,0,none,0,none,0,-1,0.0,0.0,0.0,0.0,0.0,0.0,0.0,0.0,0.0,1.7150256633758545,0.0,1.7150256633758545,0.0,0.0,0.0,0.0,0.0,6.719540701554212,2.662728005828458,2.6627604667069242,6.71948609089985,3.618214223913806,3.618184818176842,0.3441666626930237,0.5000004259422502,0.49999957405774975,0.0,0.0,0.5000004259422502,0.49999957405774975,0.0,0.0,1.218237674294187e-06,,,0,0,0,0,0,0,0,0,0,0,0,0,6,0.020833333333333332,0.0,0.23214285288538253,1.8571428571428572,1.8571428571428572,1.8571428571428572,0.0,30.0,0.0,24.0
7,0.5833333333333334,0.5833333333333334,0,0.5833333333333334,00:35,26.001165552821735,0.7150328292109001,0.7150312761942954,0.0,0.0,3.0,1.0,2.0,0.0,0.0,3.0,0.0,0.0,3.0,0.0,0.0,0.0,0.0,0.0,0.0,0,15.0,24.0,0.0,0.0,0.625,0.0,0.0,30.0,0,none,0,none,0,-1,0.0,0.0,0.0,0.0,0.0,0.0,0.0,0.0,0.0,0.0,0.7150311470031738,-0.7150311470031738,0.0,0.0,0.0,0.0,0.0,6.719613135595156,2.6627492755934012,2.6627906569135913,6.719543517609426,3.61825322685893,3.6182157402512294,0.2725,0.5000005429884572,0.4999994570115428,0.0,0.0,0.5000005429884572,0.4999994570115428,0.0,0.0,1.5530166046495708e-06,,,0,0,0,0,0,0,0,0,0,0,0,0,7,0.024305555555555556,0.0,0.2812499962747097,2.0,2.0,2.0,0.0,30.0,0.0,24.0
8,0.6666666666666666,0.6666666666666666,0,0.6666666666666666,00:40,26.001481814152513,0.7150417371074173,0.715039762670971,0.0,0.0,4.0,2.0,2.0,0.0,0.0,4.0,0.0,0.0,4.0,0.0,0.0,0.0,0.0,0.0,0.0,0,19.0,24.0,0.0,0.0,0.7916666269302368,0.0,0.0,30.0,0,none,0,none,0,-1,0.0,0.0,0.0,0.0,0.0,0.0,0.0,0.0,0.0,0.7150416374206543,0.7150397300720215,1.9073486328125e-06,0.0,0.0,0.0,0.0,0.0,6.719704313809022,2.662776049274619,2.66282865965015,6.719615804589013,3.618302322820242,3.618254664009468,0.4291666626930237,0.5000006903230503,0.49999930967694967,0.0,0.0,0.5000006903230503,0.49999930967694967,0.0,0.0,1.9744364462281894e-06,,,0,0,0,0,0,0,0,0,0,0,0,0,8,0.027777777777777776,0.0,0.33796295523643494,2.2222222222222223,2.2222222222222223,2.2222222222222223,0.0,30.0,0.0,24.0
9,0.75,0.75,0,0.75,00:45,26.00187878644192,0.7150529183364334,0.7150504149178725,0.0,0.0,2.0,2.0,0.0,0.0,0.0,2.0,0.0,0.0,2.0,0.0,0.0,0.0,0.0,0.0,0.0,0,20.0,24.0,0.0,0.0,0.8333333730697632,0.0,0.0,30.0,0,none,0,none,0,-1,0.0,0.0,0.0,0.0,0.0,0.0,0.0,0.0,0.0,0.7150528430938721,0.0,0.7150528430938721,0.0,0.0,0.0,0.0,0.0,6.719818761335814,2.6628096554963965,2.662876361006641,6.719706539124462,3.6183639484115915,3.6183035210670176,0.24333333730697634,0.5000008752579281,0.49999912474207187,0.0,0.0,0.5000008752579281,0.49999912474207187,0.0,0.0,2.5034185608951987e-06,,,0,0,0,0,0,0,0,0,0,0,0,0,9,0.03125,0.0,0.3874999970197678,2.2,2.2,2.2,0.0,30.0,0.0,24.0
10,0.8333333333333334,0.8333333333333334,0,0.8333333333333334,00:50,26.002375652955763,0.7150669132246075,0.7150637476879595,0.0,0.0,0.0,0.0,0.0,0.0,0.0,0.0,0.0,0.0,0.0,0.0,0.0,0.0,0.0,0.0,0.0,0,16.0,24.0,0.0,0.0,0.6666666269302368,0.0,0.0,30.0,0,none,0,none,0,-1,0.0,0.0,0.0,0.0,0.0,0.0,0.0,0.0,0.0,0.0,0.0,0.0,0.0,0.0,0.0,0.0,0.0,6.71996200898213,2.6628517180946822,2.6629360662498778,6.719820105615153,3.618441081759608,3.6183646722543132,-0.013333337306976323,0.5000011067298724,0.49999889327012753,0.0,0.0,0.5000011067298724,0.49999889327012753,0.0,0.0,3.1655366479199643e-06,,,0,0,0,0,0,0,0,0,0,0,0,0,10,0.034722222222222224,0.0,0.41287878155708313,2.0,2.0,2.0,0.0,30.0,0.0,24.0
11,0.9166666666666666,0.9166666666666666,0,0.9166666666666666,00:55,26.002995783873924,0.7150843800319469,0.715080388081119,0.0,0.0,3.0,2.0,1.0,0.0,0.0,3.0,0.0,0.0,3.0,0.0,0.0,0.0,0.0,0.0,0.0,0,17.0,24.0,0.0,0.0,0.7083333134651184,0.0,0.0,30.0,0,none,0,none,0,-1,0.0,0.0,0.0,0.0,0.0,0.0,0.0,0.0,0.0,0.7150843143463135,0.0,0.7150843143463135,0.0,0.0,0.0,0.0,0.0,6.720140794807276,2.662904215258573,2.663010583854299,6.719961845287408,3.618537351050071,3.618440993616296,0.30083333134651186,0.5000013956261953,0.4999986043738047,0.0,0.0,0.5000013956261953,0.4999986043738047,0.0,0.0,3.991950827897384e-06,,,0,0,0,0,0,0,0,0,0,0,0,0,11,0.03819444444444444,0.0,0.4374999925494194,2.0833333333333335,2.0833333333333335,2.0833333333333335,0.0,30.0,0.0,24.0
12,1.0,1.0,0,1.0,01:00,26.003767557253358,0.7151061180772543,0.7151010975716803,0.0,0.0,1.0,0.0,1.0,0.0,0.0,1.0,0.0,0.0,1.0,0.0,0.0,0.0,0.0,0.0,0.0,0,14.0,24.0,0.0,0.0,0.5833333134651184,0.0,0.0,30.0,0,none,0,none,0,-1,0.0,0.0,0.0,0.0,0.0,0.0,0.0,0.0,0.0,0.0,0.0,0.0,0.0,0.0,0.0,0.0,0.0,6.7203633008966115,2.66296954897723,2.6631033242041213,6.720138243750193,3.618657162021252,3.61853597740395,0.05833333134651184,0.5000017551671951,0.49999824483280497,0.0,0.0,0.5000017551671951,0.49999824483280497,0.0,0.0,5.0205055740493165e-06,,,0,0,0,0,0,0,0,0,0,0,0,0,12,0.041666666666666664,0.0,0.48263887967914343,2.0833333333333335,2.0833333333333335,2.0833333333333335,0.0,30.0,0.0,24.0
13,1.0833333333333333,1.0833333333333333,0,1.0833333333333333,01:04,26.00472531912395,0.7151330947834289,0.7151267977683882,0.0,0.0,2.0,1.0,1.0,0.0,0.0,2.0,0.0,0.0,2.0,0.0,0.0,0.0,0.0,0.0,0.0,0,13.0,24.0,0.0,0.0,0.5416666865348816,0.0,0.0,30.0,0,none,0,none,0,-1,0.0,0.0,0.0,0.0,0.0,0.0,0.0,0.0,0.0,0.0,0.0,0.0,0.0,0.0,0.0,0.0,0.0,6.720639430291777,2.663050626238679,2.663218415040708,6.720357150307189,3.618805847080187,3.618653850165409,0.14416666865348815,0.5000022013534301,0.4999977986465699,0.0,0.0,0.5000022013534301,0.4999977986465699,0.0,0.0,6.297015040734877e-06,,,0,0,0,0,0,0,0,0,0,0,0,0,13,0.04513888888888889,0.0,0.5243055478980144,2.25,2.25,2.25,0.0,30.0,0.0,24.0
14,1.1666666666666667,1.1666666666666667,0,1.1666666666666667,01:10,26.005910501447737,0.7151664771706547,0.7151586004089707,0.0,0.0,1.0,1.0,0.0,0.0,0.0,1.0,0.0,0.0,1.0,0.0,0.0,0.0,0.0,0.0,0.0,0,13.0,24.0,0.0,0.0,0.5416666865348816,0.0,0.0,30.0,0,none,0,none,0,-1,0.0,0.0,0.0,0.0,0.0,0.0,0.0,0.0,0.0,0.0,0.0,0.0,0.0,0.0,0.0,0.0,0.0,6.720981129498817,2.663150953553702,2.663360835918326,6.720628033285393,3.618989838960901,3.6187997102305958,0.04416666865348815,0.5000027534865351,0.49999724651346483,0.0,0.0,0.5000027534865351,0.49999724651346483,0.0,0.0,7.876761684011413e-06,,,0,0,0,0,0,0,0,0,0,0,0,0,14,0.04861111111111111,0.0,0.5624999937911829,2.25,2.25,2.25,0.0,30.0,0.0,24.0
15,1.25,1.25,0,1.25,01:15,26.007372918161686,0.7152076683676722,0.7151978421312205,0.0,0.0,1.0,0.0,1.0,0.0,0.0,1.0,0.0,0.0,1.0,0.0,0.0,0.0,0.0,0.0,0.0,0,12.0,24.0,0.0,0.0,0.5,0.0,0.0,30.0,0,none,0,none,0,-1,0.0,0.0,0.0,0.0,0.0,0.0,0.0,0.0,0.0,0.0,0.0,0.0,0.0,0.0,0.0,0.0,0.0,6.721402762433621,2.6632747464987707,2.6635365741158257,6.7209622759719885,3.619216872079641,3.61897968706184,0.029999999999999985,0.5000034347729995,0.4999965652270004,0.0,0.0,0.5000034347729995,0.4999965652270004,0.0,0.0,9.826236451737635e-06,,,0,0,0,0,0,0,0,0,0,0,0,0,15,0.052083333333333336,0.0,0.5902777711550394,2.1666666666666665,2.1666666666666665,2.1666666666666665,0.0,30.0,0.0,24.0
16,1.3333333333333333,1.3333333333333333,0,1.3333333333333333,01:19,26.009172260905125,0.71525834975051,0.7152461245992718,0.0,0.0,2.0,1.0,1.0,0.0,0.0,2.0,0.0,0.0,2.0,0.0,0.0,0.0,0.0,0.0,0.0,0,13.0,24.0,0.0,0.0,0.5416666865348816,0.0,0.0,30.0,0,none,0,none,0,-1,0.0,0.0,0.0,0.0,0.0,0.0,0.0,0.0,0.0,0.0,0.0,0.0,0.0,0.0,0.0,0.0,0.0,6.721921542075038,2.6634270560813076,2.6637528046252785,6.721373518054012,3.619496214963482,3.619201125106006,0.14416666865348815,0.5000042730209717,0.49999572697902833,0.0,0.0,0.5000042730209717,0.49999572697902833,0.0,0.0,1.2225151238109966e-05,,,0,0,0,0,0,0,0,0,0,0,0,0,16,0.05555555555555555,0.0,0.604166661699613,1.9166666666666667,1.9166666666666667,1.9166666666666667,0.0,30.0,0.0,24.0
17,1.4166666666666667,1.4166666666666667,0,1.4166666666666667,01:25,26.01137981724073,0.7153205293524615,0.7153053605957786,0.0,0.0,3.0,0.0,3.0,0.0,0.0,3.0,0.0,0.0,3.0,0.0,0.0,0.0,0.0,0.0,0.0,0,14.0,24.0,0.0,0.0,0.5833333730697632,0.0,0.0,30.0,0,none,0,none,0,-1,0.0,0.0,0.0,0.0,0.0,0.0,0.0,0.0,0.0,0.0,1.7153053283691406,-1.7153053283691406,0.0,0.0,0.0,0.0,0.0,6.722558026461784,2.663613913822377,2.664018096994185,6.7218780477139255,3.619838937325576,3.6194727949228827,0.25833333730697633,0.5000053014407154,0.4999946985592847,0.0,0.0,0.5000053014407154,0.4999946985592847,0.0,0.0,1.5168756682837348e-05,,,0,0,0,0,0,0,0,0,0,0,0,0,17,0.05902777777777778,0.0,0.6215277761220932,2.1666666666666665,2.1666666666666665,2.1666666666666665,0.0,30.0,0.0,24.0
18,1.5,1.5,0,1.5,01:30,26.01408043513512,0.7153965972165922,0.7153778267158395,0.0,0.0,2.0,2.0,0.0,0.0,0.0,2.0,0.0,0.0,2.0,0.0,0.0,0.0,0.0,0.0,0.0,0,12.0,24.0,0.0,0.0,0.5,0.0,0.0,30.0,0,none,0,none,0,-1,0.0,0.0,0.0,0.0,0.0,0.0,0.0,0.0,0.0,0.7153966426849365,0.0,0.7153966426849365,0.0,0.0,0.0,0.0,0.0,6.723336685969346,2.663842497518525,2.6643426519273197,6.722495249728685,3.620258215521955,3.6198051344692916,0.12999999999999998,0.5000065595597876,0.4999934404402124,0.0,0.0,0.5000065595597876,0.4999934404402124,0.0,0.0,1.8770500752718355e-05,,,0,0,0,0,0,0,0,0,0,0,0,0,18,0.0625,0.0,0.6180555572112402,2.0,2.0,2.0,0.0,30.0,0.0,24.0
19,1.5833333333333333,1.5833333333333333,0,1.5833333333333333,01:34,26.01737475808425,0.7154893883802427,0.7154662233143911,0.0,0.0,1.0,1.0,0.0,0.0,0.0,1.0,0.0,0.0,1.0,0.0,0.0,0.0,0.0,0.0,0.0,0,12.0,24.0,0.0,0.0,0.5,0.0,0.0,30.0,0,none,0,none,0,-1,0.0,0.0,0.0,0.0,0.0,0.0,0.0,0.0,0.0,0.0,0.0,0.0,0.0,0.0,0.0,0.0,0.0,6.724286549014836,2.6641213196772497,2.664738570648253,6.72324811502835,3.6207696802387574,3.620210523476804,0.029999999999999985,0.5000080942643021,0.4999919057356978,0.0,0.0,0.5000080942643021,0.4999919057356978,0.0,0.0,2.3165065851538102e-05,,,0,0,0,0,0,0,0,0,0,0,0,0,19,0.06597222222222222,0.0,0.6076388905445734,1.8333333333333333,1.8333333333333333,1.8333333333333333,0.0,30.0,0.0,24.0
20,1.6666666666666667,1.6666666666666667,0,1.6666666666666667,01:40,26.021381755449077,0.7156022541870618,0.7155737423626375,0.0,0.0,2.0,1.0,1.0,0.0,0.0,2.0,0.0,0.0,2.0,0.0,0.0,0.0,0.0,0.0,0.0,0,13.0,24.0,0.0,0.0,0.5416666865348816,0.0,0.0,30.0,0,none,0,none,0,-1,0.0,0.0,0.0,0.0,0.0,0.0,0.0,0.0,0.0,0.0,0.0,0.0,0.0,0.0,0.0,0.0,0.0,6.7254419334342135,2.664460440609282,2.665220160068935,6.724163817166846,3.6213918103107297,3.6207035938590706,0.14416666865348815,0.500009960977718,0.499990039022282,0.0,0.0,0.500009960977718,0.499990039022282,0.0,0.0,2.8511824424315435e-05,,,0,0,0,0,0,0,0,0,0,0,0,0,20,0.06944444444444445,0.0,0.5868055621782938,1.6666666666666667,1.6666666666666667,1.6666666666666667,0.0,30.0,0.0,24.0
21,1.75,1.75,0,1.75,01:45,26.026241572198707,0.7157391426130781,0.7157041438578509,0.0,0.0,1.0,0.0,1.0,0.0,0.0,1.0,0.0,0.0,1.0,0.0,0.0,0.0,0.0,0.0,0.0,0,9.0,24.0,0.0,0.0,0.375,0.0,0.0,30.0,0,none,0,none,0,-1,0.0,0.0,0.0,0.0,0.0,0.0,0.0,0.0,0.0,0.0,0.0,0.0,0.0,0.0,0.0,0.0,0.0,6.7268432707303445,2.664871708093989,2.6658042768070698,6.725274361013129,3.622146376547108,3.6213015790070693,-0.0125,0.5000122249884288,0.49998777501157116,0.0,0.0,0.5000122249884288,0.49998777501157116,0.0,0.0,3.499875522727791e-05,,,0,0,0,0,0,0,0,0,0,0,0,0,21,0.07291666666666667,0.0,0.5486111144224802,1.5833333333333333,1.5833333333333333,1.5833333333333333,0.0,30.0,0.0,24.0
22,1.8333333333333333,1.8333333333333333,0,1.8333333333333333,01:49,26.032118721219238,0.715904688265826,0.7158618414012319,0.0,0.0,0.0,0.0,0.0,0.0,0.0,0.0,0.0,0.0,0.0,0.0,0.0,0.0,0.0,0.0,0.0,0,7.0,24.0,0.0,0.0,0.2916666865348816,0.0,0.0,30.0,0,none,0,none,0,-1,0.0,0.0,0.0,0.0,0.0,0.0,0.0,0.0,0.0,0.0,0.0,0.0,0.0,0.0,0.0,0.0,0.0,6.728538030170442,2.665369025398854,2.6665107130136496,6.7266173086539345,3.623058939322545,3.62202470465981,-0.14083333134651185,0.5000149629369406,0.4999850370630594,0.0,0.0,0.5000149629369406,0.4999850370630594,0.0,0.0,4.2846864594103806e-05,,,0,0,0,0,0,0,0,0,0,0,0,0,22,0.07638888888888888,0.0,0.517361119389534,1.5833333333333333,1.5833333333333333,1.5833333333333333,0.0,30.0,0.0,24.0
23,1.9166666666666667,1.9166666666666667,0,1.9166666666666667,01:55,26.039205639508445,0.716104312666123,0.7160519975068416,0.0,0.0,1.0,1.0,0.0,0.0,0.0,1.0,0.0,0.0,1.0,0.0,0.0,0.0,0.0,0.0,0.0,0,7.0,24.0,0.0,0.0,0.2916666567325592,0.0,0.0,30.0,0,none,0,none,0,-1,0.0,0.0,0.0,0.0,0.0,0.0,0.0,0.0,0.0,0.0,0.0,0.0,0.0,0.0,0.0,0.0,0.0,6.730581749286824,2.6659686492158654,2.6673626268146515,6.72823658697383,3.6241594034621354,3.622896623755139,-0.0408333343267441,0.5000182644725683,0.49998173552743164,0.0,0.0,0.5000182644725683,0.49998173552743164,0.0,0.0,5.2315159281390855e-05,,,0,0,0,0,0,0,0,0,0,0,0,0,23,0.07986111111111112,0.0,0.4826388979951541,1.4166666666666667,1.4166666666666667,1.4166666666666667,0.0,30.0,0.0,24.0
24,2.0,2.0,0,2.0,02:00,26.0477266268029,0.716344335347032,0.7162806291271273,0.0,0.0,4.0,2.0,2.0,0.0,0.0,4.0,0.0,0.0,4.0,0.0,0.0,0.0,0.0,0.0,0.0,0,10.0,24.0,0.0,0.0,0.4166666865348816,0.0,0.0,30.0,0,none,0,none,0,-1,0.0,0.0,0.0,0.0,0.0,0.0,0.0,0.0,0.0,0.7163443565368652,0.7162806987762451,6.365776062011719e-05,0.0,0.0,0.0,0.0,0.0,6.733039176672466,2.6666895187612325,2.6683870199192152,6.7301833806071265,3.625482633592866,3.623944897249991,0.3016666686534881,0.500022234088294,0.49997776591170595,0.0,0.0,0.500022234088294,0.49997776591170595,0.0,0.0,6.370621990470227e-05,,,0,0,0,0,0,0,0,0,0,0,0,0,24,0.08333333333333333,0.0,0.4687500124176343,1.6666666666666667,1.6666666666666667,1.6666666666666667,0.0,30.0,0.0,24.0
25,2.0833333333333335,2.0833333333333335,0,2.0833333333333335,02:05,26.057942181336564,0.7166320962001372,0.7165547237733738,0.0,0.0,2.0,1.0,1.0,0.0,0.0,2.0,0.0,0.0,2.0,0.0,0.0,0.0,0.0,0.0,0.0,0,12.0,24.0,0.0,0.0,0.5,0.0,0.0,30.0,0,none,0,none,0,-1,0.0,0.0,0.0,0.0,0.0,0.0,0.0,0.0,0.0,0.0,0.0,0.0,0.0,0.0,0.0,0.0,0.0,6.73598553203117,2.6675536168536884,2.6696152645898787,6.732517112899279,3.627069132632168,3.6252015223303804,0.12999999999999998,0.5000269931406308,0.4999730068593693,0.0,0.0,0.5000269931406308,0.4999730068593693,0.0,0.0,7.737242676342238e-05,,,0,0,0,0,0,0,0,0,0,0,0,0,25,0.08680555555555557,0.0,0.4652777885397275,1.6666666666666667,1.6666666666666667,1.6666666666666667,0.0,30.0,0.0,24.0
26,2.1666666666666665,2.1666666666666665,0,2.1666666666666665,02:09,26.070153742370845,0.7169760893618282,0.7168823664685684,0.0,0.0,1.0,1.0,0.0,0.0,0.0,1.0,0.0,0.0,1.0,0.0,0.0,0.0,0.0,0.0,0.0,0,11.0,24.0,0.0,0.0,0.4583333134651184,0.0,0.0,30.0,0,none,0,none,0,-1,0.0,0.0,0.0,0.0,0.0,0.0,0.0,0.0,0.0,0.0,0.0,0.0,0.0,0.0,0.0,0.0,0.0,6.73950788721081,2.668586363223211,2.6710836816975467,6.735306516131748,3.6289657854212054,3.626703508686325,0.015833331346511836,0.5000326820589852,0.4999673179410148,0.0,0.0,0.5000326820589852,0.4999673179410148,0.0,0.0,9.372289325981775e-05,,,0,0,0,0,0,0,0,0,0,0,0,0,26,0.09027777777777778,0.0,0.4583333407839139,1.6666666666666667,1.6666666666666667,1.6666666666666667,0.0,30.0,0.0,24.0
27,2.25,2.25,0,2.25,02:15,26.084708842731484,0.7173861087583242,0.7172728775919075,0.0,0.0,1.0,1.0,0.0,0.0,0.0,1.0,0.0,0.0,1.0,0.0,0.0,0.0,0.0,0.0,0.0,0,10.0,24.0,0.0,0.0,0.4166666567325592,0.0,0.0,30.0,0,none,0,none,0,-1,0.0,0.0,0.0,0.0,0.0,0.0,0.0,0.0,0.0,0.0,0.0,0.0,0.0,0.0,0.0,0.0,0.0,6.743706670389615,2.6698170395887684,2.6728341709855106,6.73863079051257,3.631226668671331,3.628493502583691,0.001666665673255907,0.5000394627460233,0.4999605372539767,0.0,0.0,0.5000394627460233,0.4999605372539767,0.0,0.0,0.00011323116641670516,,,0,0,0,0,0,0,0,0,0,0,0,0,27,0.09375,0.0,0.4513888955116272,1.6666666666666667,1.6666666666666667,1.6666666666666667,0.0,30.0,0.0,24.0
28,2.3333333333333335,2.3333333333333335,0,2.3333333333333335,02:20,26.102006666717767,0.7178734052145472,0.7177369614549299,0.0,0.0,0.0,0.0,0.0,0.0,0.0,0.0,0.0,0.0,0.0,0.0,0.0,0.0,0.0,0.0,0.0,0,8.0,24.0,0.0,0.0,0.3333333134651184,0.0,0.0,30.0,0,none,0,none,0,-1,0.0,0.0,0.0,0.0,0.0,0.0,0.0,0.0,0.0,0.0,0.0,0.0,0.0,0.0,0.0,0.0,0.0,6.748697293677231,2.671279245162999,2.6749148939355893,6.742580849275236,3.633913927364662,3.63062045730205,-0.12666666865348816,0.5000475211668797,0.4999524788331204,0.0,0.0,0.5000475211668797,0.4999524788331204,0.0,0.0,0.0001364437596172996,,,0,0,0,0,0,0,0,0,0,0,0,0,28,0.09722222222222222,0.0,0.4340277810891469,1.5,1.5,1.5,0.0,30.0,0.0,24.0
29,2.4166666666666665,2.4166666666666665,0,2.4166666666666665,02:24,26.122503999308183,0.7184508547759993,0.7182868651859509,0.0,0.0,1.0,1.0,0.0,0.0,0.0,1.0,0.0,0.0,1.0,0.0,0.0,0.0,0.0,0.0,0.0,0,6.0,24.0,0.0,0.0,0.25,0.0,0.0,30.0,0,none,0,none,0,-1,0.0,0.0,0.0,0.0,0.0,0.0,0.0,0.0,0.0,0.0,0.0,0.0,0.0,0.0,0.0,0.0,0.0,6.754611902117399,2.673011380176817,2.677381008760732,6.7472606446235135,3.6370987165247533,3.6331403471049684,-0.05500000000000001,0.5000570701206525,0.49994292987934746,0.0,0.0,0.5000570701206525,0.49994292987934746,0.0,0.0,0.00016398959004848557,,,0,0,0,0,0,0,0,0,0,0,0,0,29,0.10069444444444443,0.0,0.40625,1.3333333333333333,1.3333333333333333,1.3333333333333333,0.0,30.0,0.0,24.0
30,2.5,2.5,0,2.5,02:30,26.146721541495467,0.7191331375926051,0.7189365471896457,0.0,0.0,0.0,0.0,0.0,0.0,0.0,0.0,0.0,0.0,0.0,0.0,0.0,0.0,0.0,0.0,0.0,0,4.0,24.0,0.0,0.0,0.1666666716337204,0.0,0.0,30.0,0,none,0,none,0,-1,0.0,0.0,0.0,0.0,0.0,0.0,0.0,0.0,0.0,0.0,0.0,0.0,0.0,0.0,0.0,0.0,0.0,6.761601239428546,2.6750571537528423,2.68029545604094,6.752788566177551,3.6408622058461395,3.6361169202494503,-0.18333333283662798,0.5000683521824567,0.49993164781754323,0.0,0.0,0.5000683521824567,0.49993164781754323,0.0,0.0,0.00019659040295938457,,,0,0,0,0,0,0,0,0,0,0,0,0,30,0.10416666666666667,0.0,0.3784722226361434,1.1666666666666667,1.1666666666666667,1.1666666666666667,0.0,30.0,0.0,24.0
31,2.5833333333333335,2.5833333333333335,0,2.5833333333333335,02:35,26.175250553794754,0.7199369263680051,0.7197018540907064,0.0,0.0,1.0,0.0,1.0,0.0,0.0,1.0,0.0,0.0,1.0,0.0,0.0,0.0,0.0,0.0,0.0,0,4.0,24.0,0.0,0.0,0.1666666716337204,0.0,0.0,30.0,0,none,0,none,0,-1,0.0,0.0,0.0,0.0,0.0,0.0,0.0,0.0,0.0,0.0,0.0,0.0,0.0,0.0,0.0,0.0,0.0,6.76983662279246,2.677466110980947,2.683729792375596,6.759298899992379,3.6452966430420934,3.63962248461128,-0.08333333283662797,0.5000816427983497,0.4999183572016504,0.0,0.0,0.5000816427983497,0.4999183572016504,0.0,0.0,0.00023507227729868685,,,0,0,0,0,0,0,0,0,0,0,0,0,31,0.1076388888888889,0.0,0.3506944452722867,1.1666666666666667,1.1666666666666667,1.1666666666666667,0.0,30.0,0.0,24.0
32,2.6666666666666665,2.6666666666666665,0,2.6666666666666665,02:39,26.208759775474586,0.7208810829871182,0.720600704663984,0.0,0.0,2.0,0.0,2.0,0.0,0.0,2.0,0.0,0.0,2.0,0.0,0.0,0.0,0.0,0.0,0.0,0,6.0,24.0,0.0,0.0,0.25,0.0,0.0,30.0,0,none,0,none,0,-1,0.0,0.0,0.0,0.0,0.0,0.0,0.0,0.0,0.0,0.0,0.7206006050109863,-0.7206006050109863,0.0,0.0,0.0,0.0,0.0,6.779512015610431,2.680294172354051,2.6877650681520437,6.766943332119088,3.650506469944078,3.643738717294893,0.045,0.5000972535086937,0.49990274649130634,0.0,0.0,0.5000972535086937,0.49990274649130634,0.0,0.0,0.0002803783231342116,,,0,0,0,0,0,0,0,0,0,0,0,0,32,0.1111111111111111,0.0,0.3263888880610466,1.1666666666666667,1.1666666666666667,1.1666666666666667,0.0,30.0,0.0,24.0
33,2.75,2.75,0,2.75,02:45,26.248002550904715,0.7219868615003658,0.7216532787993937,0.0,0.0,1.0,1.0,0.0,0.0,0.0,1.0,0.0,0.0,1.0,0.0,0.0,0.0,0.0,0.0,0.0,0,6.0,24.0,0.0,0.0,0.25,0.0,0.0,30.0,0,none,0,none,0,-1,0.0,0.0,0.0,0.0,0.0,0.0,0.0,0.0,0.0,0.0,0.0,0.0,0.0,0.0,0.0,0.0,0.0,6.790846183412935,2.6836041768050887,2.69249274413864,6.775892476061708,3.6566094833761955,3.64855748711015,-0.05500000000000001,0.5001155352679868,0.49988446473201315,0.0,0.0,0.5001155352679868,0.49988446473201315,0.0,0.0,0.00033358270097216813,,,0,0,0,0,0,0,0,0,0,0,0,0,33,0.11458333333333333,0.0,0.3159722213943799,1.1666666666666667,1.1666666666666667,1.1666666666666667,0.0,30.0,0.0,24.0
34,2.8333333333333335,2.8333333333333335,0,2.8333333333333335,02:50,26.293824076696097,0.7232781151676976,0.7228822090505879,0.0,0.0,4.0,1.0,3.0,0.0,0.0,4.0,0.0,0.0,4.0,0.0,0.0,0.0,0.0,0.0,0.0,0,9.0,24.0,0.0,0.0,0.375,0.0,0.0,30.0,0,none,0,none,0,-1,0.0,0.0,0.0,0.0,0.0,0.0,0.0,0.0,0.0,0.0,1.7228822708129883,-1.7228822708129883,0.0,0.0,0.0,0.0,0.0,6.804084914067908,2.687466417451878,2.6980156401159734,6.786337398365453,3.66373803065195,3.6541816760429358,0.28750000000000003,0.5001368818209432,0.49986311817905676,0.0,0.0,0.5001368818209432,0.49986311817905676,0.0,0.0,0.00039590611710971224,,,0,0,0,0,0,0,0,0,0,0,0,0,34,0.11805555555555557,0.0,0.3229166641831398,1.5,1.5,1.5,0.0,30.0,0.0,24.0
35,2.9166666666666665,2.9166666666666665,0,2.9166666666666665,02:54,26.347168664194406,0.7247815047541499,0.7243127717765423,0.0,0.0,0.0,0.0,0.0,0.0,0.0,0.0,0.0,0.0,0.0,0.0,0.0,0.0,0.0,0.0,0.0,0,9.0,24.0,0.0,0.0,0.375,0.0,0.0,30.0,0,none,0,none,0,-1,0.0,0.0,0.0,0.0,0.0,0.0,0.0,0.0,0.0,0.0,0.0,0.0,0.0,0.0,0.0,0.0,0.0,6.819503279130767,2.6919591568201033,2.7044489071818676,6.798491110994315,3.6720402272242585,3.6607259828430925,-0.1125,0.5001617330856933,0.4998382669143067,0.0,0.0,0.5001617330856933,0.4998382669143067,0.0,0.0,0.0004687329776076332,,,0,0,0,0,0,0,0,0,0,0,0,0,35,0.12152777777777778,0.0,0.3298611094554265,1.4166666666666667,1.4166666666666667,1.4166666666666667,0.0,30.0,0.0,24.0
36,3.0,3.0,0,3.0,03:00,26.409086891617562,0.7265267047276068,0.7259730743113593,0.0,0.0,3.0,2.0,1.0,0.0,0.0,3.0,0.0,0.0,3.0,0.0,0.0,0.0,0.0,0.0,0.0,0,12.0,24.0,0.0,0.0,0.5,0.0,0.0,30.0,0,none,0,none,0,-1,0.0,0.0,0.0,0.0,0.0,0.0,0.0,0.0,0.0,0.7265267372131348,0.0,0.7265267372131348,0.0,0.0,0.0,0.0,0.0,6.837407908675033,2.697169105802354,2.7119210137268492,6.812589993182401,3.6816811815942483,3.668317688636677,0.22999999999999998,0.5001905784855313,0.49980942151446867,0.0,0.0,0.5001905784855313,0.49980942151446867,0.0,0.0,0.0005536304162475636,,,0,0,0,0,0,0,0,0,0,0,0,0,36,0.125,0.0,0.3368055522441864,1.3333333333333333,1.3333333333333333,1.3333333333333333,0.0,30.0,0.0,24.0
37,3.0833333333333335,3.0833333333333335,0,3.0833333333333335,03:05,26.48074249902001,0.7285466034471979,0.7278942339989027,0.0,0.0,1.0,1.0,0.0,0.0,0.0,1.0,0.0,0.0,1.0,0.0,0.0,0.0,0.0,0.0,0.0,0,12.0,24.0,0.0,0.0,0.5,0.0,0.0,30.0,0,none,0,none,0,-1,0.0,0.0,0.0,0.0,0.0,0.0,0.0,0.0,0.0,0.0,0.0,0.0,0.0,0.0,0.0,0.0,0.0,6.8581392473045675,2.7031918479639967,2.720574733401276,6.828895099171013,3.6928442100870744,3.677097361092083,0.029999999999999985,0.5002239601607983,0.4997760398392017,0.0,0.0,0.5002239601607983,0.4997760398392017,0.0,0.0,0.0006523694482951647,,,0,0,0,0,0,0,0,0,0,0,0,0,37,0.12847222222222224,0.0,0.3368055522441864,1.25,1.25,1.25,0.0,30.0,0.0,24.0
38,3.1666666666666665,3.1666666666666665,0,3.1666666666666665,03:09,26.563418857725473,0.7308774928578606,0.7301105443170403,0.0,0.0,2.0,1.0,1.0,0.0,0.0,2.0,0.0,0.0,2.0,0.0,0.0,0.0,0.0,0.0,0.0,0,12.0,24.0,0.0,0.0,0.5,0.0,0.0,30.0,0,none,0,none,0,-1,0.0,0.0,0.0,0.0,0.0,0.0,0.0,0.0,0.0,0.0,0.0,0.0,0.0,0.0,0.0,0.0,0.0,6.88207375435366,2.7101321880825373,2.730568121708409,6.8476933018037816,3.7057320215750473,3.6872194702020358,0.12999999999999998,0.5002624759824534,0.49973752401754656,0.0,0.0,0.5002624759824534,0.49973752401754656,0.0,0.0,0.000766948540820378,,,0,0,0,0,0,0,0,0,0,0,0,0,38,0.13194444444444445,0.0,0.3402777761220932,1.3333333333333333,1.3333333333333333,1.3333333333333333,0.0,30.0,0.0,24.0
39,3.25,3.25,0,3.25,03:15,26.65852482438729,0.7335592426354794,0.7326596227058215,0.0,0.0,0.0,0.0,0.0,0.0,0.0,0.0,0.0,0.0,0.0,0.0,0.0,0.0,0.0,0.0,0.0,0,12.0,24.0,0.0,0.0,0.5,0.0,0.0,30.0,0,none,0,none,0,-1,0.0,0.0,0.0,0.0,0.0,0.0,0.0,0.0,0.0,0.0,0.0,0.0,0.0,0.0,0.0,0.0,0.0,6.9096260066109245,2.7181044010833837,2.742075466182614,6.869298215517916,3.7205678497135746,3.6988528852788773,-0.07000000000000002,0.5003067822788683,0.49969321772113184,0.0,0.0,0.5003067822788683,0.49969321772113184,0.0,0.0,0.0008996199296579244,,,0,0,0,0,0,0,0,0,0,0,0,0,39,0.13541666666666666,0.0,0.3472222213943799,1.25,1.25,1.25,0.0,30.0,0.0,24.0
40,3.3333333333333335,3.3333333333333335,0,3.3333333333333335,03:20,26.767599768989516,0.7366354531721534,0.7355825341222701,0.0,0.0,1.0,0.0,1.0,0.0,0.0,1.0,0.0,0.0,1.0,0.0,0.0,0.0,0.0,0.0,0.0,0,11.0,24.0,0.0,0.0,0.4583333134651184,0.0,0.0,30.0,0,none,0,none,0,-1,0.0,0.0,0.0,0.0,0.0,0.0,0.0,0.0,0.0,0.0,0.0,0.0,0.0,0.0,0.0,0.0,0.0,6.941250657339812,2.7272323549106354,2.7552881934681,6.894050836057198,3.73759650779836,3.712181219415414,0.015833331346511836,0.5003575961776618,0.49964240382233804,0.0,0.0,0.5003575961776618,0.49964240382233804,0.0,0.0,0.0010529190498832497,,,0,0,0,0,0,0,0,0,0,0,0,0,40,0.1388888888888889,0.0,0.3576388880610466,1.3333333333333333,1.3333333333333333,1.3333333333333333,0.0,30.0,0.0,24.0
41,3.4166666666666665,3.4166666666666665,0,3.4166666666666665,03:24,26.892317546555226,0.7401535812686615,0.7389238837918761,0.0,0.0,2.0,2.0,0.0,0.0,0.0,2.0,0.0,0.0,2.0,0.0,0.0,0.0,0.0,0.0,0.0,0,9.0,24.0,0.0,0.0,0.375,0.0,0.0,30.0,0,none,0,none,0,-1,0.0,0.0,0.0,0.0,0.0,0.0,0.0,0.0,0.0,0.7401535511016846,0.0,0.7401535511016846,0.0,0.0,0.0,0.0,0.0,6.977444200991408,2.7376494784694607,2.770415715014207,6.922319828505108,3.757085338995373,3.727402984579673,0.08750000000000001,0.5004156974552834,0.4995843025447166,0.0,0.0,0.5004156974552834,0.4995843025447166,0.0,0.0,0.001229697476785363,,,0,0,0,0,0,0,0,0,0,0,0,0,41,0.1423611111111111,0.0,0.3680555547277133,1.4166666666666667,1.4166666666666667,1.4166666666666667,0.0,30.0,0.0,24.0
42,3.5,3.5,0,3.5,03:30,27.034489164822563,0.7441650319288006,0.7427318721364403,0.0,0.0,1.0,1.0,0.0,0.0,0.0,1.0,0.0,0.0,1.0,0.0,0.0,0.0,0.0,0.0,0.0,0,9.0,24.0,0.0,0.0,0.375,0.0,0.0,30.0,0,none,0,none,0,-1,0.0,0.0,0.0,0.0,0.0,0.0,0.0,0.0,0.0,0.0,0.0,0.0,0.0,0.0,0.0,0.0,0.0,7.0187464888851325,2.749498543744275,2.7876861915527598,6.9545013903064605,3.7793250324766094,3.7447315178573244,-0.0125,0.500481929778871,0.499518070221129,0.0,0.0,0.500481929778871,0.499518070221129,0.0,0.0,0.0014331597923602502,,,0,0,0,0,0,0,0,0,0,0,0,0,42,0.14583333333333334,0.0,0.3854166654249032,1.5,1.5,1.5,0.0,30.0,0.0,24.0
43,3.5833333333333335,3.5833333333333335,0,3.5833333333333335,03:35,27.19606388549117,0.7487252092468304,0.747058304455184,0.0,0.0,2.0,1.0,1.0,0.0,0.0,2.0,0.0,0.0,2.0,0.0,0.0,0.0,0.0,0.0,0.0,0,10.0,24.0,0.0,0.0,0.4166666567325592,0.0,0.0,30.0,0,none,0,none,0,-1,0.0,0.0,0.0,0.0,0.0,0.0,0.0,0.0,0.0,0.0,0.0,0.0,0.0,0.0,0.0,0.0,0.0,7.065741937328413,2.762931229706487,2.807347195014722,6.991018612172063,3.8046302739460685,3.7643946373234183,0.10166666567325591,0.500557201218083,0.499442798781917,0.0,0.0,0.500557201218083,0.499442798781917,0.0,0.0,0.0016669047916464397,,,0,0,0,0,0,0,0,0,0,0,0,0,43,0.14930555555555555,0.0,0.4062499975164731,1.5833333333333333,1.5833333333333333,1.5833333333333333,0.0,30.0,0.0,24.0
44,3.6666666666666665,3.6666666666666665,0,3.6666666666666665,03:39,27.379128485693364,0.7538935190644102,0.7519585476487252,0.0,0.0,1.0,0.0,1.0,0.0,0.0,1.0,0.0,0.0,1.0,0.0,0.0,0.0,0.0,0.0,0.0,0,8.0,24.0,0.0,0.0,0.3333333134651184,0.0,0.0,30.0,0,none,0,none,0,-1,0.0,0.0,0.0,0.0,0.0,0.0,0.0,0.0,0.0,0.0,0.0,0.0,0.0,0.0,0.0,0.0,0.0,7.119060366199101,2.77810743487269,2.8296662450584282,7.0323202575463615,3.833340197184131,3.786633984832656,-0.02666666865348817,0.5006424838994671,0.4993575161005328,0.0,0.0,0.5006424838994671,0.4993575161005328,0.0,0.0,0.001934971415684994,,,0,0,0,0,0,0,0,0,0,0,0,0,44,0.15277777777777776,0.0,0.413194440305233,1.5,1.5,1.5,0.0,30.0,0.0,24.0
45,3.75,3.75,0,3.75,03:45,27.58590440000075,0.7597333158671332,0.757491426132908,0.0,0.0,1.0,1.0,0.0,0.0,0.0,1.0,0.0,0.0,1.0,0.0,0.0,0.0,0.0,0.0,0.0,0,8.0,24.0,0.0,0.0,0.3333333134651184,0.0,0.0,30.0,0,none,0,none,0,-1,0.0,0.0,0.0,0.0,0.0,0.0,0.0,0.0,0.0,0.0,0.0,0.0,0.0,0.0,0.0,0.0,0.0,7.179377402947402,2.79519430557446,2.8549311958880277,7.078878881102469,3.8658186015870624,3.8117040129013287,-0.02666666865348817,0.5007388126729564,0.49926118732704367,0.0,0.0,0.5007388126729564,0.49926118732704367,0.0,0.0,0.002241889734225233,,,0,0,0,0,0,0,0,0,0,0,0,0,45,0.15625,0.0,0.4201388830939929,1.5,1.5,1.5,0.0,30.0,0.0,24.0
46,3.8333333333333335,3.8333333333333335,0,3.8333333333333335,03:50,27.818742462444895,0.766311786312832,0.7637190491216371,0.0,0.0,2.0,0.0,2.0,0.0,0.0,2.0,0.0,0.0,2.0,0.0,0.0,0.0,0.0,0.0,0.0,0,10.0,24.0,0.0,0.0,0.4166666567325592,0.0,0.0,30.0,0,none,0,none,0,-1,0.0,0.0,0.0,0.0,0.0,0.0,0.0,0.0,0.0,0.0,0.7637190818786621,-0.7637190818786621,0.0,0.0,0.0,0.0,0.0,7.247414384290602,2.8143649483845494,2.8834504474942375,7.131188208977369,3.9024538992334006,3.8398705740647365,0.10166666567325591,0.5008472826596526,0.4991527173403474,0.0,0.0,0.5008472826596526,0.4991527173403474,0.0,0.0,0.002592737191194905,,,0,0,0,0,0,0,0,0,0,0,0,0,46,0.15972222222222224,0.0,0.4236111044883728,1.3333333333333333,1.3333333333333333,1.3333333333333333,0.0,30.0,0.0,24.0
47,3.9166666666666665,3.9166666666666665,0,3.9166666666666665,03:54,28.08011497359992,0.7736997618532628,0.7707065616947325,0.0,0.0,3.0,3.0,0.0,0.0,0.0,3.0,0.0,0.0,3.0,0.0,0.0,0.0,0.0,0.0,0.0,0,11.0,24.0,0.0,0.0,0.4583333134651184,0.0,0.0,30.0,0,none,0,none,0,-1,0.0,0.0,0.0,0.0,0.0,0.0,0.0,0.0,0.0,1.7736997604370117,0.0,1.7736997604370117,0.0,0.0,0.0,0.0,0.0,7.323937685559335,2.835796797947993,2.9155529537963627,7.189759708646778,3.9436587537627186,3.8714090738867264,0.21583333134651186,0.5009690455526152,0.49903095444738466,0.0,0.0,0.5009690455526152,0.49903095444738466,0.0,0.0,0.002993200158530329,,,0,0,0,0,0,0,0,0,0,0,0,0,47,0.16319444444444445,0.0,0.4305555472771327,1.5833333333333333,1.5833333333333333,1.5833333333333333,0.0,30.0,0.0,24.0
48,4.0,4.0,0,4.0,04:00,28.37260483058812,0.7819714531452845,0.7785218125370621,0.0,0.0,1.0,0.0,1.0,0.0,0.0,1.0,0.0,0.0,1.0,0.0,0.0,0.0,0.0,0.0,0.0,0,10.0,24.0,0.0,0.0,0.4166666865348816,0.0,0.0,30.0,0,none,0,none,0,-1,0.0,0.0,0.0,0.0,0.0,0.0,0.0,0.0,0.0,0.0,0.0,0.0,0.0,0.0,0.0,0.0,0.0,7.409757405681654,2.859669615922057,2.9515879983460294,7.255118284926368,3.989869372290121,3.90660215342189,0.001666668653488146,0.5011053045482751,0.49889469545172505,0.0,0.0,0.5011053045482751,0.49889469545172505,0.0,0.0,0.003449640608222393,,,0,0,0,0,0,0,0,0,0,0,0,0,48,0.16666666666666666,0.0,0.4236111044883728,1.4166666666666667,1.4166666666666667,1.4166666666666667,0.0,30.0,0.0,24.0
49,4.083333333333333,4.083333333333333,0,4.083333333333333,04:04,28.698891478690886,0.7912040993631646,0.7872349319648342,0.0,0.0,2.0,2.0,0.0,0.0,0.0,2.0,0.0,0.0,2.0,0.0,0.0,0.0,0.0,0.0,0.0,0,9.0,24.0,0.0,0.0,0.375,0.0,0.0,30.0,0,none,0,none,0,-1,0.0,0.0,0.0,0.0,0.0,0.0,0.0,0.0,0.0,0.7912039756774902,0.0,0.7912039756774902,0.0,0.0,0.0,0.0,0.0,7.505725334130679,2.8861631030496424,2.991924706212992,7.3277970509976855,4.04154441068575,3.945736873614138,0.08750000000000001,0.501257307795725,0.4987426922042751,0.0,0.0,0.501257307795725,0.4987426922042751,0.0,0.0,0.00396916739833042,,,0,0,0,0,0,0,0,0,0,0,0,0,49,0.17013888888888887,0.0,0.4131944378217061,1.5,1.5,1.5,0.0,30.0,0.0,24.0
50,4.166666666666667,4.166666666666667,0,4.166666666666667,04:10,29.0617334727174,0.8014775261336216,0.7969178148658357,0.0,0.0,3.0,2.0,1.0,0.0,0.0,3.0,0.0,0.0,3.0,0.0,0.0,0.0,0.0,0.0,0.0,0,12.0,24.0,0.0,0.0,0.5,0.0,0.0,30.0,0,none,0,none,0,-1,0.0,0.0,0.0,0.0,0.0,0.0,0.0,0.0,0.0,0.8014774322509766,0.0,0.8014774322509766,0.0,0.0,0.0,0.0,0.0,7.612732124791877,2.9154541147536173,3.03695125836697,7.408331139946054,4.09916345181101,3.989101383047875,0.22999999999999998,0.501426340264773,0.49857365973522716,0.0,0.0,0.501426340264773,0.49857365973522716,0.0,0.0,0.004559711267785871,,,0,0,0,0,0,0,0,0,0,0,0,0,50,0.17361111111111113,0.0,0.4131944378217061,1.5833333333333333,1.5833333333333333,1.5833333333333333,0.0,30.0,0.0,24.0
51,4.25,4.25,0,4.25,04:15,29.463947474894603,0.812873606630469,0.807643504488734,0.0,0.0,3.0,3.0,0.0,0.0,0.0,3.0,0.0,0.0,3.0,0.0,0.0,0.0,0.0,0.0,0.0,0,15.0,24.0,0.0,0.0,0.625,0.0,0.0,30.0,0,none,0,none,0,-1,0.0,0.0,0.0,0.0,0.0,0.0,0.0,0.0,0.0,1.8128736019134521,0.0,1.8128736019134521,0.0,0.0,0.0,0.0,0.0,7.731703600633302,2.947713481166636,3.087073772276281,7.497250543310293,4.163225015725623,4.036981061782465,0.2725,0.5016137139515061,0.49838628604849383,0.0,0.0,0.5016137139515061,0.49838628604849383,0.0,0.0,0.005230102141735027,,,0,0,0,0,0,0,0,0,0,0,0,0,51,0.17708333333333334,0.0,0.4236111044883728,1.8333333333333333,1.8333333333333333,1.8333333333333333,0.0,30.0,0.0,24.0
52,4.333333333333333,4.333333333333333,0,4.333333333333333,04:19,29.9083835640852,0.8254756213937526,0.8194854746309335,0.0,0.0,1.0,0.0,1.0,0.0,0.0,1.0,0.0,0.0,1.0,0.0,0.0,0.0,0.0,0.0,0.0,0,16.0,24.0,0.0,0.0,0.6666666865348816,0.0,0.0,30.0,0,none,0,none,0,-1,0.0,0.0,0.0,0.0,0.0,0.0,0.0,0.0,0.0,0.0,0.0,0.0,0.0,0.0,0.0,0.0,0.0,7.863596112338087,2.983102445246413,3.1427148095811037,7.5950719886794085,4.234244060489738,4.08965414775045,0.08666666865348815,0.5018207563623527,0.4981792436376473,0.0,0.0,0.5018207563623527,0.4981792436376473,0.0,0.0,0.005990146762819171,,,0,0,0,0,0,0,0,0,0,0,0,0,52,0.18055555555555555,0.0,0.4409722189108531,1.8333333333333333,1.8333333333333333,1.8333333333333333,0.0,30.0,0.0,24.0
53,4.416666666666667,4.416666666666667,0,4.416666666666667,04:25,30.39789678868309,0.8393675136832124,0.8325168096943574,0.0,0.0,0.0,0.0,0.0,0.0,0.0,0.0,0.0,0.0,0.0,0.0,0.0,0.0,0.0,0.0,0.0,0,15.0,24.0,0.0,0.0,0.625,0.0,0.0,30.0,0,none,0,none,0,-1,0.0,0.0,0.0,0.0,0.0,0.0,0.0,0.0,0.0,0.0,0.0,0.0,0.0,0.0,0.0,0.0,0.0,8.009390873805616,3.0217687475143222,3.204311468637247,7.702289898339873,4.312748932049177,4.147386868336855,-0.027500000000000004,0.5020487972442421,0.49795120275575794,0.0,0.0,0.5020487972442421,0.49795120275575794,0.0,0.0,0.006850703988855011,,,0,0,0,0,0,0,0,0,0,0,0,0,53,0.1840277777777778,0.0,0.4618055522441864,1.6666666666666667,1.6666666666666667,1.6666666666666667,0.0,30.0,0.0,24.0
54,4.5,4.5,0,4.5,04:30,30.935314962374306,0.8546330386381261,0.8468092842924607,0.0,0.0,2.0,1.0,1.0,0.0,0.0,2.0,0.0,0.0,2.0,0.0,0.0,0.0,0.0,0.0,0.0,0,13.0,24.0,0.0,0.0,0.5416666865348816,0.0,0.0,30.0,0,none,0,none,0,-1,0.0,0.0,0.0,0.0,0.0,0.0,0.0,0.0,0.0,0.0,0.0,0.0,0.0,0.0,0.0,0.0,0.0,8.170087197859859,3.063842402816535,3.272313016604575,7.81936650505972,4.399277721924539,4.210428118109079,0.14416666865348815,0.5022991535593724,0.4977008464406276,0.0,0.0,0.5022991535593724,0.4977008464406276,0.0,0.0,0.007823754345665401,,,0,0,0,0,0,0,0,0,0,0,0,0,54,0.1875,0.0,0.4756944427887599,1.75,1.75,1.75,0.0,30.0,0.0,24.0
55,4.583333333333333,4.583333333333333,0,4.583333333333333,04:34,31.52340277759443,0.8713548061916963,0.8624323465759973,0.0,0.0,2.0,2.0,0.0,0.0,0.0,2.0,0.0,0.0,2.0,0.0,0.0,0.0,0.0,0.0,0.0,0,13.0,24.0,0.0,0.0,0.5416666865348816,0.0,0.0,30.0,0,none,0,none,0,-1,0.0,0.0,0.0,0.0,0.0,0.0,0.0,0.0,0.0,0.8713548183441162,0.0,0.8713548183441162,0.0,0.0,0.0,0.0,0.0,8.34669455695023,3.109431233019236,3.347178012795895,7.946721238706316,4.494373992203969,4.279003743918785,0.14416666865348815,0.5025731127380474,0.4974268872619526,0.0,0.0,0.5025731127380474,0.4974268872619526,0.0,0.0,0.00892245961569893,,,0,0,0,0,0,0,0,0,0,0,0,0,55,0.1909722222222222,0.0,0.4861111119389534,1.75,1.75,1.75,0.0,30.0,0.0,24.0
56,4.666666666666667,4.666666666666667,0,4.666666666666667,04:40,32.164822395146054,0.8896132195707132,0.8794520121623197,0.0,0.0,0.0,0.0,0.0,0.0,0.0,0.0,0.0,0.0,0.0,0.0,0.0,0.0,0.0,0.0,0.0,0,10.0,24.0,0.0,0.0,0.4166666567325592,0.0,0.0,30.0,0,none,0,none,0,-1,0.0,0.0,0.0,0.0,0.0,0.0,0.0,0.0,0.0,0.0,0.0,0.0,0.0,0.0,0.0,0.0,0.0,8.540223396553255,3.1586162392299717,3.4293708725253587,8.084719537650715,4.598581828913291,4.353310520273461,-0.0983333343267441,0.5028719142816569,0.4971280857183431,0.0,0.0,0.5028719142816569,0.4971280857183431,0.0,0.0,0.010161207408393436,,,0,0,0,0,0,0,0,0,0,0,0,0,56,0.19444444444444445,0.0,0.4930555572112401,1.6666666666666667,1.6666666666666667,1.6666666666666667,0.0,30.0,0.0,24.0
57,4.75,4.75,0,4.75,04:45,32.86209075891907,0.9094853132888561,0.8979296784516926,0.0,0.0,5.0,3.0,2.0,0.0,0.0,5.0,0.0,0.0,5.0,0.0,0.0,0.0,0.0,0.0,0.0,0,13.0,24.0,0.0,0.0,0.5416666865348816,0.0,0.0,30.0,0,none,0,none,0,-1,0.0,0.0,0.0,0.0,0.0,0.0,0.0,0.0,0.0,1.9094853401184082,0.8979296684265137,1.0115556716918945,0.0,0.0,0.0,0.0,0.0,8.75167463398796,3.2114469173325313,3.5193578191211747,8.233661280614525,4.712440187531978,4.433509920330898,0.4441666686534882,0.5031967298296103,0.4968032701703898,0.0,0.0,0.5031967298296103,0.4968032701703898,0.0,0.0,0.011555634837163486,,,0,0,0,0,0,0,0,0,0,0,0,0,57,0.19791666666666666,0.0,0.5104166716337204,2.0,2.0,2.0,0.0,30.0,0.0,24.0
58,4.833333333333333,4.833333333333333,0,4.833333333333333,04:49,33.617533980497704,0.9310434967990538,0.91792087212832,0.0,0.0,0.0,0.0,0.0,0.0,0.0,0.0,0.0,0.0,0.0,0.0,0.0,0.0,0.0,0.0,0.0,0,10.0,24.0,0.0,0.0,0.4166666567325592,0.0,0.0,30.0,0,none,0,none,0,-1,0.0,0.0,0.0,0.0,0.0,0.0,0.0,0.0,0.0,0.0,0.0,0.0,0.0,0.0,0.0,0.0,0.0,8.982027783192075,3.267936640507597,3.6176021716190085,8.39376907624914,4.836476498641886,4.519721810287997,-0.0983333343267441,0.5035486418481787,0.49645135815182134,0.0,0.0,0.5035486418481787,0.49645135815182134,0.0,0.0,0.013122624670733884,,,0,0,0,0,0,0,0,0,0,0,0,0,58,0.20138888888888887,0.0,0.5104166716337204,1.8333333333333333,1.8333333333333333,1.8333333333333333,0.0,30.0,0.0,24.0
59,4.916666666666667,4.916666666666667,0,4.916666666666667,04:55,34.433239237822974,0.9543542123868025,0.9394739456934611,0.0,0.0,3.0,1.0,2.0,0.0,0.0,3.0,0.0,0.0,3.0,0.0,0.0,0.0,0.0,0.0,0.0,0,11.0,24.0,0.0,0.0,0.4583333134651184,0.0,0.0,30.0,0,none,0,none,0,-1,0.0,0.0,0.0,0.0,0.0,0.0,0.0,0.0,0.0,0.0,0.9394738674163818,-0.9394738674163818,0.0,0.0,0.0,0.0,0.0,9.232227657548103,3.328058250997363,3.7245589175474967,8.565176687482671,4.971199507910517,4.612018216336822,0.21583333134651186,0.5039286211449157,0.4960713788550844,0.0,0.0,0.5039286211449157,0.4960713788550844,0.0,0.0,0.014880266693341415,,,0,0,0,0,0,0,0,0,0,0,0,0,59,0.20486111111111113,0.0,0.5104166716337204,1.8333333333333333,1.8333333333333333,1.8333333333333333,0.0,30.0,0.0,24.0
60,5.0,5.0,0,5.0,05:00,35.31100473287337,0.9794765184375632,0.9626287418704724,0.0,0.0,2.0,2.0,0.0,0.0,0.0,2.0,0.0,0.0,2.0,0.0,0.0,0.0,0.0,0.0,0.0,0,12.0,24.0,0.0,0.0,0.5,0.0,0.0,30.0,0,none,0,none,0,-1,0.0,0.0,0.0,0.0,0.0,0.0,0.0,0.0,0.0,0.9794764518737793,0.0,0.9794764518737793,0.0,0.0,0.0,0.0,0.0,9.503169619074365,3.391740019531273,3.840668524848275,8.747917903446622,5.117091333347735,4.710417332625103,0.12999999999999998,0.504337503458597,0.49566249654140304,0.0,0.0,0.504337503458597,0.49566249654140304,0.0,0.0,0.0168477765670908,,,0,0,0,0,0,0,0,0,0,0,0,0,60,0.20833333333333334,0.0,0.5173611144224802,1.9166666666666667,1.9166666666666667,1.9166666666666667,0.0,30.0,0.0,24.0
61,5.083333333333333,5.083333333333333,0,5.083333333333333,05:04,36.25228835310696,1.0064606118674537,0.9874152475534288,0.0,0.0,2.0,2.0,0.0,0.0,0.0,2.0,0.0,0.0,2.0,0.0,0.0,0.0,0.0,0.0,0.0,0,12.0,24.0,0.0,0.0,0.5,0.0,0.0,30.0,0,none,0,none,0,-1,0.0,0.0,0.0,0.0,0.0,0.0,0.0,0.0,0.0,1.0064606666564941,0.0,1.0064606666564941,0.0,0.0,0.0,0.0,0.0,9.795683364232557,3.4588621433303297,3.96634995507584,8.941916201322956,5.274598734586761,4.814877954558514,0.12999999999999998,0.5047759654203238,0.49522403457967623,0.0,0.0,0.5047759654203238,0.49522403457967623,0.0,0.0,0.019045364314024926,,,0,0,0,0,0,0,0,0,0,0,0,0,61,0.21180555555555555,0.0,0.527777781089147,1.9166666666666667,1.9166666666666667,1.9166666666666667,0.0,30.0,0.0,24.0
62,5.166666666666667,5.166666666666667,0,5.166666666666667,05:10,37.25815577750694,1.0353463062317945,1.0138522615310874,0.0,0.0,5.0,1.0,4.0,0.0,0.0,5.0,0.0,0.0,5.0,0.0,0.0,0.0,0.0,0.0,0.0,0,15.0,24.0,0.0,0.0,0.625,0.0,0.0,30.0,0,none,0,none,0,-1,0.0,0.0,0.0,0.0,0.0,0.0,0.0,0.0,0.0,0.035346269607543945,3.013852119445801,-2.978505849838257,0.0,0.0,0.0,0.0,0.0,10.110515265255478,3.5292539611668623,4.101992852333236,9.146975561348972,5.444123604368333,4.925294533034061,0.4725,0.505244500225318,0.4947554997746822,0.0,0.0,0.505244500225318,0.4947554997746822,0.0,0.0,0.021494044700707038,,,0,0,0,0,0,0,0,0,0,0,0,0,62,0.2152777777777778,0.0,0.5381944477558136,2.0833333333333335,2.0833333333333335,2.0833333333333335,0.0,30.0,0.0,24.0
63,5.25,5.25,0,5.25,05:15,38.32922885763645,1.0661614847785688,1.041946102391436,0.0,0.0,2.0,1.0,1.0,0.0,0.0,2.0,0.0,0.0,2.0,0.0,0.0,0.0,0.0,0.0,0.0,0,13.0,24.0,0.0,0.0,0.5416666269302368,0.0,0.0,30.0,0,none,0,none,0,-1,0.0,0.0,0.0,0.0,0.0,0.0,0.0,0.0,0.0,0.0661616325378418,0.0419459342956543,0.0242156982421875,0.0,0.0,0.0,0.0,0.0,10.448309322164219,3.6026920653093963,4.247948899597712,9.362772808109854,5.626012711934579,5.041493050520691,0.14416666269302367,0.5057433933956949,0.4942566066043052,0.0,0.0,0.5057433933956949,0.4942566066043052,0.0,0.0,0.024215382387132722,,,0,0,0,0,0,0,0,0,0,0,0,0,63,0.21875,0.0,0.53125,2.0,2.0,2.0,0.0,30.0,0.0,24.0
64,5.333333333333333,5.333333333333333,0,5.333333333333333,05:19,39.465635184160135,1.098920550444011,1.0716893846847966,0.0,0.0,2.0,1.0,1.0,0.0,0.0,2.0,0.0,0.0,2.0,0.0,0.0,0.0,0.0,0.0,0.0,0,14.0,24.0,0.0,0.0,0.5833333134651184,0.0,0.0,30.0,0,none,0,none,0,-1,0.0,0.0,0.0,0.0,0.0,0.0,0.0,0.0,0.0,0.09892058372497559,0.07168936729431152,0.027231216430664062,0.0,0.0,0.0,0.0,0.0,10.809586825205495,3.678899484159088,4.404522356732589,9.588851847919006,5.820546752033727,5.163227918110233,0.15833333134651184,0.506272699050739,0.493727300949261,0.0,0.0,0.506272699050739,0.493727300949261,0.0,0.0,0.02723116575921436,,,0,0,0,0,0,0,0,0,0,0,0,0,64,0.2222222222222222,0.0,0.5243055522441864,2.0833333333333335,2.0833333333333335,2.0833333333333335,0.0,30.0,0.0,24.0
65,5.416666666666667,5.416666666666667,0,5.416666666666667,05:25,40.66695981681676,1.1336228974376792,1.1030598924872423,0.0,0.0,0.0,0.0,0.0,0.0,0.0,0.0,0.0,0.0,0.0,0.0,0.0,0.0,0.0,0.0,0.0,0,13.0,24.0,0.0,0.0,0.5416666269302368,0.0,0.0,30.0,0,none,0,none,0,-1,0.0,0.0,0.0,0.0,0.0,0.0,0.0,0.0,0.0,0.0,0.0,0.0,0.0,0.0,0.0,0.0,0.0,11.194724880649321,3.757546095003329,4.571959822926819,9.824620153626975,6.027928781888096,5.290180082722217,-0.05583333730697633,0.5068322171315724,0.4931677828684275,0.0,0.0,0.5068322171315724,0.4931677828684275,0.0,0.0,0.030563004950436845,,,0,0,0,0,0,0,0,0,0,0,0,0,65,0.22569444444444445,0.0,0.5173611044883728,2.0833333333333335,2.0833333333333335,2.0833333333333335,0.0,30.0,0.0,24.0
66,5.5,5.5,0,5.5,05:30,41.932200207863985,1.170251431567871,1.136019579864648,0.0,0.0,2.0,1.0,1.0,0.0,0.0,2.0,0.0,0.0,2.0,0.0,0.0,0.0,0.0,0.0,0.0,0,15.0,24.0,0.0,0.0,0.625,0.0,0.0,30.0,0,none,0,none,0,-1,0.0,0.0,0.0,0.0,0.0,0.0,0.0,0.0,0.0,0.17025136947631836,0.13601970672607422,0.03423166275024414,0.0,0.0,0.0,0.0,0.0,11.603934014642912,3.838250402874631,4.750439300635455,10.069347813187122,6.248272161730798,5.421956514793065,0.17250000000000001,0.5074214720502341,0.492578527949766,0.0,0.0,0.5074214720502341,0.492578527949766,0.0,0.0,0.03423185170322296,,,0,0,0,0,0,0,0,0,0,0,0,0,66,0.22916666666666666,0.0,0.5243055472771326,2.0833333333333335,2.0833333333333335,2.0833333333333335,0.0,30.0,0.0,24.0
67,5.583333333333333,5.583333333333333,0,5.583333333333333,05:34,43.2597253827475,1.2087711687390217,1.1705137273120905,0.0,0.0,4.0,4.0,0.0,0.0,0.0,4.0,0.0,0.0,4.0,0.0,0.0,0.0,0.0,0.0,0.0,0,17.0,24.0,0.0,0.0,0.7083333730697632,0.0,0.0,30.0,0,none,0,none,0,-1,0.0,0.0,0.0,0.0,0.0,0.0,0.0,0.0,0.0,3.208771228790283,0.0,3.208771228790283,0.0,0.0,0.0,0.0,0.0,12.037235139445317,3.920582788688974,4.940058678044406,10.32216940596386,6.4815881520090155,5.558091218595925,0.40083333730697635,0.5080396932478383,0.4919603067521618,0.0,0.0,0.5080396932478383,0.4919603067521618,0.0,0.0,0.038257441426931216,,,0,0,0,0,0,0,0,0,0,0,0,0,67,0.23263888888888887,0.0,0.5381944378217062,2.25,2.25,2.25,0.0,30.0,0.0,24.0
68,5.666666666666667,5.666666666666667,0,5.666666666666667,05:40,44.647240454602404,1.2491279430251794,1.206470281977953,0.0,0.0,3.0,2.0,1.0,0.0,0.0,3.0,0.0,0.0,3.0,0.0,0.0,0.0,0.0,0.0,0.0,0,17.0,24.0,0.0,0.0,0.7083333134651184,0.0,0.0,30.0,0,none,0,none,0,-1,0.0,0.0,0.0,0.0,0.0,0.0,0.0,0.0,0.0,1.2491278648376465,0.20647025108337402,1.0426576137542725,0.0,0.0,0.0,0.0,0.0,12.494436242520644,4.004070287793799,5.140823791963398,10.582088901128742,6.727773361357269,5.698047869838553,0.30083333134651186,0.5086857981515222,0.49131420184847785,0.0,0.0,0.5086857981515222,0.49131420184847785,0.0,0.0,0.04265766104722646,,,0,0,0,0,0,0,0,0,0,0,0,0,68,0.23611111111111113,0.0,0.5624999925494194,2.5,2.5,2.5,0.0,30.0,0.0,24.0
69,5.75,5.75,0,5.75,05:45,46.09175753896023,1.291247257293223,1.2437994073495902,0.0,0.0,2.0,2.0,0.0,0.0,0.0,2.0,0.0,0.0,2.0,0.0,0.0,0.0,0.0,0.0,0.0,0,17.0,24.0,0.0,0.0,0.7083333730697632,0.0,0.0,30.0,0,none,0,none,0,-1,0.0,0.0,0.0,0.0,0.0,0.0,0.0,0.0,0.0,1.2912473678588867,0.0,1.2912473678588867,0.0,0.0,0.0,0.0,0.0,12.975109239546633,4.0882029094669905,5.352636281703792,10.847987686516513,6.986597282832801,5.841224138893507,0.2008333373069763,0.5093583780143783,0.49064162198562167,0.0,0.0,0.5093583780143783,0.49064162198562167,0.0,0.0,0.047447849943632825,,,0,0,0,0,0,0,0,0,0,0,0,0,69,0.23958333333333334,0.0,0.5763888830939928,2.25,2.25,2.25,0.0,30.0,0.0,24.0
70,5.833333333333333,5.833333333333333,0,5.833333333333333,05:49,47.5895740999443,1.335033310414082,1.2823932650828547,0.0,0.0,2.0,1.0,1.0,0.0,0.0,2.0,0.0,0.0,2.0,0.0,0.0,0.0,0.0,0.0,0.0,0,13.0,24.0,0.0,0.0,0.5416666269302368,0.0,0.0,30.0,0,none,0,none,0,-1,0.0,0.0,0.0,0.0,0.0,0.0,0.0,0.0,0.0,0.3350334167480469,0.282393217086792,0.05264019966125488,0.0,0.0,0.0,0.0,0.0,13.478567514511502,4.17244145004759,5.575281495264842,11.118635735999211,7.257690200121577,5.9869577039995745,0.14416666269302367,0.5100556871058042,0.48994431289419593,0.0,0.0,0.5100556871058042,0.48994431289419593,0.0,0.0,0.052640045331227237,,,0,0,0,0,0,0,0,0,0,0,0,0,70,0.24305555555555555,0.0,0.5868055472771326,2.4166666666666665,2.4166666666666665,2.4166666666666665,0.0,30.0,0.0,24.0
71,5.916666666666667,5.916666666666667,0,5.916666666666667,05:55,49.13625969806864,1.3803682355524014,1.3221260478413739,0.0,0.0,1.0,0.0,1.0,0.0,0.0,1.0,0.0,0.0,1.0,0.0,0.0,0.0,0.0,0.0,0.0,0,13.0,24.0,0.0,0.0,0.5416666269302368,0.0,0.0,30.0,0,none,0,none,0,-1,0.0,0.0,0.0,0.0,0.0,0.0,0.0,0.0,0.0,0.0,0.3221259117126465,-0.3221259117126465,0.0,0.0,0.0,0.0,0.0,14.003844750061365,4.256226689122787,5.808416759878522,11.392705811832403,7.54053178849458,6.134533898678986,0.044166662693023676,0.5107756356912414,0.4892243643087586,0.0,0.0,0.5107756356912414,0.4892243643087586,0.0,0.0,0.058242187711027515,,,0,0,0,0,0,0,0,0,0,0,0,0,71,0.2465277777777778,0.0,0.5937499900658926,2.25,2.25,2.25,0.0,30.0,0.0,24.0
72,6.0,6.0,0,6.0,06:00,74.93289353007249,1.42711158375578,2.694197560398207,0.0,0.0,4.0,1.0,3.0,0.0,0.0,4.0,0.0,0.0,4.0,0.0,0.0,0.0,0.0,0.0,0.0,0,15.0,24.0,0.0,0.0,0.625,0.0,0.0,30.0,1,demand_surge,3,od_bc,6,0,720.0,0.0,0.0,0.0,0.0,0.0,0.0,0.0,0.0,0.4271116256713867,3.694197654724121,-3.2670860290527344,0.0,0.0,0.0,0.0,0.0,14.549675724756169,4.338989792003786,30.25780188518741,11.668790479616673,7.834440774868705,6.283194873639746,0.37250000000000005,0.3462762762604489,0.6537237237395512,0.0,0.0,0.3462762762604489,0.6537237237395512,0.0,0.0,-1.267085976642427,,,0,0,0,0,0,1,0,0,0,0,0,0,72,0.25,0.0,0.6041666567325592,2.4166666666666665,2.4166666666666665,2.4166666666666665,0.0,30.0,0.0,24.0
73,6.083333333333333,6.083333333333333,0,6.083333333333333,06:04,77.57118994987844,1.4751000859675285,2.791315361275786,0.0,0.0,7.0,4.0,3.0,0.0,0.0,7.0,0.0,0.0,7.0,0.0,0.0,0.0,0.0,0.0,0.0,0,21.0,24.0,0.0,0.0,0.875,0.0,0.0,30.0,1,demand_surge,3,od_bc,6,0,715.0,0.0,0.0,0.0,0.0,0.0,0.0,0.0,0.0,3.475100040435791,3.7913150787353516,-0.31621503829956055,0.0,0.0,0.0,0.0,0.0,15.114479815962348,4.420163675572124,31.520408722812018,11.94542159250895,8.138566054748956,6.432150088274049,0.7575000000000001,0.3457469400736968,0.6542530599263032,0.0,0.0,0.3457469400736968,0.6542530599263032,0.0,0.0,-1.3162152753082577,,,0,0,0,0,0,1,0,0,0,0,0,0,73,0.2534722222222222,0.0,0.6354166567325592,2.8333333333333335,2.8333333333333335,2.8333333333333335,0.0,30.0,0.0,24.0
74,6.166666666666667,6.166666666666667,0,6.166666666666667,06:10,80.27506758909703,1.5241477245638908,2.890980992836446,0.0,0.0,3.0,1.0,2.0,0.0,0.0,3.0,0.0,0.0,3.0,0.0,0.0,0.0,0.0,0.0,0.0,0,22.0,24.0,0.0,0.0,0.9166666269302368,0.0,0.0,30.0,1,demand_surge,3,od_bc,6,0,710.0,0.0,0.0,0.0,0.0,0.0,0.0,0.0,0.0,0.5241477489471436,2.8909807205200195,-2.366832971572876,0.0,0.0,0.0,0.0,0.0,15.696347992464302,4.499195031852552,32.825965209040454,12.221091783868317,8.451879688250008,6.580587883621401,0.3716666626930237,0.34521025820993984,0.6547897417900601,0.0,0.0,0.34521025820993984,0.6547897417900601,0.0,0.0,-1.366833268272555,,,0,0,0,0,0,1,0,0,0,0,0,0,74,0.2569444444444445,0.0,0.6597222089767456,2.6666666666666665,2.6666666666666665,2.6666666666666665,0.0,30.0,0.0,24.0
75,6.25,6.25,0,6.25,06:15,83.03344286975594,1.5740461424851069,2.9927932153514707,0.0,0.0,9.0,5.0,4.0,0.0,0.0,4.0,0.0,0.0,4.0,0.0,0.0,5.0,0.0,0.0,0.0,0,24.0,24.0,0.0,0.0,1.0,0.0,0.0,30.0,1,demand_surge,3,od_bc,6,0,705.0,0.0,0.0,0.0,0.0,3.0,2.0,0.0,0.0,4.5740461349487305,4.992793083190918,-0.4187469482421875,0.0,0.0,0.0,0.0,0.0,16.293034104138037,4.57555664800675,34.16971467711091,12.494277399876854,8.773172209920482,6.72768783070292,-2.0,0.3446686031957933,0.6553313968042066,0.0,0.0,0.3446686031957933,0.6553313968042066,0.0,0.0,-1.4187470728663638,,,0,0,0,0,0,1,0,0,0,0,0,0,75,0.2604166666666667,0.4166666666666667,0.6979166567325592,3.25,2.8333333333333335,2.8333333333333335,0.0,30.0,0.0,24.0
76,6.333333333333333,6.333333333333333,0,6.333333333333333,06:19,85.83392112930787,1.6245654139289882,3.096300248182944,0.0,0.0,4.0,3.0,1.0,0.0,0.0,4.0,0.0,0.0,4.0,0.0,0.0,5.0,0.625,0.0,0.0,0,24.0,24.0,0.0,0.0,1.0,0.625,0.625,30.0,1,demand_surge,3,od_bc,6,0,700.0,0.0,0.0,0.0,0.0,4.0,1.0,1.25,0.0,5.624565124511719,4.09630012512207,1.5282649993896484,0.0,0.0,0.0,0.0,0.0,16.901951272057225,4.648759616540761,35.54606384460095,12.763462212250767,9.10105068495389,6.872633498904259,-2.0100000000000002,0.34412447423937514,0.6558755257606248,0.0,0.0,0.34412447423937514,0.6558755257606248,0.0,0.0,-1.4717348342539556,,,0,0,0,0,0,1,0,0,0,0,0,0,76,0.2638888888888889,0.8333333333333334,0.732638880610466,3.4166666666666665,3.0,3.0,0.052083333333333336,30.0,0.052083333333333336,24.0
77,6.416666666666667,6.416666666666667,0,6.416666666666667,06:25,88.6628439388591,1.6754551953751584,3.201001221262092,0.0,0.0,8.0,4.0,4.0,0.0,0.0,2.0,0.0,0.0,2.0,0.0,0.0,11.0,1.3333332538604736,0.0,0.0,0,24.0,24.0,0.0,0.0,1.0,1.3333332538604736,1.3333332538604736,30.0,1,demand_surge,3,od_bc,6,0,695.0,0.0,0.0,0.0,0.0,6.0,5.0,1.6666666269302368,1.0,7.675455093383789,6.201001167297363,1.4744539260864258,0.0,0.0,0.0,0.0,0.0,17.520174146657407,4.718364998910247,36.94857843408521,13.027161182153957,9.43393992512322,7.014625251929053,-5.23,0.3435804716020683,0.6564195283979317,0.0,0.0,0.3435804716020683,0.6564195283979317,0.0,0.0,-1.5255460258869336,,,0,0,0,0,0,1,0,0,0,0,0,0,77,0.2673611111111111,1.75,0.7708333283662796,4.083333333333333,3.1666666666666665,3.1666666666666665,0.16319443782170615,30.0,0.16319443782170615,24.0
78,6.5,6.5,0,6.5,06:30,91.50536117880955,1.7264462694142515,3.3063485954202743,0.0,0.0,5.0,3.0,2.0,0.0,0.0,4.0,0.0,0.0,4.0,0.0,0.0,12.0,2.9285714626312256,0.0,0.0,0,24.0,24.0,0.0,0.0,1.0,2.9285714626312256,2.9285714626312256,30.0,1,demand_surge,3,od_bc,6,0,690.0,0.0,0.0,0.0,0.0,7.0,5.0,2.857142925262451,3.0,8.726446151733398,8.30634880065918,0.42009735107421875,0.0,0.0,0.0,0.0,0.0,18.14444773051443,4.783994492515103,38.36999555407345,13.283943505429226,9.770087239507768,7.152892656769582,-5.57,0.3430392685935582,0.6569607314064417,0.0,0.0,0.3430392685935582,0.6569607314064417,0.0,0.0,-1.5799023260060228,,,0,0,0,0,0,1,0,0,0,0,0,0,78,0.2708333333333333,2.75,0.8020833283662796,4.333333333333333,3.3333333333333335,3.3333333333333335,0.4072420597076416,30.0,0.4072420597076416,24.0
79,6.583333333333333,6.583333333333333,0,6.583333333333333,06:34,94.34552894571482,1.7772524865192008,3.4117516054951142,0.0,0.0,2.0,0.0,2.0,0.0,0.0,7.0,0.0,0.0,7.0,0.0,0.0,7.0,3.9583332538604736,0.0,0.0,0,24.0,24.0,0.0,0.0,1.0,3.9583332538604736,3.9583332538604736,30.0,1,demand_surge,3,od_bc,6,0,685.0,0.0,0.0,0.0,0.0,4.0,3.0,6.25,1.6666666269302368,6.777252197265625,8.411751747131348,-1.6344995498657227,0.0,0.0,0.0,0.0,0.0,18.771203353705218,4.84533965776796,39.80225465021428,13.532454160820958,10.107571036610501,7.286706086595899,-2.7600000000000002,0.3425035816129585,0.6574964183870414,0.0,0.0,0.3425035816129585,0.6574964183870414,0.0,0.0,-1.6344991189759135,,,0,0,0,0,0,1,0,0,0,0,0,0,79,0.2743055555555555,3.3333333333333335,0.826388880610466,4.166666666666667,3.5833333333333335,3.5833333333333335,0.7371031641960144,30.0,0.7371031641960144,24.0
80,6.666666666666667,6.666666666666667,0,6.666666666666667,06:40,97.16643381723152,1.8275731016139736,3.51658075833376,0.0,0.0,4.0,2.0,2.0,0.0,0.0,1.0,0.0,0.0,1.0,0.0,0.0,10.0,5.0,0.0,0.0,0,24.0,24.0,0.0,0.0,1.0,5.0,5.0,30.0,1,demand_surge,3,od_bc,6,0,680.0,0.0,0.0,0.0,0.0,6.0,4.0,7.5,2.5,5.827572822570801,6.516580581665039,-0.6890077590942383,0.0,0.0,0.0,0.0,0.0,19.39658224311542,4.902169290084246,41.236548445278025,13.77143321009959,10.444313515523689,7.4153871131305475,-4.91,0.3419761386944513,0.6580238613055487,0.0,0.0,0.3419761386944513,0.6580238613055487,0.0,0.0,-1.6890076567197865,,,0,0,0,0,0,1,0,0,0,0,0,0,80,0.2777777777777778,4.166666666666667,0.8506944378217062,4.25,3.4166666666666665,3.4166666666666665,1.1537698308626811,30.0,1.1537698308626811,24.0
81,6.75,6.75,0,6.75,06:45,99.95034336713123,1.8770954932192407,3.620173391972976,0.0,0.0,7.0,3.0,4.0,0.0,0.0,3.0,0.0,0.0,3.0,0.0,0.0,14.0,4.285714149475098,0.0,0.0,0,24.0,24.0,0.0,0.0,1.0,4.285714149475098,4.285714149475098,30.0,1,demand_surge,3,od_bc,6,0,675.0,0.0,0.0,0.0,0.0,7.0,7.0,5.714285850524902,2.857142925262451,8.877095222473145,9.620173454284668,-0.7430782318115234,0.0,0.0,0.0,0.0,0.0,20.016466943911624,4.954334571777001,42.66339478430317,13.999732163271554,10.77809758518318,7.538317318684682,-6.720000000000001,0.3414596470395511,0.658540352960449,0.0,0.0,0.3414596470395511,0.658540352960449,0.0,0.0,-1.7430778987537354,,,0,0,0,0,0,1,0,0,0,0,0,0,81,0.28125,5.333333333333333,0.8749999900658926,4.666666666666667,3.5,3.5,1.5109126766522725,30.0,1.5109126766522725,24.0
82,6.833333333333333,6.833333333333333,0,6.833333333333333,06:49,102.67888211323711,1.9254982432871228,3.7218402729409177,0.0,0.0,11.0,4.0,7.0,0.0,0.0,2.0,0.0,0.0,2.0,0.0,0.0,23.0,4.288461685180664,0.0,0.0,0,24.0,24.0,0.0,0.0,1.0,4.288461685180664,4.288461685180664,30.0,1,demand_surge,3,od_bc,6,0,670.0,0.0,0.0,0.0,0.0,10.0,13.0,5.5,3.076923131942749,10.925498008728027,15.721839904785156,-4.796341896057129,0.0,0.0,0.0,0.0,0.0,20.626520635317743,5.001771710223493,44.07272969835336,14.216326822711416,11.106588034401861,7.654945212229223,-11.39,0.34095676003024483,0.6590432399697552,0.0,0.0,0.34095676003024483,0.6590432399697552,0.0,0.0,-1.7963420296537949,,,0,0,0,0,0,1,0,0,0,0,0,0,82,0.2847222222222222,7.25,0.9131944378217062,5.416666666666667,3.5,3.5,1.8682844837506611,30.0,1.8682844837506611,24.0
83,6.916666666666667,6.916666666666667,0,6.916666666666667,06:55,105.33323131696491,1.972454545830827,3.8208731766022437,0.0,0.0,8.0,3.0,5.0,0.0,0.0,5.0,0.0,0.0,5.0,0.0,0.0,26.0,5.121212005615234,0.0,0.0,0,24.0,24.0,0.0,0.0,1.0,5.121212005615234,5.121212005615234,30.0,1,demand_surge,3,od_bc,6,0,665.0,0.0,0.0,0.0,0.0,11.0,15.0,5.909090995788574,4.333333492279053,12.972454071044922,19.820873260498047,-6.848419189453125,0.0,0.0,0.0,0.0,0.0,21.222234139636484,5.044501859276852,45.45402131321082,14.420326154273729,11.427356844419643,7.764791006147392,-12.66,0.34047004421880683,0.6595299557811932,0.0,0.0,0.34047004421880683,0.6595299557811932,0.0,0.0,-1.8484186307714168,,,0,0,0,0,0,1,0,0,0,0,0,0,83,0.2881944444444445,9.416666666666666,0.9513888855775198,6.0,3.8333333333333335,3.8333333333333335,2.295052150885264,30.0,2.295052150885264,24.0
84,7.0,7.0,0,7.0,07:00,107.89435025834442,2.017635902406168,3.9165533618027757,0.0,0.0,2.0,1.0,1.0,0.0,0.0,2.0,0.0,0.0,2.0,0.0,0.0,26.0,8.71212100982666,0.0,0.0,0,24.0,24.0,0.0,0.0,1.0,8.71212100982666,8.71212100982666,30.0,1,demand_surge,3,od_bc,6,0,660.0,0.0,0.0,0.0,0.0,11.0,15.0,9.090909004211426,8.333333015441895,12.017635345458984,17.916553497314453,-5.898918151855469,0.0,0.0,0.0,0.0,0.0,21.79898016105516,5.082628227402704,46.796403481228936,14.610976896258155,11.737912394414314,7.867449097985159,-13.15,0.3400019467823847,0.6599980532176153,0.0,0.0,0.3400019467823847,0.6599980532176153,0.0,0.0,-1.8989174593966078,,,0,0,0,0,0,1,0,0,0,0,0,0,84,0.2916666666666667,11.583333333333334,0.9826388855775198,5.833333333333333,3.6666666666666665,3.6666666666666665,3.0210622350374856,30.0,3.0210622350374856,24.0
85,7.083333333333333,7.083333333333333,0,7.083333333333333,07:04,110.34321581387495,2.06071605274239,4.008160817020734,0.0,0.0,12.0,3.0,9.0,0.0,0.0,6.0,0.0,0.0,6.0,0.0,0.0,32.0,7.770563125610352,0.0,0.0,0,24.0,24.0,0.0,0.0,1.0,7.770563125610352,7.770563125610352,30.0,1,demand_surge,3,od_bc,6,0,655.0,0.0,0.0,0.0,0.0,11.0,21.0,8.636363983154297,6.904761791229248,14.06071662902832,26.008159637451172,-11.947443008422852,0.0,0.0,0.0,0.0,0.0,22.352074018968047,5.116330393908561,48.088827234597446,14.787663801521774,12.035732164059716,7.9625882008194155,-15.780000000000001,0.33955476391512657,0.6604452360848735,0.0,0.0,0.33955476391512657,0.6604452360848735,0.0,0.0,-1.9474447642783441,,,0,0,0,0,0,1,0,0,0,0,0,0,85,0.2951388888888889,14.25,0.9930555522441864,6.25,3.5833333333333335,3.5833333333333335,3.668609162171682,30.0,3.668609162171682,24.0
86,7.166666666666667,7.166666666666667,0,7.166666666666667,07:10,112.66107639863749,2.1013750797040833,4.09498412222098,0.0,0.0,3.0,2.0,1.0,0.0,0.0,4.0,0.0,0.0,4.0,0.0,0.0,31.0,10.416666030883789,0.0,0.0,0,24.0,24.0,0.0,0.0,1.0,10.416666030883789,10.416666030883789,30.0,1,demand_surge,3,od_bc,6,0,650.0,0.0,0.0,0.0,0.0,12.0,19.0,10.833333015441895,10.0,13.101375579833984,24.09498405456543,-10.993608474731445,0.0,0.0,0.0,0.0,0.0,22.87683987062407,5.145855978370321,49.3202273803304,14.94990560533484,12.318298391874498,8.049949172103373,-15.64,0.33913061060941,0.66086938939059,0.0,0.0,0.33913061060941,0.66086938939059,0.0,0.0,-1.9936090425168969,,,0,0,0,0,0,1,0,0,0,0,0,0,86,0.2986111111111111,16.833333333333332,1.0,6.25,3.6666666666666665,3.6666666666666665,4.536664664745331,30.0,4.536664664745331,24.0
87,7.25,7.25,0,7.25,07:15,114.82971563305038,2.139303619657825,4.176330740159946,0.0,0.0,6.0,1.0,5.0,0.0,0.0,2.0,0.0,0.0,2.0,0.0,0.0,35.0,12.301136016845703,0.0,0.0,0,24.0,24.0,0.0,0.0,1.0,12.301136016845703,12.301136016845703,30.0,1,demand_surge,3,od_bc,6,0,645.0,0.0,0.0,0.0,0.0,11.0,24.0,12.727272987365723,11.875,13.139303207397461,26.17633056640625,-13.037027359008789,0.0,0.0,0.0,0.0,0.0,23.368681162140174,5.171509931677949,50.47970081848121,15.097347011739123,12.58313601038317,8.129340698628758,-18.05,0.3387313922523456,0.6612686077476544,0.0,0.0,0.3387313922523456,0.6612686077476544,0.0,0.0,-2.037027120502121,,,0,0,0,0,0,1,0,0,0,0,0,0,87,0.3020833333333333,19.333333333333332,1.0,6.0,3.5,3.5,5.561759332815806,30.0,5.561759332815806,24.0
88,7.333333333333333,7.333333333333333,0,7.333333333333333,07:19,116.83172049309033,2.174207102571807,4.251537524548161,0.0,0.0,5.0,5.0,0.0,0.0,0.0,5.0,0.0,0.0,5.0,0.0,0.0,35.0,12.263986587524414,0.0,0.0,0,24.0,24.0,0.0,0.0,1.0,12.263986587524414,12.263986587524414,30.0,1,demand_surge,3,od_bc,6,0,640.0,0.0,0.0,0.0,0.0,13.0,22.0,8.84615421295166,15.681818008422852,16.17420768737793,26.251537322998047,-10.077329635620117,0.0,0.0,0.0,0.0,0.0,23.823153817931406,5.193641833361131,51.55669250381051,15.229747183415741,12.827852055809217,8.200633098762323,-17.82,0.3383587784356583,0.6616412215643417,0.0,0.0,0.3383587784356583,0.6616412215643417,0.0,0.0,-2.077330421976354,,,0,0,0,0,0,1,0,0,0,0,0,0,88,0.3055555555555555,21.833333333333332,1.0,6.083333333333333,3.5833333333333335,3.5833333333333335,6.531674881776174,30.0,6.531674881776174,24.0
89,7.416666666666667,7.416666666666667,0,7.416666666666667,07:25,118.65074823365282,2.20580994112417,4.319981211726735,0.0,0.0,5.0,2.0,3.0,0.0,0.0,6.0,0.0,0.0,6.0,0.0,0.0,34.0,12.556818008422852,0.0,0.0,0,24.0,24.0,0.0,0.0,1.0,12.556818008422852,12.556818008422852,30.0,1,demand_surge,3,od_bc,6,0,635.0,0.0,0.0,0.0,0.0,12.0,22.0,8.75,16.363636016845703,15.205810546875,27.31998062133789,-12.11417007446289,0.0,0.0,0.0,0.0,0.0,24.23604048867543,5.212631682364972,52.541184424851714,15.346965393508055,13.050175647748308,8.263750596504336,-17.23,0.3380141793475146,0.6619858206524853,0.0,0.0,0.3380141793475146,0.6619858206524853,0.0,0.0,-2.114171270602565,,,0,0,0,0,0,1,0,0,0,0,0,0,89,0.3090277777777778,23.75,1.0,5.833333333333333,3.9166666666666665,3.9166666666666665,7.466965277989705,30.0,7.466965277989705,24.0
90,7.5,7.5,0,7.5,07:30,120.27178606735727,2.2338595850229184,4.3810886486817315,0.0,0.0,9.0,3.0,6.0,0.0,0.0,4.0,0.0,0.0,4.0,0.0,0.0,39.0,12.115385055541992,0.0,0.0,0,24.0,24.0,0.0,0.0,1.0,12.115385055541992,12.115385055541992,30.0,1,demand_surge,3,od_bc,6,0,630.0,0.0,0.0,0.0,0.0,13.0,26.0,8.84615421295166,15.384614944458008,15.23386001586914,30.381088256835938,-15.147228240966797,0.0,0.0,0.0,0.0,0.0,24.603424038251006,5.228874751010629,53.423882577278754,15.448944642143122,13.247997559058234,8.318662499615527,-20.03,0.33769872508463494,0.662301274915365,0.0,0.0,0.33769872508463494,0.662301274915365,0.0,0.0,-2.147229063658813,,,0,0,0,0,0,1,0,0,0,0,0,0,90,0.3125,26.0,1.0,6.166666666666667,3.9166666666666665,3.9166666666666665,8.232533077398935,30.0,8.232533077398935,24.0
91,7.583333333333333,7.583333333333333,0,7.583333333333333,07:34,121.6813974593448,2.258130355874573,4.43434650438939,0.0,0.0,5.0,2.0,3.0,0.0,0.0,2.0,0.0,0.0,2.0,0.0,0.0,42.0,14.425926208496094,0.0,0.0,0,24.0,24.0,0.0,0.0,1.0,14.425926208496094,14.425926208496094,30.0,1,demand_surge,3,od_bc,6,0,625.0,0.0,0.0,0.0,0.0,15.0,27.0,12.0,16.851852416992188,15.25813102722168,31.434345245361328,-16.17621421813965,0.0,0.0,0.0,0.0,0.0,24.921758370070748,5.24276612914097,54.196396689380094,15.535694146464676,13.419408353115017,8.365373771173287,-21.97,0.3374132481924649,0.6625867518075351,0.0,0.0,0.3374132481924649,0.6625867518075351,0.0,0.0,-2.1762161485148175,,,0,0,0,0,0,1,0,0,0,0,0,0,91,0.3159722222222222,28.916666666666668,1.0,6.416666666666667,3.5,3.5,9.104832490285238,30.0,9.104832490285238,24.0
92,7.666666666666667,7.666666666666667,0,7.666666666666667,07:40,122.86794897906422,2.278426979433672,4.47931021441486,0.0,0.0,8.0,2.0,6.0,0.0,0.0,2.0,0.0,0.0,2.0,0.0,0.0,48.0,15.439393997192383,0.0,0.0,0,24.0,24.0,0.0,0.0,1.0,15.439393997192383,15.439393997192383,30.0,1,demand_surge,3,od_bc,6,0,620.0,0.0,0.0,0.0,0.0,15.0,33.0,13.0,17.878787994384766,17.278427124023438,35.47930908203125,-18.200881958007812,0.0,0.0,0.0,0.0,0.0,25.18793467983242,5.254685613312451,54.8514074373669,15.607271673617744,13.562734058371301,8.4039155165634,-25.27,0.3371582697101169,0.662841730289883,0.0,0.0,0.3371582697101169,0.662841730289883,0.0,0.0,-2.200883234981188,,,0,0,0,0,0,1,0,0,0,0,0,0,92,0.3194444444444445,32.083333333333336,1.0,6.75,3.5833333333333335,3.5833333333333335,9.97478199005127,30.0,9.97478199005127,24.0
93,7.75,7.75,0,7.75,07:45,123.82181194061839,2.294587735989333,4.515611920744678,0.0,0.0,8.0,4.0,4.0,0.0,0.0,1.0,0.0,0.0,1.0,0.0,0.0,55.0,16.869369506835938,0.0,0.0,0,24.0,24.0,0.0,0.0,1.0,16.869369506835938,16.869369506835938,30.0,1,demand_surge,3,od_bc,6,0,615.0,0.0,0.0,0.0,0.0,18.0,37.0,13.333333015441895,20.405405044555664,19.294588088989258,39.5156135559082,-20.221025466918945,0.0,0.0,0.0,0.0,0.0,25.399341278933402,5.264983591820883,55.38281607889125,15.663766696505665,13.676568380964138,8.434335913503048,-29.29,0.3369339889646871,0.6630660110353129,0.0,0.0,0.3369339889646871,0.6630660110353129,0.0,0.0,-2.2210241847553447,,,0,0,0,0,0,1,0,0,0,0,0,0,93,0.3229166666666667,35.5,1.0,6.833333333333333,3.4166666666666665,3.4166666666666665,11.023419936498007,30.0,11.023419936498007,24.0
94,7.833333333333333,7.833333333333333,0,7.833333333333333,07:49,124.53553356225912,2.3064871559744016,4.5429671899498505,0.0,0.0,2.0,0.0,2.0,0.0,0.0,5.0,0.0,0.0,5.0,0.0,0.0,52.0,19.681373596191406,0.0,0.0,0,24.0,24.0,0.0,0.0,1.0,19.681373596191406,19.681373596191406,30.0,1,demand_surge,3,od_bc,6,0,610.0,0.0,0.0,0.0,0.0,18.0,34.0,18.33333396911621,21.02941131591797,18.306488037109375,41.54296875,-23.236480712890625,0.0,0.0,0.0,0.0,0.0,25.553915261283333,5.273968539615659,55.785871835634936,15.705285310272211,13.759800525306408,8.456692090146573,-27.49,0.33674027732542955,0.6632597226745703,0.0,0.0,0.33674027732542955,0.6632597226745703,0.0,0.0,-2.236480033975449,,,0,0,0,0,0,1,0,0,0,0,0,0,94,0.3263888888888889,37.916666666666664,1.0,6.083333333333333,3.6666666666666665,3.6666666666666665,12.306162595748901,30.0,12.306162595748901,24.0
95,7.916666666666667,7.916666666666667,0,7.916666666666667,07:55,125.00397307133127,2.3140381964982146,4.561180322425005,0.0,0.0,5.0,1.0,4.0,0.0,0.0,6.0,0.0,0.0,6.0,0.0,0.0,51.0,20.23611068725586,0.0,0.0,0,24.0,24.0,0.0,0.0,1.0,20.23611068725586,20.23611068725586,30.0,1,demand_surge,3,od_bc,6,0,605.0,0.0,0.0,0.0,0.0,15.0,36.0,18.66666603088379,21.80555534362793,19.314037322998047,40.561180114746094,-21.247142791748047,0.0,0.0,0.0,0.0,0.0,25.65018448314641,5.281896668959119,56.05727296004381,15.73193775436701,13.811637798617298,8.47104340619762,-26.930000000000003,0.3365766760909636,0.6634233239090365,0.0,0.0,0.3365766760909636,0.6634233239090365,0.0,0.0,-2.2471421259267905,,,0,0,0,0,0,1,0,0,0,0,0,0,95,0.3298611111111111,40.0,1.0,5.833333333333333,3.75,3.75,13.56573748588562,30.0,13.56573748588562,24.0
96,8.0,8.0,0,8.0,08:00,125.22439905174791,2.3171938451931156,4.57014810265302,0.0,0.0,10.0,4.0,6.0,0.0,0.0,7.0,0.0,0.0,7.0,0.0,0.0,54.0,17.29464340209961,0.0,0.0,0,24.0,24.0,0.0,0.0,1.0,17.29464340209961,17.29464340209961,30.0,1,demand_surge,3,od_bc,6,0,600.0,0.0,0.0,0.0,0.0,14.0,40.0,13.214285850524902,21.375,19.31719398498535,44.57014846801758,-25.252954483032227,0.0,0.0,0.0,0.0,0.0,25.687298584598512,5.288964185123834,56.19523820601248,15.743829244799029,13.831622314783813,8.477446516430247,-28.28,0.33644239864085257,0.6635576013591474,0.0,0.0,0.33644239864085257,0.6635576013591474,0.0,0.0,-2.2529542574599044,,,0,0,0,0,0,1,0,0,0,0,0,0,96,0.3333333333333333,42.333333333333336,1.0,6.5,4.166666666666667,4.166666666666667,14.2809476852417,30.0,14.2809476852417,24.0
97,8.083333333333334,8.083333333333334,0,8.083333333333334,08:05,125.19654534622715,2.315948110228671,4.569861883813823,0.0,0.0,7.0,1.0,6.0,0.0,0.0,0.0,0.0,0.0,0.0,0.0,0.0,61.0,19.967391967773438,0.0,0.0,0,24.0,24.0,0.0,0.0,1.0,19.967391967773438,19.967391967773438,30.0,1,demand_surge,3,od_bc,6,0,595.0,0.0,0.0,0.0,0.0,15.0,46.0,17.0,22.934782028198242,15.315948486328125,48.569862365722656,-33.25391387939453,0.0,0.0,0.0,0.0,0.0,25.665048092616072,5.295302476344608,56.19954635706868,15.74105464071295,13.819641280639422,8.475952498845434,-33.02,0.3363363369352911,0.6636636630647089,0.0,0.0,0.3363363369352911,0.6636636630647089,0.0,0.0,-2.253913773585152,,,0,0,0,0,0,1,0,0,0,0,0,0,97,0.3368055555555556,44.75,1.0,6.083333333333333,3.6666666666666665,3.6666666666666665,15.29735008875529,30.0,15.29735008875529,24.0
98,8.166666666666666,8.166666666666666,0,8.166666666666666,08:09,124.92262394661253,2.31033636921119,4.5604079478525,0.0,0.0,9.0,3.0,6.0,0.0,0.0,4.0,0.0,0.0,4.0,0.0,0.0,66.0,19.906963348388672,0.0,0.0,0,24.0,24.0,0.0,0.0,1.0,19.906963348388672,19.906963348388672,30.0,1,demand_surge,3,od_bc,6,0,590.0,0.0,0.0,0.0,0.0,17.0,49.0,17.058822631835938,22.755102157592773,18.31033706665039,54.56040954589844,-36.25007247924805,0.0,0.0,0.0,0.0,0.0,25.583870997364777,5.300976429984085,56.07154250810875,15.723697258173031,13.775930537042571,8.466606215939324,-35.31,0.33625707239220115,0.6637429276077988,0.0,0.0,0.33625707239220115,0.6637429276077988,0.0,0.0,-2.25007157864131,,,0,0,0,0,0,1,0,0,0,0,0,0,98,0.34027777777777773,47.666666666666664,1.0,6.583333333333333,3.6666666666666665,3.6666666666666665,16.088208198547363,30.0,16.088208198547363,24.0
99,8.25,8.25,0,8.25,08:15,124.40729448842394,2.3004350645142675,4.5419661323490494,0.0,0.0,5.0,1.0,4.0,0.0,0.0,2.0,0.0,0.0,2.0,0.0,0.0,69.0,22.573530197143555,0.0,0.0,0,24.0,24.0,0.0,0.0,1.0,22.573530197143555,22.573530197143555,30.0,1,demand_surge,3,od_bc,6,0,585.0,0.0,0.0,0.0,0.0,18.0,51.0,20.83333396911621,24.3137264251709,18.300434112548828,55.54196548461914,-37.24153137207031,0.0,0.0,0.0,0.0,0.0,25.444846570427806,5.305985919849097,55.814110901142335,15.691831913403329,13.701071230230356,8.449447953371022,-37.43,0.33620289110916635,0.6637971088908335,0.0,0.0,0.33620289110916635,0.6637971088908335,0.0,0.0,-2.241531067834782,,,0,0,0,0,0,1,0,0,0,0,0,0,99,0.34375,50.5,1.0,6.5,3.6666666666666665,3.6666666666666665,16.944241046905518,30.0,16.944241046905518,24.0
100,8.333333333333334,8.333333333333334,0,8.333333333333334,08:20,123.65759116262932,2.286360747900253,4.51480676604436,0.0,0.0,11.0,6.0,5.0,0.0,0.0,5.0,0.0,0.0,5.0,0.0,0.0,75.0,20.707672119140625,0.0,0.0,0,24.0,24.0,0.0,0.0,1.0,20.707672119140625,20.707672119140625,30.0,1,demand_surge,3,od_bc,6,0,580.0,0.0,0.0,0.0,0.0,21.0,54.0,15.952381134033203,25.462963104248047,24.286361694335938,58.514808654785156,-34.22844696044922,0.0,0.0,0.0,0.0,0.0,25.249676580637036,5.310270360842504,55.431615230994275,15.645532040378113,13.595979697266095,8.424517252511292,-40.32,0.3361718033282473,0.6638281966717526,0.0,0.0,0.3361718033282473,0.6638281966717526,0.0,0.0,-2.2284460181441066,,,0,0,0,0,0,1,0,0,0,0,0,0,100,0.34722222222222227,53.833333333333336,1.0,7.0,3.6666666666666665,3.6666666666666665,17.647881507873535,30.0,17.647881507873535,24.0
101,8.416666666666666,8.416666666666666,0,8.416666666666666,08:24,122.68280901986874,2.268268492591621,4.479286003501159,0.0,0.0,6.0,3.0,3.0,0.0,0.0,3.0,0.0,0.0,3.0,0.0,0.0,78.0,22.219966888427734,0.0,0.0,0,24.0,24.0,0.0,0.0,1.0,22.219966888427734,22.219966888427734,30.0,1,demand_surge,3,od_bc,6,0,575.0,0.0,0.0,0.0,0.0,22.0,56.0,16.136363983154297,28.303571701049805,24.268268585205078,59.479286193847656,-35.21101760864258,0.0,0.0,0.0,0.0,0.0,25.000654443471397,5.31371608477707,54.92980841166768,15.584880496754192,13.461890854176906,8.391858729021486,-42.480000000000004,0.33616156696549515,0.6638384330345047,0.0,0.0,0.33616156696549515,0.6638384330345047,0.0,0.0,-2.2110175109095374,,,0,0,0,0,0,1,0,0,0,0,0,0,101,0.3506944444444444,57.5,1.0,7.083333333333333,3.4166666666666665,3.4166666666666665,18.453143914540608,30.0,18.453143914540608,24.0
102,8.5,8.5,0,8.5,08:30,121.49435272311395,2.246349705732194,4.435839694039073,0.0,0.0,5.0,1.0,4.0,0.0,0.0,2.0,0.0,0.0,2.0,0.0,0.0,81.0,24.470237731933594,0.0,0.0,0,24.0,24.0,0.0,0.0,1.0,24.470237731933594,24.470237731933594,30.0,1,demand_surge,3,od_bc,6,0,570.0,0.0,0.0,0.0,0.0,21.0,60.0,17.85714340209961,31.08333396911621,23.246349334716797,62.43583679199219,-39.18948745727539,0.0,0.0,0.0,0.0,0.0,24.700623197674595,5.316166162897709,54.31571477832351,15.509983460555675,13.300335567978628,8.351529555683824,-44.68000000000001,0.33616971494538705,0.663830285054613,0.0,0.0,0.33616971494538705,0.663830285054613,0.0,0.0,-2.189489988306879,,,0,0,0,0,0,1,0,0,0,0,0,0,102,0.3541666666666667,61.0,1.0,6.75,3.25,3.25,19.482714970906574,30.0,19.482714970906574,24.0
103,8.583333333333334,8.583333333333334,0,8.583333333333334,08:35,120.10555176143882,2.220829387957285,4.38497595892185,0.0,0.0,6.0,2.0,4.0,0.0,0.0,5.0,0.0,0.0,5.0,0.0,0.0,82.0,25.39227294921875,0.0,0.0,0,24.0,24.0,0.0,0.0,1.0,25.39227294921875,25.39227294921875,30.0,1,demand_surge,3,od_bc,6,0,565.0,0.0,0.0,0.0,0.0,21.0,61.0,18.571428298950195,32.21311569213867,23.220829010009766,66.38497924804688,-43.16415023803711,0.0,0.0,0.0,0.0,0.0,24.35292352308217,5.31743219319723,53.597488548821524,15.420986639540878,13.113112666275013,8.30360819052201,-45.11000000000001,0.33619358599576354,0.6638064140042365,0.0,0.0,0.33619358599576354,0.6638064140042365,0.0,0.0,-2.164146570964565,,,0,0,0,0,0,1,0,0,0,0,0,0,103,0.3576388888888889,64.33333333333333,1.0,6.833333333333333,3.5,3.5,20.39657719930013,30.0,20.39657719930013,24.0
104,8.666666666666666,8.666666666666666,0,8.666666666666666,08:39,118.53144693424417,2.191962899124924,4.327266682258506,0.0,0.0,8.0,0.0,8.0,0.0,0.0,5.0,0.0,0.0,5.0,0.0,0.0,85.0,26.02941131591797,0.0,0.0,0,24.0,24.0,0.0,0.0,1.0,26.02941131591797,26.02941131591797,30.0,1,demand_surge,3,od_bc,6,0,560.0,0.0,0.0,0.0,0.0,17.0,68.0,19.705883026123047,32.35293960571289,21.19196319580078,71.3272705078125,-50.13530731201172,0.0,0.0,0.0,0.0,0.0,23.96133328392724,5.317307489334067,52.784253045372225,15.318092875772388,12.902256383653127,8.24820385618513,-46.97,0.33623035847431726,0.6637696415256827,0.0,0.0,0.33623035847431726,0.6637696415256827,0.0,0.0,-2.1353037831335824,,,0,0,0,0,0,1,0,0,0,0,0,0,104,0.3611111111111111,67.41666666666667,1.0,6.833333333333333,3.75,3.75,21.279078642527264,30.0,21.279078642527264,24.0
105,8.75,8.75,0,8.75,08:45,116.7885535244479,2.1600322997607737,4.2633381440838605,0.0,0.0,9.0,3.0,6.0,0.0,0.0,6.0,0.0,0.0,6.0,0.0,0.0,88.0,25.7608699798584,0.0,0.0,0,24.0,24.0,0.0,0.0,1.0,25.7608699798584,25.7608699798584,30.0,1,demand_surge,3,od_bc,6,0,555.0,0.0,0.0,0.0,0.0,19.0,69.0,20.0,31.521739959716797,20.160032272338867,76.26333618164062,-56.103302001953125,0.0,0.0,0.0,0.0,0.0,23.530000292086633,5.315581056531689,51.88592565370675,15.201580137149517,12.670000157277416,8.185466227695894,-48.410000000000004,0.33627708671709605,0.663722913282904,0.0,0.0,0.33627708671709605,0.663722913282904,0.0,0.0,-2.1033058443230868,,,0,0,0,0,0,1,0,0,0,0,0,0,105,0.3645833333333333,70.16666666666667,1.0,6.916666666666667,4.166666666666667,4.166666666666667,22.020037015279133,30.0,22.020037015279133,24.0
106,8.833333333333334,8.833333333333334,0,8.833333333333334,08:50,114.89460698313742,2.125342346124117,4.193861037948441,0.0,0.0,5.0,3.0,2.0,0.0,0.0,3.0,0.0,0.0,3.0,0.0,0.0,90.0,27.74398422241211,0.0,0.0,0,24.0,24.0,0.0,0.0,1.0,27.74398422241211,27.74398422241211,30.0,1,demand_surge,3,od_bc,6,0,550.0,0.0,0.0,0.0,0.0,22.0,68.0,21.590909957885742,33.89706039428711,22.125343322753906,73.19386291503906,-51.068519592285156,0.0,0.0,0.0,0.0,0.0,23.063370127953547,5.312051720021613,50.91303375813051,15.071818850286897,12.418737761205755,8.115594765539099,-50.160000000000004,0.3363307393272078,0.6636692606727921,0.0,0.0,0.3363307393272078,0.6636692606727921,0.0,0.0,-2.0685186918243237,,,0,0,0,0,0,1,0,0,0,0,0,0,106,0.3680555555555556,73.33333333333333,1.0,7.166666666666667,4.0,4.0,22.69192123413086,30.0,22.69192123413086,24.0
107,8.916666666666666,8.916666666666666,0,8.916666666666666,08:54,112.86829713977959,2.088216222783622,4.119540119904256,0.0,0.0,8.0,2.0,6.0,0.0,0.0,2.0,0.0,0.0,2.0,0.0,0.0,96.0,29.341869354248047,0.0,0.0,0,24.0,24.0,0.0,0.0,1.0,29.341869354248047,29.341869354248047,30.0,1,demand_surge,3,od_bc,6,0,545.0,0.0,0.0,0.0,0.0,23.0,73.0,23.478260040283203,35.20547866821289,24.08821678161621,76.11953735351562,-52.03131866455078,0.0,0.0,0.0,0.0,0.0,22.566110929418656,5.30654178319177,49.87652693164773,14.929287546792398,12.150982808148505,8.038847140580522,-53.92000000000001,0.33638823876251744,0.6636117612374826,0.0,0.0,0.33638823876251744,0.6636117612374826,0.0,0.0,-2.031323897120634,,,0,0,0,0,0,1,0,0,0,0,0,0,107,0.37152777777777773,77.08333333333333,1.0,7.416666666666667,3.6666666666666665,3.6666666666666665,23.450734456380207,30.0,23.450734456380207,24.0
108,9.0,9.0,0,9.0,09:00,110.72899693458895,2.048991100066333,4.04110373133606,0.0,0.0,3.0,1.0,2.0,0.0,0.0,2.0,0.0,0.0,2.0,0.0,0.0,97.0,32.18030548095703,0.0,0.0,0,24.0,24.0,0.0,0.0,1.0,32.18030548095703,32.18030548095703,30.0,1,demand_surge,3,od_bc,6,0,540.0,0.0,0.0,0.0,0.0,22.0,75.0,25.227272033691406,39.13333511352539,24.048992156982422,77.04110717773438,-52.99211502075195,0.0,0.0,0.0,0.0,0.0,22.04303706183258,5.298909633564094,48.787590488607606,14.774585866238638,11.86932764867908,7.955546235666958,-55.18000048828125,0.3364465015390414,0.6635534984609587,0.0,0.0,0.3364465015390414,0.6635534984609587,0.0,0.0,-1.9921126312697268,,,0,0,0,0,0,1,0,0,0,0,0,0,108,0.375,80.66666666666667,1.0,6.833333333333333,3.25,3.25,24.691206296284992,30.0,24.691206296284992,24.0
109,9.083333333333334,9.083333333333334,0,9.083333333333334,09:05,108.49649145619269,2.00801360467631,3.9592934254142875,0.0,0.0,8.0,3.0,5.0,0.0,0.0,4.0,0.0,0.0,4.0,0.0,0.0,101.0,32.34320831298828,0.0,0.0,0,24.0,24.0,0.0,0.0,1.0,32.34320831298828,32.34320831298828,30.0,1,demand_surge,3,od_bc,6,0,535.0,0.0,0.0,0.0,0.0,22.0,79.0,23.863636016845703,40.822784423828125,25.008012771606445,81.95928955078125,-56.95127868652344,0.0,0.0,0.0,0.0,0.0,21.499033517161887,5.289060781353698,47.65746514154516,14.608444079479103,11.576402663087169,7.86608527356567,-57.5,0.3365024783458852,0.6634975216541148,0.0,0.0,0.3365024783458852,0.6634975216541148,0.0,0.0,-1.9512798207379776,,,0,0,0,0,0,1,0,0,0,0,0,0,109,0.37847222222222227,84.0,1.0,6.916666666666667,3.5833333333333335,3.5833333333333335,25.7225243250529,30.0,25.7225243250529,24.0
110,9.166666666666666,9.166666666666666,0,9.166666666666666,09:09,106.19071268004095,1.965635290233846,3.874853907168405,0.0,0.0,5.0,2.0,3.0,0.0,0.0,4.0,0.0,0.0,4.0,0.0,0.0,102.0,33.33774185180664,0.0,0.0,0,24.0,24.0,0.0,0.0,1.0,33.33774185180664,33.33774185180664,30.0,1,demand_surge,3,od_bc,6,0,530.0,0.0,0.0,0.0,0.0,21.0,81.0,23.095237731933594,43.58024597167969,23.965635299682617,83.8748550415039,-59.909217834472656,0.0,0.0,0.0,0.0,0.0,20.938982765189753,5.276956902662412,46.49727697197829,14.431728458320402,11.27483687356371,7.77093070832637,-58.53,0.3365531933708784,0.6634468066291217,0.0,0.0,0.3365531933708784,0.6634468066291217,0.0,0.0,-1.909218616934559,,,0,0,0,0,0,1,0,0,0,0,0,0,110,0.3819444444444444,87.0,1.0,6.583333333333333,3.5833333333333335,3.5833333333333335,26.841755867004395,30.0,26.841755867004395,24.0
111,9.25,9.25,0,9.25,09:15,103.83148476975731,1.9222081906196293,3.788523471717023,0.0,0.0,8.0,0.0,8.0,0.0,0.0,5.0,0.0,0.0,5.0,0.0,0.0,105.0,33.63505554199219,0.0,0.0,0,24.0,24.0,0.0,0.0,1.0,33.63505554199219,33.63505554199219,30.0,1,demand_surge,3,od_bc,6,0,525.0,0.0,0.0,0.0,0.0,18.0,87.0,24.16666603088379,43.10344696044922,20.922208786010742,90.78852081298828,-69.8663101196289,0.0,0.0,0.0,0.0,0.0,20.367695602403106,5.262622561454151,45.31788126207145,14.245442012647503,10.967220708986288,7.670622622194808,-60.27000000000001,0.33659578216517394,0.6634042178348261,0.0,0.0,0.33659578216517394,0.6634042178348261,0.0,0.0,-1.8663152810973935,,,0,0,0,0,0,1,0,0,0,0,0,0,111,0.3854166666666667,90.0,1.0,6.833333333333333,3.8333333333333335,3.8333333333333335,27.76354964574178,30.0,27.76354964574178,24.0
112,9.333333333333334,9.333333333333334,0,9.333333333333334,09:20,101.43828415832168,1.8780805330624972,3.7010250956451953,0.0,0.0,6.0,1.0,5.0,0.0,0.0,4.0,0.0,0.0,4.0,0.0,0.0,107.0,34.965667724609375,0.0,0.0,0,24.0,24.0,0.0,0.0,1.0,34.965667724609375,34.965667724609375,30.0,1,demand_surge,3,od_bc,6,0,520.0,0.0,0.0,0.0,0.0,18.0,89.0,26.11111068725586,43.82022476196289,18.878080368041992,93.7010269165039,-74.82294464111328,0.0,0.0,0.0,0.0,0.0,19.789847325882132,5.246149395049609,44.12972298028488,14.050720333059543,10.656071637013454,7.565772487032061,-61.74,0.3366275274299697,0.6633724725700303,0.0,0.0,0.3366275274299697,0.6633724725700303,0.0,0.0,-1.822944562582698,,,0,0,0,0,0,1,0,0,0,0,0,0,112,0.3888888888888889,92.66666666666667,1.0,6.416666666666667,3.75,3.75,28.95171594619751,30.0,28.95171594619751,24.0
113,9.416666666666666,9.416666666666666,0,9.416666666666666,09:24,99.03001790482094,1.833592680199175,3.613058304565976,0.0,0.0,2.0,1.0,1.0,0.0,0.0,1.0,0.0,0.0,1.0,0.0,0.0,108.0,38.61324691772461,0.0,0.0,0,24.0,24.0,0.0,0.0,1.0,38.61324691772461,38.61324691772461,30.0,1,demand_surge,3,od_bc,6,0,515.0,0.0,0.0,0.0,0.0,19.0,89.0,29.473684310913086,47.7528076171875,18.833593368530273,91.6130599975586,-72.77946472167969,0.0,0.0,0.0,0.0,0.0,19.209920311992143,5.227697660703644,42.94271591155553,13.848822504173004,10.343803244918846,7.45705827147777,-63.42000000000001,0.3366458921873137,0.6633541078126863,0.0,0.0,0.3366458921873137,0.6633541078126863,0.0,0.0,-1.779465624366801,,,0,0,0,0,0,1,0,0,0,0,0,0,113,0.3923611111111111,95.16666666666667,1.0,6.083333333333333,3.5833333333333335,3.5833333333333335,30.317822615305584,30.0,30.317822615305584,24.0
114,9.5,9.5,0,9.5,09:30,96.62482306214424,1.7890733612302443,3.525291907187689,0.0,0.0,4.0,2.0,2.0,0.0,0.0,5.0,0.0,0.0,5.0,0.0,0.0,107.0,39.64511489868164,0.0,0.0,0,24.0,24.0,0.0,0.0,1.0,39.64511489868164,39.64511489868164,30.0,1,demand_surge,3,od_bc,6,0,510.0,0.0,0.0,0.0,0.0,20.0,87.0,29.75,49.54022979736328,20.789073944091797,92.5252914428711,-71.73622131347656,0.0,0.0,0.0,0.0,0.0,18.632153815377613,5.207495150094981,41.76614161290623,13.641117279065357,10.032698208280252,7.345216996419807,-62.71000000000001,0.3366485498959398,0.6633514501040602,0.0,0.0,0.3366485498959398,0.6633514501040602,0.0,0.0,-1.7362185459574448,,,0,0,0,0,0,1,0,0,0,0,0,0,114,0.3958333333333333,97.33333333333333,1.0,6.0,3.8333333333333335,3.8333333333333335,31.582395712534588,30.0,31.582395712534588,24.0
115,9.583333333333334,9.583333333333334,0,9.583333333333334,09:35,94.23988902646353,1.7448362422063055,3.438357654249189,0.0,0.0,1.0,1.0,0.0,0.0,0.0,4.0,0.0,0.0,4.0,0.0,0.0,104.0,41.58914566040039,0.0,0.0,0,24.0,24.0,0.0,0.0,1.0,41.58914566040039,41.58914566040039,30.0,1,demand_surge,3,od_bc,6,0,505.0,0.0,0.0,0.0,0.0,18.0,86.0,29.16666603088379,54.011627197265625,20.744836807250977,88.4383544921875,-67.69351959228516,0.0,0.0,0.0,0.0,0.0,18.060501534860318,5.185833579282718,40.60856859747293,13.42906491744981,9.724885441847864,7.231034955549897,-61.84,0.336633411186779,0.6633665888132211,0.0,0.0,0.336633411186779,0.6633665888132211,0.0,0.0,-1.6935214120428834,,,0,0,0,0,0,1,0,0,0,0,0,0,115,0.3993055555555556,99.16666666666667,1.0,5.583333333333333,3.75,3.75,32.93213510513306,30.0,32.93213510513306,24.0
116,9.666666666666666,9.666666666666666,0,9.666666666666666,09:39,91.89130410227727,1.7011768748264533,3.3528448507987965,0.0,0.0,5.0,2.0,3.0,0.0,0.0,2.0,0.0,0.0,2.0,0.0,0.0,107.0,42.53901290893555,0.0,0.0,0,24.0,24.0,0.0,0.0,1.0,42.53901290893555,42.53901290893555,30.0,1,demand_surge,3,od_bc,6,0,500.0,0.0,0.0,0.0,0.0,18.0,89.0,28.05555534362793,57.0224723815918,19.7011775970459,90.35284423828125,-70.65166473388672,0.0,0.0,0.0,0.0,0.0,17.498597230692944,5.163062649956304,39.47779143769815,13.21419527881188,9.422321585757738,7.115335919360243,-64.36,0.33659864701432307,0.663401352985677,0.0,0.0,0.33659864701432307,0.663401352985677,0.0,0.0,-1.6516679759723432,,,0,0,0,0,0,1,0,0,0,0,0,0,116,0.40277777777777773,101.0,1.0,5.333333333333333,3.5,3.5,34.30793523788452,30.0,34.30793523788452,24.0
117,9.75,9.75,0,9.75,09:45,89.5939268340535,1.6583700523377136,3.2692959235352292,0.0,0.0,3.0,0.0,3.0,0.0,0.0,5.0,0.0,0.0,5.0,0.0,0.0,105.0,44.397823333740234,0.0,0.0,0,24.0,24.0,0.0,0.0,1.0,44.397823333740234,44.397823333740234,30.0,1,demand_surge,3,od_bc,6,0,495.0,0.0,0.0,0.0,0.0,16.0,89.0,30.3125,58.48314666748047,17.658370971679688,93.26929473876953,-75.61092376708984,0.0,0.0,0.0,0.0,0.0,16.949728432186472,5.139582050922924,38.38078885931791,12.998082918291761,9.126776848100407,6.998967725234024,-63.28,0.3365427081416433,0.6634572918583568,0.0,0.0,0.3365427081416433,0.6634572918583568,0.0,0.0,-1.6109258711975156,,,0,0,0,0,0,1,0,0,0,0,0,0,117,0.40625,102.41666666666667,1.0,4.833333333333333,3.4166666666666665,3.4166666666666665,35.86101468404134,30.0,35.86101468404134,24.0
118,9.833333333333334,9.833333333333334,0,9.833333333333334,09:50,87.36128204817498,1.6166675905836505,3.188202922065974,0.0,0.0,5.0,2.0,3.0,0.0,0.0,2.0,0.0,0.0,2.0,0.0,0.0,108.0,45.292503356933594,0.0,0.0,0,24.0,24.0,0.0,0.0,1.0,45.292503356933594,45.292503356933594,30.0,1,demand_surge,3,od_bc,6,0,490.0,0.0,0.0,0.0,0.0,17.0,91.0,29.705883026123047,60.879119873046875,17.616666793823242,93.18820190429688,-75.571533203125,0.0,0.0,0.0,0.0,0.0,16.41681805420574,5.115831725275235,37.32369939176243,12.78232005103352,8.839825106110784,6.88278771978728,-65.79,0.3364643409905642,0.6635356590094357,0.0,0.0,0.3364643409905642,0.6635356590094357,0.0,0.0,-1.5715353314823237,,,0,0,0,0,0,1,0,0,0,0,0,0,118,0.40972222222222227,103.91666666666667,1.0,4.833333333333333,3.3333333333333335,3.3333333333333335,37.3233912785848,30.0,37.3233912785848,24.0
119,9.916666666666666,9.916666666666666,0,9.916666666666666,09:54,85.20548103178272,1.5762965423135047,3.1100049144345454,0.0,0.0,1.0,0.0,1.0,0.0,0.0,8.0,0.0,0.0,8.0,0.0,0.0,101.0,44.89466094970703,0.0,0.0,0,24.0,24.0,0.0,0.0,1.0,44.89466094970703,44.89466094970703,30.0,1,demand_surge,3,od_bc,6,0,485.0,0.0,0.0,0.0,0.0,12.0,89.0,26.25,63.53932571411133,16.576295852661133,93.1100082397461,-76.5337142944336,0.0,0.0,0.0,0.0,0.0,15.90241355156371,5.092280768256904,36.31181275979899,12.568488325858732,8.562838066226613,6.767647560077778,-61.54,0.33636259998675777,0.6636374000132422,0.0,0.0,0.33636259998675777,0.6636374000132422,0.0,0.0,-1.5337083721210407,,,0,0,0,0,0,1,0,0,0,0,0,0,119,0.4131944444444444,104.33333333333333,1.0,4.25,3.8333333333333335,3.8333333333333335,38.61945724487305,30.0,38.61945724487305,24.0
120,10.0,10.0,0,10.0,10:00,83.13716485672754,1.537457843820898,3.0350862232991163,0.0,0.0,4.0,1.0,3.0,0.0,0.0,3.0,0.0,0.0,3.0,0.0,0.0,102.0,46.75453567504883,0.0,0.0,0,24.0,24.0,0.0,0.0,1.0,46.75453567504883,46.75453567504883,30.0,1,demand_surge,3,od_bc,6,0,480.0,0.0,0.0,0.0,0.0,13.0,89.0,28.846153259277344,64.66291809082031,12.537457466125488,93.03508758544922,-80.49762725830078,0.0,0.0,0.0,0.0,0.0,15.408683085934436,5.069415344178243,35.34957494998299,12.358130379733659,8.296983200118541,6.654377896779661,-62.8599990234375,0.3362368566060109,0.6637631433939891,0.0,0.0,0.3362368566060109,0.6637631433939891,0.0,0.0,-1.4976283794782184,,,0,0,0,0,0,1,0,0,0,0,0,0,120,0.4166666666666667,104.75,1.0,4.333333333333333,3.9166666666666665,3.9166666666666665,39.83397642771403,30.0,39.83397642771403,24.0
121,10.083333333333334,10.083333333333334,0,10.083333333333334,10:05,81.16546953963564,1.5003253850526805,2.9637754396272795,0.0,0.0,6.0,2.0,4.0,0.0,0.0,2.0,0.0,0.0,2.0,0.0,0.0,106.0,46.614906311035156,0.0,0.0,0,24.0,24.0,0.0,0.0,1.0,46.614906311035156,46.614906311035156,30.0,1,demand_surge,3,od_bc,6,0,475.0,0.0,0.0,0.0,0.0,14.0,92.0,27.14285659790039,66.08695983886719,14.500326156616211,93.96377563476562,-79.46344757080078,0.0,0.0,0.0,0.0,0.0,14.937418062403243,5.047726019275957,34.44060476084545,12.152722131281005,8.043225110524823,6.543773455305155,-65.62000097656251,0.3360868053781563,0.6639131946218437,0.0,0.0,0.3360868053781563,0.6639131946218437,0.0,0.0,-1.463450054574599,,,0,0,0,0,0,1,0,0,0,0,0,0,121,0.4201388888888889,105.16666666666667,1.0,4.166666666666667,3.75,3.75,41.023284594217934,30.0,41.023284594217934,24.0
122,10.166666666666666,10.166666666666666,0,10.166666666666666,10:09,79.29801151016089,1.4650454876552366,2.896345145403613,0.0,0.0,1.0,1.0,0.0,0.0,0.0,4.0,0.0,0.0,4.0,0.0,0.0,103.0,46.91392135620117,0.0,0.0,0,24.0,24.0,0.0,0.0,1.0,46.91392135620117,46.91392135620117,30.0,1,demand_surge,3,od_bc,6,0,470.0,0.0,0.0,0.0,0.0,12.0,91.0,23.33333396911621,70.4945068359375,14.465045928955078,92.89634704589844,-78.43130493164062,0.0,0.0,0.0,0.0,0.0,14.49004131204611,5.027694903107509,33.587719638555996,11.953646717477195,7.802329937255596,6.4365790017184885,-64.39,0.3359124671269656,0.6640875328730343,0.0,0.0,0.3359124671269656,0.6640875328730343,0.0,0.0,-1.4312996577483763,,,0,0,0,0,0,1,0,0,0,0,0,0,122,0.4236111111111111,105.25,1.0,3.8333333333333335,3.75,3.75,42.154632886250816,30.0,42.154632886250816,24.0
123,10.25,10.25,0,10.25,10:15,77.54089173140108,1.4317367700694104,2.833012275157649,0.0,0.0,0.0,0.0,0.0,0.0,0.0,2.0,0.0,0.0,2.0,0.0,0.0,101.0,49.99725341796875,0.0,0.0,0,24.0,24.0,0.0,0.0,1.0,49.99725341796875,49.99725341796875,30.0,1,demand_surge,3,od_bc,6,0,465.0,0.0,0.0,0.0,0.0,10.0,91.0,24.5,75.4945068359375,11.431736946105957,91.83301544189453,-80.40127563476562,0.0,0.0,0.0,0.0,0.0,14.06762015110718,5.009782976109548,32.792968695812014,11.76217088755451,7.574872389057711,6.33347663176012,-64.42999999999999,0.33571418971809236,0.6642858102819076,0.0,0.0,0.33571418971809236,0.6642858102819076,0.0,0.0,-1.4012755050882388,,,0,0,0,0,0,1,0,0,0,0,0,0,123,0.4270833333333333,104.91666666666667,1.0,3.1666666666666665,3.5,3.5,43.51814937591553,30.0,43.51814937591553,24.0
124,10.333333333333334,10.333333333333334,0,10.333333333333334,10:20,75.89871676823518,1.4004903747323814,2.773939047520553,0.0,0.0,2.0,2.0,0.0,0.0,0.0,2.0,0.0,0.0,2.0,0.0,0.0,101.0,51.9826774597168,0.0,0.0,0,24.0,24.0,0.0,0.0,1.0,51.9826774597168,51.9826774597168,30.0,1,demand_surge,3,od_bc,6,0,460.0,0.0,0.0,0.0,0.0,12.0,89.0,24.58333396911621,79.38201904296875,11.400490760803223,91.77394104003906,-80.37345123291016,0.0,0.0,0.0,0.0,0.0,13.670883533135955,4.994417957523648,32.057670992934575,11.579424548419064,7.361244979380897,6.235074756841034,-64.91999902343751,0.3354926465558827,0.6645073534441173,0.0,0.0,0.3354926465558827,0.6645073534441173,0.0,0.0,-1.3734486727881718,,,0,0,0,0,0,1,0,0,0,0,0,0,124,0.4305555555555556,104.41666666666667,1.0,2.8333333333333335,3.3333333333333335,3.3333333333333335,44.93623352050781,30.0,44.93623352050781,24.0
125,10.416666666666666,10.416666666666666,0,10.416666666666666,10:24,74.37463511755607,1.371370529614737,2.7192344018508474,0.0,0.0,10.0,3.0,7.0,0.0,0.0,4.0,0.0,0.0,4.0,0.0,0.0,107.0,48.913211822509766,0.0,0.0,0,24.0,24.0,0.0,0.0,1.0,48.913211822509766,48.913211822509766,30.0,1,demand_surge,3,od_bc,6,0,455.0,0.0,0.0,0.0,0.0,14.0,93.0,21.428571701049805,76.3978500366211,14.371370315551758,96.71923828125,-82.34786987304688,0.0,0.0,0.0,0.0,0.0,13.300242523524107,4.981983038010333,31.3824574062634,11.406384014109419,7.1616690511283645,6.141899084520455,-67.81,0.3352488330187881,0.6647511669812118,0.0,0.0,0.3352488330187881,0.6647511669812118,0.0,0.0,-1.3478638722361105,,,0,0,0,0,0,1,0,0,0,0,0,0,125,0.43402777777777773,104.33333333333333,1.0,3.5,3.5833333333333335,3.5833333333333335,45.79456392923991,30.0,45.79456392923991,24.0
126,10.5,10.5,0,10.5,10:30,72.97038718416086,1.3444154145793457,2.668955880549502,0.0,0.0,3.0,1.0,2.0,0.0,0.0,2.0,0.0,0.0,2.0,0.0,0.0,108.0,50.771278381347656,0.0,0.0,0,24.0,24.0,0.0,0.0,1.0,50.771278381347656,50.771278381347656,30.0,1,demand_surge,3,od_bc,6,0,450.0,0.0,0.0,0.0,0.0,14.0,94.0,22.5,79.04255676269531,14.344415664672852,95.66895294189453,-81.32453918457031,0.0,0.0,0.0,0.0,0.0,12.955813361263615,4.972806766634962,30.767314698572772,11.24385935605592,6.976207194526562,6.054385807107034,-69.1900009765625,0.3349840609592001,0.6650159390407999,0.0,0.0,0.3349840609592001,0.6650159390407999,0.0,0.0,-1.3245404659701565,,,0,0,0,0,0,1,0,0,0,0,0,0,126,0.4375,104.41666666666667,1.0,3.4166666666666665,3.3333333333333335,3.3333333333333335,46.721744219462074,30.0,46.721744219462074,24.0
127,10.583333333333334,10.583333333333334,0,10.583333333333334,10:35,71.68636739204584,1.3196383022222993,2.6231119043402225,0.0,0.0,6.0,2.0,4.0,0.0,0.0,8.0,0.0,0.0,8.0,0.0,0.0,106.0,46.750885009765625,0.0,0.0,0,24.0,24.0,0.0,0.0,1.0,46.750885009765625,46.750885009765625,30.0,1,demand_surge,3,od_bc,6,0,445.0,0.0,0.0,0.0,0.0,12.0,94.0,15.416666984558105,78.0851058959961,15.319637298583984,98.62311553955078,-83.30348205566406,0.0,0.0,0.0,0.0,0.0,12.63744242516729,4.967154343846996,30.211630718171463,11.092486089350515,6.804776690474694,5.972877125034892,-67.15,0.3346999513247944,0.6653000486752055,0.0,0.0,0.3346999513247944,0.6653000486752055,0.0,0.0,-1.3034736021179232,,,0,0,0,0,0,1,0,0,0,0,0,0,127,0.44097222222222227,104.58333333333333,1.0,3.8333333333333335,3.6666666666666665,3.6666666666666665,47.151889165242515,30.0,47.151889165242515,24.0
128,10.666666666666666,10.666666666666666,0,10.666666666666666,10:39,70.52169704804136,1.2970289427510382,2.5816643948912366,0.0,0.0,4.0,1.0,3.0,0.0,0.0,5.0,0.0,0.0,5.0,0.0,0.0,105.0,47.03578186035156,0.0,0.0,0,24.0,24.0,0.0,0.0,1.0,47.03578186035156,47.03578186035156,30.0,1,demand_surge,3,od_bc,6,0,440.0,0.0,0.0,0.0,0.0,11.0,94.0,15.454545021057129,78.61701965332031,12.297028541564941,97.5816650390625,-85.28463745117188,0.0,0.0,0.0,0.0,0.0,12.344732486047896,4.96522053155218,29.71423996760253,10.952721270728427,6.647163646333482,5.8976191457768445,-67.02000000000001,0.33439842489312593,0.665601575106874,0.0,0.0,0.33439842489312593,0.665601575106874,0.0,0.0,-1.2846354521401984,,,0,0,0,0,0,1,0,0,0,0,0,0,128,0.4444444444444444,104.41666666666667,1.0,3.75,3.9166666666666665,3.9166666666666665,47.52661991119385,30.0,47.52661991119385,24.0
129,10.75,10.75,0,10.75,10:45,69.47430670916509,1.276555162871849,2.544531706132231,0.0,0.0,5.0,1.0,4.0,0.0,0.0,4.0,0.0,0.0,4.0,0.0,0.0,106.0,46.3520393371582,0.0,0.0,0,24.0,24.0,0.0,0.0,1.0,46.3520393371582,46.3520393371582,30.0,1,demand_surge,3,od_bc,6,0,435.0,0.0,0.0,0.0,0.0,8.0,98.0,12.5,80.2040786743164,11.276555061340332,98.5445327758789,-87.26797485351562,0.0,0.0,0.0,0.0,0.0,12.077069697584284,4.967124349045534,29.273469081448482,10.824843933551914,6.503037529468459,5.828762118066415,-68.41999902343751,0.33408169105680857,0.6659183089431915,0.0,0.0,0.33408169105680857,0.6659183089431915,0.0,0.0,-1.267976543260382,,,0,0,0,0,0,1,0,0,0,0,0,0,129,0.4479166666666667,104.5,1.0,3.9166666666666665,3.8333333333333335,3.8333333333333335,47.68947124481201,30.0,47.68947124481201,24.0
130,10.833333333333334,10.833333333333334,0,10.833333333333334,10:50,68.54102693446734,1.2581646494102572,2.5115918319854464,0.0,0.0,8.0,2.0,6.0,0.0,0.0,0.0,0.0,0.0,0.0,0.0,0.0,114.0,47.144229888916016,0.0,0.0,0,24.0,24.0,0.0,0.0,1.0,47.144229888916016,47.144229888916016,30.0,1,demand_surge,3,od_bc,6,0,430.0,0.0,0.0,0.0,0.0,10.0,104.0,14.0,80.28845977783203,9.258164405822754,104.51158905029297,-95.25342559814453,0.0,0.0,0.0,0.0,0.0,11.833650852518895,4.972905679858504,28.887182020375043,10.708959649733071,6.37196584366402,5.766362888317807,-73.88,0.33375223455930975,0.6662477654406902,0.0,0.0,0.33375223455930975,0.6662477654406902,0.0,0.0,-1.2534271825751893,,,0,0,0,0,0,1,0,0,0,0,0,0,130,0.4513888888888889,105.0,1.0,4.166666666666667,3.6666666666666665,3.6666666666666665,47.84378178914388,30.0,47.84378178914388,24.0
131,10.916666666666666,10.916666666666666,0,10.916666666666666,10:54,67.7176864162183,1.2417868893087898,2.4826858635832165,0.0,0.0,7.0,2.0,5.0,0.0,0.0,1.0,0.0,0.0,1.0,0.0,0.0,120.0,47.96080017089844,0.0,0.0,0,24.0,24.0,0.0,0.0,1.0,47.96080017089844,47.96080017089844,30.0,1,demand_surge,3,od_bc,6,0,425.0,0.0,0.0,0.0,0.0,11.0,109.0,14.545454978942871,81.37614440917969,11.24178695678711,109.4826889038086,-98.24090576171875,0.0,0.0,0.0,0.0,0.0,11.613510503845598,4.98252386978553,28.55282501302209,10.605008892871343,6.253428732839937,5.7103894038537995,-77.86000000000001,0.33341280006534024,0.6665871999346599,0.0,0.0,0.33341280006534024,0.6665871999346599,0.0,0.0,-1.2408989742744267,,,0,0,0,0,0,1,0,0,0,0,0,0,131,0.4548611111111111,106.58333333333333,1.0,4.666666666666667,3.0833333333333335,3.0833333333333335,48.09929339090983,30.0,48.09929339090983,24.0
132,11.0,11.0,0,11.0,11:00,66.99921657612087,1.2273352386052836,2.4576216730813645,0.0,0.0,3.0,1.0,2.0,0.0,0.0,5.0,0.0,0.0,5.0,0.0,0.0,118.0,49.23322296142578,0.0,0.0,0,24.0,24.0,0.0,0.0,1.0,49.23322296142578,49.23322296142578,30.0,1,demand_surge,3,od_bc,6,0,420.0,0.0,0.0,0.0,0.0,11.0,107.0,16.363636016845703,82.1028060913086,11.227334976196289,111.4576187133789,-100.23028564453125,0.0,0.0,0.0,0.0,0.0,11.415547619960643,4.995858350792377,28.267471449861734,10.512778784092754,6.1468333338249606,5.660727037588406,-76.33,0.33306637445687737,0.6669336255431226,0.0,0.0,0.33306637445687737,0.6669336255431226,0.0,0.0,-1.2302864344760809,,,0,0,0,0,0,1,0,0,0,0,0,0,132,0.4583333333333333,107.91666666666667,1.0,4.583333333333333,3.25,3.25,48.305850664774574,30.0,48.305850664774574,24.0
133,11.083333333333334,11.083333333333334,0,11.083333333333334,11:05,66.37976177437746,1.2147090938969838,2.4361778036937767,0.0,0.0,5.0,1.0,4.0,0.0,0.0,6.0,0.0,0.0,6.0,0.0,0.0,117.0,48.63084030151367,0.0,0.0,0,24.0,24.0,0.0,0.0,1.0,48.63084030151367,48.63084030151367,30.0,1,demand_surge,3,od_bc,6,0,415.0,0.0,0.0,0.0,0.0,10.0,107.0,16.0,81.26168060302734,11.214709281921387,111.4361801147461,-100.22147369384766,0.0,0.0,0.0,0.0,0.0,11.238551506352824,5.012711279549958,28.027867048351585,10.43191773385652,6.051527734189982,5.617186472076588,-75.51,0.33271616677541466,0.6672838332245853,0.0,0.0,0.33271616677541466,0.6672838332245853,0.0,0.0,-1.221468709796793,,,0,0,0,0,0,1,0,0,0,0,0,0,133,0.4618055555555556,108.83333333333333,1.0,4.5,3.5833333333333335,3.5833333333333335,48.47384516398112,30.0,48.47384516398112,24.0
134,11.166666666666666,11.166666666666666,0,11.166666666666666,11:09,65.85279430998247,1.203796140585709,2.4181075464633266,0.0,0.0,2.0,0.0,2.0,0.0,0.0,6.0,0.0,0.0,6.0,0.0,0.0,113.0,48.742210388183594,0.0,0.0,0,24.0,24.0,0.0,0.0,1.0,48.742210388183594,48.742210388183594,30.0,1,demand_surge,3,od_bc,6,0,410.0,0.0,0.0,0.0,0.0,6.0,107.0,14.166666984558105,83.31775665283203,9.20379638671875,109.41810607910156,-100.21430969238281,0.0,0.0,0.0,0.0,0.0,11.0812267830368,5.032812133506511,27.830475664701737,10.361952449616439,5.9668144216352,5.579512857485774,-73.8,0.3323655857802525,0.6676344142197476,0.0,0.0,0.3323655857802525,0.6676344142197476,0.0,0.0,-1.2143114058776177,,,0,0,0,0,0,1,0,0,0,0,0,0,134,0.46527777777777773,109.66666666666667,1.0,4.583333333333333,3.75,3.75,48.62620258331299,30.0,48.62620258331299,24.0
135,11.25,11.25,0,11.25,11:15,65.41123338910681,1.1944746528582646,2.4031431835426105,0.0,0.0,4.0,2.0,2.0,0.0,0.0,2.0,0.0,0.0,2.0,0.0,0.0,115.0,49.437828063964844,0.0,0.0,0,24.0,24.0,0.0,0.0,1.0,49.437828063964844,49.437828063964844,30.0,1,demand_surge,3,od_bc,6,0,405.0,0.0,0.0,0.0,0.0,7.0,108.0,12.857142448425293,86.01851654052734,7.194475173950195,109.40314483642578,-102.20867156982422,0.0,0.0,0.0,0.0,0.0,10.94221725597456,5.055824162406745,27.671526125682632,10.302306759686775,5.891963137832454,5.547395947523648,-75.96000000000001,0.3320182151568493,0.6679817848431506,0.0,0.0,0.3320182151568493,0.6679817848431506,0.0,0.0,-1.2086685306843459,,,0,0,0,0,0,1,0,0,0,0,0,0,135,0.46875,110.83333333333333,1.0,4.916666666666667,3.75,3.75,48.57958380381266,30.0,48.57958380381266,24.0
136,11.333333333333334,11.333333333333334,0,11.333333333333334,11:20,65.04756720672546,1.1866158208958892,2.3910003754740115,0.0,0.0,3.0,0.0,3.0,0.0,0.0,2.0,0.0,0.0,2.0,0.0,0.0,116.0,51.848487854003906,0.0,0.0,0,24.0,24.0,0.0,0.0,1.0,51.848487854003906,51.848487854003906,30.0,1,demand_surge,3,od_bc,6,0,400.0,0.0,0.0,0.0,0.0,6.0,110.0,15.833333015441895,87.86363983154297,6.186615943908691,111.39099884033203,-105.20438385009766,0.0,0.0,0.0,0.0,0.0,10.82012856210734,5.08135254986116,27.547060398410093,10.2523217058879,5.826223071903952,5.520480918555022,-77.22000000000001,0.3316777864824943,0.6683222135175058,0.0,0.0,0.3316777864824943,0.6683222135175058,0.0,0.0,-1.2043845545781222,,,0,0,0,0,0,1,0,0,0,0,0,0,136,0.47222222222222227,112.08333333333333,1.0,5.0,3.75,3.75,48.56840133666992,30.0,48.56840133666992,24.0
137,11.416666666666666,11.416666666666666,0,11.416666666666666,11:24,64.7539772286004,1.180086081262259,2.3813826663107633,0.0,0.0,4.0,0.0,4.0,0.0,0.0,2.0,0.0,0.0,2.0,0.0,0.0,118.0,53.946903228759766,0.0,0.0,0,24.0,24.0,0.0,0.0,1.0,53.946903228759766,53.946903228759766,30.0,1,demand_surge,3,od_bc,6,0,395.0,0.0,0.0,0.0,0.0,5.0,113.0,19.0,88.89380645751953,5.180086135864258,114.38138580322266,-109.20130157470703,0.0,0.0,0.0,0.0,0.0,10.713549501660085,5.108954098974024,27.452983313794377,10.211276378630718,5.768834347047737,5.498379588493463,-78.98,0.3313481501322828,0.6686518498677172,0.0,0.0,0.3313481501322828,0.6686518498677172,0.0,0.0,-1.2012965850485045,,,0,0,0,0,0,1,0,0,0,0,0,0,137,0.4756944444444444,113.0,1.0,4.5,3.5833333333333335,3.5833333333333335,48.987875620524086,30.0,48.987875620524086,24.0
138,11.5,11.5,0,11.5,11:30,64.52246368196364,1.174749426842186,2.373986075665814,0.0,0.0,3.0,2.0,1.0,0.0,0.0,4.0,0.0,0.0,4.0,0.0,0.0,117.0,51.34821319580078,0.0,0.0,0,24.0,24.0,0.0,0.0,1.0,51.34821319580078,51.34821319580078,30.0,1,demand_surge,3,od_bc,6,0,390.0,0.0,0.0,0.0,0.0,5.0,112.0,11.0,91.69642639160156,6.174749374389648,114.37398529052734,-108.19923400878906,0.0,0.0,0.0,0.0,0.0,10.621071998681119,5.138148219252055,27.385113919245455,10.178409004571863,5.719038768520602,5.480681771692542,-78.65,0.3310332443801333,0.6689667556198666,0.0,0.0,0.3310332443801333,0.6689667556198666,0.0,0.0,-1.199236648823628,,,0,0,0,0,0,1,0,0,0,0,0,0,138,0.4791666666666667,113.75,1.0,4.5,3.75,3.75,49.035953521728516,30.0,49.035953521728516,24.0
139,11.583333333333334,11.583333333333334,0,11.583333333333334,11:35,64.3449711706476,1.1704696731500634,2.368503741235555,0.0,0.0,8.0,4.0,4.0,0.0,0.0,4.0,0.0,0.0,4.0,0.0,0.0,121.0,47.159420013427734,0.0,0.0,0,24.0,24.0,0.0,0.0,1.0,47.159420013427734,47.159420013427734,30.0,1,demand_surge,3,od_bc,6,0,385.0,0.0,0.0,0.0,0.0,6.0,115.0,1.6666666269302368,92.65217590332031,8.170469284057617,116.3685073852539,-108.19803619384766,0.0,0.0,0.0,0.0,0.0,10.541309652087286,5.168428960148999,27.33923836872533,10.152937845065345,5.676089812662384,5.4669665319582625,-81.33,0.33073706301160843,0.6692629369883916,0.0,0.0,0.33073706301160843,0.6692629369883916,0.0,0.0,-1.1980340680854917,,,0,0,0,0,0,1,0,0,0,0,0,0,139,0.4826388888888889,115.0,1.0,4.666666666666667,3.4166666666666665,3.4166666666666665,49.06999810536703,30.0,49.06999810536703,24.0
140,11.666666666666666,11.666666666666666,0,11.666666666666666,11:39,64.21351323176202,1.167112658355061,2.364630569391851,0.0,0.0,1.0,0.0,1.0,0.0,0.0,3.0,0.0,0.0,3.0,0.0,0.0,119.0,50.675437927246094,0.0,0.0,0,24.0,24.0,0.0,0.0,1.0,50.675437927246094,50.675437927246094,30.0,1,demand_surge,3,od_bc,6,0,380.0,0.0,0.0,0.0,0.0,5.0,114.0,6.0,95.35087585449219,5.167112827301025,116.36463165283203,-111.19751739501953,0.0,0.0,0.0,0.0,0.0,10.472914855592714,5.199277810706764,27.31116407470828,10.134081519532828,5.639261845319153,5.456813125902292,-80.9,0.33046362181307976,0.6695363781869202,0.0,0.0,0.33046362181307976,0.6695363781869202,0.0,0.0,-1.19751791103679,,,0,0,0,0,0,1,0,0,0,0,0,0,140,0.4861111111111111,116.16666666666667,1.0,4.416666666666667,3.25,3.25,49.37330277760824,30.0,49.37330277760824,24.0
141,11.75,11.75,0,11.75,11:45,64.12029455450426,1.1645483550289197,2.362067845468814,0.0,0.0,4.0,1.0,3.0,0.0,0.0,6.0,0.0,0.0,6.0,0.0,0.0,117.0,51.07455825805664,0.0,0.0,0,24.0,24.0,0.0,0.0,1.0,51.07455825805664,51.07455825805664,30.0,1,demand_surge,3,od_bc,6,0,375.0,0.0,0.0,0.0,0.0,3.0,114.0,6.666666507720947,95.48245239257812,5.164548397064209,117.36206817626953,-112.19751739501953,0.0,0.0,0.0,0.0,0.0,10.414594476570018,5.230176965753362,27.296774658762963,10.121078427922141,5.607858564306932,5.449811461188845,-79.61000000000001,0.3302169243323273,0.6697830756676728,0.0,0.0,0.3302169243323273,0.6697830756676728,0.0,0.0,-1.1975194904398945,,,0,0,0,0,0,1,0,0,0,0,0,0,141,0.4895833333333333,117.08333333333333,1.0,4.333333333333333,3.4166666666666665,3.4166666666666665,49.76684602101644,30.0,49.76684602101644,24.0
142,11.833333333333334,11.833333333333334,0,11.833333333333334,11:50,64.05782949544346,1.1626528724502603,2.3605277497991306,0.0,0.0,4.0,0.0,4.0,0.0,0.0,3.0,0.0,0.0,3.0,0.0,0.0,118.0,52.780174255371094,0.0,0.0,0,24.0,24.0,0.0,0.0,1.0,52.780174255371094,52.780174255371094,30.0,1,demand_surge,3,od_bc,6,0,370.0,0.0,0.0,0.0,0.0,2.0,116.0,10.0,95.56034851074219,2.1626529693603516,118.36052703857422,-116.1978759765625,0.0,0.0,0.0,0.0,0.0,10.365124091801828,5.260622747742582,27.292085056758797,10.11320500731053,5.581220664816368,5.445571927013361,-80.81,0.3300009273177596,0.6699990726822405,0.0,0.0,0.3300009273177596,0.6699990726822405,0.0,0.0,-1.1978748773488703,,,0,0,0,0,0,1,0,0,0,0,0,0,142,0.4930555555555556,117.41666666666667,1.0,4.0,3.6666666666666665,3.6666666666666665,50.23650805155436,30.0,50.23650805155436,24.0
143,11.916666666666666,11.916666666666666,0,11.916666666666666,11:54,64.01905545628317,1.1613103293211924,2.3597377207743815,0.0,0.0,3.0,2.0,1.0,0.0,0.0,3.0,0.0,0.0,3.0,0.0,0.0,118.0,49.46120834350586,0.0,0.0,0,24.0,24.0,0.0,0.0,1.0,49.46120834350586,49.46120834350586,30.0,1,demand_surge,3,od_bc,6,0,365.0,0.0,0.0,0.0,0.0,2.0,116.0,0.0,98.92241668701172,3.1613101959228516,117.3597412109375,-114.19843292236328,0.0,0.0,0.0,0.0,0.0,10.323360782793255,5.29013887006388,27.29329597177253,10.109792616597137,5.558732729196368,5.443734485859996,-81.55000000000001,0.3298195062375449,0.6701804937624551,0.0,0.0,0.3298195062375449,0.6701804937624551,0.0,0.0,-1.198427391453189,,,0,0,0,0,0,1,0,0,0,0,0,0,143,0.49652777777777773,117.25,1.0,3.6666666666666665,3.8333333333333335,3.8333333333333335,50.361542065938316,30.0,50.361542065938316,24.0
144,12.0,12.0,0,12.0,12:00,63.99743964644771,1.1604145779777304,2.359444602576894,0.0,0.0,2.0,0.0,2.0,0.0,0.0,4.0,0.0,0.0,4.0,0.0,0.0,116.0,50.280174255371094,0.0,0.0,0,23.0,24.0,0.0,0.0,0.9583333730697632,50.280174255371094,50.280174255371094,30.0,1,demand_surge,3,od_bc,6,0,360.0,0.0,0.0,0.0,0.0,0.0,116.0,0.0,100.56034851074219,1.160414695739746,118.35944366455078,-117.19902801513672,0.0,0.0,0.0,0.0,0.0,10.288254495282384,5.3182892327402245,27.296846731994556,10.110242897831023,5.539829343613591,5.443976944985935,-80.84416666269303,0.3296764212581038,0.6703235787418962,0.0,0.0,0.3296764212581038,0.6703235787418962,0.0,0.0,-1.1990300245991636,,,0,0,0,0,0,1,0,0,0,0,0,0,144,0.5,117.08333333333333,0.996527781089147,3.5833333333333335,3.75,3.75,50.448788007100426,30.0,50.448788007100426,24.0
145,12.083333333333334,12.083333333333334,0,12.083333333333334,12:05,63.98707773942904,1.1598707626013562,2.359418513067241,0.0,0.0,2.0,1.0,1.0,0.0,0.0,2.0,0.0,0.0,2.0,0.0,0.0,116.0,51.9181022644043,0.0,0.0,0,22.0,24.0,0.0,0.0,0.9166666269302368,51.9181022644043,51.9181022644043,30.0,1,demand_surge,3,od_bc,6,0,355.0,0.0,0.0,0.0,0.0,0.0,116.0,0.0,103.8362045288086,0.15987062454223633,117.35942077636719,-117.19954681396484,0.0,0.0,0.0,0.0,0.0,10.258857967155583,5.344689954812709,27.299465510008524,10.114041511339492,5.524000443853006,5.446022352259726,-81.81833333730698,0.3295752840269157,0.6704247159730844,0.0,0.0,0.3295752840269157,0.6704247159730844,0.0,0.0,-1.1995477504658847,,,0,0,0,0,0,1,0,0,0,0,0,0,145,0.5034722222222222,117.0,0.9895833333333334,3.3333333333333335,3.4166666666666665,3.4166666666666665,50.72272650400797,30.0,50.72272650400797,24.0
146,12.166666666666666,12.166666666666666,0,12.166666666666666,12:09,63.98278295281156,1.1595966955497303,2.3594563668549053,0.0,0.0,4.0,0.0,4.0,0.0,0.0,4.0,0.0,0.0,4.0,0.0,0.0,116.0,51.01293182373047,0.0,0.0,0,21.0,24.0,0.0,0.0,0.875,51.01293182373047,51.01293182373047,30.0,1,demand_surge,3,od_bc,6,0,350.0,0.0,0.0,0.0,0.0,0.0,116.0,0.0,102.02586364746094,0.0,120.35945892333984,-120.35945892333984,0.0,0.0,0.0,0.0,0.0,10.23433522642734,5.369020369048866,27.298215799498898,10.120770183344126,5.510795891153183,5.449645483339144,-81.2125,0.32951952556161684,0.6704804744383832,0.0,0.0,0.32951952556161684,0.6704804744383832,0.0,0.0,-1.199859671305175,,,0,0,0,0,0,1,0,0,0,0,0,0,146,0.5069444444444444,117.25,0.9791666666666666,3.5,3.25,3.25,50.91195329030355,30.0,50.91195329030355,24.0
147,12.25,12.25,0,12.25,12:15,63.98016413983745,1.1595240376958496,2.3593849899952106,0.0,0.0,3.0,0.0,3.0,0.0,0.0,3.0,0.0,0.0,3.0,0.0,0.0,116.0,50.92672348022461,0.0,0.0,0,21.0,24.0,0.0,0.0,0.875,50.92672348022461,50.92672348022461,30.0,1,demand_surge,3,od_bc,6,0,345.0,0.0,0.0,0.0,0.0,0.0,116.0,0.0,101.85344696044922,0.0,119.35938262939453,-119.35938262939453,0.0,0.0,0.0,0.0,0.0,10.213968656529955,5.391032733303226,27.290538029388834,10.130117038614552,5.4998292765930525,5.454678405407835,-81.2725,0.3295123655005864,0.6704876344994137,0.0,0.0,0.3295123655005864,0.6704876344994137,0.0,0.0,-1.199860952299361,,,0,0,0,0,0,1,0,0,0,0,0,0,147,0.5104166666666666,117.33333333333333,0.96875,3.4166666666666665,3.3333333333333335,3.3333333333333335,51.036027908325195,30.0,51.036027908325195,24.0
148,12.333333333333334,12.333333333333334,0,12.333333333333334,12:20,63.975691576227376,1.1595992705671567,2.359063766125349,0.0,0.0,3.0,0.0,3.0,0.0,0.0,1.0,0.0,0.0,1.0,0.0,0.0,118.0,51.65254211425781,0.0,0.0,0,19.0,24.0,0.0,0.0,0.7916666269302368,51.65254211425781,51.65254211425781,30.0,1,demand_surge,3,od_bc,6,0,340.0,0.0,0.0,0.0,0.0,0.0,118.0,0.0,103.30508422851562,0.0,119.35906219482422,-119.35906219482422,0.0,0.0,0.0,0.0,0.0,10.197164620138173,5.410560448052031,27.27428522514203,10.141885216833483,5.49078094930517,5.46101511675649,-83.25083333730697,0.32955678292433593,0.6704432170756641,0.0,0.0,0.32955678292433593,0.6704432170756641,0.0,0.0,-1.1994644955581921,,,0,0,0,0,0,1,0,0,0,0,0,0,148,0.513888888888889,117.5,0.9513888855775198,3.4166666666666665,3.25,3.25,51.01969909667969,30.0,51.01969909667969,24.0
149,12.416666666666666,12.416666666666666,0,12.416666666666666,12:24,63.96674925909168,1.159784450077049,2.3583867591729937,0.0,0.0,3.0,1.0,2.0,0.0,0.0,3.0,0.0,0.0,3.0,0.0,0.0,118.0,52.415252685546875,0.0,0.0,0,17.0,24.0,0.0,0.0,0.7083333134651184,52.415252685546875,52.415252685546875,30.0,1,demand_surge,3,od_bc,6,0,335.0,0.0,0.0,0.0,0.0,0.0,118.0,0.0,104.83050537109375,0.15978431701660156,120.35838317871094,-120.19860076904297,0.0,0.0,0.0,0.0,0.0,10.18345762544387,5.4275246102449755,27.247751701920734,10.155999790058011,5.483400259854391,5.468615271569698,-83.4391666686535,0.3296554889164352,0.6703445110835647,0.0,0.0,0.3296554889164352,0.6703445110835647,0.0,0.0,-1.1986023090959448,,,0,0,0,0,0,1,0,0,0,0,0,0,149,0.517361111111111,117.5,0.9270833283662796,3.3333333333333335,3.3333333333333335,3.3333333333333335,50.89206155141195,30.0,50.89206155141195,24.0
150,12.5,12.5,0,12.5,12:30,63.951672703035456,1.1600577337094,2.35728426495755,0.0,0.0,3.0,3.0,0.0,0.0,0.0,3.0,0.0,0.0,3.0,0.0,0.0,118.0,54.915252685546875,0.0,0.0,0,19.0,24.0,0.0,0.0,0.7916666269302368,54.915252685546875,54.915252685546875,30.0,1,demand_surge,3,od_bc,6,0,330.0,0.0,0.0,0.0,0.0,0.0,118.0,0.0,109.83050537109375,2.16005802154541,118.35728454589844,-116.19722747802734,0.0,0.0,0.0,0.0,0.0,10.172513010605194,5.441938778400682,27.20969389200341,10.172513010605194,5.477507005710488,5.477507005710488,-84.59083333730699,0.3298109010011123,0.6701890989988877,0.0,0.0,0.3298109010011123,0.6701890989988877,0.0,0.0,-1.19722653124815,,,0,0,0,0,0,1,0,0,0,0,0,0,150,0.5208333333333334,117.58333333333333,0.9097222139437994,3.3333333333333335,3.25,3.25,51.18931484222412,30.0,51.18931484222412,24.0
151,12.583333333333334,12.583333333333334,0,12.583333333333334,12:35,63.92977141854896,1.1604136751239498,2.3557237528962434,0.0,0.0,5.0,1.0,4.0,0.0,0.0,2.0,0.0,0.0,2.0,0.0,0.0,121.0,55.123966217041016,0.0,0.0,0,19.0,24.0,0.0,0.0,0.7916666269302368,55.123966217041016,55.123966217041016,30.0,1,demand_surge,3,od_bc,6,0,325.0,0.0,0.0,0.0,0.0,0.0,121.0,0.0,110.24793243408203,0.1604137420654297,122.35572052001953,-122.19530487060547,0.0,0.0,0.0,0.0,0.0,10.164128113553422,5.453911871398999,27.15934256516902,10.19160792473419,5.472992061144151,5.487788882549179,-86.95083333730697,0.3300251195748443,0.6699748804251557,0.0,0.0,0.3300251195748443,0.6699748804251557,0.0,0.0,-1.1953100777722936,,,0,0,0,0,0,1,0,0,0,0,0,0,151,0.5243055555555556,117.58333333333333,0.892361099521319,3.0833333333333335,3.0833333333333335,3.0833333333333335,51.85302702585856,30.0,51.85302702585856,24.0
152,12.666666666666666,12.666666666666666,0,12.666666666666666,12:39,63.901335484956356,1.1608632822737814,2.353710169398818,0.0,0.0,6.0,2.0,4.0,0.0,0.0,4.0,0.0,0.0,4.0,0.0,0.0,123.0,54.93902587890625,0.0,0.0,0,19.0,24.0,0.0,0.0,0.7916666269302368,54.93902587890625,54.93902587890625,30.0,1,demand_surge,3,od_bc,6,0,320.0,0.0,0.0,0.0,0.0,0.0,123.0,0.0,109.8780517578125,1.1608633995056152,125.35371398925781,-124.1928482055664,0.0,0.0,0.0,0.0,0.0,10.158231886119877,5.463649172154006,27.096405890078408,10.213600388650683,5.469817169449164,5.4996309785042135,-88.10083333730698,0.3302999064427924,0.6697000935572077,0.0,0.0,0.3302999064427924,0.6697000935572077,0.0,0.0,-1.1928468871250366,,,0,0,0,0,0,1,0,0,0,0,0,0,152,0.5277777777777778,117.91666666666667,0.8749999850988388,3.5,3.1666666666666665,3.1666666666666665,52.20832602183024,30.0,52.20832602183024,24.0
153,12.75,12.75,0,12.75,12:45,63.86762587917597,1.1614338372497406,2.3512855861049378,0.0,0.0,2.0,1.0,1.0,0.0,0.0,5.0,0.0,0.0,5.0,0.0,0.0,120.0,55.25,0.0,0.0,0,20.0,24.0,0.0,0.0,0.8333333730697632,55.25,55.25,30.0,1,demand_surge,3,od_bc,6,0,315.0,0.0,0.0,0.0,0.0,0.0,120.0,0.0,110.5,0.16143369674682617,124.35128784179688,-124.18985748291016,0.0,0.0,0.0,0.0,0.0,10.154882904359928,5.471451455674933,27.021063000350566,10.238939520687877,5.468013871578422,5.513275126524241,-85.97666666269303,0.3306366655781921,0.669363334421808,0.0,0.0,0.3306366655781921,0.669363334421808,0.0,0.0,-1.1898517488551972,,,0,0,0,0,0,1,0,0,0,0,0,0,153,0.53125,118.16666666666667,0.861111099521319,3.3333333333333335,3.0833333333333335,3.0833333333333335,52.55627950032552,30.0,52.55627950032552,24.0
154,12.833333333333334,12.833333333333334,0,12.833333333333334,12:50,63.83084848630971,1.1621684781824664,2.348528188564568,0.0,0.0,2.0,1.0,1.0,0.0,0.0,3.0,0.0,0.0,3.0,0.0,0.0,119.0,56.407562255859375,0.0,0.0,0,21.0,24.0,0.0,0.0,0.875,56.407562255859375,56.407562255859375,30.0,1,demand_surge,3,od_bc,6,0,310.0,0.0,0.0,0.0,0.0,0.0,119.0,0.0,112.81512451171875,0.1621685028076172,121.34852600097656,-121.18635559082031,0.0,0.0,0.0,0.0,0.0,10.154265721952486,5.477712307300365,26.93394796357459,10.268206618080107,5.4676815425897995,5.5290343328123654,-85.9925,0.3310364262428051,0.6689635737571948,0.0,0.0,0.3310364262428051,0.6689635737571948,0.0,0.0,-1.1863597103821015,,,0,0,0,0,0,1,0,0,0,0,0,0,154,0.5347222222222222,118.25,0.8506944328546524,3.1666666666666665,3.0833333333333335,3.0833333333333335,52.85856183369955,30.0,52.85856183369955,24.0
155,12.916666666666666,12.916666666666666,0,12.916666666666666,12:54,63.79411199221507,1.1631255456408336,2.3455506139309947,0.0,0.0,6.0,3.0,3.0,0.0,0.0,6.0,0.0,0.0,6.0,0.0,0.0,119.0,56.13445281982422,0.0,0.0,0,22.0,24.0,0.0,0.0,0.9166666269302368,56.13445281982422,56.13445281982422,30.0,1,demand_surge,3,od_bc,6,0,305.0,0.0,0.0,0.0,0.0,0.0,119.0,0.0,112.26890563964844,2.163125514984131,122.34555053710938,-120.18242645263672,0.0,0.0,0.0,0.0,0.0,10.156685511700788,5.482913739513759,26.836124296957536,10.302112559532665,5.468984506300424,5.547291378209896,-85.54833333730699,0.33149982863701294,0.6685001713629871,0.0,0.0,0.33149982863701294,0.6685001713629871,0.0,0.0,-1.1824250682901611,,,0,0,0,0,0,1,0,0,0,0,0,0,155,0.5381944444444444,118.33333333333333,0.8437499850988388,3.4166666666666665,3.3333333333333335,3.3333333333333335,53.41466554005941,30.0,53.41466554005941,24.0
156,13.0,13.0,0,13.0,13:00,63.7613701351471,1.1643776980742486,2.3424976593588416,0.0,0.0,3.0,1.0,2.0,0.0,0.0,2.0,0.0,0.0,2.0,0.0,0.0,120.0,57.20833206176758,0.0,0.0,0,22.0,24.0,0.0,0.0,0.9166666269302368,57.20833206176758,57.20833206176758,30.0,1,demand_surge,3,od_bc,6,0,300.0,0.0,0.0,0.0,0.0,0.0,120.0,0.0,114.41666412353516,0.16437768936157227,121.34249877929688,-121.1781234741211,0.0,0.0,0.0,0.0,0.0,10.162560942581667,5.4876202531932945,26.729050421525162,10.341493706696946,5.472148199851667,5.568496611298356,-87.18833333730699,0.3320271122856594,0.6679728877143406,0.0,0.0,0.3320271122856594,0.6679728877143406,0.0,0.0,-1.178119961284593,,,0,0,0,0,0,1,0,0,0,0,0,0,156,0.5416666666666666,118.66666666666667,0.8402777562538782,3.5,3.1666666666666665,3.1666666666666665,53.99201202392578,30.0,53.99201202392578,24.0
157,13.083333333333334,13.083333333333334,0,13.083333333333334,13:05,63.737349066741245,1.1660108029705372,2.3395433957002316,0.0,0.0,1.0,0.0,1.0,0.0,0.0,0.0,0.0,0.0,0.0,0.0,0.0,121.0,59.214874267578125,0.0,0.0,0,22.0,24.0,0.0,0.0,0.9166666269302368,59.214874267578125,59.214874267578125,30.0,1,demand_surge,3,od_bc,6,0,295.0,0.0,0.0,0.0,0.0,0.0,121.0,0.0,118.42974853515625,0.0,121.33954620361328,-121.33954620361328,0.0,0.0,0.0,0.0,0.0,10.172415247621279,5.492471520044888,26.614536689668004,10.387306309447151,5.477454364103766,5.593164935856158,-89.08833333730699,0.33261810740585995,0.66738189259414,0.0,0.0,0.33261810740585995,0.66738189259414,0.0,0.0,-1.1735325927296945,,,0,0,0,0,0,1,0,0,0,0,0,0,157,0.545138888888889,119.08333333333333,0.8402777562538782,3.4166666666666665,3.0,3.0,54.6000763575236,30.0,54.6000763575236,24.0
158,13.166666666666666,13.166666666666666,0,13.166666666666666,13:09,63.72746083571113,1.1681226125619186,2.336887733402193,0.0,0.0,4.0,0.0,4.0,0.0,0.0,1.0,0.0,0.0,1.0,0.0,0.0,124.0,59.274192810058594,0.0,0.0,0,20.0,24.0,0.0,0.0,0.8333333730697632,59.274192810058594,59.274192810058594,30.0,1,demand_surge,3,od_bc,6,0,290.0,0.0,0.0,0.0,0.0,0.0,124.0,0.0,118.54838562011719,0.0,125.3368911743164,-125.3368911743164,0.0,0.0,0.0,0.0,0.0,10.186865452188348,5.498173886159912,26.49469485056271,10.44061941215418,5.485235243486033,5.621871991159943,-91.25666666269302,0.3332722295404828,0.6667277704595171,0.0,0.0,0.3332722295404828,0.6667277704595171,0.0,0.0,-1.1687651208402745,,,0,0,0,0,0,1,0,0,0,0,0,0,158,0.548611111111111,119.75,0.8368055373430252,3.4166666666666665,2.75,2.75,55.28851477305094,30.0,55.28851477305094,24.0
159,13.25,13.25,0,13.25,13:15,63.73770425470415,1.1708212351326115,2.3347524988761172,0.0,0.0,4.0,1.0,3.0,0.0,0.0,2.0,0.0,0.0,2.0,0.0,0.0,126.0,59.841270446777344,0.0,0.0,0,20.0,24.0,0.0,0.0,0.8333333730697632,59.841270446777344,59.841270446777344,30.0,1,demand_surge,3,od_bc,6,0,285.0,0.0,0.0,0.0,0.0,0.0,126.0,0.0,119.68254089355469,0.1708211898803711,127.33474731445312,-127.16392517089844,0.0,0.0,0.0,0.0,0.0,10.206609754014078,5.505490911257618,26.371881027325177,10.502606251464806,5.495866790622965,5.6552495200195105,-92.91666666269303,0.33398847777015445,0.6660115222298456,0.0,0.0,0.33398847777015445,0.6660115222298456,0.0,0.0,-1.1639312637435058,,,0,0,0,0,0,1,0,0,0,0,0,0,159,0.5520833333333334,120.58333333333333,0.8333333184321722,3.5,2.6666666666666665,2.6666666666666665,56.031393686930336,30.0,56.031393686930336,24.0
160,13.333333333333334,13.333333333333334,0,13.333333333333334,13:20,63.77455463636738,1.1742234152872268,2.333377089712979,0.0,0.0,3.0,0.0,3.0,0.0,0.0,2.0,0.0,0.0,2.0,0.0,0.0,127.0,59.94094467163086,0.0,0.0,0,19.0,24.0,0.0,0.0,0.7916666269302368,59.94094467163086,59.94094467163086,30.0,1,demand_surge,3,od_bc,6,0,280.0,0.0,0.0,0.0,0.0,0.0,127.0,0.0,119.88188934326172,0.0,129.3333740234375,-129.3333740234375,0.0,0.0,0.0,0.0,0.0,10.232413076050623,5.515233163687672,26.248633462121717,10.574534130812067,5.509760887104181,5.693979916591113,-93.72083333730698,0.3347654368316263,0.6652345631683737,0.0,0.0,0.3347654368316263,0.6652345631683737,0.0,0.0,-1.159153674425752,,,0,0,0,0,0,1,0,0,0,0,0,0,160,0.5555555555555556,121.33333333333333,0.8333333184321722,3.5,2.75,2.75,56.72209390004476,30.0,56.72209390004476,24.0
161,13.416666666666666,13.416666666666666,0,13.416666666666666,13:24,63.8448440840559,1.1784526389498768,2.333013785673198,0.0,0.0,3.0,1.0,2.0,0.0,0.0,7.0,0.0,0.0,7.0,0.0,0.0,123.0,58.55691146850586,0.0,0.0,0,16.0,24.0,0.0,0.0,0.6666666865348816,58.55691146850586,58.55691146850586,30.0,1,demand_surge,3,od_bc,6,0,275.0,0.0,0.0,0.0,0.0,0.0,123.0,0.0,117.11382293701172,0.1784524917602539,129.3330078125,-129.15455627441406,0.0,0.0,0.0,0.0,0.0,10.265090851504324,5.528247487544667,26.127606435245557,10.657752753318364,5.527356612348481,5.738789944094504,-89.62333333134652,0.33560128346560325,0.6643987165343967,0.0,0.0,0.33560128346560325,0.6643987165343967,0.0,0.0,-1.154561146723321,,,0,0,0,0,0,1,0,0,0,0,0,0,161,0.5590277777777778,121.75,0.829861099521319,3.5,3.0833333333333335,3.0833333333333335,57.23389879862467,30.0,57.23389879862467,24.0
162,13.5,13.5,0,13.5,13:30,63.95563419178147,1.1836370813928907,2.3339227991550904,0.0,0.0,0.0,0.0,0.0,0.0,0.0,0.0,0.0,0.0,0.0,0.0,0.0,123.0,61.05691146850586,0.0,0.0,0,15.0,24.0,0.0,0.0,0.625,61.05691146850586,61.05691146850586,30.0,1,demand_surge,3,od_bc,6,0,270.0,0.0,0.0,0.0,0.0,0.0,123.0,0.0,122.11382293701172,0.0,123.33392333984375,-123.33392333984375,0.0,0.0,0.0,0.0,0.0,10.305491146924334,5.545405945576252,26.011501876817324,10.753680993177799,5.549110617574641,5.790443611711122,-91.56750000000001,0.33649379728782286,0.6635062027121772,0.0,0.0,0.33649379728782286,0.6635062027121772,0.0,0.0,-1.1502857177621997,,,0,0,0,0,0,1,0,0,0,0,0,0,162,0.5625,122.16666666666667,0.8159722139437994,3.25,2.8333333333333335,2.8333333333333335,57.74570369720459,30.0,57.74570369720459,24.0
163,13.583333333333334,13.583333333333334,0,13.583333333333334,13:35,64.11408314384154,1.1899074192420633,2.3363671536692214,0.0,0.0,5.0,3.0,2.0,0.0,0.0,5.0,0.0,0.0,5.0,0.0,0.0,123.0,61.605690002441406,0.0,0.0,0,17.0,24.0,0.0,0.0,0.7083333134651184,61.605690002441406,61.605690002441406,30.0,1,demand_surge,3,od_bc,6,0,265.0,0.0,0.0,0.0,0.0,0.0,123.0,0.0,123.21138000488281,2.1899075508117676,125.33636474609375,-123.14645385742188,0.0,0.0,0.0,0.0,0.0,10.35447528346485,5.567594620686879,25.90300026198912,10.86379208629275,5.575486691096457,5.849734200311481,-91.3091666686535,0.33744037641960434,0.6625596235803958,0.0,0.0,0.33744037641960434,0.6625596235803958,0.0,0.0,-1.146459734427158,,,0,0,0,0,0,1,0,0,0,0,0,0,163,0.5659722222222222,122.33333333333333,0.8090277711550394,3.25,3.0833333333333335,3.0833333333333335,58.28584734598795,30.0,58.28584734598795,24.0
164,13.666666666666666,13.666666666666666,0,13.666666666666666,13:39,64.32730930493945,1.1973945301565259,2.3406074816151436,0.0,0.0,3.0,2.0,1.0,0.0,0.0,3.0,0.0,0.0,3.0,0.0,0.0,123.0,63.13008117675781,0.0,0.0,0,19.0,24.0,0.0,0.0,0.7916666269302368,63.13008117675781,63.13008117675781,30.0,1,demand_surge,3,od_bc,6,0,260.0,0.0,0.0,0.0,0.0,0.0,123.0,0.0,126.26016235351562,1.1973943710327148,124.34060668945312,-123.1432113647461,0.0,0.0,0.0,0.0,0.0,10.412897177148484,5.595702430925641,25.804692410382728,10.989597224211717,5.606944633849182,5.917475428421693,-92.23083333730699,0.3384380580261246,0.6615619419738754,0.0,0.0,0.3384380580261246,0.6615619419738754,0.0,0.0,-1.1432129514586178,,,0,0,0,0,0,1,0,0,0,0,0,0,164,0.5694444444444444,122.33333333333333,0.8090277711550394,3.0,3.0,3.0,58.968435287475586,30.0,58.968435287475586,24.0
165,13.75,13.75,0,13.75,13:45,64.60225345535338,1.2062271066992203,2.346896833345216,0.0,0.0,4.0,2.0,2.0,0.0,0.0,6.0,0.0,0.0,6.0,0.0,0.0,121.0,62.727272033691406,0.0,0.0,0,20.0,24.0,0.0,0.0,0.8333333730697632,62.727272033691406,62.727272033691406,30.0,1,demand_surge,3,od_bc,6,0,255.0,0.0,0.0,0.0,0.0,0.0,121.0,0.0,125.45454406738281,1.2062270641326904,125.34689331054688,-124.14066314697266,0.0,0.0,0.0,0.0,0.0,10.481581684283029,5.6306100794834535,25.719013797473693,11.132627541674527,5.643928599229323,5.99449175320936,-90.21666666269303,0.33948354379220863,0.6605164562077913,0.0,0.0,0.33948354379220863,0.6605164562077913,0.0,0.0,-1.1406697266459958,,,0,0,0,0,0,1,0,0,0,0,0,0,165,0.5729166666666666,122.41666666666667,0.8090277711550394,3.1666666666666665,3.0833333333333335,3.0833333333333335,59.5915412902832,30.0,59.5915412902832,24.0
166,13.833333333333334,13.833333333333334,0,13.833333333333334,13:50,64.94554185267788,1.2165292137383337,2.3554755881589493,0.0,0.0,0.0,0.0,0.0,0.0,0.0,0.0,0.0,0.0,0.0,0.0,0.0,121.0,65.2272720336914,0.0,0.0,0,20.0,24.0,0.0,0.0,0.8333333730697632,65.2272720336914,65.2272720336914,30.0,1,demand_surge,3,od_bc,6,0,250.0,0.0,0.0,0.0,0.0,0.0,121.0,0.0,130.4545440673828,0.0,121.35547637939453,-121.35547637939453,0.0,0.0,0.0,0.0,0.0,10.561302305625638,5.673179224348838,25.648182930693974,11.294414497837154,5.686855087644574,6.081607806527698,-92.02666666269303,0.3405732302185512,0.6594267697814488,0.0,0.0,0.3405732302185512,0.6594267697814488,0.0,0.0,-1.1389463744206156,,,0,0,0,0,0,1,0,0,0,0,0,0,166,0.576388888888889,122.58333333333333,0.8055555522441864,3.0,2.8333333333333335,2.8333333333333335,60.32651710510254,30.0,60.32651710510254,24.0
167,13.916666666666666,13.916666666666666,0,13.916666666666666,13:54,65.36335229262406,1.2284178214657642,2.3665665546285592,0.0,0.0,3.0,1.0,2.0,0.0,0.0,2.0,0.0,0.0,2.0,0.0,0.0,122.0,66.16802978515625,0.0,0.0,0,21.0,24.0,0.0,0.0,0.875,66.16802978515625,66.16802978515625,30.0,1,demand_surge,3,od_bc,6,0,245.0,0.0,0.0,0.0,0.0,0.0,122.0,0.0,132.3360595703125,0.22841787338256836,123.36656951904297,-123.13815307617188,0.0,0.0,0.0,0.0,0.0,10.652758669347264,5.724241914094573,25.594145248507324,11.476468665167143,5.736100821956218,6.179636973551538,-93.032498046875,0.3417032434506284,0.6582967565493716,0.0,0.0,0.3417032434506284,0.6582967565493716,0.0,0.0,-1.138148733162795,,,0,0,0,0,0,1,0,0,0,0,0,0,167,0.579861111111111,122.83333333333333,0.8020833333333334,2.75,2.5,2.5,61.16264851888021,30.0,61.16264851888021,24.0
168,14.0,14.0,0,14.0,14:00,65.86128529790734,1.2420003486759035,2.3803703427090004,0.0,0.0,7.0,3.0,4.0,0.0,0.0,8.0,0.0,0.0,8.0,0.0,0.0,121.0,64.17355346679688,0.0,0.0,0,21.0,24.0,0.0,0.0,0.875,64.17355346679688,64.17355346679688,30.0,1,demand_surge,3,od_bc,6,0,240.0,0.0,0.0,0.0,0.0,0.0,121.0,0.0,128.34710693359375,2.2420005798339844,126.38037109375,-124.13836669921875,0.0,0.0,0.0,0.0,0.0,10.75655427470974,5.784590299176282,25.55852387019369,11.680256958839555,5.791990763305245,6.289369131682837,-90.7025,0.34286947816515767,0.6571305218348422,0.0,0.0,0.34286947816515767,0.6571305218348422,0.0,0.0,-1.138369994033097,,,0,0,0,0,0,1,0,0,0,0,0,0,168,0.5833333333333334,122.91666666666667,0.7986111144224802,3.0833333333333335,3.0,3.0,61.74308363596598,30.0,61.74308363596598,24.0
169,14.083333333333334,14.083333333333334,0,14.083333333333334,14:05,66.44424248858545,1.2573722531855098,2.397061083686689,0.0,0.0,3.0,3.0,0.0,0.0,0.0,5.0,0.0,0.0,5.0,0.0,0.0,119.0,65.75630187988281,0.0,0.0,0,23.0,24.0,0.0,0.0,0.9583333730697632,65.75630187988281,65.75630187988281,30.0,1,demand_surge,3,od_bc,6,0,235.0,0.0,0.0,0.0,0.0,0.0,119.0,0.0,131.51260375976562,2.2573723793029785,121.39706420898438,-119.13969421386719,0.0,0.0,0.0,0.0,0.0,10.87317503163675,5.85496659456788,25.542578362146877,11.907178364079193,5.854786555496711,6.411557580658027,-90.21416666269303,0.3440676398441804,0.6559323601558197,0.0,0.0,0.3440676398441804,0.6559323601558197,0.0,0.0,-1.1396888305011792,,,0,0,0,0,0,1,0,0,0,0,0,0,169,0.5868055555555556,122.75,0.8020833432674408,3.25,3.4166666666666665,3.4166666666666665,62.28820260365804,30.0,62.28820260365804,24.0
170,14.166666666666666,14.166666666666666,0,14.166666666666666,14:09,67.11631408193344,1.2746147080460761,2.4167825664602622,0.0,0.0,2.0,0.0,2.0,0.0,0.0,1.0,0.0,0.0,1.0,0.0,0.0,120.0,66.66666412353516,0.0,0.0,0,22.0,24.0,0.0,0.0,0.9166666269302368,66.66666412353516,66.66666412353516,30.0,1,demand_surge,3,od_bc,6,0,230.0,0.0,0.0,0.0,0.0,0.0,120.0,0.0,133.3333282470703,0.0,121.41678619384766,-121.41678619384766,0.0,0.0,0.0,0.0,0.0,11.002969171862146,5.936053241924011,25.54717249841591,12.158538250173637,5.92467570792577,6.546905211631957,-91.82833138418198,0.34529328957597344,0.6547067104240266,0.0,0.0,0.34529328957597344,0.6547067104240266,0.0,0.0,-1.142167858414186,,,0,0,0,0,0,1,0,0,0,0,0,0,170,0.5902777777777778,122.41666666666667,0.809027781089147,3.0833333333333335,3.4166666666666665,3.4166666666666665,62.90424187978109,30.0,62.90424187978109,24.0
171,14.25,14.25,0,14.25,14:15,67.88067733776576,1.2937924033487915,2.439644850228326,0.0,0.0,2.0,0.0,2.0,0.0,0.0,1.0,0.0,0.0,1.0,0.0,0.0,121.0,67.56198120117188,0.0,0.0,0,21.0,24.0,0.0,0.0,0.875,67.56198120117188,67.56198120117188,30.0,1,demand_surge,3,od_bc,6,0,225.0,0.0,0.0,0.0,0.0,0.0,121.0,0.0,135.12396240234375,0.0,122.43964385986328,-122.43964385986328,0.0,0.0,0.0,0.0,0.0,11.14612913094843,6.028463199941731,25.572751784594658,12.435521398650668,6.001761839741461,6.696049983888821,-93.042498046875,0.34654189034760674,0.6534581096523933,0.0,0.0,0.34654189034760674,0.6534581096523933,0.0,0.0,-1.1458524468795344,,,0,0,0,0,0,1,0,0,0,0,0,0,171,0.59375,122.0,0.8125,2.9166666666666665,3.3333333333333335,3.3333333333333335,63.5476344426473,30.0,63.5476344426473,24.0
172,14.333333333333334,14.333333333333334,0,14.333333333333334,14:20,68.73950760859327,1.3149515137966195,2.4657214046760108,0.0,0.0,5.0,3.0,2.0,0.0,0.0,5.0,0.0,0.0,5.0,0.0,0.0,121.0,68.03719329833984,0.0,0.0,0,23.0,24.0,0.0,0.0,0.9583333730697632,68.03719329833984,68.03719329833984,30.0,1,demand_surge,3,od_bc,6,0,220.0,0.0,0.0,0.0,0.0,0.0,121.0,0.0,136.0743865966797,2.3149514198303223,123.4657211303711,-121.15077209472656,0.0,0.0,0.0,0.0,0.0,11.302676003380684,6.132730282073181,25.619331290503816,12.739163920029894,6.086056309512676,6.859549803093019,-92.84416666269303,0.34780885364922076,0.6521911463507791,0.0,0.0,0.34780885364922076,0.6521911463507791,0.0,0.0,-1.1507698908793913,,,0,0,0,0,0,1,0,0,0,0,0,0,172,0.5972222222222222,121.5,0.8263888955116272,3.0833333333333335,3.5833333333333335,3.5833333333333335,64.22232182820638,30.0,64.22232182820638,24.0
173,14.416666666666666,14.416666666666666,0,14.416666666666666,14:24,69.69390347528957,1.3381178716799367,2.4950468194609905,0.0,0.0,3.0,0.0,3.0,0.0,0.0,4.0,0.0,0.0,4.0,0.0,0.0,120.0,67.125,0.0,0.0,0,19.0,24.0,0.0,0.0,0.7916666269302368,67.125,67.125,30.0,1,demand_surge,3,od_bc,6,0,215.0,0.0,0.0,0.0,0.0,0.0,120.0,0.0,134.25,0.0,124.49504852294922,-124.49504852294922,0.0,0.0,0.0,0.0,0.0,11.47244715196449,6.249299462663256,25.686494103492766,13.070324288972323,6.177471543365494,7.03786692483125,-91.79083333730699,0.34908958510771704,0.650910414892283,0.0,0.0,0.34908958510771704,0.650910414892283,0.0,0.0,-1.1569289477810538,,,0,0,0,0,0,1,0,0,0,0,0,0,173,0.6006944444444444,121.25,0.8368055572112402,3.0833333333333335,3.3333333333333335,3.3333333333333335,64.93632920583089,30.0,64.93632920583089,24.0
174,14.5,14.5,0,14.5,14:30,70.74382724961507,1.3632953833301542,2.5276151153986737,0.0,0.0,3.0,0.0,3.0,0.0,0.0,1.0,0.0,0.0,1.0,0.0,0.0,122.0,67.47950744628906,0.0,0.0,0,19.0,24.0,0.0,0.0,0.7916666269302368,67.47950744628906,67.47950744628906,30.0,1,demand_surge,3,od_bc,6,0,210.0,0.0,0.0,0.0,0.0,0.0,122.0,0.0,134.95901489257812,0.0,123.52761840820312,-123.52761840820312,0.0,0.0,0.0,0.0,0.0,11.655087505599388,6.378517086858454,25.77340047496721,13.429653791463716,6.275816349168901,7.231352041557384,-93.80083333730698,0.3503795278188863,0.6496204721811136,0.0,0.0,0.3503795278188863,0.6496204721811136,0.0,0.0,-1.1643197320685195,,,0,0,0,0,0,1,0,0,0,0,0,0,174,0.6041666666666666,121.16666666666667,0.8506944427887598,3.3333333333333335,3.4166666666666665,3.4166666666666665,65.47154553731282,30.0,65.47154553731282,24.0
175,14.583333333333334,14.583333333333334,0,14.583333333333334,14:35,71.88806190596713,1.3904647244668658,2.5633786803613265,0.0,0.0,3.0,1.0,2.0,0.0,0.0,2.0,0.0,0.0,2.0,0.0,0.0,123.0,68.3943099975586,0.0,0.0,0,19.0,24.0,0.0,0.0,0.7916666269302368,68.3943099975586,68.3943099975586,30.0,1,demand_surge,3,od_bc,6,0,205.0,0.0,0.0,0.0,0.0,0.0,123.0,0.0,136.7886199951172,0.39046478271484375,124.5633773803711,-124.17291259765625,0.0,0.0,0.0,0.0,0.0,11.850045005045319,6.52062094653535,25.87880749138722,13.817566749183646,6.380793464255171,7.440228249560424,-94.92083333730699,0.35167420206094024,0.6483257979390598,0.0,0.0,0.35167420206094024,0.6483257979390598,0.0,0.0,-1.1729139558944608,,,0,0,0,0,0,1,0,0,0,0,0,0,175,0.607638888888889,121.16666666666667,0.8576388855775198,3.1666666666666665,3.1666666666666665,3.1666666666666665,66.03726387023926,30.0,66.03726387023926,24.0
176,14.666666666666666,14.666666666666666,0,14.666666666666666,14:39,73.12418526649427,1.4195823460740788,2.602247843583106,0.0,0.0,4.0,0.0,4.0,0.0,0.0,3.0,0.0,0.0,3.0,0.0,0.0,124.0,67.31855010986328,0.0,0.0,0,16.0,24.0,0.0,0.0,0.6666666865348816,67.31855010986328,67.31855010986328,30.0,1,demand_surge,3,od_bc,6,0,200.0,0.0,0.0,0.0,0.0,0.0,124.0,0.0,134.63710021972656,0.0,127.60224914550781,-127.60224914550781,0.0,0.0,0.0,0.0,0.0,12.056570554827154,6.675730223614974,26.0010988600469,14.234210964013903,6.491999529522313,7.664575134469024,-95.10333333134652,0.35296924015458797,0.647030759845412,0.0,0.0,0.35296924015458797,0.647030759845412,0.0,0.0,-1.182665497509027,,,0,0,0,0,0,1,0,0,0,0,0,0,176,0.611111111111111,121.25,0.8472222238779068,3.25,3.1666666666666665,3.1666666666666665,66.38630294799805,30.0,66.38630294799805,24.0
177,14.75,14.75,0,14.75,14:45,74.44856200632348,1.4505798175717912,2.6440910927760006,0.0,0.0,6.0,1.0,5.0,0.0,0.0,2.0,0.0,0.0,2.0,0.0,0.0,128.0,66.66015625,0.0,0.0,0,17.0,24.0,0.0,0.0,0.7083333134651184,66.66015625,66.66015625,30.0,1,demand_surge,3,od_bc,6,0,195.0,0.0,0.0,0.0,0.0,0.0,128.0,0.0,133.3203125,0.4505796432495117,129.6440887451172,-129.19351196289062,0.0,0.0,0.0,0.0,0.0,12.27372271276994,6.843835352312657,26.138324161309715,14.679438907485785,6.608927614568429,7.904313257876961,-97.9291666686535,0.3542604153867355,0.6457395846132645,0.0,0.0,0.3542604153867355,0.6457395846132645,0.0,0.0,-1.1935112752042094,,,0,0,0,0,0,1,0,0,0,0,0,0,177,0.6145833333333334,121.83333333333333,0.8368055522441864,3.4166666666666665,2.8333333333333335,2.8333333333333335,66.7140432993571,30.0,66.7140432993571,24.0
178,14.833333333333334,14.833333333333334,0,14.833333333333334,14:50,75.85635376925178,1.4833635281816901,2.6887359291271578,0.0,0.0,1.0,0.0,1.0,0.0,0.0,0.0,0.0,0.0,0.0,0.0,0.0,129.0,68.62403106689453,0.0,0.0,0,15.0,24.0,0.0,0.0,0.625,68.62403106689453,68.62403106689453,30.0,1,demand_surge,3,od_bc,6,0,190.0,0.0,0.0,0.0,0.0,0.0,129.0,0.0,137.24806213378906,0.0,129.68873596191406,-129.68873596191406,0.0,0.0,0.0,0.0,0.0,12.500377200290126,7.024787911218328,26.28824668413992,15.152780262740668,6.730972338617759,8.159189372244976,-99.9375,0.3555436641336715,0.6444563358663286,0.0,0.0,0.3555436641336715,0.6444563358663286,0.0,0.0,-1.2053724009454676,,,0,0,0,0,0,1,0,0,0,0,0,0,178,0.6180555555555556,122.5,0.8194444378217062,3.5,2.8333333333333335,2.8333333333333335,66.99710655212402,30.0,66.99710655212402,24.0
179,14.916666666666666,14.916666666666666,0,14.916666666666666,14:54,77.34154738954511,1.5178147606699977,2.735970345754983,0.0,0.0,4.0,1.0,3.0,0.0,0.0,4.0,0.0,0.0,4.0,0.0,0.0,129.0,68.12015533447266,0.0,0.0,0,16.0,24.0,0.0,0.0,0.6666666865348816,68.12015533447266,68.12015533447266,30.0,1,demand_surge,3,od_bc,6,0,185.0,0.0,0.0,0.0,0.0,0.0,129.0,0.0,136.2403106689453,0.5178146362304688,132.73597717285156,-132.21817016601562,0.0,0.0,0.0,0.0,0.0,12.735241151554561,7.218290721973605,26.44839873240801,15.65341650630171,6.857437543144763,8.428762734162458,-99.26333333134652,0.356815100597693,0.643184899402307,0.0,0.0,0.356815100597693,0.643184899402307,0.0,0.0,-1.2181555850849852,,,0,0,0,0,0,1,0,0,0,0,0,0,179,0.6215277777777778,123.08333333333333,0.8020833283662796,3.5833333333333335,3.0,3.0,67.15978368123372,30.0,67.15978368123372,24.0
180,15.0,15.0,0,15.0,15:00,78.89700090427098,1.553790144289117,2.7855449054457875,0.0,0.0,7.0,3.0,4.0,0.0,0.0,5.0,0.0,0.0,5.0,0.0,0.0,131.0,67.5572509765625,0.0,0.0,0,18.0,24.0,0.0,0.0,0.75,67.5572509765625,67.5572509765625,30.0,1,demand_surge,3,od_bc,6,0,180.0,0.0,0.0,0.0,0.0,0.0,131.0,0.0,135.114501953125,2.5537900924682617,133.78553771972656,-131.23175048828125,0.0,0.0,0.0,0.0,0.0,12.976871844488457,7.423888400390142,26.616143067954177,16.18015828886388,6.987546377801476,8.712392924772857,-100.385,0.35807102389663137,0.6419289761033686,0.0,0.0,0.35807102389663137,0.6419289761033686,0.0,0.0,-1.2317547611566704,,,0,0,0,0,0,1,0,0,0,0,0,0,180,0.625,123.91666666666667,0.791666661699613,3.5833333333333335,2.75,2.75,67.44175847371419,30.0,67.44175847371419,24.0
181,15.083333333333334,15.083333333333334,0,15.083333333333334,15:05,80.51450671629928,1.5911224859786972,2.8371753834177635,0.0,0.0,4.0,1.0,3.0,0.0,0.0,3.0,0.0,0.0,3.0,0.0,0.0,132.0,67.55681610107422,0.0,0.0,0,19.0,24.0,0.0,0.0,0.7916666269302368,67.55681610107422,67.55681610107422,30.0,1,demand_surge,3,od_bc,6,0,175.0,0.0,0.0,0.0,0.0,0.0,132.0,0.0,135.11363220214844,0.5911226272583008,134.83717346191406,-134.2460479736328,0.0,0.0,0.0,0.0,0.0,13.223699479108587,7.64095867423157,26.7887389464845,16.731426433020502,7.120453565673854,9.009229617780269,-101.34083333730699,0.359307917603012,0.6406920823969879,0.0,0.0,0.359307917603012,0.6406920823969879,0.0,0.0,-1.2460528974390663,,,0,0,0,0,0,1,0,0,0,0,0,0,181,0.6284722222222222,125.0,0.7777777661879858,3.6666666666666665,2.5833333333333335,2.5833333333333335,67.59180132548015,30.0,67.59180132548015,24.0
182,15.166666666666666,15.166666666666666,0,15.166666666666666,15:09,82.18487093626352,1.6296219710012834,2.890545930493211,0.0,0.0,5.0,1.0,4.0,0.0,0.0,4.0,0.0,0.0,4.0,0.0,0.0,133.0,66.56015014648438,0.0,0.0,0,20.0,24.0,0.0,0.0,0.8333333730697632,66.56015014648438,66.56015014648438,30.0,1,demand_surge,3,od_bc,6,0,170.0,0.0,0.0,0.0,0.0,0.0,133.0,0.0,133.12030029296875,0.6296219825744629,136.8905487060547,-136.26092529296875,0.0,0.0,0.0,0.0,0.0,13.474053397379167,7.868704845200194,26.963411009565302,17.305237405594553,7.255259521665705,9.318204756858604,-101.46666666269303,0.3605224422000972,0.6394775577999029,0.0,0.0,0.3605224422000972,0.6394775577999029,0.0,0.0,-1.2609239594919275,,,0,0,0,0,0,1,0,0,0,0,0,0,182,0.6319444444444444,126.08333333333333,0.7708333283662796,3.9166666666666665,2.8333333333333335,2.8333333333333335,67.5829251607259,30.0,67.5829251607259,24.0
183,15.25,15.25,0,15.25,15:15,83.89800760024721,1.6690777164662922,2.945312701547304,0.0,0.0,4.0,2.0,2.0,0.0,0.0,2.0,0.0,0.0,2.0,0.0,0.0,135.0,68.03704071044922,0.0,0.0,0,20.0,24.0,0.0,0.0,0.8333333730697632,68.03704071044922,68.03704071044922,30.0,1,demand_surge,3,od_bc,6,0,165.0,0.0,0.0,0.0,0.0,0.0,135.0,0.0,136.07408142089844,1.6690778732299805,135.9453125,-134.27622985839844,0.0,0.0,0.0,0.0,0.0,13.726190982751135,8.10614982629886,27.137419127865996,17.899194137202393,7.391025913789072,9.638027612339748,-103.99667056894305,0.3617114212855871,0.6382885787144129,0.0,0.0,0.3617114212855871,0.6382885787144129,0.0,0.0,-1.276234985081012,,,0,0,0,0,0,1,0,0,0,0,0,0,183,0.6354166666666666,127.25,0.7673611094554266,4.083333333333333,2.9166666666666665,2.9166666666666665,67.6225134531657,30.0,67.6225134531657,24.0
184,15.333333333333334,15.333333333333334,0,15.333333333333334,15:20,85.64304613898534,1.7092596539227438,3.00110788372145,0.0,0.0,5.0,1.0,4.0,0.0,0.0,4.0,0.0,0.0,4.0,0.0,0.0,136.0,67.04044342041016,0.0,0.0,0,20.0,24.0,0.0,0.0,0.8333333730697632,67.04044342041016,67.04044342041016,30.0,1,demand_surge,3,od_bc,6,0,160.0,0.0,0.0,0.0,0.0,0.0,136.0,0.0,134.0808868408203,0.7092595100402832,140.00111389160156,-139.29185485839844,0.0,0.0,0.0,0.0,0.0,13.978328345675022,8.352132225002798,27.30812715705124,18.51048304633033,7.526792186132703,9.967183178793253,-104.02666666269305,0.36287182268957285,0.6371281773104271,0.0,0.0,0.36287182268957285,0.6371281773104271,0.0,0.0,-1.2918482297987062,,,0,0,0,0,0,1,0,0,0,0,0,0,184,0.638888888888889,128.5,0.7569444427887598,4.083333333333333,2.8333333333333335,2.8333333333333335,67.53945096333821,30.0,67.53945096333821,24.0
185,15.416666666666666,15.416666666666666,0,15.416666666666666,15:24,87.40845017627018,1.749920710638368,3.0575440490564922,0.0,0.0,5.0,4.0,1.0,0.0,0.0,4.0,0.0,0.0,4.0,0.0,0.0,137.0,69.03284454345703,0.0,0.0,0,23.0,24.0,0.0,0.0,0.9583333730697632,69.03284454345703,69.03284454345703,30.0,1,demand_surge,3,od_bc,6,0,155.0,0.0,0.0,0.0,0.0,0.0,137.0,0.0,138.06568908691406,3.7499208450317383,138.0575408935547,-134.3076171875,0.0,0.0,0.0,0.0,0.0,14.228671801959955,8.605304963117945,27.47306847974095,19.13587807475739,7.661592508747667,10.303934347946285,-105.84416666269301,0.3640007359615963,0.6359992640384037,0.0,0.0,0.3640007359615963,0.6359992640384037,0.0,0.0,-1.3076233384181242,,,0,0,0,0,0,1,0,0,0,0,0,0,185,0.642361111111111,129.91666666666666,0.770833338300387,4.25,2.8333333333333335,2.8333333333333335,67.6984380086263,30.0,67.6984380086263,24.0
186,15.5,15.5,0,15.5,15:30,89.18214547282267,1.7907992535552382,3.1142187474500087,0.0,0.0,5.0,1.0,4.0,0.0,0.0,2.0,0.0,0.0,2.0,0.0,0.0,140.0,69.0,0.0,0.0,0,23.0,24.0,0.0,0.0,0.9583333730697632,69.0,69.0,30.0,1,demand_surge,3,od_bc,6,0,150.0,0.0,0.0,0.0,0.0,0.0,140.0,0.0,138.0,0.7907991409301758,142.1142120361328,-141.3234100341797,0.0,0.0,0.0,0.0,0.0,14.475449090991306,8.864136921872161,27.630006177158556,19.771752451973462,7.794472587456856,10.646328243370325,-108.35416666269303,0.36509534790458004,0.63490465209542,0.0,0.0,0.36509534790458004,0.63490465209542,0.0,0.0,-1.3234194938947705,,,0,0,0,0,0,1,0,0,0,0,0,0,186,0.6458333333333334,131.41666666666666,0.7847222338120142,4.416666666666667,2.9166666666666665,2.9166666666666665,67.82514572143555,30.0,67.82514572143555,24.0
187,15.583333333333334,15.583333333333334,0,15.583333333333334,15:35,90.9516546215242,1.8316217553946152,3.1707192487892164,0.0,0.0,6.0,2.0,4.0,0.0,0.0,6.0,0.0,0.0,6.0,0.0,0.0,140.0,67.48213958740234,0.0,0.0,0,24.0,24.0,0.0,0.0,1.0,67.48213958740234,67.48213958740234,30.0,1,demand_surge,3,od_bc,6,0,145.0,0.0,0.0,0.0,0.0,0.0,140.0,0.0,134.9642791748047,1.8316216468811035,145.17071533203125,-143.33909606933594,0.0,0.0,0.0,0.0,0.0,14.716939265927712,9.126918072549735,27.776985714859595,20.414098776246963,7.924505758576459,10.992207033363748,-107.09000000000002,0.3661529179763421,0.6338470820236579,0.0,0.0,0.3661529179763421,0.6338470820236579,0.0,0.0,-1.3390974933946012,,,0,0,0,0,0,1,0,0,0,0,0,0,187,0.6493055555555556,132.83333333333334,0.8020833482344946,4.666666666666667,3.25,3.25,67.74913152058919,30.0,67.74913152058919,24.0
188,15.666666666666666,15.666666666666666,0,15.666666666666666,15:39,92.70423595443725,1.8721056390916815,3.226627338402367,0.0,0.0,2.0,2.0,0.0,0.0,0.0,4.0,0.0,0.0,4.0,0.0,0.0,138.0,68.93115997314453,0.0,0.0,0,24.0,24.0,0.0,0.0,1.0,68.93115997314453,68.93115997314453,30.0,1,demand_surge,3,od_bc,6,0,140.0,0.0,0.0,0.0,0.0,0.0,138.0,0.0,137.86231994628906,1.872105598449707,141.22662353515625,-139.35452270507812,0.0,0.0,0.0,0.0,0.0,14.95150022135284,9.391768496815514,27.91237814931815,21.05855782904449,8.050807811497682,11.33922344640857,-106.55000000000001,0.36717075543183153,0.6328292445681685,0.0,0.0,0.36717075543183153,0.6328292445681685,0.0,0.0,-1.3545216993106857,,,0,0,0,0,0,1,0,0,0,0,0,0,188,0.6527777777777778,134.0,0.8298611243565878,4.5,3.3333333333333335,3.3333333333333335,67.88351567586263,30.0,67.88351567586263,24.0
189,15.75,15.75,0,15.75,15:45,94.42702405347492,1.9119622547255817,3.2815240682155395,0.0,0.0,4.0,0.0,4.0,0.0,0.0,1.0,0.0,0.0,1.0,0.0,0.0,141.0,68.90071105957031,0.0,0.0,0,24.0,24.0,0.0,0.0,1.0,68.90071105957031,68.90071105957031,30.0,1,demand_surge,3,od_bc,6,0,135.0,0.0,0.0,0.0,0.0,0.0,141.0,0.0,137.80142211914062,0.0,143.28152465820312,-143.28152465820312,0.0,0.0,0.0,0.0,0.0,15.177592906265572,9.65665161613853,28.034912074390306,21.70045632964939,8.172550026450692,11.684861100580441,-109.16,0.3681462000352047,0.6318537999647953,0.0,0.0,0.3681462000352047,0.6318537999647953,0.0,0.0,-1.3695618134899579,,,0,0,0,0,0,1,0,0,0,0,0,0,189,0.65625,135.08333333333334,0.8541666815678278,4.333333333333333,3.25,3.25,68.07022857666016,30.0,68.07022857666016,24.0
190,15.833333333333334,15.833333333333334,0,15.833333333333334,15:50,96.10716927380648,1.9508999423595592,3.3349943676997977,0.0,0.0,3.0,0.0,3.0,0.0,0.0,1.0,0.0,0.0,1.0,0.0,0.0,143.0,69.38811492919922,0.0,0.0,0,23.0,24.0,0.0,0.0,0.9583333730697632,69.38811492919922,69.38811492919922,30.0,1,demand_surge,3,od_bc,6,0,130.0,0.0,0.0,0.0,0.0,0.0,143.0,0.0,138.77622985839844,0.0,145.33499145507812,-145.33499145507812,0.0,0.0,0.0,0.0,0.0,15.393801399895247,9.919391837363595,28.143692832772974,22.334853592490198,8.28896998455898,12.02645962672549,-111.00416666269302,0.36907660802957903,0.630923391970421,0.0,0.0,0.36907660802957903,0.630923391970421,0.0,0.0,-1.3840944253402385,,,0,0,0,0,0,1,0,0,0,0,0,0,190,0.6597222222222222,136.25,0.8819444626569748,4.5,3.3333333333333335,3.3333333333333335,68.13390223185222,30.0,68.13390223185222,24.0
191,15.916666666666666,15.916666666666666,0,15.916666666666666,15:54,97.73197379668588,1.9886271346477384,3.3866314241699853,0.0,0.0,3.0,0.0,3.0,0.0,0.0,3.0,0.0,0.0,3.0,0.0,0.0,143.0,68.84615325927734,0.0,0.0,0,23.0,24.0,0.0,0.0,0.9583333730697632,68.84615325927734,68.84615325927734,30.0,1,demand_surge,3,od_bc,6,0,125.0,0.0,0.0,0.0,0.0,0.0,143.0,0.0,137.6923065185547,0.0,147.38662719726562,-147.38662719726562,0.0,0.0,0.0,0.0,0.0,15.5988482000483,10.177696684157263,28.23820791601614,22.956596777684815,8.399379800026006,12.36124441875336,-110.49416666269302,0.3699593448180347,0.6300406551819654,0.0,0.0,0.3699593448180347,0.6300406551819654,0.0,0.0,-1.3980042895222469,,,0,0,0,0,0,1,0,0,0,0,0,0,191,0.6631944444444444,137.41666666666666,0.906250019868215,4.416666666666667,3.25,3.25,68.19440205891927,30.0,68.19440205891927,24.0
192,16.0,16.0,0,16.0,16:00,99.28902192575096,2.0248554545756927,3.4360407513406095,0.0,0.0,6.0,3.0,3.0,0.0,0.0,6.0,0.0,0.0,6.0,0.0,0.0,143.0,68.28671264648438,0.0,0.0,0,19.0,24.0,0.0,0.0,0.7916666269302368,68.28671264648438,68.28671264648438,30.0,1,demand_surge,3,od_bc,6,0,120.0,0.0,0.0,0.0,0.0,0.0,143.0,0.0,136.57342529296875,3.024855613708496,147.43603515625,-144.4111785888672,0.0,0.0,0.0,0.0,0.0,15.791604281358822,10.429183326181668,28.318317959468914,23.56038413470642,8.503171536116287,12.68636068791884,-109.93083333730698,0.3707917854915419,0.629208214508458,0.0,0.0,0.3707917854915419,0.629208214508458,0.0,0.0,-1.4111852967649168,,,0,0,0,0,0,1,0,0,0,0,0,0,192,0.6666666666666666,138.41666666666666,0.909722238779068,4.333333333333333,3.3333333333333335,3.3333333333333335,68.25519053141277,30.0,68.25519053141277,24.0
193,16.083333333333332,16.083333333333332,0,16.083333333333332,16:04,100.76630262159176,2.0593027661167875,3.482843878070759,0.0,0.0,7.0,3.0,4.0,0.0,0.0,4.0,0.0,0.0,4.0,0.0,0.0,146.0,68.33904266357422,0.0,0.0,0,20.0,24.0,0.0,0.0,0.8333333730697632,68.33904266357422,68.33904266357422,30.0,1,demand_surge,3,od_bc,6,0,115.0,0.0,0.0,0.0,0.0,0.0,146.0,0.0,136.67808532714844,3.059302806854248,148.48284912109375,-145.42355346679688,0.0,0.0,0.0,0.0,0.0,15.971093714453634,10.671409245486258,28.384233290900987,24.140835340929296,8.59981969239811,12.998911337423467,-112.46666666269303,0.3715713239519796,0.6284286760480204,0.0,0.0,0.3715713239519796,0.6284286760480204,0.0,0.0,-1.4235411119539716,,,0,0,0,0,0,1,0,0,0,0,0,0,193,0.6701388888888888,139.58333333333334,0.9131944676240286,4.583333333333333,3.4166666666666665,3.4166666666666665,68.32037607828777,30.0,68.32037607828777,24.0
194,16.166666666666668,16.166666666666668,0,16.166666666666668,16:10,102.15232262135639,2.0916961387128126,3.526681605461789,0.0,0.0,5.0,2.0,3.0,0.0,0.0,4.0,0.0,0.0,4.0,0.0,0.0,147.0,68.36734771728516,0.0,0.0,0,21.0,24.0,0.0,0.0,0.875,68.36734771728516,68.36734771728516,30.0,1,demand_surge,3,od_bc,6,0,110.0,0.0,0.0,0.0,0.0,0.0,147.0,0.0,136.7346954345703,2.091695785522461,150.5266876220703,-148.43499755859375,0.0,0.0,0.0,0.0,0.0,16.13649288532309,10.901906600246178,28.43647659186315,24.69256774368751,8.68888078440474,13.295998015831733,-113.2425,0.37229539093941866,0.6277046090605813,0.0,0.0,0.37229539093941866,0.6277046090605813,0.0,0.0,-1.4349854667489765,,,0,0,0,0,0,1,0,0,0,0,0,0,194,0.6736111111111112,140.75,0.9166666865348816,4.583333333333333,3.4166666666666665,3.4166666666666665,68.47097587585449,30.0,68.47097587585449,24.0
195,16.25,16.25,0,16.25,16:15,103.43620889581021,2.121774690118469,3.5672167991510935,0.0,0.0,5.0,0.0,5.0,0.0,0.0,2.0,0.0,0.0,2.0,0.0,0.0,150.0,67.48332977294922,0.0,0.0,0,21.0,24.0,0.0,0.0,0.875,67.48332977294922,67.48332977294922,30.0,1,demand_surge,3,od_bc,6,0,105.0,0.0,0.0,0.0,0.0,0.0,150.0,0.0,134.96665954589844,0.12177467346191406,153.5672149658203,-153.4454345703125,0.0,0.0,0.0,0.0,0.0,16.287124604518503,11.118219668197817,28.475832851605034,25.210277039886282,8.769990171663808,13.574764559938767,-115.23249609375,0.3729614808038488,0.6270385191961513,0.0,0.0,0.3729614808038488,0.6270385191961513,0.0,0.0,-1.4454421090326246,,,0,0,0,0,0,1,0,0,0,0,0,0,195,0.6770833333333334,142.0,0.9201389054457346,4.666666666666667,3.4166666666666665,3.4166666666666665,68.42483329772949,30.0,68.42483329772949,24.0
196,16.333333333333332,16.333333333333332,0,16.333333333333332,16:19,104.60779963365104,2.1492922760767255,3.604136703774083,0.0,0.0,4.0,1.0,3.0,0.0,0.0,1.0,0.0,0.0,1.0,0.0,0.0,153.0,68.61111450195312,0.0,0.0,0,21.0,24.0,0.0,0.0,0.875,68.61111450195312,68.61111450195312,30.0,1,demand_surge,3,od_bc,6,0,100.0,0.0,0.0,0.0,0.0,0.0,153.0,0.0,137.22222900390625,1.149292230606079,154.60414123535156,-153.45484924316406,0.0,0.0,0.0,0.0,0.0,16.422447635011203,11.317944585149235,28.503288402486096,25.68882068489902,8.842856418852186,13.832441907253319,-118.33250390625001,0.37356718638637976,0.6264328136136204,0.0,0.0,0.37356718638637976,0.6264328136136204,0.0,0.0,-1.4548444276973576,,,0,0,0,0,0,1,0,0,0,0,0,0,196,0.6805555555555555,143.41666666666666,0.9236111243565878,4.583333333333333,3.1666666666666665,3.1666666666666665,68.55572255452473,30.0,68.55572255452473,24.0
197,16.416666666666668,16.416666666666668,0,16.416666666666668,16:25,105.65772338706181,2.1740199993192917,3.637154786969108,0.0,0.0,4.0,3.0,1.0,0.0,0.0,4.0,0.0,0.0,4.0,0.0,0.0,153.0,70.13072204589844,0.0,0.0,0,23.0,24.0,0.0,0.0,0.9583333730697632,70.13072204589844,70.13072204589844,30.0,1,demand_surge,3,od_bc,6,0,95.0,0.0,0.0,0.0,0.0,0.0,153.0,0.0,140.26144409179688,3.1740198135375977,155.6371612548828,-152.463134765625,0.0,0.0,0.0,0.0,0.0,16.542042382675582,11.498770447102494,28.519961388634915,26.123302125685274,8.907253590671466,14.06639345229207,-118.93416666269303,0.3741102409187454,0.6258897590812547,0.0,0.0,0.3741102409187454,0.6258897590812547,0.0,0.0,-1.4631347876498162,,,0,0,0,0,0,1,0,0,0,0,0,0,197,0.6840277777777778,144.75,0.9236111243565878,4.5,3.1666666666666665,3.1666666666666665,68.64721234639485,30.0,68.64721234639485,24.0
198,16.5,16.5,0,16.5,16:30,106.5774664372691,2.195748514339293,3.6660121397105065,0.0,0.0,4.0,2.0,2.0,0.0,0.0,5.0,0.0,0.0,5.0,0.0,0.0,152.0,70.09868621826172,0.0,0.0,0,24.0,24.0,0.0,0.0,1.0,70.09868621826172,70.09868621826172,30.0,1,demand_surge,3,od_bc,6,0,90.0,0.0,0.0,0.0,0.0,0.0,152.0,0.0,140.19737243652344,2.1957483291625977,156.666015625,-154.4702606201172,0.0,0.0,0.0,0.0,0.0,16.645593672403017,11.658520726671583,28.527026501227084,26.509153813687753,8.963011977447778,14.274159745831867,-118.02000000000001,0.3745885654376359,0.625411434562364,0.0,0.0,0.3745885654376359,0.625411434562364,0.0,0.0,-1.4702636253712136,,,0,0,0,0,0,1,0,0,0,0,0,0,198,0.6875,145.75,0.9270833432674408,4.416666666666667,3.4166666666666665,3.4166666666666665,68.73876953125,30.0,68.73876953125,24.0
199,16.583333333333332,16.583333333333332,0,16.583333333333332,16:34,107.35942881878503,2.2142901081189312,3.6904784769142465,0.0,0.0,3.0,2.0,1.0,0.0,0.0,5.0,0.0,0.0,5.0,0.0,0.0,150.0,70.55000305175781,0.0,0.0,0,24.0,24.0,0.0,0.0,1.0,70.55000305175781,70.55000305175781,30.0,1,demand_surge,3,od_bc,6,0,85.0,0.0,0.0,0.0,0.0,0.0,150.0,0.0,141.10000610351562,2.214290142059326,154.6904754638672,-152.47618103027344,0.0,0.0,0.0,0.0,0.0,16.732871665544828,11.795193873406017,28.52563718157281,26.84221688092922,9.010007819908752,14.453501397423425,-116.73,0.3750003198654549,0.624999680134545,0.0,0.0,0.3750003198654549,0.624999680134545,0.0,0.0,-1.4761883687953152,,,0,0,0,0,0,1,0,0,0,0,0,0,199,0.6909722222222222,146.58333333333334,0.9270833432674408,4.166666666666667,3.3333333333333335,3.3333333333333335,68.99442481994629,30.0,68.99442481994629,24.0
200,16.666666666666668,16.666666666666668,0,16.666666666666668,16:40,107.9969697532355,2.22948054040793,3.7103527960200227,0.0,0.0,4.0,1.0,3.0,0.0,0.0,3.0,0.0,0.0,3.0,0.0,0.0,151.0,70.54635620117188,0.0,0.0,0,22.0,24.0,0.0,0.0,0.9166666269302368,70.54635620117188,70.54635620117188,30.0,1,demand_surge,3,od_bc,6,0,80.0,0.0,0.0,0.0,0.0,0.0,151.0,0.0,141.09271240234375,1.229480504989624,154.71035766601562,-153.4808807373047,0.0,0.0,0.0,0.0,0.0,16.803712052844,11.907001929519023,28.516848719512424,27.118815364888643,9.048152643839074,14.602439042632344,-117.73833333730698,0.37534395565190665,0.6246560443480934,0.0,0.0,0.37534395565190665,0.6246560443480934,0.0,0.0,-1.4808722556120926,,,0,0,0,0,0,1,0,0,0,0,0,0,200,0.6944444444444445,147.66666666666666,0.9201388955116272,4.333333333333333,3.25,3.25,69.12902450561523,30.0,69.12902450561523,24.0
201,16.75,16.75,0,16.75,16:45,108.48444346994012,2.2411806301752772,3.7254637606714294,0.0,0.0,2.0,1.0,1.0,0.0,0.0,1.0,0.0,0.0,1.0,0.0,0.0,152.0,72.56578826904297,0.0,0.0,0,22.0,24.0,0.0,0.0,0.9166666269302368,72.56578826904297,72.56578826904297,30.0,1,demand_surge,3,od_bc,6,0,75.0,0.0,0.0,0.0,0.0,0.0,152.0,0.0,145.13157653808594,1.241180658340454,153.7254638671875,-152.48428344726562,0.0,0.0,0.0,0.0,0.0,16.857996676305095,11.99240600147763,28.501545738880424,27.335822947923248,9.077382825702742,14.719289279650978,-119.94833333730699,0.375618267717349,0.6243817322826509,0.0,0.0,0.375618267717349,0.6243817322826509,0.0,0.0,-1.4842831304961521,,,0,0,0,0,0,1,0,0,0,0,0,0,201,0.6979166666666666,148.58333333333334,0.9131944477558136,4.166666666666667,3.25,3.25,69.43444760640462,30.0,69.43444760640462,24.0
202,16.833333333333332,16.833333333333332,0,16.833333333333332,16:49,108.81722651846303,2.249277577475426,3.7356698810400406,0.0,0.0,10.0,3.0,7.0,0.0,0.0,4.0,0.0,0.0,4.0,0.0,0.0,158.0,71.23417663574219,0.0,0.0,0,24.0,24.0,0.0,0.0,1.0,71.23417663574219,71.23417663574219,30.0,1,demand_surge,3,od_bc,6,0,70.0,0.0,0.0,0.0,0.0,0.0,158.0,0.0,142.46835327148438,3.2492775917053223,160.7356719970703,-157.48638916015625,0.0,0.0,0.0,0.0,0.0,16.895635691926024,12.050147485622924,28.480377452556056,27.49072033525861,9.097649987960166,14.802695565139251,-123.52000000000001,0.37582244339925197,0.624177556600748,0.0,0.0,0.37582244339925197,0.624177556600748,0.0,0.0,-1.4863923035646147,,,0,0,0,0,0,1,0,0,0,0,0,0,202,0.7013888888888888,149.83333333333334,0.9166666666666666,4.75,3.5,3.5,69.58828608194987,30.0,69.58828608194987,24.0
203,16.916666666666668,16.916666666666668,0,16.916666666666668,16:55,108.9917377030369,2.2536860122000366,3.7408595614669924,0.0,0.0,10.0,5.0,5.0,0.0,0.0,1.0,0.0,0.0,1.0,0.0,0.0,167.0,70.956787109375,0.0,0.0,0,24.0,24.0,0.0,0.0,1.0,70.956787109375,70.956787109375,30.0,1,demand_surge,3,od_bc,6,0,65.0,0.0,0.0,0.0,0.0,5.0,162.0,0.0,141.91357421875,5.25368595123291,164.74085998535156,-159.48716735839844,0.0,0.0,0.0,0.0,0.0,16.91655228469577,12.079274051519027,28.453703785728457,27.581641628067352,9.108912768682336,14.851653184343958,-129.28,0.37595610618093855,0.6240438938190614,0.0,0.0,0.37595610618093855,0.6240438938190614,0.0,0.0,-1.4871735492669558,,,0,0,0,0,0,1,0,0,0,0,0,0,203,0.7048611111111112,151.83333333333334,0.9201388855775198,5.333333333333333,3.3333333333333335,3.3333333333333335,69.76417223612468,30.0,69.76417223612468,24.0
204,17.0,17.0,0,17.0,17:00,109.00545169254454,2.2543487630837586,3.7409510800061905,0.0,0.0,7.0,4.0,3.0,0.0,0.0,4.0,0.0,0.0,4.0,0.0,0.0,170.0,72.1450424194336,0.0,0.0,0,24.0,24.0,0.0,0.0,1.0,72.1450424194336,72.1450424194336,30.0,1,demand_surge,3,od_bc,6,0,60.0,0.0,0.0,0.0,0.0,7.0,163.0,2.142857074737549,142.14723205566406,9.254348754882812,166.74095153808594,-157.48660278320312,0.0,0.0,0.0,0.0,0.0,16.92067079298475,12.079159536507461,28.421555017160507,27.60740834728501,9.111130426991789,14.865527571615004,-130.86999609375002,0.37601935217336485,0.6239806478266351,0.0,0.0,0.37601935217336485,0.6239806478266351,0.0,0.0,-1.4866023169224318,,,0,0,0,0,0,1,0,0,0,0,0,0,204,0.7083333333333334,154.08333333333334,0.9375,5.416666666666667,3.1666666666666665,3.1666666666666665,70.08569971720378,30.0,70.08569971720378,24.0
205,17.083333333333332,17.083333333333332,0,17.083333333333332,17:04,108.85690719256647,2.251237341984277,3.7358925536068783,0.0,0.0,9.0,1.0,8.0,0.0,0.0,7.0,0.0,0.0,7.0,0.0,0.0,172.0,70.01506042480469,0.0,0.0,0,24.0,24.0,0.0,0.0,1.0,70.01506042480469,70.01506042480469,30.0,1,demand_surge,3,od_bc,6,0,55.0,0.0,0.0,0.0,0.0,6.0,166.0,5.0,135.03012084960938,8.251237869262695,172.7358856201172,-164.48464965820312,0.0,0.0,0.0,0.0,0.0,16.907908899792925,12.049517092910492,28.383606994659694,27.56755011845466,9.104258638350036,14.844065448398661,-130.09,0.3760127776152074,0.6239872223847925,0.0,0.0,0.3760127776152074,0.6239872223847925,0.0,0.0,-1.4846552116226013,,,0,0,0,0,0,1,0,0,0,0,0,0,205,0.7118055555555555,156.25,0.9513888855775198,5.583333333333333,3.4166666666666665,3.4166666666666665,70.22536786397298,30.0,70.22536786397298,24.0
206,17.166666666666668,17.166666666666668,0,17.166666666666668,17:10,108.54571032462229,2.2443521399722886,3.725661927881938,0.0,0.0,4.0,1.0,3.0,0.0,0.0,2.0,0.0,0.0,2.0,0.0,0.0,174.0,72.27218627929688,0.0,0.0,0,24.0,24.0,0.0,0.0,1.0,72.27218627929688,72.27218627929688,30.0,1,demand_surge,3,od_bc,6,0,50.0,0.0,0.0,0.0,0.0,5.0,169.0,7.0,137.54437255859375,7.244352340698242,170.7256622314453,-163.48130798339844,0.0,0.0,0.0,0.0,0.0,16.878174314307458,11.990405147261113,28.33917327232044,27.462311423969034,9.088247707704014,14.787398459060247,-133.25999609375,0.3759374960365823,0.6240625039634178,0.0,0.0,0.3759374960365823,0.6240625039634178,0.0,0.0,-1.4813097879096495,,,0,0,0,0,0,1,0,0,0,0,0,0,206,0.7152777777777778,158.5,0.9618055522441864,5.5,3.25,3.25,70.55077107747395,30.0,70.55077107747395,24.0
207,17.25,17.25,0,17.25,17:15,108.07253356443942,2.2337223332690446,3.710267012775124,0.0,0.0,5.0,0.0,5.0,0.0,0.0,5.0,0.0,0.0,5.0,0.0,0.0,174.0,71.94767761230469,0.0,0.0,0,24.0,24.0,0.0,0.0,1.0,71.94767761230469,71.94767761230469,30.0,1,demand_surge,3,od_bc,6,0,45.0,0.0,0.0,0.0,0.0,2.0,172.0,7.5,136.39535522460938,5.233722686767578,175.71026611328125,-170.47654724121094,0.0,0.0,0.0,0.0,0.0,16.831366111894194,11.902225968923185,28.287214730675856,27.29264425025206,9.06304329101995,14.696039211674185,-133.35000390625,0.3757951441746151,0.6242048558253849,0.0,0.0,0.3757951441746151,0.6242048558253849,0.0,0.0,-1.4765446795060795,,,0,0,0,0,0,1,0,0,0,0,0,0,207,0.71875,160.5,0.972222218910853,5.5,3.5,3.5,70.92280006408691,30.0,70.92280006408691,24.0
208,17.333333333333332,17.333333333333332,0,17.333333333333332,17:19,107.4391102720074,2.219405498682853,3.689745566277554,0.0,0.0,6.0,4.0,2.0,0.0,0.0,2.0,0.0,0.0,2.0,0.0,0.0,178.0,70.37861633300781,0.0,0.0,0,24.0,24.0,0.0,0.0,1.0,70.37861633300781,70.37861633300781,30.0,1,demand_surge,3,od_bc,6,0,40.0,0.0,0.0,0.0,0.0,5.0,173.0,2.0,138.75723266601562,6.219405174255371,175.6897430419922,-169.4703369140625,0.0,0.0,0.0,0.0,0.0,16.76738063824814,11.785716892474358,28.226366419209352,27.060186885962253,9.028589574441305,14.57086986167198,-136.73000390625,0.37558787620836087,0.6244121237916392,0.0,0.0,0.37558787620836087,0.6244121237916392,0.0,0.0,-1.4703400675947011,,,0,0,0,0,0,1,0,0,0,0,0,0,208,0.7222222222222222,162.58333333333334,0.9826388855775198,5.666666666666667,3.5833333333333335,3.5833333333333335,71.07009188334148,30.0,71.07009188334148,24.0
209,17.416666666666668,17.416666666666668,0,17.416666666666668,17:25,106.64822452930785,2.2014869400390116,3.664165409072921,0.0,0.0,5.0,3.0,2.0,0.0,0.0,4.0,0.0,0.0,4.0,0.0,0.0,179.0,71.68214416503906,0.0,0.0,0,24.0,24.0,0.0,0.0,1.0,71.68214416503906,71.68214416503906,30.0,1,demand_surge,3,od_bc,6,0,35.0,0.0,0.0,0.0,0.0,4.0,175.0,1.25,142.11428833007812,8.201486587524414,176.66416931152344,-168.46267700195312,0.0,0.0,0.0,0.0,0.0,16.686121628542097,11.641934482773046,28.154980548698063,26.76722954505179,8.984834723061129,14.41312360118173,-138.75,0.3753183463681272,0.6246816536318727,0.0,0.0,0.3753183463681272,0.6246816536318727,0.0,0.0,-1.4626784690339094,,,0,0,0,0,0,1,0,0,0,0,0,0,209,0.7256944444444445,164.75,0.9861111044883728,5.75,3.5833333333333335,3.5833333333333335,71.19937705993652,30.0,71.19937705993652,24.0
210,17.5,17.5,0,17.5,17:30,105.70369571465571,2.180078729268972,3.633624535037092,0.0,0.0,4.0,1.0,3.0,0.0,0.0,3.0,0.0,0.0,3.0,0.0,0.0,180.0,73.31428527832031,0.0,0.0,0,24.0,24.0,0.0,0.0,1.0,73.31428527832031,73.31428527832031,30.0,1,demand_surge,3,od_bc,6,0,30.0,0.0,0.0,0.0,0.0,5.0,175.0,5.0,141.62857055664062,5.180078506469727,179.6336212158203,-174.4535369873047,0.0,0.0,0.0,0.0,0.0,16.587513959062687,11.472232162455406,28.07118380305985,26.41666787787861,8.93173828564914,14.224359626550019,-139.22,0.37498968044238334,0.6250103195576167,0.0,0.0,0.37498968044238334,0.6250103195576167,0.0,0.0,-1.4535458057681203,,,0,0,0,0,0,1,0,0,0,0,0,0,210,0.7291666666666666,167.08333333333334,0.9861111044883728,5.75,3.4166666666666665,3.4166666666666665,71.46734364827473,30.0,71.46734364827473,24.0
211,17.583333333333332,17.583333333333332,0,17.583333333333332,17:34,104.61035701089232,2.1553184683952997,3.5982511672037774,0.0,0.0,4.0,1.0,3.0,0.0,0.0,4.0,0.0,0.0,4.0,0.0,0.0,180.0,74.19033813476562,0.0,0.0,0,24.0,24.0,0.0,0.0,1.0,74.19033813476562,74.19033813476562,30.0,1,demand_surge,3,od_bc,6,0,25.0,0.0,0.0,0.0,0.0,4.0,176.0,6.25,142.13067626953125,6.155318260192871,179.59825134277344,-173.44293212890625,0.0,0.0,0.0,0.0,0.0,16.471520249623488,11.278232028323144,27.97294647781747,26.011945778465115,8.869280134412646,14.006432342250445,-139.58,0.3746054371289246,0.6253945628710754,0.0,0.0,0.3746054371289246,0.6253945628710754,0.0,0.0,-1.4429326988084776,,,0,0,0,0,0,1,0,0,0,0,0,0,211,0.7326388888888888,169.58333333333334,0.9861111044883728,5.833333333333333,3.3333333333333335,3.3333333333333335,71.77070490519206,30.0,71.77070490519206,24.0
212,17.666666666666668,17.666666666666668,0,17.666666666666668,17:40,103.37402688934397,2.1273677816548116,3.5582036972591062,0.0,0.0,6.0,2.0,4.0,0.0,0.0,5.0,0.0,0.0,5.0,0.0,0.0,181.0,71.74625396728516,0.0,0.0,0,24.0,24.0,0.0,0.0,1.0,71.74625396728516,71.74625396728516,30.0,1,demand_surge,3,od_bc,6,0,20.0,0.0,0.0,0.0,0.0,3.0,178.0,1.6666666269302368,141.82583618164062,6.127367973327637,181.55819702148438,-175.4308319091797,0.0,0.0,0.0,0.0,0.0,16.338159380441827,11.061791756765926,27.85816042001855,25.55698918272184,8.797470435622522,13.761455713773298,-140.39999609375,0.37416956053487,0.62583043946513,0.0,0.0,0.37416956053487,0.62583043946513,0.0,0.0,-1.4308359156042947,,,0,0,0,0,0,1,0,0,0,0,0,0,212,0.7361111111111112,172.08333333333334,0.9930555522441864,6.0,3.5,3.5,71.87069638570149,30.0,71.87069638570149,24.0
213,17.75,17.75,0,17.75,17:45,102.00147254783305,2.096410550437662,3.513670439693156,0.0,0.0,7.0,3.0,4.0,0.0,0.0,4.0,0.0,0.0,4.0,0.0,0.0,184.0,71.27932739257812,0.0,0.0,0,24.0,24.0,0.0,0.0,1.0,71.27932739257812,71.27932739257812,30.0,1,demand_surge,3,od_bc,6,0,15.0,0.0,0.0,0.0,0.0,5.0,179.0,2.0,140.55865478515625,6.096410751342773,183.513671875,-177.41726684570312,0.0,0.0,0.0,0.0,0.0,16.187525884837232,10.824967632029997,27.724722369313252,25.056132770381137,8.716360091835432,13.491763799435995,-141.84,0.37368632540700214,0.6263136745929978,0.0,0.0,0.37368632540700214,0.6263136745929978,0.0,0.0,-1.4172598892554942,,,0,0,0,0,0,1,0,0,0,0,0,0,213,0.7395833333333334,174.75,1.0,6.416666666666667,3.75,3.75,71.76349131266277,30.0,71.76349131266277,24.0
214,17.833333333333332,17.833333333333332,0,17.833333333333332,17:49,100.50036431763097,2.0626509075361685,3.4648691299335344,0.0,0.0,9.0,3.0,6.0,0.0,0.0,5.0,0.0,0.0,5.0,0.0,0.0,188.0,70.41256713867188,0.0,0.0,0,24.0,24.0,0.0,0.0,1.0,70.41256713867188,70.41256713867188,30.0,1,demand_surge,3,od_bc,6,0,10.0,0.0,0.0,0.0,0.0,5.0,183.0,2.0,138.82513427734375,8.062650680541992,186.46487426757812,-178.4022216796875,0.0,0.0,0.0,0.0,0.0,16.019809133548954,10.56997482009763,27.57061909902876,24.51404162547902,8.626051071910975,13.199868567565625,-144.23,0.37316027686086417,0.6268397231391358,0.0,0.0,0.37316027686086417,0.6268397231391358,0.0,0.0,-1.4022182223973658,,,0,0,0,0,0,1,0,0,0,0,0,0,214,0.7430555555555555,177.25,1.0,6.333333333333333,3.8333333333333335,3.8333333333333335,71.69502385457356,30.0,71.69502385457356,24.0
215,17.916666666666668,17.916666666666668,0,17.916666666666668,17:55,98.8792201922399,2.026311011301585,3.4120460992716097,0.0,0.0,8.0,2.0,6.0,0.0,0.0,4.0,0.0,0.0,4.0,0.0,0.0,192.0,70.16310119628906,0.0,0.0,0,24.0,24.0,0.0,0.0,1.0,70.16310119628906,70.16310119628906,30.0,1,demand_surge,3,od_bc,6,0,5.0,0.0,0.0,0.0,0.0,5.0,187.0,3.0,137.32620239257812,7.026310920715332,190.41204833984375,-183.3857421875,0.0,0.0,0.0,0.0,0.0,15.83531123879337,10.299146052942433,27.394010736064637,23.93562997330797,8.526706051657968,12.888416139473522,-146.89000000000001,0.37259616647131416,0.6274038335286859,0.0,0.0,0.37259616647131416,0.6274038335286859,0.0,0.0,-1.3857350879700245,,,0,0,0,0,0,1,0,0,0,0,0,0,215,0.7465277777777778,179.33333333333334,1.0,6.166666666666667,4.083333333333333,4.083333333333333,71.6288833618164,30.0,71.6288833618164,24.0
216,18.0,18.0,0,18.0,18:00,75.39269282799096,1.9876286245682748,2.1589694809712285,0.0,0.0,6.0,3.0,3.0,0.0,0.0,1.0,0.0,0.0,1.0,0.0,0.0,197.0,72.05026245117188,0.0,0.0,0,24.0,24.0,0.0,0.0,1.0,72.05026245117188,72.05026245117188,30.0,0,none,0,none,0,-1,0.0,0.0,0.0,0.0,0.0,8.0,189.0,5.0,139.10052490234375,7.987628936767578,190.15896606445312,-182.1713409423828,0.0,0.0,0.0,0.0,0.0,15.634462674151434,10.01488988322437,5.438661759041361,23.32597909656997,8.41855682454308,12.560142590460753,-150.96,0.4793395872903553,0.5206604127096447,0.0,0.0,0.4793395872903553,0.5206604127096447,0.0,0.0,-0.1713408564029537,,,0,0,0,0,0,0,0,0,0,0,0,0,216,0.75,181.58333333333334,1.0,6.083333333333333,3.8333333333333335,3.8333333333333335,71.62098503112793,30.0,71.62098503112793,24.0
217,18.083333333333332,18.083333333333332,0,18.083333333333332,18:04,73.7409313450755,1.9468545274583875,2.108896696520764,0.0,0.0,3.0,2.0,1.0,0.0,0.0,3.0,0.0,0.0,3.0,0.0,0.0,197.0,74.30224609375,0.0,0.0,0,24.0,24.0,0.0,0.0,1.0,74.30224609375,74.30224609375,30.0,0,none,0,none,0,-1,0.0,0.0,0.0,0.0,0.0,8.0,189.0,6.25,142.3544921875,9.946854591369629,190.10890197753906,-180.16204833984375,0.0,0.0,0.0,0.0,0.0,15.417834724647756,9.719649620684972,5.393449156589197,22.6902564444231,8.30191100557956,12.217830393150898,-152.01,0.48002316215744184,0.5199768378425581,0.0,0.0,0.48002316215744184,0.5199768378425581,0.0,0.0,-0.16204216906237634,,,0,0,0,0,0,0,0,0,0,0,0,0,217,0.7534722222222222,183.66666666666666,1.0,5.583333333333333,3.5,3.5,71.97825050354004,30.0,71.97825050354004,24.0
218,18.166666666666668,18.166666666666668,0,18.166666666666668,18:10,72.02005968712625,1.9042497972387558,2.056853485553188,0.0,0.0,1.0,0.0,1.0,0.0,0.0,2.0,0.0,0.0,2.0,0.0,0.0,196.0,77.93882751464844,0.0,0.0,0,24.0,24.0,0.0,0.0,1.0,77.93882751464844,77.93882751464844,30.0,0,none,0,none,0,-1,0.0,0.0,0.0,0.0,0.0,8.0,188.0,11.25,144.62765502929688,7.904250144958496,190.05685424804688,-182.15260314941406,0.0,0.0,0.0,0.0,0.0,15.186148041941873,9.415863973279572,5.3429867370595305,22.03363779296977,8.1771566379687,11.864266503906798,-152.26,0.4807372242756983,0.5192627757243016,0.0,0.0,0.4807372242756983,0.5192627757243016,0.0,0.0,-0.15260368831443238,,,0,0,0,0,0,0,0,0,0,0,0,0,218,0.7569444444444445,185.5,1.0,5.333333333333333,3.5,3.5,72.45047060648601,30.0,72.45047060648601,24.0
219,18.25,18.25,0,18.25,18:15,70.24159041220248,1.8600829920655213,2.0032044806056155,0.0,0.0,8.0,6.0,2.0,0.0,0.0,7.0,0.0,0.0,7.0,0.0,0.0,197.0,74.97635650634766,0.0,0.0,0,24.0,24.0,0.0,0.0,1.0,74.97635650634766,74.97635650634766,30.0,0,none,0,none,0,-1,0.0,0.0,0.0,0.0,0.0,9.0,188.0,3.8888888359069824,146.06382751464844,13.860082626342773,190.00320434570312,-176.14312744140625,0.0,0.0,0.0,0.0,0.0,14.940276772306227,9.105930294807905,5.287181844745831,21.361234104915464,8.044764415857198,11.502202979569864,-152.69000000000003,0.4814767229267128,0.5185232770732873,0.0,0.0,0.4814767229267128,0.5185232770732873,0.0,0.0,-0.1431214885400942,,,0,0,0,0,0,0,0,0,0,0,0,0,219,0.7604166666666666,187.41666666666666,1.0,5.583333333333333,3.6666666666666665,3.6666666666666665,72.70286051432292,30.0,72.70286051432292,24.0
220,18.333333333333332,18.333333333333332,0,18.333333333333332,18:19,68.41708472289616,1.8146272785225497,1.948312381236739,0.0,0.0,2.0,2.0,0.0,0.0,0.0,4.0,0.0,0.0,4.0,0.0,0.0,195.0,77.0810775756836,0.0,0.0,0,24.0,24.0,0.0,0.0,1.0,77.0810775756836,77.0810775756836,30.0,0,none,0,none,0,-1,0.0,0.0,0.0,0.0,0.0,10.0,185.0,6.0,148.1621551513672,10.814627647399902,187.9483184814453,-177.13369750976562,0.0,0.0,0.0,0.0,0.0,14.681247938545766,8.792171194077229,5.226032881724388,20.678024482065688,7.905287351524643,11.134320874958446,-151.93999609375,0.4822366135519243,0.5177633864480757,0.0,0.0,0.4822366135519243,0.5177633864480757,0.0,0.0,-0.13368510271418943,,,0,0,0,0,0,0,0,0,0,0,0,0,220,0.7638888888888888,188.83333333333334,1.0,5.25,3.8333333333333335,3.8333333333333335,73.26139895121257,30.0,73.26139895121257,24.0
221,18.416666666666668,18.416666666666668,0,18.416666666666668,18:25,66.55802557104488,1.7681575451520064,1.8925338612554623,0.0,0.0,6.0,1.0,5.0,0.0,0.0,7.0,0.0,0.0,7.0,0.0,0.0,194.0,76.06455993652344,0.0,0.0,0,24.0,24.0,0.0,0.0,1.0,76.06455993652344,76.06455993652344,30.0,0,none,0,none,0,-1,0.0,0.0,0.0,0.0,0.0,9.0,185.0,7.777777671813965,144.35134887695312,10.768157958984375,189.8925323486328,-179.12437438964844,0.0,0.0,0.0,0.0,0.0,14.410235979132135,8.476805096767482,5.159632320768033,19.98879632064896,7.759357834917303,10.763198018810977,-149.75,0.4830119091866424,0.5169880908133576,0.0,0.0,0.4830119091866424,0.5169880908133576,0.0,0.0,-0.1243763161034559,,,0,0,0,0,0,0,0,0,0,0,0,0,221,0.7673611111111112,190.08333333333334,1.0,5.333333333333333,4.083333333333333,4.083333333333333,73.62660026550293,30.0,73.62660026550293,24.0
222,18.5,18.5,0,18.5,18:30,64.67569708183267,1.7209475455308714,1.8362157939699255,0.0,0.0,6.0,3.0,3.0,0.0,0.0,2.0,0.0,0.0,2.0,0.0,0.0,198.0,77.56684875488281,0.0,0.0,0,24.0,24.0,0.0,0.0,1.0,77.56684875488281,77.56684875488281,30.0,0,none,0,none,0,-1,0.0,0.0,0.0,0.0,0.0,11.0,187.0,9.090909004211426,146.04278564453125,11.720947265625,187.83621215820312,-176.11526489257812,0.0,0.0,0.0,0.0,0.0,14.12855256662528,8.161921178682226,5.088166600401504,19.298093480161533,7.607682151259764,10.391281104702363,-153.52,0.4837977290557551,0.516202270944245,0.0,0.0,0.4837977290557551,0.516202270944245,0.0,0.0,-0.11526824843905414,,,0,0,0,0,0,0,0,0,0,0,0,0,222,0.7708333333333334,191.58333333333334,1.0,5.5,4.0,4.0,73.98098055521648,30.0,73.98098055521648,24.0
223,18.583333333333332,18.583333333333332,0,18.583333333333332,18:34,62.78107193955691,1.6732671147440452,1.779691841931585,0.0,0.0,5.0,3.0,2.0,0.0,0.0,1.0,0.0,0.0,1.0,0.0,0.0,202.0,79.9145278930664,0.0,0.0,0,24.0,24.0,0.0,0.0,1.0,79.9145278930664,79.9145278930664,30.0,0,none,0,none,0,-1,0.0,0.0,0.0,0.0,0.0,13.0,189.0,10.384614944458008,149.44444274902344,13.673267364501953,188.77969360351562,-175.10643005371094,0.0,0.0,0.0,0.0,0.0,13.8376320318228,7.849458916194626,5.011913012651965,18.61017297513891,7.4510326325199685,10.020862371228642,-157.56,0.48458934373057233,0.5154106562694277,0.0,0.0,0.48458934373057233,0.5154106562694277,0.0,0.0,-0.10642472718753981,,,0,0,0,0,0,0,0,0,0,0,0,0,223,0.7743055555555555,193.41666666666666,1.0,5.583333333333333,3.75,3.75,74.4579963684082,30.0,74.4579963684082,24.0
224,18.666666666666668,18.666666666666668,0,18.666666666666668,18:40,60.88470815952739,1.6253795022671764,1.7232794465068304,0.0,0.0,0.0,0.0,0.0,0.0,0.0,4.0,0.0,0.0,4.0,0.0,0.0,198.0,83.00531768798828,0.0,0.0,0,24.0,24.0,0.0,0.0,1.0,83.00531768798828,83.00531768798828,30.0,0,none,0,none,0,-1,0.0,0.0,0.0,0.0,0.0,10.0,188.0,12.5,153.51063537597656,12.62537956237793,188.72328186035156,-176.097900390625,0.0,0.0,0.0,0.0,0.0,13.539012900344673,7.541192333951527,4.931233811977389,17.92897040849434,7.290237715570208,9.654060989189258,-156.47000000000003,0.4853822163234186,0.5146177836765814,0.0,0.0,0.4853822163234186,0.5146177836765814,0.0,0.0,-0.09789994423965398,,,0,0,0,0,0,0,0,0,0,0,0,0,224,0.7777777777777778,194.83333333333334,1.0,5.083333333333333,3.6666666666666665,3.6666666666666665,75.3962516784668,30.0,75.3962516784668,24.0
225,18.75,18.75,0,18.75,18:45,58.99665643252277,1.5775388622752238,1.667277241513529,0.0,0.0,1.0,1.0,0.0,0.0,0.0,3.0,0.0,0.0,3.0,0.0,0.0,196.0,85.45008850097656,0.0,0.0,0,24.0,24.0,0.0,0.0,1.0,85.45008850097656,85.45008850097656,30.0,0,none,0,none,0,-1,0.0,0.0,0.0,0.0,0.0,9.0,187.0,13.333333015441895,157.5668487548828,10.57753849029541,187.6672821044922,-177.08973693847656,0.0,0.0,0.0,0.0,0.0,13.234316196781128,7.2387188777341525,4.846567874073465,17.258074095683728,7.126170259805222,9.292809128445082,-156.77,0.4861720392823612,0.5138279607176388,0.0,0.0,0.4861720392823612,0.5138279607176388,0.0,0.0,-0.0897383792383053,,,0,0,0,0,0,0,0,0,0,0,0,0,225,0.78125,195.83333333333334,1.0,4.583333333333333,3.5833333333333335,3.5833333333333335,76.5771484375,30.0,76.5771484375,24.0
226,18.833333333333332,18.833333333333332,0,18.833333333333332,18:49,57.12637897648042,1.529987939265165,1.611962904441258,0.0,0.0,1.0,0.0,1.0,0.0,0.0,4.0,0.0,0.0,4.0,0.0,0.0,193.0,87.86993408203125,0.0,0.0,0,24.0,24.0,0.0,0.0,1.0,87.86993408203125,87.86993408203125,30.0,0,none,0,none,0,-1,0.0,0.0,0.0,0.0,0.0,8.0,185.0,16.875,158.8648681640625,8.529988288879395,187.61196899414062,-179.0819854736328,0.0,0.0,0.0,0.0,0.0,12.925221282605246,6.943452706934041,4.758420312091405,16.600707589740487,6.95973453678744,8.9388425483218,-155.05,0.48695476644068203,0.513045233559318,0.0,0.0,0.48695476644068203,0.513045233559318,0.0,0.0,-0.08197496517609304,,,0,0,0,0,0,0,0,0,0,0,0,0,226,0.7847222222222222,196.25,1.0,3.9166666666666665,3.5,3.5,78.03192901611328,30.0,78.03192901611328,24.0
227,18.916666666666668,18.916666666666668,0,18.916666666666668,18:55,55.28268057119821,1.4829559827040484,1.557591448711853,0.0,0.0,2.0,2.0,0.0,0.0,0.0,7.0,0.0,0.0,7.0,0.0,0.0,188.0,86.81333923339844,0.0,0.0,0,24.0,24.0,0.0,0.0,1.0,86.81333923339844,86.81333923339844,30.0,0,none,0,none,0,-1,0.0,0.0,0.0,0.0,0.0,7.0,181.0,13.571428298950195,160.0552520751953,9.482955932617188,184.55758666992188,-175.0746307373047,0.0,0.0,0.0,0.0,0.0,12.61344006467602,6.65662209006681,4.667350513007461,15.959720114604542,6.791852342517856,8.59369544632552,-151.33,0.4877266400720069,0.512273359927993,0.0,0.0,0.4877266400720069,0.512273359927993,0.0,0.0,-0.07463546600780457,,,0,0,0,0,0,0,0,0,0,0,0,0,227,0.7881944444444445,195.91666666666666,1.0,3.4166666666666665,3.75,3.75,79.41944885253906,30.0,79.41944885253906,24.0
228,19.0,19.0,0,19.0,19:00,53.47365219222524,1.4366569193163083,1.50439395125608,0.0,0.0,4.0,2.0,2.0,0.0,0.0,4.0,0.0,0.0,4.0,0.0,0.0,188.0,86.033935546875,0.0,0.0,0,24.0,24.0,0.0,0.0,1.0,86.033935546875,86.033935546875,30.0,0,none,0,none,0,-1,0.0,0.0,0.0,0.0,0.0,7.0,181.0,10.714285850524902,161.3535919189453,8.436656951904297,182.50439453125,-174.06773376464844,0.0,0.0,0.0,0.0,0.0,12.30069044062495,6.379270500290534,4.573959087679457,15.337584252140964,6.6234486987980485,8.258699212691287,-152.06,0.4884842128000002,0.5115157871999999,0.0,0.0,0.4884842128000002,0.5115157871999999,0.0,0.0,-0.06773703193977165,,,0,0,0,0,0,0,0,0,0,0,0,0,228,0.7916666666666666,195.16666666666666,1.0,3.25,4.0,4.0,80.58475494384766,30.0,80.58475494384766,24.0
229,19.083333333333332,19.083333333333332,0,19.083333333333332,19:04,51.70662740594436,1.391287805777263,1.4525767015496764,0.0,0.0,3.0,2.0,1.0,0.0,0.0,1.0,0.0,0.0,1.0,0.0,0.0,190.0,87.71977996826172,0.0,0.0,0,24.0,24.0,0.0,0.0,1.0,87.71977996826172,87.71977996826172,30.0,0,none,0,none,0,-1,0.0,0.0,0.0,0.0,0.0,8.0,182.0,10.0,165.43955993652344,8.391287803649902,181.45257568359375,-173.06129455566406,0.0,0.0,0.0,0.0,0.0,11.988669837258884,6.112260946742072,4.478874235076512,14.736400108422867,6.45543760467786,7.9349846737661585,-155.18000000000004,0.48922436430875865,0.5107756356912414,0.0,0.0,0.48922436430875865,0.5107756356912414,0.0,0.0,-0.061288895772413365,,,0,0,0,0,0,0,0,0,0,0,0,0,229,0.7951388888888888,194.58333333333334,1.0,3.25,3.8333333333333335,3.8333333333333335,81.70288276672363,30.0,81.70288276672363,24.0
230,19.166666666666668,19.166666666666668,0,19.166666666666668,19:10,49.98815144477239,1.3470275781853007,1.402320751277181,0.0,0.0,4.0,2.0,2.0,0.0,0.0,6.0,0.0,0.0,6.0,0.0,0.0,188.0,86.23611450195312,0.0,0.0,0,24.0,24.0,0.0,0.0,1.0,86.23611450195312,86.23611450195312,30.0,0,none,0,none,0,-1,0.0,0.0,0.0,0.0,0.0,8.0,180.0,7.5,164.97222900390625,9.347027778625488,183.40231323242188,-174.05528259277344,0.0,0.0,0.0,0.0,0.0,11.679029651812694,5.85628304105504,4.3827380060471866,14.157905106672912,6.288708274052989,7.6234873651315676,-152.81000390625,0.4899443128941958,0.5100556871058042,0.0,0.0,0.4899443128941958,0.5100556871058042,0.0,0.0,-0.0552931730918802,,,0,0,0,0,0,0,0,0,0,0,0,0,230,0.7986111111111112,193.91666666666666,1.0,3.5,4.166666666666667,4.166666666666667,82.39432334899902,30.0,82.39432334899902,24.0
231,19.25,19.25,0,19.25,19:15,48.32396265447462,1.304036107966022,1.353781838030082,0.0,0.0,2.0,1.0,1.0,0.0,0.0,5.0,0.0,0.0,5.0,0.0,0.0,185.0,87.39524841308594,0.0,0.0,0,24.0,24.0,0.0,0.0,1.0,87.39524841308594,87.39524841308594,30.0,0,none,0,none,0,-1,0.0,0.0,0.0,0.0,0.0,6.0,179.0,7.5,167.29049682617188,8.304036140441895,180.35377502441406,-172.04974365234375,0.0,0.0,0.0,0.0,0.0,11.373351328517167,5.611862284951935,4.286192917551609,13.603488515264035,6.124112253816936,7.324955354372941,-151.87999609375,0.4906416219856217,0.5093583780143782,0.0,0.0,0.4906416219856217,0.5093583780143782,0.0,0.0,-0.0497457300640598,,,0,0,0,0,0,0,0,0,0,0,0,0,231,0.8020833333333334,192.91666666666666,1.0,3.0,4.0,4.0,83.42923100789388,30.0,83.42923100789388,24.0
232,19.333333333333332,19.333333333333332,0,19.333333333333332,19:19,46.71898579915462,1.2624535670495112,1.307090651903993,0.0,0.0,4.0,2.0,2.0,0.0,0.0,3.0,0.0,0.0,3.0,0.0,0.0,186.0,87.69336700439453,0.0,0.0,0,24.0,24.0,0.0,0.0,1.0,87.69336700439453,87.69336700439453,30.0,0,none,0,none,0,-1,0.0,0.0,0.0,0.0,0.0,5.0,181.0,5.0,170.38673400878906,7.262453079223633,180.3070831298828,-173.0446319580078,0.0,0.0,0.0,0.0,0.0,11.073124700728563,5.379371071699374,4.189869318003325,13.07420981541519,5.962451761930764,7.039959131377409,-154.32999609375003,0.4913142018484778,0.5086857981515223,0.0,0.0,0.4913142018484778,0.5086857981515223,0.0,0.0,-0.04463708485448192,,,0,0,0,0,0,0,0,0,0,0,0,0,232,0.8055555555555555,192.16666666666666,1.0,3.1666666666666665,3.9166666666666665,3.9166666666666665,84.31358846028645,30.0,84.31358846028645,24.0
233,19.416666666666668,19.416666666666668,0,19.416666666666668,19:25,45.1773365270854,1.2224000984860819,1.2623534105036154,0.0,0.0,5.0,2.0,3.0,0.0,0.0,3.0,0.0,0.0,3.0,0.0,0.0,188.0,88.32875061035156,0.0,0.0,0,24.0,24.0,0.0,0.0,1.0,88.32875061035156,88.32875061035156,30.0,0,none,0,none,0,-1,0.0,0.0,0.0,0.0,0.0,6.0,182.0,5.833333492279053,170.8241729736328,6.222399711608887,183.26235961914062,-177.0399627685547,0.0,0.0,0.0,0.0,0.0,10.779729108701,5.159040918243256,4.094373842177439,12.570820039631062,5.804469520069769,6.768903098262879,-155.85000000000002,0.49196030675216185,0.5080396932478383,0.0,0.0,0.49196030675216185,0.5080396932478383,0.0,0.0,-0.03995331201753349,,,0,0,0,0,0,0,0,0,0,0,0,0,233,0.8090277777777778,191.66666666666666,1.0,3.0833333333333335,3.5833333333333335,3.5833333333333335,85.33560434977214,30.0,85.33560434977214,24.0
234,19.5,19.5,0,19.5,19:30,43.70233614487431,1.1839757823414419,1.219652705626645,0.0,0.0,2.0,0.0,2.0,0.0,0.0,5.0,0.0,0.0,5.0,0.0,0.0,185.0,89.4129867553711,0.0,0.0,0,24.0,24.0,0.0,0.0,1.0,89.4129867553711,89.4129867553711,30.0,0,none,0,none,0,-1,0.0,0.0,0.0,0.0,0.0,4.0,181.0,7.5,171.3259735107422,5.183975696563721,183.2196502685547,-178.03567504882812,0.0,0.0,0.0,0.0,0.0,10.494417672102754,4.950975482399274,4.000279224155001,12.093785262805268,5.650840284978406,6.512038218433605,-153.98000390625,0.4925785279497659,0.5074214720502341,0.0,0.0,0.4925785279497659,0.5074214720502341,0.0,0.0,-0.03567692328520322,,,0,0,0,0,0,0,0,0,0,0,0,0,234,0.8125,190.58333333333334,1.0,2.75,3.8333333333333335,3.8333333333333335,86.32278251647949,30.0,86.32278251647949,24.0
235,19.583333333333332,19.583333333333332,0,19.583333333333332,19:34,42.2965357203334,1.1472608809316638,1.1790485836866735,0.0,0.0,5.0,4.0,1.0,0.0,0.0,5.0,0.0,0.0,5.0,0.0,0.0,185.0,88.10520935058594,0.0,0.0,0,24.0,24.0,0.0,0.0,1.0,88.10520935058594,88.10520935058594,30.0,0,none,0,none,0,-1,0.0,0.0,0.0,0.0,0.0,6.0,179.0,3.3333332538604736,172.87709045410156,7.147260665893555,181.17904663085938,-174.0317840576172,0.0,0.0,0.0,0.0,0.0,10.218304961531745,4.755163966852199,3.90811566303478,11.64331149725843,5.502164210055555,6.269475421600693,-153.83000000000004,0.4931677828684274,0.5068322171315726,0.0,0.0,0.4931677828684274,0.5068322171315726,0.0,0.0,-0.03178770275500975,,,0,0,0,0,0,0,0,0,0,0,0,0,235,0.8159722222222222,189.16666666666666,1.0,2.75,4.166666666666667,4.166666666666667,87.00533930460612,30.0,87.00533930460612,24.0
236,19.666666666666668,19.666666666666668,0,19.666666666666668,19:40,40.9617484368068,1.1123163423826978,1.1405798216416763,0.0,0.0,0.0,0.0,0.0,0.0,0.0,2.0,0.0,0.0,2.0,0.0,0.0,183.0,91.43854522705078,0.0,0.0,0,24.0,24.0,0.0,0.0,1.0,91.43854522705078,91.43854522705078,30.0,0,none,0,none,0,-1,0.0,0.0,0.0,0.0,0.0,4.0,179.0,5.0,177.87709045410156,5.112316131591797,178.1405792236328,-173.02825927734375,0.0,0.0,0.0,0.0,0.0,9.952358180970373,4.571494565306872,3.8183638624142864,11.219370324935296,5.358962097445585,6.04119940573439,-154.92000000000002,0.493727300949261,0.5062726990507389,0.0,0.0,0.493727300949261,0.5062726990507389,0.0,0.0,-0.02826347925897843,,,0,0,0,0,0,0,0,0,0,0,0,0,236,0.8194444444444445,187.91666666666666,1.0,2.75,4.0,4.0,87.70810826619466,30.0,87.70810826619466,24.0
237,19.75,19.75,0,19.75,19:45,39.69908905370762,1.0791845372532205,1.1042653607006985,0.0,0.0,3.0,1.0,2.0,0.0,0.0,6.0,0.0,0.0,6.0,0.0,0.0,180.0,91.6994400024414,0.0,0.0,0,24.0,24.0,0.0,0.0,1.0,91.6994400024414,91.6994400024414,30.0,0,none,0,none,0,-1,0.0,0.0,0.0,0.0,0.0,2.0,178.0,5.0,178.3988800048828,4.079184532165527,180.10426330566406,-176.02508544921875,0.0,0.0,0.0,0.0,0.0,9.697391848903102,4.399767662613183,3.7314497942295146,10.821724689059097,5.221672534024747,5.827082524877975,-152.83,0.49425660660430526,0.5057433933956949,0.0,0.0,0.49425660660430526,0.5057433933956949,0.0,0.0,-0.025080823447477973,,,0,0,0,0,0,0,0,0,0,0,0,0,237,0.8229166666666666,186.58333333333334,1.0,2.9166666666666665,4.25,4.25,88.2288875579834,30.0,88.2288875579834,24.0
238,19.833333333333332,19.833333333333332,0,19.833333333333332,19:49,38.509019288987076,1.0478901996285621,1.0701058612657273,0.0,0.0,2.0,1.0,1.0,0.0,0.0,0.0,0.0,0.0,0.0,0.0,0.0,182.0,94.5204849243164,0.0,0.0,0,24.0,24.0,0.0,0.0,1.0,94.5204849243164,94.5204849243164,30.0,0,none,0,none,0,-1,0.0,0.0,0.0,0.0,0.0,3.0,179.0,6.666666507720947,182.37429809570312,2.0478901863098145,178.07009887695312,-176.02220153808594,0.0,0.0,0.0,0.0,0.0,9.454065854234573,4.239708557157082,3.6477411731784537,10.449954358888931,5.090650844587846,5.626898500940193,-156.23000000000002,0.4947554997746821,0.505244500225318,0.0,0.0,0.4947554997746821,0.505244500225318,0.0,0.0,-0.02221566163716515,,,0,0,0,0,0,0,0,0,0,0,0,0,238,0.8263888888888888,185.66666666666666,1.0,3.0,3.9166666666666665,3.9166666666666665,88.78310012817383,30.0,88.78310012817383,24.0
239,19.916666666666668,19.916666666666668,0,19.916666666666668,19:55,37.39139792784543,1.0184415417220969,1.038085344309402,0.0,0.0,3.0,2.0,1.0,0.0,0.0,5.0,0.0,0.0,5.0,0.0,0.0,180.0,92.35955047607422,0.0,0.0,0,24.0,24.0,0.0,0.0,1.0,92.35955047607422,92.35955047607422,30.0,0,none,0,none,0,-1,0.0,0.0,0.0,0.0,0.0,2.0,178.0,0.0,184.71910095214844,4.018441677093506,179.0380859375,-175.01963806152344,0.0,0.0,0.0,0.0,0.0,9.222886667579417,4.090979527879157,3.567545571719488,10.103480670780996,4.966169744081224,5.440335745805151,-155.16,0.4952240345796763,0.5047759654203239,0.0,0.0,0.4952240345796763,0.5047759654203239,0.0,0.0,-0.019643802587305137,,,0,0,0,0,0,0,0,0,0,0,0,0,239,0.8298611111111112,185.0,1.0,3.0833333333333335,3.75,3.75,89.2452843983968,30.0,89.2452843983968,24.0
240,20.0,20.0,0,20.0,20:00,36.34553447623223,0.9908315096141497,1.008172886578623,0.0,0.0,3.0,2.0,1.0,0.0,0.0,5.0,0.0,0.0,5.0,0.0,0.0,178.0,93.11079406738281,0.0,0.0,0,24.0,24.0,0.0,0.0,1.0,93.11079406738281,93.11079406738281,30.0,0,none,0,none,0,-1,0.0,0.0,0.0,0.0,0.0,2.0,176.0,0.0,186.22158813476562,2.9908313751220703,178.0081787109375,-175.01734924316406,0.0,0.0,0.0,0.0,0.0,9.00421141115165,3.9531911181133355,3.491110058942217,9.781590233313192,4.848421529081657,5.26701012563018,-153.95000000000002,0.49566249654140304,0.504337503458597,0.0,0.0,0.49566249654140304,0.504337503458597,0.0,0.0,-0.017341376964473354,,,0,0,0,0,0,0,0,0,0,0,0,0,240,0.8333333333333334,184.16666666666666,1.0,3.0,3.8333333333333335,3.8333333333333335,89.83502260843913,30.0,89.83502260843913,24.0
241,20.083333333333332,20.083333333333332,0,20.083333333333332,20:04,35.37024521511832,0.9650391472868406,0.9803243395446667,0.0,0.0,4.0,3.0,1.0,0.0,0.0,3.0,0.0,0.0,3.0,0.0,0.0,179.0,94.65908813476562,0.0,0.0,0,24.0,24.0,0.0,0.0,1.0,94.65908813476562,94.65908813476562,30.0,0,none,0,none,0,-1,0.0,0.0,0.0,0.0,0.0,3.0,176.0,0.0,189.31817626953125,3.9650392532348633,175.98033142089844,-172.01528930664062,0.0,0.0,0.0,0.0,0.0,8.79825443242937,3.825912552749415,3.418622210212278,9.483457361472436,4.737521617461969,5.106477040792849,-155.74,0.4960713788550844,0.5039286211449157,0.0,0.0,0.4960713788550844,0.5039286211449157,0.0,0.0,-0.015285192257826097,,,0,0,0,0,0,0,0,0,0,0,0,0,241,0.8368055555555555,183.25,1.0,3.0833333333333335,4.0,4.0,90.41329828898112,30.0,90.41329828898112,24.0
242,20.166666666666668,20.166666666666668,0,20.166666666666668,20:10,34.46391056929757,0.9410310365142879,0.9544840447970785,0.0,0.0,2.0,2.0,0.0,0.0,0.0,3.0,0.0,0.0,3.0,0.0,0.0,178.0,97.5904769897461,0.0,0.0,0,24.0,24.0,0.0,0.0,1.0,97.5904769897461,97.5904769897461,30.0,0,none,0,none,0,-1,0.0,0.0,0.0,0.0,0.0,3.0,175.0,1.6666666269302368,193.5142822265625,3.941030979156494,174.95448303222656,-171.01345825195312,0.0,0.0,0.0,0.0,0.0,8.605095988034247,3.708681243255439,3.3502123085506925,9.208165073335188,4.6335132243261326,4.9582427317958695,-156.34000000000003,0.49645135815182134,0.5035486418481787,0.0,0.0,0.49645135815182134,0.5035486418481787,0.0,0.0,-0.013453008282790613,,,0,0,0,0,0,0,0,0,0,0,0,0,242,0.8402777777777778,182.41666666666666,1.0,2.9166666666666665,3.75,3.75,91.35949516296387,30.0,91.35949516296387,24.0
243,20.25,20.25,0,20.25,20:15,33.62453277946234,0.9187627813533598,0.9305865215170694,0.0,0.0,0.0,0.0,0.0,0.0,0.0,3.0,0.0,0.0,3.0,0.0,0.0,175.0,100.9537582397461,0.0,0.0,0,24.0,24.0,0.0,0.0,1.0,100.9537582397461,100.9537582397461,30.0,0,none,0,none,0,-1,0.0,0.0,0.0,0.0,0.0,2.0,173.0,5.0,196.9075164794922,1.9187626838684082,173.9305877685547,-172.01182556152344,0.0,0.0,0.0,0.0,0.0,8.424692623973495,3.601011366557053,3.285956542860662,8.954724541555517,4.536372951370343,4.821774753145278,-155.25,0.4968032701703897,0.5031967298296103,0.0,0.0,0.4968032701703897,0.5031967298296103,0.0,0.0,-0.011823740163709684,,,0,0,0,0,0,0,0,0,0,0,0,0,243,0.84375,181.58333333333334,1.0,2.75,3.5833333333333335,3.5833333333333335,92.48937098185222,30.0,92.48937098185222,24.0
244,20.333333333333332,20.333333333333332,0,20.333333333333332,20:19,32.84979295520344,0.8981805078435308,0.9085581046926581,0.0,0.0,1.0,1.0,0.0,0.0,0.0,5.0,0.0,0.0,5.0,0.0,0.0,171.0,99.73529052734375,0.0,0.0,0,24.0,24.0,0.0,0.0,1.0,99.73529052734375,99.73529052734375,30.0,0,none,0,none,0,-1,0.0,0.0,0.0,0.0,0.0,1.0,170.0,0.0,199.4705810546875,1.8981804847717285,171.90855407714844,-170.0103759765625,0.0,0.0,0.0,0.0,0.0,8.256888834952576,3.5024015287603096,3.225881001578486,8.72209294120944,4.446017064974464,4.696511583728159,-152.72,0.4971280857183431,0.5028719142816569,0.0,0.0,0.4971280857183431,0.5028719142816569,0.0,0.0,-0.010377596849127313,,,0,0,0,0,0,0,0,0,0,0,0,0,244,0.8472222222222222,180.33333333333334,1.0,2.5,3.75,3.75,93.49286460876465,30.0,93.49286460876465,24.0
245,20.416666666666668,20.416666666666668,0,20.416666666666668,20:25,32.137106686062985,0.8792223519449478,0.8883185157885163,0.0,0.0,0.0,0.0,0.0,0.0,0.0,2.0,0.0,0.0,2.0,0.0,0.0,169.0,103.92857360839844,0.0,0.0,0,24.0,24.0,0.0,0.0,1.0,103.92857360839844,103.92857360839844,30.0,0,none,0,none,0,-1,0.0,0.0,0.0,0.0,0.0,1.0,168.0,5.0,202.85714721679688,0.0,168.88832092285156,-168.88832092285156,0.0,0.0,0.0,0.0,0.0,8.101429596751041,3.412341543626801,3.169966262003303,8.509189675530331,4.362308244404407,4.581871363747101,-152.37,0.49742688726195267,0.5025731127380474,0.0,0.0,0.49742688726195267,0.5025731127380474,0.0,0.0,-0.009096163843568483,,,0,0,0,0,0,0,0,0,0,0,0,0,245,0.8506944444444445,178.75,1.0,2.0833333333333335,3.6666666666666665,3.6666666666666665,94.79284985860188,30.0,94.79284985860188,24.0
246,20.5,20.5,0,20.5,20:30,31.48367749451026,0.8618199115944821,0.8697823506035822,0.0,0.0,3.0,0.0,3.0,0.0,0.0,3.0,0.0,0.0,3.0,0.0,0.0,169.0,101.27218627929688,0.0,0.0,0,22.0,24.0,0.0,0.0,0.9166666269302368,101.27218627929688,101.27218627929688,30.0,0,none,0,none,0,-1,0.0,0.0,0.0,0.0,0.0,0.0,169.0,0.0,202.54437255859375,0.0,169.86978149414062,-169.86978149414062,0.0,0.0,0.0,0.0,0.0,7.957973389186445,3.3303183691897744,3.1181523841474967,8.314910992575998,4.285062594177316,4.477259765233229,-152.58833333730698,0.49770084644062756,0.5022991535593725,0.0,0.0,0.49770084644062756,0.5022991535593725,0.0,0.0,-0.007962439009100097,,,0,0,0,0,0,0,0,0,0,0,0,0,246,0.8541666666666666,177.41666666666666,0.9930555522441864,2.1666666666666665,3.5,3.5,95.7811164855957,30.0,95.7811164855957,24.0
247,20.583333333333332,20.583333333333332,0,20.583333333333332,20:34,30.886547525544728,0.8458996419124831,0.8528604719924768,0.0,0.0,4.0,4.0,0.0,0.0,0.0,4.0,0.0,0.0,4.0,0.0,0.0,169.0,103.77218627929688,0.0,0.0,0,24.0,24.0,0.0,0.0,1.0,103.77218627929688,103.77218627929688,30.0,0,none,0,none,0,-1,0.0,0.0,0.0,0.0,0.0,0.0,169.0,0.0,207.54437255859375,2.8458995819091797,167.8528594970703,-165.0069580078125,0.0,0.0,0.0,0.0,0.0,7.826105360327589,3.255821254698061,3.070344132033953,8.138143029900673,4.214056732484086,4.382077016100363,-154.15,0.49795120275575794,0.5020487972442421,0.0,0.0,0.49795120275575794,0.5020487972442421,0.0,0.0,-0.006960830079993707,,,0,0,0,0,0,0,0,0,0,0,0,0,247,0.8576388888888888,176.08333333333334,0.9930555522441864,2.0833333333333335,3.4166666666666665,3.4166666666666665,97.08669789632161,30.0,97.08669789632161,24.0
248,20.666666666666668,20.666666666666668,0,20.666666666666668,20:40,30.342644979596486,0.8313841759245567,0.8374612979532499,0.0,0.0,1.0,1.0,0.0,0.0,0.0,4.0,0.0,0.0,4.0,0.0,0.0,166.0,105.03012084960938,0.0,0.0,0,22.0,24.0,0.0,0.0,0.9166666269302368,105.03012084960938,105.03012084960938,30.0,0,none,0,none,0,-1,0.0,0.0,0.0,0.0,0.0,0.0,166.0,0.0,210.06024169921875,0.0,167.83746337890625,-167.83746337890625,0.0,0.0,0.0,0.0,0.0,7.705350322700596,3.1883461550141545,3.0264162635178717,7.9777733419913,4.149034789146475,4.295724107226084,-152.26833333730698,0.4981792436376473,0.5018207563623528,0.0,0.0,0.4981792436376473,0.5018207563623528,0.0,0.0,-0.006077122028693149,,,0,0,0,0,0,0,0,0,0,0,0,0,248,0.8611111111111112,174.66666666666666,0.9861111044883728,2.1666666666666665,3.5833333333333335,3.5833333333333335,98.21932919820149,30.0,98.21932919820149,24.0
249,20.75,20.75,0,20.75,20:45,29.848827905794458,0.8181935565578249,0.8234919782608704,0.0,0.0,1.0,1.0,0.0,0.0,0.0,3.0,0.0,0.0,3.0,0.0,0.0,164.0,106.70731353759766,0.0,0.0,0,22.0,24.0,0.0,0.0,0.9166666269302368,106.70731353759766,106.70731353759766,30.0,0,none,0,none,0,-1,0.0,0.0,0.0,0.0,0.0,0.0,164.0,0.0,213.4146270751953,0.0,164.823486328125,-164.823486328125,0.0,0.0,0.0,0.0,0.0,7.595185316718784,3.1273994714958357,2.9862187505561986,7.8327009777137935,4.089715170540884,4.217608218768966,-151.628333337307,0.49838628604849383,0.5016137139515061,0.0,0.0,0.49838628604849383,0.5016137139515061,0.0,0.0,-0.005298421703045508,,,0,0,0,0,0,0,0,0,0,0,0,0,249,0.8645833333333334,173.33333333333334,0.9791666567325592,2.0,3.3333333333333335,3.3333333333333335,99.46998532613118,30.0,99.46998532613118,24.0
250,20.833333333333332,20.833333333333332,0,20.833333333333332,20:49,29.40192407914015,0.8062463690266812,0.8108594553260271,0.0,0.0,1.0,0.0,1.0,0.0,0.0,1.0,0.0,0.0,1.0,0.0,0.0,164.0,108.14024353027344,0.0,0.0,0,22.0,24.0,0.0,0.0,0.9166666269302368,108.14024353027344,108.14024353027344,30.0,0,none,0,none,0,-1,0.0,0.0,0.0,0.0,0.0,0.0,164.0,0.0,216.28048706054688,0.0,163.81085205078125,-163.81085205078125,0.0,0.0,0.0,0.0,0.0,7.495051523141528,3.072501178031263,2.94958181412939,7.701845183395147,4.035796973999283,4.1471474064435405,-152.76833333730698,0.49857365973522716,0.5014263402647728,0.0,0.0,0.49857365973522716,0.5014263402647728,0.0,0.0,-0.00461308629934587,,,0,0,0,0,0,0,0,0,0,0,0,0,250,0.8680555555555555,171.83333333333334,0.9722222089767456,1.9166666666666667,3.4166666666666665,3.4166666666666665,100.60496520996094,30.0,100.60496520996094,24.0
251,20.916666666666668,20.916666666666668,0,20.916666666666668,20:55,28.998766785636484,0.7954607659499737,0.7994714072600326,0.0,0.0,2.0,2.0,0.0,0.0,0.0,4.0,0.0,0.0,4.0,0.0,0.0,162.0,109.81481170654297,0.0,0.0,0,21.0,24.0,0.0,0.0,0.875,109.81481170654297,109.81481170654297,30.0,0,none,0,none,0,-1,0.0,0.0,0.0,0.0,0.0,0.0,162.0,0.0,219.62962341308594,0.7954607009887695,162.79946899414062,-162.00401306152344,0.0,0.0,0.0,0.0,0.0,7.404365353001078,3.023187388965038,2.9163206806363826,7.584152812421713,3.986965959308272,4.083774591303999,-151.7025,0.4987426922042751,0.501257307795725,0.0,0.0,0.4987426922042751,0.501257307795725,0.0,0.0,-0.0040106413100589045,,,0,0,0,0,0,0,0,0,0,0,0,0,251,0.8715277777777778,170.33333333333334,0.961805542310079,1.8333333333333333,3.3333333333333335,3.3333333333333335,102.0595703125,30.0,102.0595703125,24.0
252,21.0,21.0,0,21.0,21:00,28.636226432328538,0.7857553805663753,0.7892370732116945,0.0,0.0,2.0,1.0,1.0,0.0,0.0,4.0,0.0,0.0,4.0,0.0,0.0,160.0,110.375,0.0,0.0,0,22.0,24.0,0.0,0.0,0.9166666269302368,110.375,110.375,30.0,0,none,0,none,0,-1,0.0,0.0,0.0,0.0,0.0,0.0,160.0,0.0,220.75,0.0,161.7892303466797,-161.7892303466797,0.0,0.0,0.0,0.0,0.0,7.322528588439514,2.9790124227317287,2.8862399886142756,7.478604525199135,3.9429000091597377,4.026940898184149,-150.168333337307,0.4988946954517251,0.501105304548275,0.0,0.0,0.4988946954517251,0.501105304548275,0.0,0.0,-0.0034816926453191677,,,0,0,0,0,0,0,0,0,0,0,0,0,252,0.875,168.83333333333334,0.9548610945542654,1.75,3.25,3.25,103.4982541402181,30.0,103.4982541402181,24.0
253,21.083333333333332,21.083333333333332,0,21.083333333333332,21:04,28.3112379832441,0.7770501261800945,0.7800679628983311,0.0,0.0,0.0,0.0,0.0,0.0,0.0,1.0,0.0,0.0,1.0,0.0,0.0,159.0,112.45282745361328,0.0,0.0,0,20.0,24.0,0.0,0.0,0.8333333730697632,112.45282745361328,112.45282745361328,30.0,0,none,0,none,0,-1,0.0,0.0,0.0,0.0,0.0,0.0,159.0,0.0,224.90565490722656,0.0,158.7800750732422,-158.7800750732422,0.0,0.0,0.0,0.0,0.0,7.248937489935896,2.939550411573582,2.85913779535122,7.384219864671651,3.9032740330424054,3.9761183886693496,-150.87666666269305,0.4990309544473847,0.5009690455526153,0.0,0.0,0.4990309544473847,0.5009690455526153,0.0,0.0,-0.003017836718236633,,,0,0,0,0,0,0,0,0,0,0,0,0,253,0.8784722222222222,167.16666666666666,0.9409722089767456,1.4166666666666667,3.0833333333333335,3.0833333333333335,104.98106575012207,30.0,104.98106575012207,24.0
254,21.166666666666668,21.166666666666668,0,21.166666666666668,21:10,28.020824296474522,0.7692668824335928,0.7718784538725061,0.0,0.0,2.0,0.0,2.0,0.0,0.0,5.0,0.0,0.0,5.0,0.0,0.0,156.0,111.4102554321289,0.0,0.0,0,18.0,24.0,0.0,0.0,0.75,111.4102554321289,111.4102554321289,30.0,0,none,0,none,0,-1,0.0,0.0,0.0,0.0,0.0,0.0,156.0,0.0,222.8205108642578,0.0,159.77188110351562,-159.77188110351562,0.0,0.0,0.0,0.0,0.0,7.182990823492602,2.904396504115949,2.8348091518263856,7.30006129285332,3.867764289572939,3.9308022346133256,-147.005,0.49915271734034744,0.5008472826596526,0.0,0.0,0.49915271734034744,0.5008472826596526,0.0,0.0,-0.0026115714389133293,,,0,0,0,0,0,0,0,0,0,0,0,0,254,0.8819444444444445,165.33333333333334,0.9201388756434122,1.4166666666666667,3.25,3.25,106.13271395365398,30.0,106.13271395365398,24.0
255,21.25,21.25,0,21.25,21:15,27.762115501559776,0.7623300711410592,0.7645862814447285,0.0,0.0,1.0,0.0,1.0,0.0,0.0,2.0,0.0,0.0,2.0,0.0,0.0,155.0,112.33870697021484,0.0,0.0,0,18.0,24.0,0.0,0.0,0.75,112.33870697021484,112.33870697021484,30.0,0,none,0,none,0,-1,0.0,0.0,0.0,0.0,0.0,0.0,155.0,0.0,224.6774139404297,0.0,155.76458740234375,-155.76458740234375,0.0,0.0,0.0,0.0,0.0,7.124096794836773,2.8731677040556782,2.813049231065204,7.225237273348508,3.8360521202967233,3.8905123779568886,-146.935,0.4992611873270437,0.5007388126729564,0.0,0.0,0.4992611873270437,0.5007388126729564,0.0,0.0,-0.0022562103036692926,,,0,0,0,0,0,0,0,0,0,0,0,0,255,0.8854166666666666,163.66666666666666,0.899305542310079,1.5,3.1666666666666665,3.1666666666666665,107.08145968119304,30.0,107.08145968119304,24.0
256,21.333333333333332,21.333333333333332,0,21.333333333333332,21:19,27.53236460971366,0.7561671262134455,0.7581129273208058,0.0,0.0,1.0,1.0,0.0,0.0,0.0,2.0,0.0,0.0,2.0,0.0,0.0,154.0,114.41558074951172,0.0,0.0,0,17.0,24.0,0.0,0.0,0.7083333134651184,114.41558074951172,114.41558074951172,30.0,0,none,0,none,0,-1,0.0,0.0,0.0,0.0,0.0,0.0,154.0,0.0,228.83116149902344,0.0,153.75811767578125,-153.75811767578125,0.0,0.0,0.0,0.0,0.0,7.07167890622281,2.8455033849400126,2.7936560092421883,7.15890448387264,3.8078271033507436,3.854794722085267,-147.27916666865352,0.49935751610053275,0.5006424838994672,0.0,0.0,0.49935751610053275,0.5006424838994672,0.0,0.0,-0.001945801107360312,,,0,0,0,0,0,0,0,0,0,0,0,0,256,0.8888888888888888,162.25,0.8749999850988388,1.5,2.9166666666666665,2.9166666666666665,108.30481719970703,30.0,108.30481719970703,24.0
257,21.416666666666668,21.416666666666668,0,21.416666666666668,21:25,27.328959592317105,0.7507088636621626,0.7523839139152781,0.0,0.0,3.0,3.0,0.0,0.0,0.0,5.0,0.0,0.0,5.0,0.0,0.0,152.0,116.0526351928711,0.0,0.0,0,19.0,24.0,0.0,0.0,0.7916666269302368,116.0526351928711,116.0526351928711,30.0,0,none,0,none,0,-1,0.0,0.0,0.0,0.0,0.0,0.0,152.0,0.0,232.1052703857422,1.750708818435669,152.75238037109375,-151.00167846679688,0.0,0.0,0.0,0.0,0.0,7.025180774895673,2.821065518054341,2.776432510635569,7.100269241462002,3.7827896480207466,3.8232218992487703,-146.03083333730697,0.4994427987819171,0.5005572012180829,0.0,0.0,0.4994427987819171,0.5005572012180829,0.0,0.0,-0.0016750502531155398,,,0,0,0,0,0,0,0,0,0,0,0,0,257,0.8923611111111112,160.83333333333334,0.8576388706763586,1.75,3.1666666666666665,3.1666666666666665,109.31515566507976,30.0,109.31515566507976,24.0
258,21.5,21.5,0,21.5,21:30,27.149432195845336,0.7458897587937426,0.7473290119777507,0.0,0.0,2.0,2.0,0.0,0.0,0.0,5.0,0.0,0.0,5.0,0.0,0.0,149.0,117.29866027832031,0.0,0.0,0,19.0,24.0,0.0,0.0,0.7916666269302368,117.29866027832031,117.29866027832031,30.0,0,none,0,none,0,-1,0.0,0.0,0.0,0.0,0.0,0.0,149.0,0.0,234.59732055664062,0.7458896636962891,150.74732971191406,-150.00143432617188,0.0,0.0,0.0,0.0,0.0,6.984069970803038,2.7995386478149755,2.761188636887293,7.048588221439956,3.7606530612016353,3.7953936576984373,-143.88083333730697,0.4995180702211289,0.5004819297788711,0.0,0.0,0.4995180702211289,0.5004819297788711,0.0,0.0,-0.0014392531840080602,,,0,0,0,0,0,0,0,0,0,0,0,0,258,0.8958333333333334,159.16666666666666,0.8472222040096918,1.6666666666666667,3.3333333333333335,3.3333333333333335,110.65069516499837,30.0,110.65069516499837,24.0
259,21.583333333333332,21.583333333333332,0,21.583333333333332,21:34,26.99146378452251,0.741648138519841,0.7428823696288971,0.0,0.0,0.0,0.0,0.0,0.0,0.0,0.0,0.0,0.0,0.0,0.0,0.0,149.0,119.79866027832031,0.0,0.0,0,18.0,24.0,0.0,0.0,0.75,119.79866027832031,119.79866027832031,30.0,0,none,0,none,0,-1,0.0,0.0,0.0,0.0,0.0,0.0,149.0,0.0,239.59732055664062,0.0,147.74288940429688,-147.74288940429688,0.0,0.0,0.0,0.0,0.0,6.947840945002949,2.7806296467541385,2.747742608085138,7.003168549291154,3.741145124232357,3.7709369111567748,-145.885,0.4995843025447166,0.5004156974552835,0.0,0.0,0.4995843025447166,0.5004156974552835,0.0,0.0,-0.001234231109056072,,,0,0,0,0,0,0,0,0,0,0,0,0,259,0.8993055555555555,157.5,0.8263888706763586,1.3333333333333333,3.0,3.0,111.98623466491699,30.0,111.98623466491699,24.0
260,21.666666666666668,21.666666666666668,0,21.666666666666668,21:40,26.852888516229942,0.7379262972302313,0.7389825711624157,0.0,0.0,4.0,2.0,2.0,0.0,0.0,7.0,0.0,0.0,7.0,0.0,0.0,146.0,118.52739715576172,0.0,0.0,0,20.0,24.0,0.0,0.0,0.8333333730697632,118.52739715576172,118.52739715576172,30.0,0,none,0,none,0,-1,0.0,0.0,0.0,0.0,0.0,0.0,146.0,0.0,237.05479431152344,0.7379262447357178,149.73898315429688,-149.0010528564453,0.0,0.0,0.0,0.0,0.0,6.916017129796403,2.76406728013763,2.735922048158864,6.96336734236034,3.7240092237365245,3.749505492040183,-141.47666666269305,0.49964240382233804,0.500357596177662,0.0,0.0,0.49964240382233804,0.500357596177662,0.0,0.0,-0.0010562739321844372,,,0,0,0,0,0,0,0,0,0,0,0,0,260,0.9027777777777778,155.83333333333334,0.8194444328546524,1.5833333333333333,3.25,3.25,113.11100769042969,30.0,113.11100769042969,24.0
261,21.75,21.75,0,21.75,21:45,26.731694163377192,0.7346705449399333,0.7355726340458124,0.0,0.0,2.0,2.0,0.0,0.0,0.0,2.0,0.0,0.0,2.0,0.0,0.0,146.0,121.02739715576172,0.0,0.0,0,22.0,24.0,0.0,0.0,0.9166666269302368,121.02739715576172,121.02739715576172,30.0,0,none,0,none,0,-1,0.0,0.0,0.0,0.0,0.0,0.0,146.0,0.0,242.05479431152344,0.7346706390380859,144.73556518554688,-144.0009002685547,0.0,0.0,0.0,0.0,0.0,6.8881522973947265,2.749601608407014,2.725564750207836,6.928590775700798,3.7090050832125447,3.7307796484542752,-143.408333337307,0.4996932177211319,0.5003067822788682,0.0,0.0,0.4996932177211319,0.5003067822788682,0.0,0.0,-0.0009020891058790781,,,0,0,0,0,0,0,0,0,0,0,0,0,261,0.90625,154.33333333333334,0.8194444328546524,1.6666666666666667,3.1666666666666665,3.1666666666666665,114.30434799194336,30.0,114.30434799194336,24.0
262,21.833333333333332,21.833333333333332,0,21.833333333333332,21:49,26.626020889517513,0.7318311964571826,0.7325999524662808,0.0,0.0,1.0,0.0,1.0,0.0,0.0,2.0,0.0,0.0,2.0,0.0,0.0,145.0,121.82758331298828,0.0,0.0,0,22.0,24.0,0.0,0.0,0.9166666269302368,121.82758331298828,121.82758331298828,30.0,0,none,0,none,0,-1,0.0,0.0,0.0,0.0,0.0,0.0,145.0,0.0,243.65516662597656,0.0,145.73260498046875,-145.73260498046875,0.0,0.0,0.0,0.0,0.0,6.863831266426397,2.7370032539209115,2.7165191589128996,6.898292743418013,3.695909143460367,3.7144653233789295,-142.888333337307,0.4997375240175465,0.5002624759824534,0.0,0.0,0.4997375240175465,0.5002624759824534,0.0,0.0,-0.0007687560090982037,,,0,0,0,0,0,0,0,0,0,0,0,0,262,0.9097222222222222,152.75,0.8194444328546524,1.6666666666666667,3.25,3.25,115.44495964050293,30.0,115.44495964050293,24.0
263,21.916666666666668,21.916666666666668,0,21.916666666666668,21:55,26.5341582854374,0.7293625101599347,0.7300161955391224,0.0,0.0,2.0,1.0,1.0,0.0,0.0,2.0,0.0,0.0,2.0,0.0,0.0,145.0,123.05172729492188,0.0,0.0,0,22.0,24.0,0.0,0.0,0.9166666269302368,123.05172729492188,123.05172729492188,30.0,0,none,0,none,0,-1,0.0,0.0,0.0,0.0,0.0,0.0,145.0,0.0,246.10345458984375,0.0,144.73001098632812,-144.73001098632812,0.0,0.0,0.0,0.0,0.0,6.842670045326606,2.7260625568222885,2.7086446073947954,6.8719731834666025,3.6845146397912485,3.7002932526358627,-143.598333337307,0.4997760398392018,0.5002239601607983,0.0,0.0,0.4997760398392018,0.5002239601607983,0.0,0.0,-0.0006536853791877517,,,0,0,0,0,0,0,0,0,0,0,0,0,263,0.9131944444444445,151.33333333333334,0.8229166517655054,1.6666666666666667,3.0833333333333335,3.0833333333333335,116.5480359395345,30.0,116.5480359395345,24.0
264,22.0,22.0,0,22.0,22:00,26.454540956283118,0.7272225846484878,0.7277771679470839,0.0,0.0,0.0,0.0,0.0,0.0,0.0,0.0,0.0,0.0,0.0,0.0,0.0,145.0,125.55172729492188,0.0,0.0,0,18.0,24.0,0.0,0.0,0.75,125.55172729492188,125.55172729492188,30.0,0,none,0,none,0,-1,0.0,0.0,0.0,0.0,0.0,0.0,145.0,0.0,251.10345458984375,0.0,143.727783203125,-143.727783203125,0.0,0.0,0.0,0.0,0.0,6.824315499155436,2.7165886432299713,2.7018113450229757,6.849176130064178,3.6746314226221575,3.6880179161884032,-145.305,0.4998094215144687,0.5001905784855313,0.0,0.0,0.4998094215144687,0.5001905784855313,0.0,0.0,-0.0005545832985961452,,,0,0,0,0,0,0,0,0,0,0,0,0,264,0.9166666666666666,150.08333333333334,0.8090277661879858,1.5,2.75,2.75,117.81276321411133,30.0,117.81276321411133,24.0
265,22.083333333333332,22.083333333333332,0,22.083333333333332,22:04,26.38574293499835,0.7253732210931794,0.7258426403317301,0.0,0.0,3.0,2.0,1.0,0.0,0.0,5.0,0.0,0.0,5.0,0.0,0.0,143.0,125.8741226196289,0.0,0.0,0,18.0,24.0,0.0,0.0,0.75,125.8741226196289,125.8741226196289,30.0,0,none,0,none,0,-1,0.0,0.0,0.0,0.0,0.0,0.0,143.0,0.0,251.7482452392578,0.7253732681274414,144.72584533691406,-144.00047302246094,0.0,0.0,0.0,0.0,0.0,6.808444622148253,2.7084084273052897,2.6959003909933776,6.829487553706543,3.6660855657721356,3.6774163750727533,-142.98499999999999,0.4998382669143066,0.5001617330856933,0.0,0.0,0.4998382669143066,0.5001617330856933,0.0,0.0,-0.00046941923855070566,,,0,0,0,0,0,0,0,0,0,0,0,0,265,0.9201388888888888,148.75,0.8020833184321722,1.75,3.0833333333333335,3.0833333333333335,118.93120447794597,30.0,118.93120447794597,24.0
266,22.166666666666668,22.166666666666668,0,22.166666666666668,22:10,26.326471177894376,0.7237797585498341,0.7241761562343565,0.0,0.0,3.0,3.0,0.0,0.0,0.0,6.0,0.0,0.0,6.0,0.0,0.0,140.0,127.07142639160156,0.0,0.0,0,20.0,24.0,0.0,0.0,0.8333333730697632,127.07142639160156,127.07142639160156,30.0,0,none,0,none,0,-1,0.0,0.0,0.0,0.0,0.0,0.0,140.0,0.0,254.14285278320312,1.7237796783447266,141.72418212890625,-140.00039672851562,0.0,0.0,0.0,0.0,0.0,6.794763492765561,2.70136556705625,2.690803246200774,6.812533044248718,3.6587188037968406,3.668287023826232,-140.51666666269304,0.4998631181790568,0.5001368818209433,0.0,0.0,0.4998631181790568,0.5001368818209433,0.0,0.0,-0.000396397684522376,,,0,0,0,0,0,0,0,0,0,0,0,0,266,0.9236111111111112,147.41666666666666,0.8090277661879858,1.8333333333333333,3.1666666666666665,3.1666666666666665,120.23630205790202,30.0,120.23630205790202,24.0
267,22.25,22.25,0,22.25,22:15,26.275558376454544,0.7224108889001809,0.7227448218048189,0.0,0.0,1.0,1.0,0.0,0.0,0.0,4.0,0.0,0.0,4.0,0.0,0.0,137.0,128.26641845703125,0.0,0.0,0,21.0,24.0,0.0,0.0,0.875,128.26641845703125,128.26641845703125,30.0,0,none,0,none,0,-1,0.0,0.0,0.0,0.0,0.0,0.0,137.0,0.0,256.5328369140625,0.0,138.72274780273438,-138.72274780273438,0.0,0.0,0.0,0.0,0.0,6.783005981580942,2.6953193920029026,2.68642149322364,6.797975387717259,3.6523878362358917,3.6604482856939087,-138.3325,0.49988446473201315,0.5001155352679868,0.0,0.0,0.49988446473201315,0.5001155352679868,0.0,0.0,-0.0003339329046380124,,,0,0,0,0,0,0,0,0,0,0,0,0,267,0.9270833333333334,145.91666666666666,0.8194444328546524,1.8333333333333333,3.3333333333333335,3.3333333333333335,121.56361134847005,30.0,121.56361134847005,24.0
268,22.333333333333332,22.333333333333332,0,22.333333333333332,22:19,26.231955296311426,0.7212384574154787,0.7215190838816495,0.0,0.0,2.0,1.0,1.0,0.0,0.0,2.0,0.0,0.0,2.0,0.0,0.0,137.0,129.3795623779297,0.0,0.0,0,22.0,24.0,0.0,0.0,0.9166666269302368,129.3795623779297,129.3795623779297,30.0,0,none,0,none,0,-1,0.0,0.0,0.0,0.0,0.0,0.0,137.0,0.0,258.7591247558594,0.0,136.7215118408203,-136.7215118408203,0.0,0.0,0.0,0.0,0.0,6.772932275373425,2.690143819042086,2.682666311282268,6.785512082518169,3.6469635328933827,3.6537372752020905,-139.128333337307,0.4999027464913063,0.5000972535086937,0.0,0.0,0.4999027464913063,0.5000972535086937,0.0,0.0,-0.0002806264661708857,,,0,0,0,0,0,0,0,0,0,0,0,0,268,0.9305555555555555,144.5,0.836805542310079,1.9166666666666667,3.3333333333333335,3.3333333333333335,122.81060981750488,30.0,122.81060981750488,24.0
269,22.416666666666668,22.416666666666668,0,22.416666666666668,22:25,26.194722830464492,0.7202372542617106,0.7204725014138367,0.0,0.0,3.0,2.0,1.0,0.0,0.0,3.0,0.0,0.0,3.0,0.0,0.0,137.0,130.47445678710938,0.0,0.0,0,21.0,24.0,0.0,0.0,0.875,130.47445678710938,130.47445678710938,30.0,0,none,0,none,0,-1,0.0,0.0,0.0,0.0,0.0,0.0,137.0,0.0,260.94891357421875,0.7202372550964355,136.72047424316406,-136.000244140625,0.0,0.0,0.0,0.0,0.0,6.764327273570069,2.6857262710307497,2.679457929962,6.7748728355865655,3.6423300703838826,3.6480084499312273,-139.6425,0.49991835720165034,0.5000816427983497,0.0,0.0,0.49991835720165034,0.5000816427983497,0.0,0.0,-0.0002352471521260835,,,0,0,0,0,0,0,0,0,0,0,0,0,269,0.9340277777777778,143.25,0.8437499900658926,1.9166666666666667,3.1666666666666665,3.1666666666666665,124.0124282836914,30.0,124.0124282836914,24.0
270,22.5,22.5,0,22.5,22:30,26.163023929871414,0.7193848015832738,0.7195815145596538,0.0,0.0,1.0,0.0,1.0,0.0,0.0,3.0,0.0,0.0,3.0,0.0,0.0,135.0,130.6666717529297,0.0,0.0,0,20.0,24.0,0.0,0.0,0.8333333730697632,130.6666717529297,130.6666717529297,30.0,0,none,0,none,0,-1,0.0,0.0,0.0,0.0,0.0,0.0,135.0,0.0,261.3333435058594,0.0,136.71957397460938,-136.71957397460938,0.0,0.0,0.0,0.0,0.0,6.756998905957692,2.6819666107750932,2.676725042424051,6.7658170738792816,3.6383840262849105,3.6431322705503817,-137.71666666269303,0.49993164781754335,0.5000683521824567,0.0,0.0,0.49993164781754335,0.5000683521824567,0.0,0.0,-0.00019671297638002017,,,0,0,0,0,0,0,0,0,0,0,0,0,270,0.9375,142.08333333333334,0.847222218910853,1.8333333333333333,3.0,3.0,125.12642923990886,30.0,125.12642923990886,24.0
271,22.583333333333332,22.583333333333332,0,22.583333333333332,22:34,26.136115551091905,0.7186611401352936,0.7188252151747612,0.0,0.0,1.0,1.0,0.0,0.0,0.0,3.0,0.0,0.0,3.0,0.0,0.0,133.0,132.25564575195312,0.0,0.0,0,20.0,24.0,0.0,0.0,0.8333333730697632,132.25564575195312,132.25564575195312,30.0,0,none,0,none,0,-1,0.0,0.0,0.0,0.0,0.0,0.0,133.0,0.0,264.51129150390625,0.0,133.7188262939453,-133.7188262939453,0.0,0.0,0.0,0.0,0.0,6.7507764135431,2.6787761012926907,2.6744041958433673,6.7581315015282,3.6350334534462845,3.638993885438261,-136.51666666269304,0.4999429298793476,0.5000570701206525,0.0,0.0,0.4999429298793476,0.5000570701206525,0.0,0.0,-0.00016407503946758162,,,0,0,0,0,0,0,0,0,0,0,0,0,271,0.9409722222222222,140.75,0.8541666666666666,1.9166666666666667,3.25,3.25,126.1645113627116,30.0,126.1645113627116,24.0
272,22.666666666666668,22.666666666666668,0,22.666666666666668,22:40,26.11334073814003,0.7180486187955859,0.718185121802116,0.0,0.0,0.0,0.0,0.0,0.0,0.0,2.0,0.0,0.0,2.0,0.0,0.0,131.0,133.83587646484375,0.0,0.0,0,19.0,24.0,0.0,0.0,0.7916666269302368,133.83587646484375,133.83587646484375,30.0,0,none,0,none,0,-1,0.0,0.0,0.0,0.0,0.0,0.0,131.0,0.0,267.6717529296875,0.0,131.7181854248047,-131.7181854248047,0.0,0.0,0.0,0.0,0.0,6.745508627736558,2.676076401433593,2.6724391739815023,6.751627728034652,3.6321969533966074,3.63549185355712,-135.400833337307,0.4999524788331204,0.5000475211668796,0.0,0.0,0.4999524788331204,0.5000475211668796,0.0,0.0,-0.00013650300653011982,,,0,0,0,0,0,0,0,0,0,0,0,0,272,0.9444444444444445,139.5,0.8506944378217062,1.5833333333333333,2.8333333333333335,2.8333333333333335,127.44021797180176,30.0,127.44021797180176,24.0
273,22.75,22.75,0,22.75,22:45,26.09412093446218,0.7175316896860173,0.7176449617094024,0.0,0.0,1.0,1.0,0.0,0.0,0.0,2.0,0.0,0.0,2.0,0.0,0.0,130.0,135.88461303710938,0.0,0.0,0,17.0,24.0,0.0,0.0,0.7083333134651184,135.88461303710938,135.88461303710938,30.0,0,none,0,none,0,-1,0.0,0.0,0.0,0.0,0.0,0.0,130.0,0.0,271.76922607421875,0.0,129.7176513671875,-129.7176513671875,0.0,0.0,0.0,0.0,0.0,6.7410622767722765,2.6737986042306705,2.6707803841686246,6.746139988168597,3.629802764415841,3.632536916706167,-135.4591666686535,0.49996053725397677,0.5000394627460233,0.0,0.0,0.49996053725397677,0.5000394627460233,0.0,0.0,-0.00011327202338506925,,,0,0,0,0,0,0,0,0,0,0,0,0,273,0.9479166666666666,138.16666666666666,0.8333333283662796,1.5,2.8333333333333335,2.8333333333333335,128.6783192952474,30.0,128.6783192952474,24.0
274,22.833333333333332,22.833333333333332,0,22.833333333333332,22:49,26.077948601270762,0.7170967110769537,0.7171904619929379,0.0,0.0,0.0,0.0,0.0,0.0,0.0,1.0,0.0,0.0,1.0,0.0,0.0,129.0,137.92636108398438,0.0,0.0,0,16.0,24.0,0.0,0.0,0.6666666865348816,137.92636108398438,137.92636108398438,30.0,0,none,0,none,0,-1,0.0,0.0,0.0,0.0,0.0,0.0,129.0,0.0,275.85272216796875,0.0,128.71719360351562,-128.71719360351562,0.0,0.0,0.0,0.0,0.0,6.737320342534911,2.671882323723768,2.6693842585624226,6.741522969805059,3.627787876749567,3.6300508298950316,-135.58333333134652,0.49996731794101473,0.5000326820589853,0.0,0.0,0.49996731794101473,0.5000326820589853,0.0,0.0,-9.375091598418095e-05,,,0,0,0,0,0,0,0,0,0,0,0,0,274,0.9513888888888888,136.83333333333334,0.8125,1.4166666666666667,2.75,2.75,130.01988410949707,30.0,130.01988410949707,24.0
275,22.916666666666668,22.916666666666668,0,22.916666666666668,22:55,26.064380200512357,0.7167317597426783,0.7168091512855012,0.0,0.0,3.0,2.0,1.0,0.0,0.0,3.0,0.0,0.0,3.0,0.0,0.0,129.0,138.8759765625,0.0,0.0,0,16.0,24.0,0.0,0.0,0.6666666865348816,138.8759765625,138.8759765625,30.0,0,none,0,none,0,-1,0.0,0.0,0.0,0.0,0.0,0.0,129.0,0.0,277.751953125,0.7167317867279053,128.71681213378906,-128.0000762939453,0.0,0.0,0.0,0.0,0.0,6.734180485777021,2.670274834487832,2.6682126773895605,6.737649761835706,3.6260971846491645,3.627965256373072,-135.87333333134652,0.49997300685936924,0.5000269931406308,0.0,0.0,0.49997300685936924,0.5000269931406308,0.0,0.0,-7.739154282282446e-05,,,0,0,0,0,0,0,0,0,0,0,0,0,275,0.9548611111111112,135.5,0.7916666716337204,1.5,2.8333333333333335,2.8333333333333335,131.3385715484619,30.0,131.3385715484619,24.0
276,23.0,23.0,0,23.0,23:00,26.053029584644513,0.7164264539829179,0.7164901731725302,0.0,0.0,1.0,0.0,1.0,0.0,0.0,3.0,0.0,0.0,3.0,0.0,0.0,127.0,138.8385772705078,0.0,0.0,0,16.0,24.0,0.0,0.0,0.6666666865348816,138.8385772705078,138.8385772705078,30.0,0,none,0,none,0,-1,0.0,0.0,0.0,0.0,0.0,0.0,127.0,0.0,277.6771545410156,0.0,128.71649169921875,-128.71649169921875,0.0,0.0,0.0,0.0,0.0,6.731553553107976,2.6689302667090207,2.667232419963217,6.734409930574001,3.624682682442756,3.626220731847539,-133.74333333134652,0.499977765911706,0.500022234088294,0.0,0.0,0.499977765911706,0.500022234088294,0.0,0.0,-6.371918961223244e-05,,,0,0,0,0,0,0,0,0,0,0,0,0,276,0.9583333333333334,134.0,0.7847222288449606,1.5833333333333333,3.0833333333333335,3.0833333333333335,132.4458090464274,30.0,132.4458090464274,24.0
277,23.083333333333332,23.083333333333332,0,23.083333333333332,23:04,26.043561821185026,0.7161717881269627,0.7162241120382138,0.0,0.0,0.0,0.0,0.0,0.0,0.0,4.0,0.0,0.0,4.0,0.0,0.0,123.0,139.4105682373047,0.0,0.0,0,16.0,24.0,0.0,0.0,0.6666666865348816,139.4105682373047,139.4105682373047,30.0,0,none,0,none,0,-1,0.0,0.0,0.0,0.0,0.0,0.0,123.0,0.0,278.8211364746094,0.0,125.71622467041016,-125.71622467041016,0.0,0.0,0.0,0.0,0.0,6.729362175109722,2.6678088584071427,2.6664146476054027,6.731707729752391,3.623502709674465,3.624765700635902,-129.70333333134653,0.4999817355274317,0.5000182644725684,0.0,0.0,0.4999817355274317,0.5000182644725684,0.0,0.0,-5.232391125109537e-05,,,0,0,0,0,0,0,0,0,0,0,0,0,277,0.9618055555555555,132.33333333333334,0.7777777860562006,1.3333333333333333,3.0,3.0,133.57384618123373,30.0,133.57384618123373,24.0
278,23.166666666666668,23.166666666666668,0,23.166666666666668,23:10,26.035687467673913,0.7159599789917945,0.7160028317302708,0.0,0.0,2.0,0.0,2.0,0.0,0.0,3.0,0.0,0.0,3.0,0.0,0.0,122.0,138.2172088623047,0.0,0.0,0,15.0,24.0,0.0,0.0,0.625,138.2172088623047,138.2172088623047,30.0,0,none,0,none,0,-1,0.0,0.0,0.0,0.0,0.0,0.0,122.0,0.0,276.4344177246094,0.0,123.71600341796875,-123.71600341796875,0.0,0.0,0.0,0.0,0.0,6.727539461473278,2.666876265305238,2.6657344211763423,6.72946044630174,3.622521248485611,3.623555624931706,-128.1775,0.49998503706305936,0.5000149629369406,0.0,0.0,0.49998503706305936,0.5000149629369406,0.0,0.0,-4.285273847626225e-05,,,0,0,0,0,0,0,0,0,0,0,0,0,278,0.9652777777777778,130.83333333333334,0.7604166716337204,1.25,2.75,2.75,134.50266138712564,30.0,134.50266138712564,24.0
279,23.25,23.25,0,23.25,23:15,26.029157302197817,0.7157843244723642,0.7158193271485157,0.0,0.0,2.0,2.0,0.0,0.0,0.0,3.0,0.0,0.0,3.0,0.0,0.0,121.0,140.24794006347656,0.0,0.0,0,17.0,24.0,0.0,0.0,0.7083333134651184,140.24794006347656,140.24794006347656,30.0,0,none,0,none,0,-1,0.0,0.0,0.0,0.0,0.0,0.0,121.0,0.0,280.4958801269531,0.7157843112945557,120.7158203125,-120.00003814697266,0.0,0.0,0.0,0.0,0.0,6.7260277961240815,2.666102927900432,2.6651702547113136,6.727596881606864,3.6217072748360435,3.62255216701908,-128.07916666865353,0.49998777501157116,0.5000122249884289,0.0,0.0,0.49998777501157116,0.5000122249884289,0.0,0.0,-3.5002676151529855e-05,,,0,0,0,0,0,0,0,0,0,0,0,0,279,0.96875,129.5,0.746527781089147,1.3333333333333333,2.6666666666666665,2.6666666666666665,135.5011215209961,30.0,135.5011215209961,24.0
280,23.333333333333332,23.333333333333332,0,23.333333333333332,23:19,26.023757505881967,0.7156390741979781,0.71566758862553,0.0,0.0,1.0,1.0,0.0,0.0,0.0,2.0,0.0,0.0,2.0,0.0,0.0,120.0,142.2708282470703,0.0,0.0,0,18.0,24.0,0.0,0.0,0.75,142.2708282470703,142.2708282470703,30.0,0,none,0,none,0,-1,0.0,0.0,0.0,0.0,0.0,0.0,120.0,0.0,284.5416564941406,0.0,119.71566772460938,-119.71566772460938,0.0,0.0,0.0,0.0,0.0,6.7247777328785325,2.6654634944932387,2.664703705671248,6.726055965837831,3.621034163857671,3.621722443143447,-128.07500000000002,0.499990039022282,0.5000099609777179,0.0,0.0,0.499990039022282,0.5000099609777179,0.0,0.0,-2.8514427551917798e-05,,,0,0,0,0,0,0,0,0,0,0,0,0,280,0.9722222222222222,128.08333333333334,0.7326388955116272,1.25,2.6666666666666665,2.6666666666666665,136.5753936767578,30.0,136.5753936767578,24.0
281,23.416666666666668,23.416666666666668,0,23.416666666666668,23:25,26.019305286639163,0.7155193119902097,0.7155424787749441,0.0,0.0,1.0,0.0,1.0,0.0,0.0,0.0,0.0,0.0,0.0,0.0,0.0,121.0,143.5743865966797,0.0,0.0,0,16.0,24.0,0.0,0.0,0.6666666865348816,143.5743865966797,143.5743865966797,30.0,0,none,0,none,0,-1,0.0,0.0,0.0,0.0,0.0,0.0,121.0,0.0,287.1487731933594,0.0,119.71554565429688,-119.71554565429688,0.0,0.0,0.0,0.0,0.0,6.723746990206515,2.6649362982802627,2.664319001508303,6.724785501246373,3.6204791485727386,3.6210383468249696,-130.0033333313465,0.49999190573569774,0.5000080942643021,0.0,0.0,0.49999190573569774,0.5000080942643021,0.0,0.0,-2.3166784734462986e-05,,,0,0,0,0,0,0,0,0,0,0,0,0,281,0.9756944444444445,126.75,0.7152777860562006,1.0833333333333333,2.4166666666666665,2.4166666666666665,137.66705449422201,30.0,137.66705449422201,24.0
282,23.5,23.5,0,23.5,23:30,26.015644927843137,0.7154208497008788,0.7154396213304937,0.0,0.0,1.0,1.0,0.0,0.0,0.0,5.0,0.0,0.0,5.0,0.0,0.0,117.0,144.2093963623047,0.0,0.0,0,17.0,24.0,0.0,0.0,0.7083333134651184,144.2093963623047,144.2093963623047,30.0,0,none,0,none,0,-1,0.0,0.0,0.0,0.0,0.0,0.0,117.0,0.0,288.4187927246094,0.0,119.71543884277344,-119.71543884277344,0.0,0.0,0.0,0.0,0.0,6.722899542120418,2.6645028860997706,2.6640027016115755,6.723741028965246,3.620022830372532,3.6204759386735934,-125.48916666865351,0.4999934404402124,0.5000065595597876,0.0,0.0,0.4999934404402124,0.5000065595597876,0.0,0.0,-1.8771629614833252e-05,,,0,0,0,0,0,0,0,0,0,0,0,0,282,0.9791666666666666,125.25,0.7048611144224802,1.0833333333333333,2.5833333333333335,2.5833333333333335,138.79561487833658,30.0,138.79561487833658,24.0
283,23.583333333333332,23.583333333333332,0,23.583333333333332,23:34,26.012644241319407,0.7153401318892625,0.7153553013833049,0.0,0.0,2.0,1.0,1.0,0.0,0.0,2.0,0.0,0.0,2.0,0.0,0.0,117.0,144.9786376953125,0.0,0.0,0,18.0,24.0,0.0,0.0,0.75,144.9786376953125,144.9786376953125,30.0,0,none,0,none,0,-1,0.0,0.0,0.0,0.0,0.0,0.0,117.0,0.0,289.957275390625,0.0,116.7153549194336,-116.7153549194336,0.0,0.0,0.0,0.0,0.0,6.722204801024099,2.6641475960308196,2.663743393211498,6.722884812826011,3.619648739012976,3.6200148992140053,-126.13499999999999,0.49999469855928463,0.5000053014407153,0.0,0.0,0.49999469855928463,0.5000053014407153,0.0,0.0,-1.5169494042455156e-05,,,0,0,0,0,0,0,0,0,0,0,0,0,283,0.9826388888888888,123.91666666666667,0.6979166666666666,1.1666666666666667,2.5,2.5,139.85586420694986,30.0,139.85586420694986,24.0
284,23.666666666666668,23.666666666666668,0,23.666666666666668,23:40,26.010191400964494,0.7152741507113902,0.715286376341657,0.0,0.0,1.0,0.0,1.0,0.0,0.0,3.0,0.0,0.0,3.0,0.0,0.0,115.0,144.69564819335938,0.0,0.0,0,17.0,24.0,0.0,0.0,0.7083333134651184,144.69564819335938,144.69564819335938,30.0,0,none,0,none,0,-1,0.0,0.0,0.0,0.0,0.0,0.0,115.0,0.0,289.39129638671875,0.0,116.71528625488281,-116.71528625488281,0.0,0.0,0.0,0.0,0.0,6.72163688748913,2.663857180772439,2.66353141946438,6.7221849329838586,3.6193429394172236,3.619638040837462,-123.75916666865349,0.4999957269790283,0.5000042730209717,0.0,0.0,0.4999957269790283,0.5000042730209717,0.0,0.0,-1.2225630266815557e-05,,,0,0,0,0,0,0,0,0,0,0,0,0,284,0.9861111111111112,122.58333333333333,0.6909722238779068,1.25,2.5833333333333335,2.5833333333333335,140.76084518432617,30.0,140.76084518432617,24.0
285,23.75,23.75,0,23.75,23:45,26.00819213126216,0.7152203703367239,0.7152301968826948,0.0,0.0,3.0,1.0,2.0,0.0,0.0,1.0,0.0,0.0,1.0,0.0,0.0,117.0,144.6794891357422,0.0,0.0,0,18.0,24.0,0.0,0.0,0.75,144.6794891357422,144.6794891357422,30.0,0,none,0,none,0,-1,0.0,0.0,0.0,0.0,0.0,0.0,117.0,0.0,289.3589782714844,0.0,115.7152328491211,-115.7152328491211,0.0,0.0,0.0,0.0,0.0,6.721173981335755,2.663620473557033,2.663358637692601,6.721614481672386,3.6190936822577138,3.619330874746669,-126.09499999999998,0.4999965652270005,0.5000034347729996,0.0,0.0,0.4999965652270005,0.5000034347729996,0.0,0.0,-9.826545970925693e-06,,,0,0,0,0,0,0,0,0,0,0,0,0,285,0.9895833333333334,121.5,0.6944444477558136,1.4166666666666667,2.5,2.5,141.4937515258789,30.0,141.4937515258789,24.0
286,23.833333333333332,23.833333333333332,0,23.833333333333332,23:49,26.00656722381101,0.7151766601745055,0.7151845371351,0.0,0.0,3.0,1.0,2.0,0.0,0.0,3.0,0.0,0.0,3.0,0.0,0.0,117.0,143.63247680664062,0.0,0.0,0,19.0,24.0,0.0,0.0,0.7916666269302368,143.63247680664062,143.63247680664062,30.0,0,none,0,none,0,-1,0.0,0.0,0.0,0.0,0.0,0.0,117.0,0.0,287.26495361328125,0.0,117.7151870727539,-117.7151870727539,0.0,0.0,0.0,0.0,0.0,6.720797748040216,2.6634280932682395,2.663218205603496,6.721150853170313,3.6188910950985775,3.619081228630168,-125.39083333730699,0.49999724651346483,0.5000027534865352,0.0,0.0,0.49999724651346483,0.5000027534865352,0.0,0.0,-7.876960594455085e-06,,,0,0,0,0,0,0,0,0,0,0,0,0,286,0.9930555555555555,120.5,0.7048611094554266,1.6666666666666667,2.6666666666666665,2.6666666666666665,141.9692611694336,30.0,141.9692611694336,24.0
287,23.916666666666668,23.916666666666668,0,23.916666666666668,23:55,26.005250354568492,0.7151412361795448,0.7151475333217223,0.0,0.0,4.0,2.0,2.0,0.0,0.0,7.0,0.0,0.0,7.0,0.0,0.0,114.0,140.8114013671875,0.0,0.0,0,18.0,24.0,0.0,0.0,0.75,140.8114013671875,140.8114013671875,30.0,0,none,0,none,0,-1,0.0,0.0,0.0,0.0,0.0,0.0,114.0,0.0,281.622802734375,0.7151412963867188,117.71514892578125,-117.00000762939453,0.0,0.0,0.0,0.0,0.0,6.720492834328481,2.66327218542464,2.6631043932349545,6.720775120012302,3.6187269107922586,3.6188789107758548,-120.49499999999999,0.4999977986465699,0.5000022013534301,0.0,0.0,0.4999977986465699,0.5000022013534301,0.0,0.0,-6.2971421774804526e-06,,,0,0,0,0,0,0,0,0,0,0,0,0,287,0.9965277777777778,119.25,0.7118055522441864,1.75,3.0,3.0,142.13054656982422,30.0,142.13054656982422,24.0
288,24.0,24.0,1,0.0,00:00,26.000201239272073,0.715005668143551,0.715005400016413,0.0,0.0,2.0,0.0,2.0,0.0,0.0,1.0,0.0,0.0,1.0,0.0,0.0,115.0,140.2391357421875,0.0,0.0,0,17.0,24.0,0.0,0.0,0.7083333134651184,140.2391357421875,140.2391357421875,30.0,0,none,0,none,0,-1,0.0,0.0,0.0,0.0,0.0,0.0,115.0,0.0,280.478271484375,0.0,114.71500396728516,-114.71500396728516,0.0,0.0,0.0,0.0,0.0,6.719335125196606,2.662667639024035,2.662674783477558,6.719323105704207,3.6181035289520183,3.61809705691765,-121.9091705749035,0.500000093750022,0.49999990624997803,0.0,0.0,0.500000093750022,0.49999990624997803,0.0,0.0,2.681271380478023e-07,,,0,0,0,0,0,0,0,0,0,0,0,0,0,0.0,118.25,0.7152777711550394,1.8333333333333333,2.8333333333333335,2.8333333333333335,142.24725977579752,30.0,142.24725977579752,24.0
289,24.083333333333332,24.083333333333332,1,0.08333333333333215,00:04,26.000260748134345,0.7150073442818634,0.7150069968655253,0.0,0.0,1.0,1.0,0.0,0.0,0.0,1.0,0.0,0.0,1.0,0.0,0.0,115.0,142.7391357421875,0.0,0.0,0,18.0,24.0,0.0,0.0,0.75,142.7391357421875,142.7391357421875,30.0,0,none,0,none,0,-1,0.0,0.0,0.0,0.0,0.0,0.0,115.0,0.0,285.478271484375,0.0,113.71500396728516,-113.71500396728516,0.0,0.0,0.0,0.0,0.0,6.719352281465857,2.6626726769443145,2.6626819341194707,6.719336707630006,3.6181127669431534,3.618104381031541,-123.04499999999999,0.5000001214730259,0.49999987852697414,0.0,0.0,0.5000001214730259,0.49999987852697414,0.0,0.0,3.4741633814228123e-07,,,0,0,0,0,0,0,0,0,0,0,0,0,1,0.003472222222222173,117.58333333333333,0.7222222139437994,1.9166666666666667,2.5833333333333335,2.5833333333333335,142.52464040120444,30.0,142.52464040120444,24.0
290,24.166666666666668,24.166666666666668,1,0.16666666666666785,00:10,26.00033693923275,0.715009490295583,0.7150090413622181,0.0,0.0,1.0,0.0,1.0,0.0,0.0,2.0,0.0,0.0,2.0,0.0,0.0,114.0,142.78509521484375,0.0,0.0,0,17.0,24.0,0.0,0.0,0.7083333134651184,142.78509521484375,142.78509521484375,30.0,0,none,0,none,0,-1,0.0,0.0,0.0,0.0,0.0,0.0,114.0,0.0,285.5701904296875,0.0,114.71501159667969,-114.71501159667969,0.0,0.0,0.0,0.0,0.0,6.719374247197603,2.6626791271476207,2.6626910893219233,6.719354122598481,3.618124594644863,3.6181137583222585,-121.9091705749035,0.5000001569676739,0.49999984303232614,0.0,0.0,0.5000001569676739,0.49999984303232614,0.0,0.0,4.4893336492712876e-07,,,0,0,0,0,0,0,0,0,0,0,0,0,2,0.0069444444444444935,116.91666666666667,0.7291666567325592,1.8333333333333333,2.5,2.5,142.90529759724936,30.0,142.90529759724936,24.0
291,24.25,24.25,1,0.25,00:15,26.000434214034374,0.7150122301575376,0.715011651614353,0.0,0.0,4.0,1.0,3.0,0.0,0.0,1.0,0.0,0.0,1.0,0.0,0.0,117.0,141.55982971191406,0.0,0.0,0,16.0,24.0,0.0,0.0,0.6666666865348816,141.55982971191406,141.55982971191406,30.0,0,none,0,none,0,-1,0.0,0.0,0.0,0.0,0.0,0.0,117.0,0.0,283.1196594238281,0.0,115.71501159667969,-115.71501159667969,0.0,0.0,0.0,0.0,0.0,6.719402291335554,2.6626873622483473,2.6627027779758374,6.71937635664107,3.6181396953345284,3.6181257304990373,-124.66333333134651,0.5000002022844485,0.49999979771555153,0.0,0.0,0.5000002022844485,0.49999979771555153,0.0,0.0,5.785431845817257e-07,,,0,0,0,0,0,0,0,0,0,0,0,0,3,0.010416666666666666,116.58333333333333,0.7256944378217062,2.0,2.3333333333333335,2.3333333333333335,143.01462173461914,30.0,143.01462173461914,24.0
292,24.333333333333332,24.333333333333332,1,0.33333333333333215,00:19,26.00055805632005,0.7150157183253821,0.7150149747722205,0.0,0.0,2.0,0.0,2.0,0.0,0.0,5.0,0.0,0.0,5.0,0.0,0.0,114.0,138.3114013671875,0.0,0.0,0,16.0,24.0,0.0,0.0,0.6666666865348816,138.3114013671875,138.3114013671875,30.0,0,none,0,none,0,-1,0.0,0.0,0.0,0.0,0.0,0.0,114.0,0.0,276.622802734375,0.0,117.71501159667969,-117.71501159667969,0.0,0.0,0.0,0.0,0.0,6.719437994859425,2.662697846483344,2.6627176590284036,6.719404663165971,3.618158920308921,3.618140972473984,-119.58333333134652,0.5000002599780428,0.49999974002195713,0.0,0.0,0.5000002599780428,0.49999974002195713,0.0,0.0,7.435531615973545e-07,,,0,0,0,0,0,0,0,0,0,0,0,0,4,0.01388888888888884,116.08333333333333,0.7187499950329462,2.0833333333333335,2.5833333333333335,2.5833333333333335,142.6846694946289,30.0,142.6846694946289,24.0
293,24.416666666666668,24.416666666666668,1,0.41666666666666785,00:25,26.00071527674646,0.7150201466300854,0.71501919359097,0.0,0.0,1.0,0.0,1.0,0.0,0.0,1.0,0.0,0.0,1.0,0.0,0.0,114.0,138.88157653808594,0.0,0.0,0,15.0,24.0,0.0,0.0,0.625,138.88157653808594,138.88157653808594,30.0,0,none,0,none,0,-1,0.0,0.0,0.0,0.0,0.0,0.0,114.0,0.0,277.7631530761719,0.0,113.71501922607422,-113.71501922607422,0.0,0.0,0.0,0.0,0.0,6.719483321296194,2.66271115641342,2.662736550872612,6.719440598853085,3.6181833268517964,3.618160322459353,-120.25750000000004,0.5000003332212928,0.4999996667787072,0.0,0.0,0.5000003332212928,0.4999996667787072,0.0,0.0,9.530391154033424e-07,,,0,0,0,0,0,0,0,0,0,0,0,0,5,0.01736111111111116,115.5,0.7152777711550394,2.0833333333333335,2.6666666666666665,2.6666666666666665,142.2936019897461,30.0,142.2936019897461,24.0
294,24.5,24.5,1,0.5,00:30,26.000914307080095,0.7150257525635397,0.7150245343258654,0.0,0.0,1.0,1.0,0.0,0.0,0.0,3.0,0.0,0.0,3.0,0.0,0.0,112.0,139.97767639160156,0.0,0.0,0,15.0,24.0,0.0,0.0,0.625,139.97767639160156,139.97767639160156,30.0,0,none,0,none,0,-1,0.0,0.0,0.0,0.0,0.0,0.0,112.0,0.0,279.9553527832031,0.0,112.71502685546875,-112.71502685546875,0.0,0.0,0.0,0.0,0.0,6.719540701554212,2.662728005828458,2.6627604667069242,6.71948609089985,3.618214223913806,3.618184818176842,-118.4375,0.5000004259422502,0.49999957405774975,0.0,0.0,0.5000004259422502,0.49999957405774975,0.0,0.0,1.218237674294187e-06,,,0,0,0,0,0,0,0,0,0,0,0,0,6,0.020833333333333332,115.08333333333333,0.7083333283662796,2.0833333333333335,2.5,2.5,141.94095865885416,30.0,141.94095865885416,24.0
295,24.583333333333332,24.583333333333332,1,0.5833333333333321,00:34,26.001165552821735,0.7150328292109001,0.7150312761942954,0.0,0.0,0.0,0.0,0.0,0.0,0.0,2.0,0.0,0.0,2.0,0.0,0.0,110.0,141.0454559326172,0.0,0.0,0,15.0,24.0,0.0,0.0,0.625,141.0454559326172,141.0454559326172,30.0,0,none,0,none,0,-1,0.0,0.0,0.0,0.0,0.0,0.0,110.0,0.0,282.0909118652344,0.0,110.71503448486328,-110.71503448486328,0.0,0.0,0.0,0.0,0.0,6.719613135595156,2.6627492755934012,2.6627906569135913,6.719543517609426,3.61825322685893,3.6182157402512294,-116.8875,0.5000005429884572,0.4999994570115428,0.0,0.0,0.5000005429884572,0.4999994570115428,0.0,0.0,1.5530166046495708e-06,,,0,0,0,0,0,0,0,0,0,0,0,0,7,0.024305555555555507,114.5,0.697916661699613,1.9166666666666667,2.5,2.5,141.6131935119629,30.0,141.6131935119629,24.0
296,24.666666666666668,24.666666666666668,1,0.6666666666666679,00:40,26.001481814152513,0.7150417371074173,0.715039762670971,0.0,0.0,1.0,0.0,1.0,0.0,0.0,1.0,0.0,0.0,1.0,0.0,0.0,110.0,141.52272033691406,0.0,0.0,0,15.0,24.0,0.0,0.0,0.625,141.52272033691406,141.52272033691406,30.0,0,none,0,none,0,-1,0.0,0.0,0.0,0.0,0.0,0.0,110.0,0.0,283.0454406738281,0.0,109.71504211425781,-109.71504211425781,0.0,0.0,0.0,0.0,0.0,6.719704313809022,2.662776049274619,2.66282865965015,6.719615804589013,3.618302322820242,3.618254664009468,-117.19749609375002,0.5000006903230503,0.49999930967694967,0.0,0.0,0.5000006903230503,0.49999930967694967,0.0,0.0,1.9744364462281894e-06,,,0,0,0,0,0,0,0,0,0,0,0,0,8,0.02777777777777783,114.08333333333333,0.690972218910853,1.9166666666666667,2.3333333333333335,2.3333333333333335,141.34878285725912,30.0,141.34878285725912,24.0
297,24.75,24.75,1,0.75,00:45,26.00187878644192,0.7150529183364334,0.7150504149178725,0.0,0.0,0.0,0.0,0.0,0.0,0.0,2.0,0.0,0.0,2.0,0.0,0.0,108.0,142.5231475830078,0.0,0.0,0,14.0,24.0,0.0,0.0,0.5833333134651184,142.5231475830078,142.5231475830078,30.0,0,none,0,none,0,-1,0.0,0.0,0.0,0.0,0.0,0.0,108.0,0.0,285.0462951660156,0.0,108.71504974365234,-108.71504974365234,0.0,0.0,0.0,0.0,0.0,6.719818761335814,2.6628096554963965,2.662876361006641,6.719706539124462,3.6183639484115915,3.6183035210670176,-115.4116666686535,0.5000008752579281,0.49999912474207187,0.0,0.0,0.5000008752579281,0.49999912474207187,0.0,0.0,2.5034185608951987e-06,,,0,0,0,0,0,0,0,0,0,0,0,0,9,0.03125,113.33333333333333,0.6770833283662796,1.6666666666666667,2.4166666666666665,2.4166666666666665,141.1690877278646,30.0,141.1690877278646,24.0
298,24.833333333333332,24.833333333333332,1,0.8333333333333321,00:49,26.002375652955763,0.7150669132246075,0.7150637476879595,0.0,0.0,1.0,1.0,0.0,0.0,0.0,2.0,0.0,0.0,2.0,0.0,0.0,107.0,144.25233459472656,0.0,0.0,0,14.0,24.0,0.0,0.0,0.5833333134651184,144.25233459472656,144.25233459472656,30.0,0,none,0,none,0,-1,0.0,0.0,0.0,0.0,0.0,0.0,107.0,0.0,288.5046691894531,0.0,106.7150650024414,-106.7150650024414,0.0,0.0,0.0,0.0,0.0,6.71996200898213,2.6628517180946822,2.6629360662498778,6.719820105615153,3.618441081759608,3.6183646722543132,-115.0816666686535,0.5000011067298724,0.49999889327012753,0.0,0.0,0.5000011067298724,0.49999889327012753,0.0,0.0,3.1655366479199643e-06,,,0,0,0,0,0,0,0,0,0,0,0,0,10,0.034722222222222175,112.5,0.659722218910853,1.5,2.3333333333333335,2.3333333333333335,141.22074254353842,30.0,141.22074254353842,24.0
299,24.916666666666668,24.916666666666668,1,0.9166666666666679,00:55,26.002995783873924,0.7150843800319469,0.715080388081119,0.0,0.0,1.0,1.0,0.0,0.0,0.0,2.0,0.0,0.0,2.0,0.0,0.0,106.0,145.99057006835938,0.0,0.0,0,15.0,24.0,0.0,0.0,0.625,145.99057006835938,145.99057006835938,30.0,0,none,0,none,0,-1,0.0,0.0,0.0,0.0,0.0,0.0,106.0,0.0,291.98114013671875,0.0,105.71508026123047,-105.71508026123047,0.0,0.0,0.0,0.0,0.0,6.720140794807276,2.662904215258573,2.663010583854299,6.719961845287408,3.618537351050071,3.618440993616296,-114.72750000000002,0.5000013956261953,0.4999986043738047,0.0,0.0,0.5000013956261953,0.4999986043738047,0.0,0.0,3.991950827897384e-06,,,0,0,0,0,0,0,0,0,0,0,0,0,11,0.038194444444444496,111.83333333333333,0.6493055522441864,1.25,1.9166666666666667,1.9166666666666667,141.65233993530273,30.0,141.65233993530273,24.0
300,25.0,25.0,1,1.0,01:00,26.003767557253358,0.7151061180772543,0.7151010975716803,0.0,0.0,3.0,1.0,2.0,0.0,0.0,2.0,0.0,0.0,2.0,0.0,0.0,107.0,144.95327758789062,0.0,0.0,0,16.0,24.0,0.0,0.0,0.6666666865348816,144.95327758789062,144.95327758789062,30.0,0,none,0,none,0,-1,0.0,0.0,0.0,0.0,0.0,0.0,107.0,0.0,289.90655517578125,0.0,106.71510314941406,-106.71510314941406,0.0,0.0,0.0,0.0,0.0,6.7203633008966115,2.66296954897723,2.6631033242041213,6.720138243750193,3.618657162021252,3.61853597740395,-115.35333723759652,0.5000017551671951,0.49999824483280497,0.0,0.0,0.5000017551671951,0.49999824483280497,0.0,0.0,5.0205055740493165e-06,,,0,0,0,0,0,0,0,0,0,0,0,0,12,0.041666666666666664,111.16666666666667,0.6458333333333334,1.3333333333333333,2.0,2.0,142.04518508911133,30.0,142.04518508911133,24.0
301,25.083333333333332,25.083333333333332,1,1.0833333333333321,01:04,26.00472531912395,0.7151330947834289,0.7151267977683882,0.0,0.0,1.0,0.0,1.0,0.0,0.0,6.0,0.0,0.0,6.0,0.0,0.0,102.0,141.27450561523438,0.0,0.0,0,15.0,24.0,0.0,0.0,0.625,141.27450561523438,141.27450561523438,30.0,0,none,0,none,0,-1,0.0,0.0,0.0,0.0,0.0,0.0,102.0,0.0,282.54901123046875,0.0,106.71512603759766,-106.71512603759766,0.0,0.0,0.0,0.0,0.0,6.720639430291777,2.663050626238679,2.663218415040708,6.720357150307189,3.618805847080187,3.618653850165409,-108.06750000000002,0.5000022013534301,0.4999977986465699,0.0,0.0,0.5000022013534301,0.4999977986465699,0.0,0.0,6.297015040734877e-06,,,0,0,0,0,0,0,0,0,0,0,0,0,13,0.04513888888888884,110.08333333333333,0.6354166666666666,1.3333333333333333,2.4166666666666665,2.4166666666666665,141.9231325785319,30.0,141.9231325785319,24.0
302,25.166666666666668,25.166666666666668,1,1.1666666666666679,01:10,26.005910501447737,0.7151664771706547,0.7151586004089707,0.0,0.0,2.0,0.0,2.0,0.0,0.0,2.0,0.0,0.0,2.0,0.0,0.0,102.0,139.313720703125,0.0,0.0,0,15.0,24.0,0.0,0.0,0.625,139.313720703125,139.313720703125,30.0,0,none,0,none,0,-1,0.0,0.0,0.0,0.0,0.0,0.0,102.0,0.0,278.62744140625,0.0,102.71515655517578,-102.71515655517578,0.0,0.0,0.0,0.0,0.0,6.720981129498817,2.663150953553702,2.663360835918326,6.720628033285393,3.618989838960901,3.6187997102305958,-107.66750000000002,0.5000027534865351,0.49999724651346483,0.0,0.0,0.5000027534865351,0.49999724651346483,0.0,0.0,7.876761684011413e-06,,,0,0,0,0,0,0,0,0,0,0,0,0,14,0.04861111111111116,109.08333333333333,0.6284722238779068,1.4166666666666667,2.4166666666666665,2.4166666666666665,141.63385136922201,30.0,141.63385136922201,24.0
303,25.25,25.25,1,1.25,01:15,26.007372918161686,0.7152076683676722,0.7151978421312205,0.0,0.0,1.0,1.0,0.0,0.0,0.0,3.0,0.0,0.0,3.0,0.0,0.0,100.0,140.10000610351562,0.0,0.0,0,16.0,24.0,0.0,0.0,0.6666666865348816,140.10000610351562,140.10000610351562,30.0,0,none,0,none,0,-1,0.0,0.0,0.0,0.0,0.0,0.0,100.0,0.0,280.20001220703125,0.0,100.71519470214844,-100.71519470214844,0.0,0.0,0.0,0.0,0.0,6.721402762433621,2.6632747464987707,2.6635365741158257,6.7209622759719885,3.619216872079641,3.61897968706184,-105.75333723759653,0.5000034347729995,0.4999965652270004,0.0,0.0,0.5000034347729995,0.4999965652270004,0.0,0.0,9.826236451737635e-06,,,0,0,0,0,0,0,0,0,0,0,0,0,15,0.052083333333333336,107.66666666666667,0.6284722238779068,1.1666666666666667,2.5833333333333335,2.5833333333333335,141.51219940185547,30.0,141.51219940185547,24.0
304,25.333333333333332,25.333333333333332,1,1.3333333333333321,01:19,26.009172260905125,0.71525834975051,0.7152461245992718,0.0,0.0,0.0,0.0,0.0,0.0,0.0,1.0,0.0,0.0,1.0,0.0,0.0,99.0,141.71717834472656,0.0,0.0,0,16.0,24.0,0.0,0.0,0.6666666865348816,141.71717834472656,141.71717834472656,30.0,0,none,0,none,0,-1,0.0,0.0,0.0,0.0,0.0,0.0,99.0,0.0,283.4343566894531,0.0,98.71524810791016,-98.71524810791016,0.0,0.0,0.0,0.0,0.0,6.721921542075038,2.6634270560813076,2.6637528046252785,6.721373518054012,3.619496214963482,3.619201125106006,-105.5333372375965,0.5000042730209717,0.49999572697902833,0.0,0.0,0.5000042730209717,0.49999572697902833,0.0,0.0,1.2225151238109966e-05,,,0,0,0,0,0,0,0,0,0,0,0,0,16,0.055555555555555504,106.41666666666667,0.6284722238779068,1.0,2.25,2.25,141.79601414998373,30.0,141.79601414998373,24.0
305,25.416666666666668,25.416666666666668,1,1.4166666666666679,01:25,26.01137981724073,0.7153205293524615,0.7153053605957786,0.0,0.0,0.0,0.0,0.0,0.0,0.0,1.0,0.0,0.0,1.0,0.0,0.0,98.0,143.3163299560547,0.0,0.0,0,15.0,24.0,0.0,0.0,0.625,143.3163299560547,143.3163299560547,30.0,0,none,0,none,0,-1,0.0,0.0,0.0,0.0,0.0,0.0,98.0,0.0,286.6326599121094,0.0,97.7153091430664,-97.7153091430664,0.0,0.0,0.0,0.0,0.0,6.722558026461784,2.663613913822377,2.664018096994185,6.7218780477139255,3.619838937325576,3.6194727949228827,-105.10750000000003,0.5000053014407154,0.4999946985592847,0.0,0.0,0.5000053014407154,0.4999946985592847,0.0,0.0,1.5168756682837348e-05,,,0,0,0,0,0,0,0,0,0,0,0,0,17,0.059027777777777825,105.08333333333333,0.6284722238779068,0.9166666666666666,2.25,2.25,142.16557693481445,30.0,142.16557693481445,24.0
306,25.5,25.5,1,1.5,01:30,26.01408043513512,0.7153965972165922,0.7153778267158395,0.0,0.0,0.0,0.0,0.0,0.0,0.0,0.0,0.0,0.0,0.0,0.0,0.0,98.0,145.8163299560547,0.0,0.0,0,14.0,24.0,0.0,0.0,0.5833333134651184,145.8163299560547,145.8163299560547,30.0,0,none,0,none,0,-1,0.0,0.0,0.0,0.0,0.0,0.0,98.0,0.0,291.6326599121094,0.0,96.71537780761719,-96.71537780761719,0.0,0.0,0.0,0.0,0.0,6.723336685969346,2.663842497518525,2.6643426519273197,6.722495249728685,3.620258215521955,3.6198051344692916,-106.20166666865349,0.5000065595597876,0.4999934404402124,0.0,0.0,0.5000065595597876,0.4999934404402124,0.0,0.0,1.8770500752718355e-05,,,0,0,0,0,0,0,0,0,0,0,0,0,18,0.0625,103.91666666666667,0.625,0.8333333333333334,2.0,2.0,142.6521313985189,30.0,142.6521313985189,24.0
307,25.583333333333332,25.583333333333332,1,1.5833333333333321,01:34,26.01737475808425,0.7154893883802427,0.7154662233143911,0.0,0.0,2.0,1.0,1.0,0.0,0.0,4.0,0.0,0.0,4.0,0.0,0.0,96.0,144.0625,0.0,0.0,0,14.0,24.0,0.0,0.0,0.5833333134651184,144.0625,144.0625,30.0,0,none,0,none,0,-1,0.0,0.0,0.0,0.0,0.0,0.0,96.0,0.0,288.125,0.0,97.71546936035156,-97.71546936035156,0.0,0.0,0.0,0.0,0.0,6.724286549014836,2.6641213196772497,2.664738570648253,6.72324811502835,3.6207696802387574,3.620210523476804,-102.96166666865349,0.5000080942643021,0.4999919057356978,0.0,0.0,0.5000080942643021,0.4999919057356978,0.0,0.0,2.3165065851538102e-05,,,0,0,0,0,0,0,0,0,0,0,0,0,19,0.06597222222222217,102.75,0.6215277761220932,1.0,2.1666666666666665,2.1666666666666665,142.90355173746744,30.0,142.90355173746744,24.0
308,25.666666666666668,25.666666666666668,1,1.6666666666666679,01:40,26.021381755449077,0.7156022541870618,0.7155737423626375,0.0,0.0,3.0,2.0,1.0,0.0,0.0,5.0,0.0,0.0,5.0,0.0,0.0,94.0,142.1542510986328,0.0,0.0,0,16.0,24.0,0.0,0.0,0.6666666865348816,142.1542510986328,142.1542510986328,30.0,0,none,0,none,0,-1,0.0,0.0,0.0,0.0,0.0,0.0,94.0,0.0,284.3085021972656,0.7156023979187012,95.715576171875,-94.9999771118164,0.0,0.0,0.0,0.0,0.0,6.7254419334342135,2.664460440609282,2.665220160068935,6.724163817166846,3.6213918103107297,3.6207035938590706,-99.96333333134652,0.500009960977718,0.499990039022282,0.0,0.0,0.500009960977718,0.499990039022282,0.0,0.0,2.8511824424315435e-05,,,0,0,0,0,0,0,0,0,0,0,0,0,20,0.06944444444444449,101.41666666666667,0.625,1.1666666666666667,2.5,2.5,142.956179300944,30.0,142.956179300944,24.0
309,25.75,25.75,1,1.75,01:45,26.026241572198707,0.7157391426130781,0.7157041438578509,0.0,0.0,2.0,2.0,0.0,0.0,0.0,5.0,0.0,0.0,5.0,0.0,0.0,91.0,141.59339904785156,0.0,0.0,0,18.0,24.0,0.0,0.0,0.75,141.59339904785156,141.59339904785156,30.0,0,none,0,none,0,-1,0.0,0.0,0.0,0.0,0.0,0.0,91.0,0.0,283.1867980957031,0.7157392501831055,92.71570587158203,-91.99996948242188,0.0,0.0,0.0,0.0,0.0,6.7268432707303445,2.664871708093989,2.6658042768070698,6.725274361013129,3.622146376547108,3.6213015790070693,-96.52499609375002,0.5000122249884288,0.49998777501157116,0.0,0.0,0.5000122249884288,0.49998777501157116,0.0,0.0,3.499875522727791e-05,,,0,0,0,0,0,0,0,0,0,0,0,0,21,0.07291666666666667,100.0,0.6388888905445734,1.3333333333333333,2.75,2.75,142.87870025634766,30.0,142.87870025634766,24.0
310,25.833333333333332,25.833333333333332,1,1.8333333333333321,01:49,26.032118721219238,0.715904688265826,0.7158618414012319,0.0,0.0,3.0,1.0,2.0,0.0,0.0,4.0,0.0,0.0,4.0,0.0,0.0,90.0,137.75,0.0,0.0,0,19.0,24.0,0.0,0.0,0.7916666269302368,137.75,137.75,30.0,0,none,0,none,0,-1,0.0,0.0,0.0,0.0,0.0,0.0,90.0,0.0,275.5,0.0,91.71585845947266,-91.71585845947266,0.0,0.0,0.0,0.0,0.0,6.728538030170442,2.665369025398854,2.6665107130136496,6.7266173086539345,3.623058939322545,3.62202470465981,-94.160833337307,0.5000149629369406,0.4999850370630594,0.0,0.0,0.5000149629369406,0.4999850370630594,0.0,0.0,4.2846864594103806e-05,,,0,0,0,0,0,0,0,0,0,0,0,0,22,0.07638888888888884,98.58333333333333,0.65625,1.5,2.9166666666666665,2.9166666666666665,142.33683904012045,30.0,142.33683904012045,24.0
311,25.916666666666668,25.916666666666668,1,1.9166666666666679,01:55,26.039205639508445,0.716104312666123,0.7160519975068416,0.0,0.0,1.0,0.0,1.0,0.0,0.0,0.0,0.0,0.0,0.0,0.0,0.0,91.0,138.7087860107422,0.0,0.0,0,18.0,24.0,0.0,0.0,0.75,138.7087860107422,138.7087860107422,30.0,0,none,0,none,0,-1,0.0,0.0,0.0,0.0,0.0,0.0,91.0,0.0,277.4175720214844,0.0,89.71604919433594,-89.71604919433594,0.0,0.0,0.0,0.0,0.0,6.730581749286824,2.6659686492158654,2.6673626268146515,6.72823658697383,3.6241594034621354,3.622896623755139,-95.97500000000002,0.5000182644725683,0.49998173552743164,0.0,0.0,0.5000182644725683,0.49998173552743164,0.0,0.0,5.2315159281390855e-05,,,0,0,0,0,0,0,0,0,0,0,0,0,23,0.07986111111111116,97.33333333333333,0.6666666666666666,1.5,2.75,2.75,141.7300237019857,30.0,141.7300237019857,24.0
312,26.0,26.0,1,2.0,02:00,26.0477266268029,0.716344335347032,0.7162806291271273,0.0,0.0,2.0,1.0,1.0,0.0,0.0,3.0,0.0,0.0,3.0,0.0,0.0,90.0,137.38888549804688,0.0,0.0,0,18.0,24.0,0.0,0.0,0.75,137.38888549804688,137.38888549804688,30.0,0,none,0,none,0,-1,0.0,0.0,0.0,0.0,0.0,0.0,90.0,0.0,274.77777099609375,0.0,90.71627807617188,-90.71627807617188,0.0,0.0,0.0,0.0,0.0,6.733039176672466,2.6666895187612325,2.6683870199192152,6.7301833806071265,3.625482633592866,3.623944897249991,-94.14500000000001,0.500022234088294,0.49997776591170595,0.0,0.0,0.500022234088294,0.49997776591170595,0.0,0.0,6.370621990470227e-05,,,0,0,0,0,0,0,0,0,0,0,0,0,24,0.08333333333333333,95.91666666666667,0.6736111094554266,1.4166666666666667,2.8333333333333335,2.8333333333333335,141.0996576944987,30.0,141.0996576944987,24.0
313,26.083333333333332,26.083333333333332,1,2.083333333333332,02:04,26.057942181336564,0.7166320962001372,0.7165547237733738,0.0,0.0,1.0,0.0,1.0,0.0,0.0,0.0,0.0,0.0,0.0,0.0,0.0,91.0,138.35165405273438,0.0,0.0,0,17.0,24.0,0.0,0.0,0.7083333134651184,138.35165405273438,138.35165405273438,30.0,0,none,0,none,0,-1,0.0,0.0,0.0,0.0,0.0,0.0,91.0,0.0,276.70330810546875,0.0,89.716552734375,-89.716552734375,0.0,0.0,0.0,0.0,0.0,6.73598553203117,2.6675536168536884,2.6696152645898787,6.732517112899279,3.627069132632168,3.6252015223303804,-95.85917057490349,0.5000269931406308,0.4999730068593693,0.0,0.0,0.5000269931406308,0.4999730068593693,0.0,0.0,7.737242676342238e-05,,,0,0,0,0,0,0,0,0,0,0,0,0,25,0.08680555555555551,95.0,0.6805555522441864,1.4166666666666667,2.3333333333333335,2.3333333333333335,140.85608673095703,30.0,140.85608673095703,24.0
314,26.166666666666668,26.166666666666668,1,2.166666666666668,02:10,26.070153742370845,0.7169760893618282,0.7168823664685684,0.0,0.0,2.0,2.0,0.0,0.0,0.0,5.0,0.0,0.0,5.0,0.0,0.0,88.0,137.24432373046875,0.0,0.0,0,16.0,24.0,0.0,0.0,0.6666666865348816,137.24432373046875,137.24432373046875,30.0,0,none,0,none,0,-1,0.0,0.0,0.0,0.0,0.0,0.0,88.0,0.0,274.4886474609375,0.7169761657714844,89.71688079833984,-88.99990844726562,0.0,0.0,0.0,0.0,0.0,6.73950788721081,2.6685863632232114,2.671083681697547,6.735306516131748,3.6289657854212054,3.626703508686325,-91.82333333134652,0.5000326820589852,0.4999673179410148,0.0,0.0,0.5000326820589852,0.4999673179410148,0.0,0.0,9.372289325981775e-05,,,0,0,0,0,0,0,0,0,0,0,0,0,26,0.09027777777777783,93.83333333333333,0.6840277761220932,1.4166666666666667,2.5833333333333335,2.5833333333333335,140.6836369832357,30.0,140.6836369832357,24.0
315,26.25,26.25,1,2.25,02:15,26.084708842731484,0.7173861087583242,0.7172728775919075,0.0,0.0,3.0,0.0,3.0,0.0,0.0,0.0,0.0,0.0,0.0,0.0,0.0,91.0,135.13735961914062,0.0,0.0,0,16.0,24.0,0.0,0.0,0.6666666865348816,135.13735961914062,135.13735961914062,30.0,0,none,0,none,0,-1,0.0,0.0,0.0,0.0,0.0,0.0,91.0,0.0,270.27471923828125,0.0,89.71726989746094,-89.71726989746094,0.0,0.0,0.0,0.0,0.0,6.743706670389615,2.6698170395887684,2.6728341709855106,6.73863079051257,3.631226668671331,3.628493502583691,-94.70333333134653,0.5000394627460233,0.4999605372539767,0.0,0.0,0.5000394627460233,0.4999605372539767,0.0,0.0,0.00011323116641670516,,,0,0,0,0,0,0,0,0,0,0,0,0,27,0.09375,93.08333333333333,0.6840277761220932,1.5833333333333333,2.3333333333333335,2.3333333333333335,140.27008310953775,30.0,140.27008310953775,24.0
316,26.333333333333332,26.333333333333332,1,2.333333333333332,02:19,26.102006666717767,0.7178734052145472,0.7177369614549299,0.0,0.0,1.0,1.0,0.0,0.0,0.0,4.0,0.0,0.0,4.0,0.0,0.0,88.0,133.83522033691406,0.0,0.0,0,17.0,24.0,0.0,0.0,0.7083333134651184,133.83522033691406,133.83522033691406,30.0,0,none,0,none,0,-1,0.0,0.0,0.0,0.0,0.0,0.0,88.0,0.0,267.6704406738281,0.0,89.71773529052734,-89.71773529052734,0.0,0.0,0.0,0.0,0.0,6.748697293677231,2.671279245162999,2.6749148939355893,6.742580849275236,3.633913927364662,3.63062045730205,-90.7091627624035,0.5000475211668797,0.4999524788331204,0.0,0.0,0.5000475211668797,0.4999524788331204,0.0,0.0,0.0001364437596172996,,,0,0,0,0,0,0,0,0,0,0,0,0,28,0.09722222222222217,92.16666666666667,0.6874999950329462,1.6666666666666667,2.5833333333333335,2.5833333333333335,139.61325327555338,30.0,139.61325327555338,24.0
317,26.416666666666668,26.416666666666668,1,2.416666666666668,02:25,26.122503999308183,0.7184508547759993,0.7182868651859509,0.0,0.0,1.0,0.0,1.0,0.0,0.0,3.0,0.0,0.0,3.0,0.0,0.0,86.0,130.93023681640625,0.0,0.0,0,17.0,24.0,0.0,0.0,0.7083333134651184,130.93023681640625,130.93023681640625,30.0,0,none,0,none,0,-1,0.0,0.0,0.0,0.0,0.0,0.0,86.0,0.0,261.8604736328125,0.0,87.7182846069336,-87.7182846069336,0.0,0.0,0.0,0.0,0.0,6.754611902117399,2.673011380176817,2.677381008760732,6.7472606446235135,3.6370987165247533,3.6331403471049684,-87.73916666865351,0.5000570701206525,0.49994292987934746,0.0,0.0,0.5000570701206525,0.49994292987934746,0.0,0.0,0.00016398959004848557,,,0,0,0,0,0,0,0,0,0,0,0,0,29,0.10069444444444449,91.16666666666667,0.6944444378217062,1.75,2.75,2.75,138.58107884724936,30.0,138.58107884724936,24.0
318,26.5,26.5,1,2.5,02:30,26.146721541495467,0.7191331375926051,0.7189365471896457,0.0,0.0,4.0,1.0,3.0,0.0,0.0,2.0,0.0,0.0,2.0,0.0,0.0,88.0,127.64204406738281,0.0,0.0,0,17.0,24.0,0.0,0.0,0.7083333134651184,127.64204406738281,127.64204406738281,30.0,0,none,0,none,0,-1,0.0,0.0,0.0,0.0,0.0,0.0,88.0,0.0,255.28408813476562,0.0,87.71893310546875,-87.71893310546875,0.0,0.0,0.0,0.0,0.0,6.761601239428546,2.6750571537528423,2.68029545604094,6.752788566177551,3.6408622058461395,3.6361169202494503,-88.72916666865349,0.5000683521824567,0.49993164781754323,0.0,0.0,0.5000683521824567,0.49993164781754323,0.0,0.0,0.00019659040295938457,,,0,0,0,0,0,0,0,0,0,0,0,0,30,0.10416666666666667,90.33333333333333,0.7048611044883728,2.0833333333333335,2.9166666666666665,2.9166666666666665,137.06655502319336,30.0,137.06655502319336,24.0
319,26.583333333333332,26.583333333333332,1,2.583333333333332,02:34,26.175250553794754,0.7199369263680051,0.7197018540907064,0.0,0.0,0.0,0.0,0.0,0.0,0.0,3.0,0.0,0.0,3.0,0.0,0.0,85.0,126.0882339477539,0.0,0.0,0,16.0,24.0,0.0,0.0,0.6666666865348816,126.0882339477539,126.0882339477539,30.0,0,none,0,none,0,-1,0.0,0.0,0.0,0.0,0.0,0.0,85.0,0.0,252.1764678955078,0.0,86.7197036743164,-86.7197036743164,0.0,0.0,0.0,0.0,0.0,6.76983662279246,2.677466110980947,2.683729792375596,6.759298899992379,3.6452966430420934,3.63962248461128,-85.08333333134652,0.5000816427983497,0.4999183572016504,0.0,0.0,0.5000816427983497,0.4999183572016504,0.0,0.0,0.00023507227729868685,,,0,0,0,0,0,0,0,0,0,0,0,0,31,0.10763888888888884,89.41666666666667,0.7118055522441864,1.9166666666666667,2.8333333333333335,2.8333333333333335,135.5686995188395,30.0,135.5686995188395,24.0
320,26.666666666666668,26.666666666666668,1,2.666666666666668,02:40,26.208759775474586,0.7208810829871182,0.720600704663984,0.0,0.0,1.0,0.0,1.0,0.0,0.0,1.0,0.0,0.0,1.0,0.0,0.0,85.0,125.67646789550781,0.0,0.0,0,14.0,24.0,0.0,0.0,0.5833333134651184,125.67646789550781,125.67646789550781,30.0,0,none,0,none,0,-1,0.0,0.0,0.0,0.0,0.0,0.0,85.0,0.0,251.35293579101562,0.0,84.7206039428711,-84.7206039428711,0.0,0.0,0.0,0.0,0.0,6.779512015610431,2.680294172354051,2.6877650681520437,6.766943332119088,3.650506469944078,3.643738717294893,-85.17166666865349,0.5000972535086937,0.49990274649130634,0.0,0.0,0.5000972535086937,0.49990274649130634,0.0,0.0,0.0002803783231342116,,,0,0,0,0,0,0,0,0,0,0,0,0,32,0.11111111111111116,88.66666666666667,0.7048611044883728,1.75,2.5,2.5,134.1955509185791,30.0,134.1955509185791,24.0
321,26.75,26.75,1,2.75,02:45,26.248002550904715,0.7219868615003658,0.7216532787993937,0.0,0.0,2.0,1.0,1.0,0.0,0.0,3.0,0.0,0.0,3.0,0.0,0.0,84.0,123.80952453613281,0.0,0.0,0,15.0,24.0,0.0,0.0,0.625,123.80952453613281,123.80952453613281,30.0,0,none,0,none,0,-1,0.0,0.0,0.0,0.0,0.0,0.0,84.0,0.0,247.61904907226562,0.0,84.7216567993164,-84.7216567993164,0.0,0.0,0.0,0.0,0.0,6.790846183412935,2.6836041768050887,2.69249274413864,6.775892476061708,3.6566094833761955,3.64855748711015,-83.3275,0.5001155352679868,0.49988446473201315,0.0,0.0,0.5001155352679868,0.49988446473201315,0.0,0.0,0.00033358270097216813,,,0,0,0,0,0,0,0,0,0,0,0,0,33,0.11458333333333333,88.08333333333333,0.6944444378217062,1.75,2.3333333333333335,2.3333333333333335,132.71356137593588,30.0,132.71356137593588,24.0
322,26.833333333333332,26.833333333333332,1,2.833333333333332,02:49,26.293824076696097,0.7232781151676975,0.7228822090505879,0.0,0.0,0.0,0.0,0.0,0.0,0.0,2.0,0.0,0.0,2.0,0.0,0.0,82.0,123.32317352294922,0.0,0.0,0,15.0,24.0,0.0,0.0,0.625,123.32317352294922,123.32317352294922,30.0,0,none,0,none,0,-1,0.0,0.0,0.0,0.0,0.0,0.0,82.0,0.0,246.64634704589844,0.0,82.72288513183594,-82.72288513183594,0.0,0.0,0.0,0.0,0.0,6.804084914067906,2.687466417451878,2.6980156401159734,6.786337398365453,3.6637380306519494,3.6541816760429358,-81.2775,0.5001368818209432,0.49986311817905676,0.0,0.0,0.5001368818209432,0.49986311817905676,0.0,0.0,0.0003959061171096012,,,0,0,0,0,0,0,0,0,0,0,0,0,34,0.11805555555555551,87.41666666666667,0.6805555522441864,1.5,2.1666666666666665,2.1666666666666665,131.51132583618164,30.0,131.51132583618164,24.0
323,26.916666666666668,26.916666666666668,1,2.916666666666668,02:55,26.3471686641944,0.7247815047541498,0.7243127717765421,0.0,0.0,3.0,2.0,1.0,0.0,0.0,4.0,0.0,0.0,4.0,0.0,0.0,81.0,121.29629516601562,0.0,0.0,0,16.0,24.0,0.0,0.0,0.6666666865348816,121.29629516601562,121.29629516601562,30.0,0,none,0,none,0,-1,0.0,0.0,0.0,0.0,0.0,0.0,81.0,0.0,242.59259033203125,0.7247815132141113,81.72431182861328,-80.99952697753906,0.0,0.0,0.0,0.0,0.0,6.819503279130766,2.691959156820103,2.704448907181867,6.7984911109943145,3.672040227224258,3.660725982843092,-79.41333333134651,0.5001617330856933,0.4998382669143067,0.0,0.0,0.5001617330856933,0.4998382669143067,0.0,0.0,0.00046873297760774424,,,0,0,0,0,0,0,0,0,0,0,0,0,35,0.12152777777777783,86.58333333333333,0.6736111094554266,1.6666666666666667,2.5,2.5,130.06028493245444,30.0,130.06028493245444,24.0
324,27.0,27.0,1,3.0,03:00,26.409086891617562,0.7265267047276068,0.7259730743113593,0.0,0.0,2.0,0.0,2.0,0.0,0.0,1.0,0.0,0.0,1.0,0.0,0.0,82.0,119.35975646972656,0.0,0.0,0,16.0,24.0,0.0,0.0,0.6666666865348816,119.35975646972656,119.35975646972656,30.0,0,none,0,none,0,-1,0.0,0.0,0.0,0.0,0.0,0.0,82.0,0.0,238.71951293945312,0.0,81.7259750366211,-81.7259750366211,0.0,0.0,0.0,0.0,0.0,6.837407908675033,2.697169105802354,2.7119210137268492,6.812589993182401,3.6816811815942483,3.668317688636677,-80.06333333134651,0.5001905784855313,0.49980942151446867,0.0,0.0,0.5001905784855313,0.49980942151446867,0.0,0.0,0.0005536304162475636,,,0,0,0,0,0,0,0,0,0,0,0,0,36,0.125,85.91666666666667,0.6666666666666666,1.6666666666666667,2.3333333333333335,2.3333333333333335,128.55785751342773,30.0,128.55785751342773,24.0
325,27.083333333333332,27.083333333333332,1,3.083333333333332,03:04,26.48074249902001,0.7285466034471979,0.7278942339989027,0.0,0.0,0.0,0.0,0.0,0.0,0.0,2.0,0.0,0.0,2.0,0.0,0.0,80.0,118.875,0.0,0.0,0,16.0,24.0,0.0,0.0,0.6666666865348816,118.875,118.875,30.0,0,none,0,none,0,-1,0.0,0.0,0.0,0.0,0.0,0.0,80.0,0.0,237.75,0.0,80.72789764404297,-80.72789764404297,0.0,0.0,0.0,0.0,0.0,6.8581392473045675,2.7031918479639967,2.720574733401276,6.828895099171013,3.6928442100870744,3.677097361092083,-77.85333333134652,0.5002239601607983,0.4997760398392017,0.0,0.0,0.5002239601607983,0.4997760398392017,0.0,0.0,0.0006523694482951647,,,0,0,0,0,0,0,0,0,0,0,0,0,37,0.12847222222222218,85.0,0.6631944477558136,1.5833333333333333,2.5,2.5,126.9348030090332,30.0,126.9348030090332,24.0
326,27.166666666666668,27.166666666666668,1,3.166666666666668,03:10,26.563418857725473,0.7308774928578606,0.7301105443170403,0.0,0.0,2.0,1.0,1.0,0.0,0.0,3.0,0.0,0.0,3.0,0.0,0.0,79.0,116.83544158935547,0.0,0.0,0,17.0,24.0,0.0,0.0,0.7083333134651184,116.83544158935547,116.83544158935547,30.0,0,none,0,none,0,-1,0.0,0.0,0.0,0.0,0.0,0.0,79.0,0.0,233.67088317871094,0.0,79.73011016845703,-79.73011016845703,0.0,0.0,0.0,0.0,0.0,6.88207375435366,2.7101321880825373,2.730568121708409,6.8476933018037816,3.7057320215750473,3.6872194702020358,-76.1191666686535,0.5002624759824534,0.49973752401754656,0.0,0.0,0.5002624759824534,0.49973752401754656,0.0,0.0,0.000766948540820378,,,0,0,0,0,0,0,0,0,0,0,0,0,38,0.1319444444444445,84.25,0.6666666666666666,1.5833333333333333,2.3333333333333335,2.3333333333333335,125.2340628306071,30.0,125.2340628306071,24.0
327,27.25,27.25,1,3.25,03:15,26.65852482438729,0.7335592426354794,0.7326596227058215,0.0,0.0,3.0,2.0,1.0,0.0,0.0,4.0,0.0,0.0,4.0,0.0,0.0,78.0,114.74359130859375,0.0,0.0,0,18.0,24.0,0.0,0.0,0.75,114.74359130859375,114.74359130859375,30.0,0,none,0,none,0,-1,0.0,0.0,0.0,0.0,0.0,0.0,78.0,0.0,229.4871826171875,0.7335591316223145,78.73265838623047,-77.99909973144531,0.0,0.0,0.0,0.0,0.0,6.9096260066109245,2.7181044010833837,2.742075466182614,6.869298215517916,3.7205678497135746,3.6988528852788773,-74.385,0.5003067822788683,0.49969321772113184,0.0,0.0,0.5003067822788683,0.49969321772113184,0.0,0.0,0.0008996199296579244,,,0,0,0,0,0,0,0,0,0,0,0,0,39,0.13541666666666666,83.16666666666667,0.6736111094554266,1.5833333333333333,2.6666666666666665,2.6666666666666665,123.53458213806152,30.0,123.53458213806152,24.0
328,27.333333333333332,27.333333333333332,1,3.333333333333332,03:19,26.767599768989516,0.7366354531721534,0.7355825341222701,0.0,0.0,2.0,1.0,1.0,0.0,0.0,3.0,0.0,0.0,3.0,0.0,0.0,77.0,112.56493377685547,0.0,0.0,0,18.0,24.0,0.0,0.0,0.75,112.56493377685547,112.56493377685547,30.0,0,none,0,none,0,-1,0.0,0.0,0.0,0.0,0.0,0.0,77.0,0.0,225.12986755371094,0.0,77.73558044433594,-77.73558044433594,0.0,0.0,0.0,0.0,0.0,6.941250657339812,2.7272323549106354,2.7552881934681,6.894050836057198,3.73759650779836,3.712181219415414,-72.855,0.5003575961776618,0.49964240382233804,0.0,0.0,0.5003575961776618,0.49964240382233804,0.0,0.0,0.0010529190498832497,,,0,0,0,0,0,0,0,0,0,0,0,0,40,0.13888888888888884,82.25,0.6770833333333334,1.6666666666666667,2.5833333333333335,2.5833333333333335,121.76205825805664,30.0,121.76205825805664,24.0
329,27.416666666666668,27.416666666666668,1,3.416666666666668,03:25,26.892317546555237,0.7401535812686618,0.7389238837918762,0.0,0.0,1.0,1.0,0.0,0.0,0.0,4.0,0.0,0.0,4.0,0.0,0.0,74.0,110.03378295898438,0.0,0.0,0,19.0,24.0,0.0,0.0,0.7916666269302368,110.03378295898438,110.03378295898438,30.0,0,none,0,none,0,-1,0.0,0.0,0.0,0.0,0.0,0.0,74.0,0.0,220.06756591796875,0.0,75.73892211914062,-75.73892211914062,0.0,0.0,0.0,0.0,0.0,6.977444200991411,2.737649478469461,2.7704157150142072,6.922319828505109,3.757085338995375,3.7274029845796735,-69.14083333730699,0.5004156974552835,0.49958430254471653,0.0,0.0,0.5004156974552835,0.49958430254471653,0.0,0.0,0.001229697476785585,,,0,0,0,0,0,0,0,0,0,0,0,0,41,0.14236111111111116,81.25,0.6840277761220932,1.6666666666666667,2.6666666666666665,2.6666666666666665,120.02068710327148,30.0,120.02068710327148,24.0
330,27.5,27.5,1,3.5,03:30,27.034489164822563,0.7441650319288006,0.7427318721364403,0.0,0.0,2.0,1.0,1.0,0.0,0.0,1.0,0.0,0.0,1.0,0.0,0.0,75.0,111.03333282470703,0.0,0.0,0,18.0,24.0,0.0,0.0,0.75,111.03333282470703,111.03333282470703,30.0,0,none,0,none,0,-1,0.0,0.0,0.0,0.0,0.0,0.0,75.0,0.0,222.06666564941406,0.0,73.74272918701172,-73.74272918701172,0.0,0.0,0.0,0.0,0.0,7.0187464888851325,2.749498543744275,2.7876861915527598,6.9545013903064605,3.7793250324766094,3.7447315178573244,-70.69500000000001,0.500481929778871,0.499518070221129,0.0,0.0,0.500481929778871,0.499518070221129,0.0,0.0,0.0014331597923602502,,,0,0,0,0,0,0,0,0,0,0,0,0,42,0.14583333333333334,80.16666666666667,0.6875,1.5,2.5833333333333335,2.5833333333333335,118.63662783304851,30.0,118.63662783304851,24.0
331,27.583333333333332,27.583333333333332,1,3.583333333333332,03:34,27.19606388549117,0.7487252092468304,0.747058304455184,0.0,0.0,2.0,2.0,0.0,0.0,0.0,5.0,0.0,0.0,5.0,0.0,0.0,72.0,108.29861450195312,0.0,0.0,0,20.0,24.0,0.0,0.0,0.8333333730697632,108.29861450195312,108.29861450195312,30.0,0,none,0,none,0,-1,0.0,0.0,0.0,0.0,0.0,0.0,72.0,0.0,216.59722900390625,0.748725175857544,73.74705505371094,-72.99832916259766,0.0,0.0,0.0,0.0,0.0,7.065741937328413,2.7629312297064867,2.8073471950147217,6.991018612172062,3.8046302739460685,3.7643946373234174,-66.64666666269304,0.500557201218083,0.499442798781917,0.0,0.0,0.500557201218083,0.499442798781917,0.0,0.0,0.0016669047916464397,,,0,0,0,0,0,0,0,0,0,0,0,0,43,0.1493055555555555,79.08333333333333,0.7013888905445734,1.6666666666666667,2.75,2.75,117.15415954589844,30.0,117.15415954589844,24.0
332,27.666666666666668,27.666666666666668,1,3.666666666666668,03:40,27.37912848569337,0.7538935190644104,0.7519585476487252,0.0,0.0,1.0,0.0,1.0,0.0,0.0,3.0,0.0,0.0,3.0,0.0,0.0,70.0,103.89286041259766,0.0,0.0,0,20.0,24.0,0.0,0.0,0.8333333730697632,103.89286041259766,103.89286041259766,30.0,0,none,0,none,0,-1,0.0,0.0,0.0,0.0,0.0,0.0,70.0,0.0,207.7857208251953,0.0,71.75196075439453,-71.75196075439453,0.0,0.0,0.0,0.0,0.0,7.119060366199105,2.77810743487269,2.8296662450584282,7.0323202575463615,3.8333401971841328,3.786633984832656,-63.74666666269303,0.5006424838994672,0.4993575161005328,0.0,0.0,0.5006424838994672,0.4993575161005328,0.0,0.0,0.001934971415685216,,,0,0,0,0,0,0,0,0,0,0,0,0,44,0.15277777777777782,77.83333333333333,0.7222222288449606,1.6666666666666667,2.9166666666666665,2.9166666666666665,115.33885892232259,30.0,115.33885892232259,24.0
333,27.75,27.75,1,3.75,03:45,27.58590440000075,0.7597333158671332,0.757491426132908,0.0,0.0,3.0,2.0,1.0,0.0,0.0,2.0,0.0,0.0,2.0,0.0,0.0,71.0,104.89436340332031,0.0,0.0,0,21.0,24.0,0.0,0.0,0.875,104.89436340332031,104.89436340332031,30.0,0,none,0,none,0,-1,0.0,0.0,0.0,0.0,0.0,0.0,71.0,0.0,209.78872680664062,0.7597332000732422,69.75749206542969,-68.99775695800781,0.0,0.0,0.0,0.0,0.0,7.179377402947402,2.79519430557446,2.8549311958880277,7.078878881102469,3.8658186015870624,3.8117040129013287,-65.03250000000001,0.5007388126729564,0.49926118732704367,0.0,0.0,0.5007388126729564,0.49926118732704367,0.0,0.0,0.002241889734225233,,,0,0,0,0,0,0,0,0,0,0,0,0,45,0.15625,76.75,0.7430555621782938,1.75,2.8333333333333335,2.8333333333333335,113.76259549458821,30.0,113.76259549458821,24.0
334,27.833333333333332,27.833333333333332,1,3.833333333333332,03:49,27.818742462444888,0.7663117863128319,0.7637190491216368,0.0,0.0,2.0,1.0,1.0,0.0,0.0,5.0,0.0,0.0,5.0,0.0,0.0,68.0,98.7867660522461,0.0,0.0,0,19.0,24.0,0.0,0.0,0.7916666269302368,98.7867660522461,98.7867660522461,30.0,0,none,0,none,0,-1,0.0,0.0,0.0,0.0,0.0,0.0,68.0,0.0,197.5735321044922,0.0,70.76371765136719,-70.76371765136719,0.0,0.0,0.0,0.0,0.0,7.247414384290599,2.8143649483845494,2.8834504474942357,7.131188208977366,3.9024538992333992,3.839870574064735,-60.34083333730698,0.5008472826596527,0.4991527173403473,0.0,0.0,0.5008472826596527,0.4991527173403473,0.0,0.0,0.002592737191195127,,,0,0,0,0,0,0,0,0,0,0,0,0,46,0.15972222222222218,75.58333333333333,0.7569444477558136,1.9166666666666667,3.0833333333333335,3.0833333333333335,111.71789487202962,30.0,111.71789487202962,24.0
335,27.916666666666668,27.916666666666668,1,3.916666666666668,03:55,28.08011497359992,0.7736997618532628,0.7707065616947326,0.0,0.0,2.0,1.0,1.0,0.0,0.0,2.0,0.0,0.0,2.0,0.0,0.0,68.0,98.01470947265625,0.0,0.0,0,20.0,24.0,0.0,0.0,0.8333333730697632,98.01470947265625,98.01470947265625,30.0,0,none,0,none,0,-1,0.0,0.0,0.0,0.0,0.0,0.0,68.0,0.0,196.0294189453125,0.0,67.77070617675781,-67.77070617675781,0.0,0.0,0.0,0.0,0.0,7.323937685559335,2.8357967979479937,2.915552953796363,7.18975970864678,3.9436587537627186,3.8714090738867273,-60.416666662693025,0.5009690455526152,0.4990309544473847,0.0,0.0,0.5009690455526152,0.4990309544473847,0.0,0.0,0.002993200158530218,,,0,0,0,0,0,0,0,0,0,0,0,0,47,0.1631944444444445,74.5,0.770833338300387,1.8333333333333333,2.9166666666666665,2.9166666666666665,109.77776273091634,30.0,109.77776273091634,24.0
336,28.0,28.0,1,4.0,04:00,28.37260483058812,0.7819714531452845,0.7785218125370621,0.0,0.0,1.0,1.0,0.0,0.0,0.0,2.0,0.0,0.0,2.0,0.0,0.0,67.0,98.80596923828125,0.0,0.0,0,19.0,24.0,0.0,0.0,0.7916666269302368,98.80596923828125,98.80596923828125,30.0,0,none,0,none,0,-1,0.0,0.0,0.0,0.0,0.0,0.0,67.0,0.0,197.6119384765625,0.0,66.77851867675781,-66.77851867675781,0.0,0.0,0.0,0.0,0.0,7.409757405681654,2.859669615922057,2.9515879983460294,7.255118284926368,3.989869372290121,3.90660215342189,-59.75083333730697,0.5011053045482751,0.49889469545172505,0.0,0.0,0.5011053045482751,0.49889469545172505,0.0,0.0,0.003449640608222393,,,0,0,0,0,0,0,0,0,0,0,0,0,48,0.16666666666666666,73.25,0.78125,1.75,3.0,3.0,108.0649471282959,30.0,108.0649471282959,24.0
337,28.083333333333332,28.083333333333332,1,4.083333333333332,04:04,28.698891478690882,0.7912040993631645,0.787234931964834,0.0,0.0,2.0,1.0,1.0,0.0,0.0,4.0,0.0,0.0,4.0,0.0,0.0,65.0,94.76923370361328,0.0,0.0,0,20.0,24.0,0.0,0.0,0.8333333730697632,94.76923370361328,94.76923370361328,30.0,0,none,0,none,0,-1,0.0,0.0,0.0,0.0,0.0,0.0,65.0,0.0,189.53846740722656,0.0,66.7872314453125,-66.7872314453125,0.0,0.0,0.0,0.0,0.0,7.505725334130677,2.8861631030496424,2.9919247062129912,7.327797050997685,4.0415444106857485,3.9457368736141376,-56.69666666269302,0.501257307795725,0.4987426922042751,0.0,0.0,0.501257307795725,0.4987426922042751,0.0,0.0,0.003969167398330531,,,0,0,0,0,0,0,0,0,0,0,0,0,49,0.17013888888888884,72.0,0.7951388905445734,1.9166666666666667,3.1666666666666665,3.1666666666666665,106.05613327026367,30.0,106.05613327026367,24.0
338,28.166666666666668,28.166666666666668,1,4.166666666666668,04:10,29.061733472717407,0.8014775261336217,0.7969178148658358,0.0,0.0,1.0,0.0,1.0,0.0,0.0,1.0,0.0,0.0,1.0,0.0,0.0,65.0,94.07691955566406,0.0,0.0,0,19.0,24.0,0.0,0.0,0.7916666269302368,94.07691955566406,94.07691955566406,30.0,0,none,0,none,0,-1,0.0,0.0,0.0,0.0,0.0,0.0,65.0,0.0,188.15383911132812,0.0,64.79692077636719,-64.79692077636719,0.0,0.0,0.0,0.0,0.0,7.6127321247918776,2.9154541147536177,3.0369512583669707,7.408331139946055,4.099163451811011,3.9891013830478754,-56.830833337306984,0.5014263402647728,0.49857365973522705,0.0,0.0,0.5014263402647728,0.49857365973522705,0.0,0.0,0.004559711267785871,,,0,0,0,0,0,0,0,0,0,0,0,0,50,0.17361111111111116,70.83333333333333,0.8020833333333334,1.8333333333333333,3.0,3.0,104.15958976745605,30.0,104.15958976745605,24.0
339,28.25,28.25,1,4.25,04:15,29.463947474894603,0.812873606630469,0.807643504488734,0.0,0.0,3.0,1.0,2.0,0.0,0.0,2.0,0.0,0.0,2.0,0.0,0.0,66.0,92.1212158203125,0.0,0.0,0,17.0,24.0,0.0,0.0,0.7083333134651184,92.1212158203125,92.1212158203125,30.0,0,none,0,none,0,-1,0.0,0.0,0.0,0.0,0.0,0.0,66.0,0.0,184.242431640625,0.0,65.8076400756836,-65.8076400756836,0.0,0.0,0.0,0.0,0.0,7.731703600633302,2.947713481166636,3.087073772276281,7.497250543310293,4.163225015725623,4.036981061782465,-57.1191666686535,0.5016137139515061,0.49838628604849383,0.0,0.0,0.5016137139515061,0.49838628604849383,0.0,0.0,0.005230102141735027,,,0,0,0,0,0,0,0,0,0,0,0,0,51,0.17708333333333334,69.83333333333333,0.7986111094554266,1.8333333333333333,2.8333333333333335,2.8333333333333335,102.27439181009929,30.0,102.27439181009929,24.0
340,28.333333333333332,28.333333333333332,1,4.333333333333332,04:19,29.9083835640852,0.8254756213937526,0.8194854746309331,0.0,0.0,2.0,1.0,1.0,0.0,0.0,3.0,0.0,0.0,3.0,0.0,0.0,65.0,90.0,0.0,0.0,0,17.0,24.0,0.0,0.0,0.7083333134651184,90.0,90.0,30.0,0,none,0,none,0,-1,0.0,0.0,0.0,0.0,0.0,0.0,65.0,0.0,180.0,0.0,65.81948852539062,-65.81948852539062,0.0,0.0,0.0,0.0,0.0,7.863596112338085,2.9831024452464123,3.142714809581103,7.595071988679406,4.234244060489738,4.0896541477504496,-55.599166668653496,0.5018207563623528,0.4981792436376472,0.0,0.0,0.5018207563623528,0.4981792436376472,0.0,0.0,0.005990146762819504,,,0,0,0,0,0,0,0,0,0,0,0,0,52,0.1805555555555555,68.83333333333333,0.7951388855775198,1.8333333333333333,2.8333333333333335,2.8333333333333335,100.393980662028,30.0,100.393980662028,24.0
341,28.416666666666668,28.416666666666668,1,4.416666666666668,04:25,30.397896788683095,0.8393675136832127,0.8325168096943576,0.0,0.0,2.0,0.0,2.0,0.0,0.0,3.0,0.0,0.0,3.0,0.0,0.0,64.0,85.078125,0.0,0.0,0,16.0,24.0,0.0,0.0,0.6666666865348816,85.078125,85.078125,30.0,0,none,0,none,0,-1,0.0,0.0,0.0,0.0,0.0,0.0,64.0,0.0,170.15625,0.0,65.83251953125,-65.83251953125,0.0,0.0,0.0,0.0,0.0,8.009390873805618,3.0217687475143227,3.2043114686372474,7.702289898339875,4.312748932049178,4.147386868336855,-53.493333331346506,0.5020487972442421,0.4979512027557578,0.0,0.0,0.5020487972442421,0.4979512027557578,0.0,0.0,0.0068507039888551224,,,0,0,0,0,0,0,0,0,0,0,0,0,53,0.18402777777777782,68.0,0.7847222238779068,1.9166666666666667,2.75,2.75,98.3143424987793,30.0,98.3143424987793,24.0
342,28.5,28.5,1,4.5,04:30,30.935314962374306,0.8546330386381261,0.8468092842924607,0.0,0.0,3.0,1.0,2.0,0.0,0.0,2.0,0.0,0.0,2.0,0.0,0.0,65.0,83.42308044433594,0.0,0.0,0,16.0,24.0,0.0,0.0,0.6666666865348816,83.42308044433594,83.42308044433594,30.0,0,none,0,none,0,-1,0.0,0.0,0.0,0.0,0.0,0.0,65.0,0.0,166.84616088867188,0.0,64.84680938720703,-64.84680938720703,0.0,0.0,0.0,0.0,0.0,8.170087197859859,3.063842402816535,3.272313016604575,7.81936650505972,4.399277721924539,4.210428118109079,-54.00333333134651,0.5022991535593724,0.4977008464406276,0.0,0.0,0.5022991535593724,0.4977008464406276,0.0,0.0,0.007823754345665401,,,0,0,0,0,0,0,0,0,0,0,0,0,54,0.1875,67.16666666666667,0.777777781089147,2.0,2.8333333333333335,2.8333333333333335,96.01348813374837,30.0,96.01348813374837,24.0
343,28.583333333333332,28.583333333333332,1,4.583333333333332,04:34,31.523402777594423,0.8713548061916961,0.8624323465759972,0.0,0.0,0.0,0.0,0.0,0.0,0.0,1.0,0.0,0.0,1.0,0.0,0.0,64.0,84.4140625,0.0,0.0,0,15.0,24.0,0.0,0.0,0.625,84.4140625,84.4140625,30.0,0,none,0,none,0,-1,0.0,0.0,0.0,0.0,0.0,0.0,64.0,0.0,168.828125,0.0,63.86243438720703,-63.86243438720703,0.0,0.0,0.0,0.0,0.0,8.346694556950226,3.1094312330192353,3.347178012795894,7.946721238706314,4.494373992203967,4.279003743918785,-53.5375,0.5025731127380474,0.4974268872619526,0.0,0.0,0.5025731127380474,0.4974268872619526,0.0,0.0,0.00892245961569893,,,0,0,0,0,0,0,0,0,0,0,0,0,55,0.19097222222222218,66.5,0.7604166666666666,1.8333333333333333,2.5,2.5,94.02310880025227,30.0,94.02310880025227,24.0
344,28.666666666666668,28.666666666666668,1,4.666666666666668,04:40,32.16482239514607,0.8896132195707136,0.8794520121623202,0.0,0.0,0.0,0.0,0.0,0.0,0.0,1.0,0.0,0.0,1.0,0.0,0.0,63.0,85.55555725097656,0.0,0.0,0,15.0,24.0,0.0,0.0,0.625,85.55555725097656,85.55555725097656,30.0,0,none,0,none,0,-1,0.0,0.0,0.0,0.0,0.0,0.0,63.0,0.0,171.11111450195312,0.0,62.87945556640625,-62.87945556640625,0.0,0.0,0.0,0.0,0.0,8.540223396553259,3.1586162392299726,3.4293708725253595,8.084719537650718,4.598581828913293,4.353310520273463,-52.987500000000004,0.5028719142816569,0.4971280857183431,0.0,0.0,0.5028719142816569,0.4971280857183431,0.0,0.0,0.010161207408393436,,,0,0,0,0,0,0,0,0,0,0,0,0,56,0.1944444444444445,65.91666666666667,0.7430555522441864,1.75,2.3333333333333335,2.3333333333333335,92.49500020345052,30.0,92.49500020345052,24.0
345,28.75,28.75,1,4.75,04:45,32.86209075891907,0.9094853132888561,0.8979296784516926,0.0,0.0,1.0,1.0,0.0,0.0,0.0,5.0,0.0,0.0,5.0,0.0,0.0,59.0,82.71186065673828,0.0,0.0,0,15.0,24.0,0.0,0.0,0.625,82.71186065673828,82.71186065673828,30.0,0,none,0,none,0,-1,0.0,0.0,0.0,0.0,0.0,0.0,59.0,0.0,165.42372131347656,0.0,61.89793014526367,-61.89793014526367,0.0,0.0,0.0,0.0,0.0,8.75167463398796,3.2114469173325313,3.5193578191211747,8.233661280614525,4.712440187531978,4.433509920330898,-48.54750000000001,0.5031967298296103,0.4968032701703898,0.0,0.0,0.5031967298296103,0.4968032701703898,0.0,0.0,0.011555634837163486,,,0,0,0,0,0,0,0,0,0,0,0,0,57,0.19791666666666666,64.91666666666667,0.722222218910853,1.5833333333333333,2.5833333333333335,2.5833333333333335,90.64645830790202,30.0,90.64645830790202,24.0
346,28.833333333333332,28.833333333333332,1,4.833333333333332,04:49,33.61753398049769,0.9310434967990534,0.9179208721283195,0.0,0.0,0.0,0.0,0.0,0.0,0.0,2.0,0.0,0.0,2.0,0.0,0.0,57.0,82.71929931640625,0.0,0.0,0,14.0,24.0,0.0,0.0,0.5833333134651184,82.71929931640625,82.71929931640625,30.0,0,none,0,none,0,-1,0.0,0.0,0.0,0.0,0.0,0.0,57.0,0.0,165.4385986328125,0.0,57.91791915893555,-57.91791915893555,0.0,0.0,0.0,0.0,0.0,8.982027783192072,3.267936640507596,3.6176021716190068,8.393769076249136,4.8364764986418844,4.5197218102879955,-47.201666668653495,0.5035486418481787,0.49645135815182134,0.0,0.0,0.5035486418481787,0.49645135815182134,0.0,0.0,0.013122624670733884,,,0,0,0,0,0,0,0,0,0,0,0,0,58,0.20138888888888884,64.0,0.7048611094554266,1.4166666666666667,2.3333333333333335,2.3333333333333335,89.30750274658203,30.0,89.30750274658203,24.0
347,28.916666666666668,28.916666666666668,1,4.916666666666668,04:55,34.43323923782298,0.9543542123868026,0.9394739456934613,0.0,0.0,2.0,2.0,0.0,0.0,0.0,4.0,0.0,0.0,4.0,0.0,0.0,55.0,82.68181610107422,0.0,0.0,0,15.0,24.0,0.0,0.0,0.625,82.68181610107422,82.68181610107422,30.0,0,none,0,none,0,-1,0.0,0.0,0.0,0.0,0.0,0.0,55.0,0.0,165.36363220214844,0.9543542861938477,55.93947219848633,-54.9851188659668,0.0,0.0,0.0,0.0,0.0,9.232227657548105,3.3280582509973633,3.724558917547498,8.565176687482674,4.971199507910518,4.612018216336824,-45.317499999999995,0.5039286211449155,0.4960713788550844,0.0,0.0,0.5039286211449155,0.4960713788550844,0.0,0.0,0.014880266693341304,,,0,0,0,0,0,0,0,0,0,0,0,0,59,0.20486111111111116,62.916666666666664,0.6874999950329462,1.4166666666666667,2.5,2.5,88.02976163228352,30.0,88.02976163228352,24.0
348,29.0,29.0,1,5.0,05:00,35.31100473287337,0.9794765184375632,0.9626287418704724,0.0,0.0,2.0,1.0,1.0,0.0,0.0,3.0,0.0,0.0,3.0,0.0,0.0,54.0,81.01851654052734,0.0,0.0,0,16.0,24.0,0.0,0.0,0.6666666865348816,81.01851654052734,81.01851654052734,30.0,0,none,0,none,0,-1,0.0,0.0,0.0,0.0,0.0,0.0,54.0,0.0,162.0370330810547,0.0,54.96262741088867,-54.96262741088867,0.0,0.0,0.0,0.0,0.0,9.503169619074365,3.391740019531273,3.840668524848275,8.747917903446622,5.117091333347735,4.710417332625103,-44.21333333134652,0.504337503458597,0.49566249654140304,0.0,0.0,0.504337503458597,0.49566249654140304,0.0,0.0,0.0168477765670908,,,0,0,0,0,0,0,0,0,0,0,0,0,60,0.20833333333333334,61.833333333333336,0.6770833333333334,1.5,2.5833333333333335,2.5833333333333335,86.5474739074707,30.0,86.5474739074707,24.0
349,29.083333333333332,29.083333333333332,1,5.083333333333332,05:04,36.25228835310695,1.0064606118674535,0.9874152475534287,0.0,0.0,3.0,2.0,1.0,0.0,0.0,3.0,0.0,0.0,3.0,0.0,0.0,54.0,80.64814758300781,0.0,0.0,0,18.0,24.0,0.0,0.0,0.75,80.64814758300781,80.64814758300781,30.0,0,none,0,none,0,-1,0.0,0.0,0.0,0.0,0.0,0.0,54.0,0.0,161.29629516601562,1.0064606666564941,53.9874153137207,-52.980953216552734,0.0,0.0,0.0,0.0,0.0,9.795683364232554,3.458862143330329,3.966349955075838,8.941916201322956,5.274598734586759,4.814877954558514,-44.10500000000001,0.5047759654203238,0.4952240345796763,0.0,0.0,0.5047759654203238,0.4952240345796763,0.0,0.0,0.019045364314024815,,,0,0,0,0,0,0,0,0,0,0,0,0,61,0.2118055555555555,60.916666666666664,0.6701388855775198,1.5833333333333333,2.5,2.5,85.37071673075359,30.0,85.37071673075359,24.0
350,29.166666666666668,29.166666666666668,1,5.166666666666668,05:10,37.25815577750695,1.0353463062317947,1.0138522615310874,0.0,0.0,2.0,1.0,1.0,0.0,0.0,2.0,0.0,0.0,2.0,0.0,0.0,54.0,80.23148345947266,0.0,0.0,0,18.0,24.0,0.0,0.0,0.75,80.23148345947266,80.23148345947266,30.0,0,none,0,none,0,-1,0.0,0.0,0.0,0.0,0.0,0.0,54.0,0.0,160.4629669189453,0.035346269607543945,54.013851165771484,-53.9785041809082,0.0,0.0,0.0,0.0,0.0,10.11051526525548,3.529253961166863,4.101992852333237,9.146975561348972,5.444123604368334,4.925294533034061,-44.11500000000001,0.505244500225318,0.4947554997746821,0.0,0.0,0.505244500225318,0.4947554997746821,0.0,0.0,0.02149404470070726,,,0,0,0,0,0,0,0,0,0,0,0,0,62,0.21527777777777782,60.0,0.6666666666666666,1.6666666666666667,2.5833333333333335,2.5833333333333335,84.2169303894043,30.0,84.2169303894043,24.0
351,29.25,29.25,1,5.25,05:15,38.32922885763645,1.0661614847785688,1.041946102391436,0.0,0.0,2.0,1.0,1.0,0.0,0.0,2.0,0.0,0.0,2.0,0.0,0.0,54.0,79.81481170654297,0.0,0.0,0,18.0,24.0,0.0,0.0,0.75,79.81481170654297,79.81481170654297,30.0,0,none,0,none,0,-1,0.0,0.0,0.0,0.0,0.0,0.0,54.0,0.0,159.62962341308594,0.0661616325378418,54.04194641113281,-53.97578430175781,0.0,0.0,0.0,0.0,0.0,10.448309322164219,3.6026920653093963,4.247948899597712,9.362772808109854,5.626012711934579,5.041493050520691,-44.025000000000006,0.5057433933956949,0.4942566066043052,0.0,0.0,0.5057433933956949,0.4942566066043052,0.0,0.0,0.024215382387132722,,,0,0,0,0,0,0,0,0,0,0,0,0,63,0.21875,59.0,0.6701388905445734,1.5833333333333333,2.5833333333333335,2.5833333333333335,83.19139671325684,30.0,83.19139671325684,24.0
352,29.333333333333332,29.333333333333332,1,5.333333333333332,05:19,39.46563518416012,1.0989205504440105,1.0716893846847961,0.0,0.0,3.0,3.0,0.0,0.0,0.0,5.0,0.0,0.0,5.0,0.0,0.0,52.0,79.42308044433594,0.0,0.0,0,21.0,24.0,0.0,0.0,0.875,79.42308044433594,79.42308044433594,30.0,0,none,0,none,0,-1,0.0,0.0,0.0,0.0,0.0,0.0,52.0,0.0,158.84616088867188,2.0989208221435547,53.07168960571289,-50.97277069091797,0.0,0.0,0.0,0.0,0.0,10.80958682520549,3.6788994841590856,4.404522356732587,9.588851847919003,5.820546752033724,5.163227918110231,-41.962500000000006,0.506272699050739,0.493727300949261,0.0,0.0,0.506272699050739,0.493727300949261,0.0,0.0,0.02723116575921436,,,0,0,0,0,0,0,0,0,0,0,0,0,64,0.22222222222222218,57.916666666666664,0.684027781089147,1.6666666666666667,2.75,2.75,82.30998675028484,30.0,82.30998675028484,24.0
353,29.416666666666668,29.416666666666668,1,5.416666666666668,05:25,40.66695981681678,1.1336228974376799,1.1030598924872428,0.0,0.0,4.0,3.0,1.0,0.0,0.0,8.0,0.0,0.0,8.0,0.0,0.0,48.0,72.70833587646484,0.0,0.0,0,24.0,24.0,0.0,0.0,1.0,72.70833587646484,72.70833587646484,30.0,0,none,0,none,0,-1,0.0,0.0,0.0,0.0,0.0,0.0,48.0,0.0,145.4166717529297,2.1336231231689453,52.10306167602539,-49.96943664550781,0.0,0.0,0.0,0.0,0.0,11.194724880649327,3.75754609500333,4.571959822926821,9.824620153626979,6.027928781888098,5.290180082722219,-37.06,0.5068322171315724,0.4931677828684274,0.0,0.0,0.5068322171315724,0.4931677828684274,0.0,0.0,0.030563004950437067,,,0,0,0,0,0,0,0,0,0,0,0,0,65,0.2256944444444445,56.583333333333336,0.7118055572112402,1.8333333333333333,3.1666666666666665,3.1666666666666665,81.27917098999023,30.0,81.27917098999023,24.0
354,29.5,29.5,1,5.5,05:30,41.932200207863985,1.170251431567871,1.136019579864648,0.0,0.0,5.0,3.0,2.0,0.0,0.0,1.0,0.0,0.0,1.0,0.0,0.0,52.0,72.19999694824219,0.0,0.0,0,24.0,24.0,0.0,0.0,1.0,72.19999694824219,72.19999694824219,30.0,0,none,0,none,0,-1,0.0,0.0,0.0,0.0,0.0,2.0,50.0,0.0,144.39999389648438,2.1702513694763184,49.13602066040039,-46.96577072143555,0.0,0.0,0.0,0.0,0.0,11.603934014642912,3.838250402874631,4.750439300635455,10.069347813187122,6.248272161730798,5.421956514793065,-40.2399990234375,0.5074214720502341,0.492578527949766,0.0,0.0,0.5074214720502341,0.492578527949766,0.0,0.0,0.03423185170322296,,,0,0,0,0,0,0,0,0,0,0,0,0,66,0.22916666666666666,55.5,0.7395833333333334,2.0,3.0833333333333335,3.0833333333333335,80.34391403198242,30.0,80.34391403198242,24.0
355,29.583333333333332,29.583333333333332,1,5.583333333333332,05:34,43.259725382747476,1.2087711687390212,1.1705137273120902,0.0,0.0,6.0,3.0,3.0,0.0,0.0,5.0,0.0,0.0,5.0,0.0,0.0,53.0,65.9000015258789,0.0,0.0,0,24.0,24.0,0.0,0.0,1.0,65.9000015258789,65.9000015258789,30.0,0,none,0,none,0,-1,0.0,0.0,0.0,0.0,0.0,3.0,50.0,0.0,131.8000030517578,4.208771228790283,52.17051315307617,-47.96174240112305,0.0,0.0,0.0,0.0,0.0,12.03723513944531,3.920582788688973,4.940058678044404,10.322169405963859,6.481588152009012,5.558091218595924,-39.080000000000005,0.5080396932478382,0.4919603067521618,0.0,0.0,0.5080396932478382,0.4919603067521618,0.0,0.0,0.038257441426930994,,,0,0,0,0,0,0,0,0,0,0,0,0,67,0.23263888888888884,54.583333333333336,0.7708333333333334,2.5,3.4166666666666665,3.4166666666666665,78.80107561747234,30.0,78.80107561747234,24.0
356,29.666666666666668,29.666666666666668,1,5.666666666666668,05:40,44.647240454602425,1.2491279430251803,1.2064702819779534,0.0,0.0,2.0,0.0,2.0,0.0,0.0,2.0,0.0,0.0,2.0,0.0,0.0,53.0,68.26923370361328,0.0,0.0,0,24.0,24.0,0.0,0.0,1.0,68.26923370361328,68.26923370361328,30.0,0,none,0,none,0,-1,0.0,0.0,0.0,0.0,0.0,1.0,52.0,5.0,131.53846740722656,2.2491278648376465,51.20647048950195,-48.95734405517578,0.0,0.0,0.0,0.0,0.0,12.494436242520651,4.0040702877938,5.140823791963401,10.582088901128747,6.727773361357273,5.698047869838556,-39.890000976562504,0.5086857981515223,0.4913142018484778,0.0,0.0,0.5086857981515223,0.4913142018484778,0.0,0.0,0.0426576610472269,,,0,0,0,0,0,0,0,0,0,0,0,0,68,0.23611111111111116,53.75,0.8020833333333334,2.6666666666666665,3.5,3.5,77.36054865519206,30.0,77.36054865519206,24.0
357,29.75,29.75,1,5.75,05:45,46.09175753896023,1.291247257293223,1.2437994073495902,0.0,0.0,1.0,1.0,0.0,0.0,0.0,3.0,0.0,0.0,3.0,0.0,0.0,51.0,66.81372833251953,0.0,0.0,0,21.0,24.0,0.0,0.0,0.875,66.81372833251953,66.81372833251953,30.0,0,none,0,none,0,-1,0.0,0.0,0.0,0.0,0.0,0.0,51.0,0.0,133.62745666503906,1.2912473678588867,51.24380111694336,-49.952552795410156,0.0,0.0,0.0,0.0,0.0,12.975109239546633,4.0882029094669905,5.352636281703792,10.847987686516513,6.986597282832801,5.841224138893507,-38.7725009765625,0.5093583780143783,0.49064162198562167,0.0,0.0,0.5093583780143783,0.49064162198562167,0.0,0.0,0.047447849943632825,,,0,0,0,0,0,0,0,0,0,0,0,0,69,0.23958333333333334,53.083333333333336,0.8229166666666666,2.6666666666666665,3.3333333333333335,3.3333333333333335,76.0357042948405,30.0,76.0357042948405,24.0
358,29.833333333333332,29.833333333333332,1,5.833333333333332,05:49,47.589574099944286,1.3350333104140815,1.2823932650828542,0.0,0.0,2.0,2.0,0.0,0.0,0.0,4.0,0.0,0.0,4.0,0.0,0.0,49.0,66.37754821777344,0.0,0.0,0,23.0,24.0,0.0,0.0,0.9583333730697632,66.37754821777344,66.37754821777344,30.0,0,none,0,none,0,-1,0.0,0.0,0.0,0.0,0.0,0.0,49.0,0.0,132.75509643554688,1.3350334167480469,50.28239440917969,-48.94736099243164,0.0,0.0,0.0,0.0,0.0,13.4785675145115,4.17244145004759,5.57528149526484,11.118635735999208,7.257690200121576,5.986957703999573,-37.02416568613053,0.5100556871058042,0.4899443128941959,0.0,0.0,0.5100556871058042,0.4899443128941959,0.0,0.0,0.052640045331227237,,,0,0,0,0,0,0,0,0,0,0,0,0,70,0.2430555555555555,52.416666666666664,0.8541666716337204,2.8333333333333335,3.5,3.5,74.67389170328777,30.0,74.67389170328777,24.0
359,29.916666666666668,29.916666666666668,1,5.916666666666668,05:55,49.13625969806866,1.3803682355524016,1.3221260478413743,0.0,0.0,2.0,1.0,1.0,0.0,0.0,5.0,0.0,0.0,5.0,0.0,0.0,46.0,62.010868072509766,0.0,0.0,0,23.0,24.0,0.0,0.0,0.9583333730697632,62.010868072509766,62.010868072509766,30.0,0,none,0,none,0,-1,0.0,0.0,0.0,0.0,0.0,0.0,46.0,0.0,124.02173614501953,0.3803682327270508,49.32212448120117,-48.94175720214844,0.0,0.0,0.0,0.0,0.0,14.003844750061369,4.256226689122787,5.808416759878526,11.392705811832407,7.540531788494582,6.134533898678988,-33.82416666269303,0.5107756356912414,0.4892243643087587,0.0,0.0,0.5107756356912414,0.4892243643087587,0.0,0.0,0.05824218771102729,,,0,0,0,0,0,0,0,0,0,0,0,0,71,0.24652777777777782,51.666666666666664,0.8819444527228674,2.8333333333333335,3.5833333333333335,3.5833333333333335,72.9513127009074,30.0,72.9513127009074,24.0
360,30.0,30.0,1,6.0,06:00,108.92535492094723,4.628040243202137,1.3628542774499608,0.0,0.0,6.0,4.0,2.0,0.0,0.0,4.0,0.0,0.0,4.0,0.0,0.0,48.0,60.478721618652344,0.0,0.0,0,24.0,24.0,0.0,0.0,1.0,60.478721618652344,60.478721618652344,30.0,1,demand_surge,3,od_ab,4,1,720.0,0.0,0.0,0.0,0.0,1.0,47.0,0.0,120.95744323730469,6.628040313720703,47.36285400390625,-40.73481369018555,0.0,0.0,0.0,0.0,0.0,72.74837862378084,4.338989792003786,6.0515603770374815,11.668790479616673,7.834440774868705,6.283194873639746,-34.87,0.7725123898022466,0.22748761019775332,0.0,0.0,0.7725123898022466,0.22748761019775332,0.0,0.0,3.2651859657521762,,,0,0,0,1,0,0,0,0,0,0,0,0,72,0.25,51.166666666666664,0.9097222288449606,3.1666666666666665,3.6666666666666665,3.6666666666666665,71.23966312408447,30.0,71.23966312408447,24.0
361,30.083333333333332,30.083333333333332,1,6.083333333333332,06:04,112.81278223547818,4.800285645479244,1.4044173774720567,0.0,0.0,7.0,7.0,0.0,0.0,0.0,4.0,0.0,0.0,4.0,0.0,0.0,51.0,60.27777862548828,0.0,0.0,0,24.0,24.0,0.0,0.0,1.0,60.27777862548828,60.27777862548828,30.0,1,demand_surge,3,od_ab,4,1,715.0,0.0,0.0,0.0,0.0,6.0,45.0,0.0,120.55555725097656,10.800285339355469,46.4044189453125,-35.60413360595703,0.0,0.0,0.0,0.0,0.0,75.57239907981172,4.420163675572122,6.304081744562402,11.945421592508948,8.138566054748953,6.4321500882740485,-35.85,0.7736527643181159,0.22634723568188408,0.0,0.0,0.7736527643181159,0.22634723568188408,0.0,0.0,3.395868268007187,,,0,0,0,1,0,0,0,0,0,0,0,0,73,0.25347222222222215,50.916666666666664,0.9305555621782938,3.5,3.75,3.75,69.54213237762451,30.0,69.54213237762451,24.0
362,30.166666666666668,30.166666666666668,1,6.166666666666668,06:10,116.79968739172195,4.97734428290604,1.4466385236386665,0.0,0.0,5.0,3.0,2.0,0.0,0.0,3.0,0.0,0.0,3.0,0.0,0.0,53.0,59.00694274902344,0.0,0.0,0,24.0,24.0,0.0,0.0,1.0,59.00694274902344,59.00694274902344,30.0,1,demand_surge,3,od_ab,4,1,710.0,0.0,0.0,0.0,0.0,8.0,45.0,3.125,114.88888549804688,11.977344512939453,46.44664001464844,-34.469295501708984,0.0,0.0,0.0,0.0,0.0,78.48173996232157,4.499195031852551,6.565193041808094,12.221091783868317,8.451879688250013,6.580587883621401,-36.49,0.7748066009509176,0.2251933990490824,0.0,0.0,0.7748066009509176,0.2251933990490824,0.0,0.0,3.5307057592673736,,,0,0,0,1,0,0,0,0,0,0,0,0,74,0.2569444444444445,50.833333333333336,0.9513888955116272,3.75,3.8333333333333335,3.8333333333333335,67.77342065175374,30.0,67.77342065175374,24.0
363,30.25,30.25,1,6.25,06:15,120.86980754461938,5.158513645395475,1.4893257695585906,0.0,0.0,3.0,2.0,1.0,0.0,0.0,2.0,0.0,0.0,2.0,0.0,0.0,54.0,60.333335876464844,0.0,0.0,0,24.0,24.0,0.0,0.0,1.0,60.333335876464844,60.333335876464844,30.0,1,demand_surge,3,od_ab,4,1,705.0,0.0,0.0,0.0,0.0,9.0,45.0,6.111111164093018,114.55555725097656,13.158514022827148,45.48932647705078,-32.330810546875,0.0,0.0,0.0,0.0,0.0,81.46517052069018,4.57555664800675,6.833942935422182,12.494277399876854,8.773172209920482,6.72768783070292,-37.12,0.7759684498081576,0.2240315501918425,0.0,0.0,0.7759684498081576,0.2240315501918425,0.0,0.0,3.6691878758368843,,,0,0,0,1,0,0,0,0,0,0,0,0,75,0.2604166666666667,50.833333333333336,0.9722222288449606,3.8333333333333335,3.8333333333333335,3.8333333333333335,66.14996433258057,30.0,66.14996433258057,24.0
364,30.333333333333332,30.333333333333332,1,6.333333333333332,06:19,125.00487514185595,5.342994693781575,1.5322734390205015,0.0,0.0,9.0,6.0,3.0,0.0,0.0,4.0,0.0,0.0,4.0,0.0,0.0,59.0,54.92460250854492,0.0,0.0,0,24.0,24.0,0.0,0.0,1.0,54.92460250854492,54.92460250854492,30.0,1,demand_surge,3,od_ab,4,1,700.0,0.0,0.0,0.0,0.0,14.0,45.0,6.0714287757873535,103.77777862548828,18.342994689941406,47.53227233886719,-29.18927764892578,0.0,0.0,0.0,0.0,0.0,84.50975636028608,4.64875961654076,7.109212768920189,12.763462212250767,9.101050684953885,6.872633498904259,-38.510000000000005,0.7771325554984558,0.22286744450154408,0.0,0.0,0.7771325554984558,0.22286744450154408,0.0,0.0,3.8107212547610736,,,0,0,0,1,0,0,0,0,0,0,0,0,76,0.26388888888888884,51.416666666666664,0.9826388955116272,4.333333333333333,3.75,3.75,64.10842450459798,30.0,64.10842450459798,24.0
365,30.416666666666668,30.416666666666668,1,6.416666666666668,06:25,129.18467777822062,5.529893507639789,1.5752637701623429,0.0,0.0,7.0,5.0,2.0,0.0,0.0,6.0,0.0,0.0,6.0,0.0,0.0,60.0,51.833335876464844,0.0,0.0,0,24.0,24.0,0.0,0.0,1.0,51.833335876464844,51.833335876464844,30.0,1,demand_surge,3,od_ab,4,1,695.0,0.0,0.0,0.0,0.0,15.0,45.0,5.333333492279053,98.33333587646484,22.52989387512207,46.57526397705078,-24.04537010192871,0.0,0.0,0.0,0.0,0.0,87.60087073328707,4.718364998910248,7.389715686817043,13.027161182153963,9.433939925123221,7.014625251929056,-38.31,0.7782929063254141,0.22170709367458588,0.0,0.0,0.7782929063254141,0.22170709367458588,0.0,0.0,3.9546297374774464,,,0,0,0,1,0,0,0,0,0,0,0,0,77,0.26736111111111116,52.416666666666664,0.9826388955116272,4.583333333333333,3.5833333333333335,3.5833333333333335,62.36884117126465,30.0,62.36884117126465,24.0
366,30.5,30.5,1,6.5,06:30,133.38715565760853,5.718224770127425,1.6180687910410425,0.0,0.0,9.0,8.0,1.0,0.0,0.0,1.0,0.0,0.0,1.0,0.0,0.0,68.0,52.480674743652344,0.0,0.0,0,24.0,24.0,0.0,0.0,1.0,52.480674743652344,52.480674743652344,30.0,1,demand_surge,3,od_ab,4,1,690.0,0.0,0.0,0.0,0.0,23.0,45.0,6.73913049697876,98.22222137451172,26.718225479125977,45.61806869506836,-18.899843215942383,0.0,0.0,0.0,0.0,0.0,90.72223865257214,4.783994492515103,7.67399911081469,13.283943505429226,9.770087239507768,7.152892656769582,-42.95,0.779443287328959,0.2205567126710411,0.0,0.0,0.779443287328959,0.2205567126710411,0.0,0.0,4.100155979086383,,,0,0,0,1,0,0,0,0,0,0,0,0,78,0.2708333333333333,53.75,0.9826388955116272,4.916666666666667,3.5833333333333335,3.5833333333333335,60.725564320882164,30.0,60.725564320882164,24.0
367,30.583333333333332,30.583333333333332,1,6.583333333333332,06:34,137.5885386403642,5.906917224334345,1.6604524008856851,0.0,0.0,5.0,3.0,2.0,0.0,0.0,3.0,0.0,0.0,3.0,0.0,0.0,70.0,52.57246398925781,0.0,0.0,0,24.0,24.0,0.0,0.0,1.0,52.57246398925781,52.57246398925781,30.0,1,demand_surge,3,od_ab,4,1,685.0,0.0,0.0,0.0,0.0,24.0,46.0,9.166666984558105,95.97826385498047,29.906917572021484,46.66045379638672,-16.753536224365234,0.0,0.0,0.0,0.0,0.0,93.85601676852603,4.84533965776796,7.960450930042851,13.532454160820953,10.107571036610496,7.286706086595897,-43.870000000000005,0.7805773362316228,0.21942266376837719,0.0,0.0,0.7805773362316228,0.21942266376837719,0.0,0.0,4.24646482344866,,,0,0,0,1,0,0,0,0,0,0,0,0,79,0.2743055555555555,55.166666666666664,0.9826388955116272,4.833333333333333,3.4166666666666665,3.4166666666666665,59.614936192830406,30.0,59.614936192830406,24.0
368,30.666666666666668,30.666666666666668,1,6.666666666666668,06:40,141.76352403347084,6.094821195099368,1.7021726267415276,0.0,0.0,4.0,3.0,1.0,0.0,0.0,5.0,0.0,0.0,5.0,0.0,0.0,69.0,52.29166793823242,0.0,0.0,0,24.0,24.0,0.0,0.0,1.0,52.29166793823242,52.29166793823242,30.0,1,demand_surge,3,od_ab,4,1,680.0,0.0,0.0,0.0,0.0,24.0,45.0,11.25,93.33333587646484,31.09482192993164,46.702171325683594,-15.607349395751953,0.0,0.0,0.0,0.0,0.0,96.98291121557716,4.902169290084247,8.247309689055607,13.771433210099591,10.444313515523692,7.415387113130548,-42.84,0.7816886013204972,0.21831139867950272,0.0,0.0,0.7816886013204972,0.21831139867950272,0.0,0.0,4.39264856835784,,,0,0,0,1,0,0,0,0,0,0,0,0,80,0.27777777777777785,56.5,0.9826388955116272,5.0,3.6666666666666665,3.6666666666666665,58.28347237904867,30.0,58.28347237904867,24.0
369,30.75,30.75,1,6.75,06:45,145.88549531533516,6.280718220879798,1.7429840214636365,0.0,0.0,5.0,3.0,2.0,0.0,0.0,4.0,0.0,0.0,4.0,0.0,0.0,70.0,51.07777786254883,0.0,0.0,0,24.0,24.0,0.0,0.0,1.0,51.07777786254883,51.07777786254883,30.0,1,demand_surge,3,od_ab,4,1,675.0,0.0,0.0,0.0,0.0,25.0,45.0,13.600000381469727,88.55555725097656,31.280719757080078,46.742984771728516,-15.462265014648438,0.0,0.0,0.0,0.0,0.0,100.08233471955812,4.954334571777001,8.532678956860634,13.999732163271554,10.77809758518318,7.538317318684682,-43.150000000000006,0.782770600301517,0.21722939969848304,0.0,0.0,0.782770600301517,0.21722939969848304,0.0,0.0,4.537734199416162,,,0,0,0,1,0,0,0,0,0,0,0,0,81,0.28125,58.083333333333336,0.9930555621782938,5.333333333333333,3.75,3.75,56.97214317321777,30.0,56.97214317321777,24.0
370,30.833333333333332,30.833333333333332,1,6.833333333333332,06:49,149.92678089582537,6.4633327830570275,1.78264016621337,0.0,0.0,7.0,6.0,1.0,0.0,0.0,3.0,0.0,0.0,3.0,0.0,0.0,74.0,50.2613639831543,0.0,0.0,0,24.0,24.0,0.0,0.0,1.0,50.2613639831543,50.2613639831543,30.0,1,demand_surge,3,od_ab,4,1,670.0,0.0,0.0,0.0,0.0,30.0,44.0,14.5,86.0227279663086,35.46333312988281,45.78263854980469,-10.319305419921875,0.0,0.0,0.0,0.0,0.0,103.13260317658872,5.001771710223494,8.814545939670674,14.21632682271142,11.10658803440186,7.654945212229225,-45.04,0.7838168791990644,0.21618312080093566,0.0,0.0,0.7838168791990644,0.21618312080093566,0.0,0.0,4.680692616843658,,,0,0,0,1,0,0,0,0,0,0,0,0,82,0.28472222222222215,60.166666666666664,0.996527781089147,5.75,3.6666666666666665,3.6666666666666665,55.62912782033285,30.0,55.62912782033285,24.0
371,30.916666666666668,30.916666666666668,1,6.916666666666668,06:55,153.85895082494227,6.641346056550855,1.8208962388209686,0.0,0.0,11.0,9.0,2.0,0.0,0.0,4.0,0.0,0.0,4.0,0.0,0.0,81.0,47.92536926269531,0.0,0.0,0,24.0,24.0,0.0,0.0,1.0,47.92536926269531,47.92536926269531,30.0,1,demand_surge,3,od_ab,4,1,665.0,0.0,0.0,0.0,0.0,37.0,44.0,13.91891860961914,81.93181610107422,43.6413459777832,45.82089614868164,-2.1795501708984375,0.0,0.0,0.0,0.0,0.0,106.11117069818246,5.044501859276852,9.09080426264217,14.420326154273736,11.427356844419648,7.764791006147396,-48.24,0.7848210704369865,0.21517892956301368,0.0,0.0,0.7848210704369865,0.21517892956301368,0.0,0.0,4.8204498177298865,,,0,0,0,1,0,0,0,0,0,0,0,0,83,0.2881944444444445,63.083333333333336,1.0,6.5,3.5833333333333335,3.5833333333333335,54.455336252848305,30.0,54.455336252848305,24.0
372,31.0,31.0,1,7.0,07:00,157.65314811758194,6.813411537838303,1.8575116086287022,0.0,0.0,9.0,8.0,1.0,0.0,0.0,5.0,0.0,0.0,5.0,0.0,0.0,85.0,46.07558059692383,0.0,0.0,0,24.0,24.0,0.0,0.0,1.0,46.07558059692383,46.07558059692383,30.0,1,demand_surge,3,od_ab,4,1,660.0,0.0,0.0,0.0,0.0,43.0,42.0,14.651163101196289,77.5,49.813411712646484,44.857513427734375,4.955898284912109,0.0,0.0,0.0,0.0,0.0,108.99490080527579,5.082628227402704,9.359280696245786,14.610976896258155,11.737912394414314,7.867449097985159,-49.67,0.785776949322224,0.214223050677776,0.0,0.0,0.785776949322224,0.214223050677776,0.0,0.0,4.9558999292096,,,0,0,0,1,0,0,0,0,0,0,0,0,84,0.2916666666666667,66.16666666666667,1.0,6.75,3.6666666666666665,3.6666666666666665,53.2550745010376,30.0,53.2550745010376,24.0
373,31.083333333333332,31.083333333333332,1,7.083333333333332,07:04,161.28045010206915,6.978172336915357,1.8922524186984448,0.0,0.0,8.0,5.0,3.0,0.0,0.0,4.0,0.0,0.0,4.0,0.0,0.0,89.0,45.385101318359375,0.0,0.0,0,24.0,24.0,0.0,0.0,1.0,45.385101318359375,45.385101318359375,30.0,1,demand_surge,3,od_ab,4,1,655.0,0.0,0.0,0.0,0.0,45.0,44.0,16.11111068725586,74.65908813476562,52.978172302246094,44.89225387573242,8.085918426513672,0.0,0.0,0.0,0.0,0.0,111.76037009484018,5.116330393908561,9.617765446919483,14.78766380152177,12.035732164059711,7.962588200819414,-52.02000000000001,0.7866784882538009,0.21332151174619912,0.0,0.0,0.7866784882538009,0.21332151174619912,0.0,0.0,5.085919918216912,,,0,0,0,1,0,0,0,0,0,0,0,0,85,0.29513888888888884,69.33333333333333,1.0,6.833333333333333,3.6666666666666665,3.6666666666666665,52.014018058776855,30.0,52.014018058776855,24.0
374,31.166666666666668,31.166666666666668,1,7.166666666666668,07:10,164.71225397686948,7.13427985124138,1.9248941174864425,0.0,0.0,11.0,8.0,3.0,0.0,0.0,2.0,0.0,0.0,2.0,0.0,0.0,98.0,44.89130401611328,0.0,0.0,0,24.0,24.0,0.0,0.0,1.0,44.89130401611328,44.89130401611328,30.0,1,demand_surge,3,od_ab,4,1,650.0,0.0,0.0,0.0,0.0,52.0,46.0,17.5,72.28260803222656,58.134281158447266,46.92489242553711,11.209388732910156,0.0,0.0,0.0,0.0,0.0,114.38419935312038,5.145855978370322,9.864045476066082,14.949905605334841,12.3182983918745,8.049949172103375,-57.17000000000001,0.7875199080919344,0.21248009190806552,0.0,0.0,0.7875199080919344,0.21248009190806552,0.0,0.0,5.209385733754937,,,0,0,0,1,0,0,0,0,0,0,0,0,86,0.29861111111111116,73.08333333333333,1.0,7.333333333333333,3.5833333333333335,3.5833333333333335,50.83771483103434,30.0,50.83771483103434,24.0
375,31.25,31.25,1,7.25,07:15,167.92067962682611,7.280413475328663,1.9552239041467732,0.0,0.0,11.0,8.0,3.0,0.0,0.0,5.0,0.0,0.0,5.0,0.0,0.0,104.0,43.06830596923828,0.0,0.0,0,24.0,24.0,0.0,0.0,1.0,43.06830596923828,43.06830596923828,30.0,1,demand_surge,3,od_ab,4,1,645.0,0.0,0.0,0.0,0.0,57.0,47.0,18.157894134521484,67.97872161865234,65.28041076660156,48.955223083496094,16.32518768310547,0.0,0.0,0.0,0.0,0.0,116.84340581070087,5.171509931677949,10.095940163696243,15.097347011739123,12.58313601038317,8.129340698628758,-59.86000000000001,0.7882957262384607,0.2117042737615393,0.0,0.0,0.7882957262384607,0.2117042737615393,0.0,0.0,5.325189571181889,,,0,0,0,1,0,0,0,0,0,0,0,0,87,0.3020833333333333,77.25,1.0,8.0,3.8333333333333335,3.8333333333333335,49.398962338765465,30.0,49.398962338765465,24.0
376,31.333333333333332,31.333333333333332,1,7.333333333333332,07:19,170.87898176176756,7.415300942516716,1.9830430543804987,0.0,0.0,10.0,7.0,3.0,0.0,0.0,4.0,0.0,0.0,4.0,0.0,0.0,110.0,39.986412048339844,0.0,0.0,0,24.0,24.0,0.0,0.0,1.0,39.986412048339844,39.986412048339844,30.0,1,demand_surge,3,od_ab,4,1,640.0,0.0,0.0,0.0,0.0,64.0,46.0,20.625,59.34782791137695,69.41529846191406,49.9830436706543,19.432254791259766,0.0,0.0,0.0,0.0,0.0,119.11576908965702,5.193641833361131,10.311338500762101,15.229747183415741,12.827852055809217,8.200633098762323,-62.6,0.7890008010948328,0.2109991989051671,0.0,0.0,0.7890008010948328,0.2109991989051671,0.0,0.0,5.432257888136217,,,0,0,0,1,0,0,0,0,0,0,0,0,88,0.3055555555555555,81.5,1.0,8.083333333333334,3.8333333333333335,3.8333333333333335,48.154113133748375,30.0,48.154113133748375,24.0
377,31.416666666666668,31.416666666666668,1,7.416666666666668,07:25,173.5619626484733,7.537738848632769,2.008169097033261,0.0,0.0,9.0,7.0,2.0,0.0,0.0,4.0,0.0,0.0,4.0,0.0,0.0,115.0,39.099205017089844,0.0,0.0,0,24.0,24.0,0.0,0.0,1.0,39.099205017089844,39.099205017089844,30.0,1,demand_surge,3,od_ab,4,1,635.0,0.0,0.0,0.0,0.0,70.0,45.0,22.64285659790039,55.55555725097656,76.53773498535156,48.00817108154297,28.529563903808594,0.0,0.0,0.0,0.0,0.0,121.18020244337723,5.2126316823649725,10.508236884970351,15.346965393508064,13.050175647748315,8.263750596504341,-65.17,0.7896303726724081,0.21036962732759187,0.0,0.0,0.7896303726724081,0.21036962732759187,0.0,0.0,5.529569751599508,,,0,0,0,1,0,0,0,0,0,0,0,0,89,0.30902777777777785,86.08333333333333,1.0,8.25,3.6666666666666665,3.6666666666666665,47.09293556213379,30.0,47.09293556213379,24.0
378,31.5,31.5,1,7.5,07:30,175.9463761585383,7.646612873438141,2.0304378152814664,0.0,0.0,7.0,5.0,2.0,0.0,0.0,4.0,0.0,0.0,4.0,0.0,0.0,118.0,40.28532409667969,0.0,0.0,0,24.0,24.0,0.0,0.0,1.0,40.28532409667969,40.28532409667969,30.0,1,demand_surge,3,od_ab,4,1,630.0,0.0,0.0,0.0,0.0,72.0,46.0,24.375,56.19565200805664,80.64661407470703,47.03043746948242,33.61617660522461,0.0,0.0,0.0,0.0,0.0,123.01712019125503,5.228874751010629,10.68477651545575,15.448944642143122,13.247997559058234,8.318662499615527,-67.17999999999999,0.7901800992271005,0.20981990077289947,0.0,0.0,0.7901800992271005,0.20981990077289947,0.0,0.0,5.616175058156674,,,0,0,0,1,0,0,0,0,0,0,0,0,90,0.3125,90.25,1.0,8.083333333333334,3.9166666666666665,3.9166666666666665,46.076656341552734,30.0,46.076656341552734,24.0
379,31.583333333333332,31.583333333333332,1,7.583333333333332,07:34,178.0113135881236,7.740917197290133,2.049705050056666,0.0,0.0,13.0,10.0,3.0,0.0,0.0,3.0,0.0,0.0,3.0,0.0,0.0,128.0,40.9713249206543,0.0,0.0,0,24.0,24.0,0.0,0.0,1.0,40.9713249206543,40.9713249206543,30.0,1,demand_surge,3,od_ab,4,1,625.0,0.0,0.0,0.0,0.0,79.0,49.0,24.493671417236328,57.448978424072266,87.74092102050781,49.049705505371094,38.69121551513672,0.0,0.0,0.0,0.0,0.0,124.60879185035367,5.242766129140968,10.839279337876015,15.535694146464673,13.41940835311501,8.365373771173283,-73.10000000000001,0.790646089873182,0.2093539101268179,0.0,0.0,0.790646089873182,0.2093539101268179,0.0,0.0,5.691212147233467,,,0,0,0,1,0,0,0,0,0,0,0,0,91,0.31597222222222215,95.08333333333333,1.0,8.75,3.9166666666666665,3.9166666666666665,45.10989475250244,30.0,45.10989475250244,24.0
380,31.666666666666668,31.666666666666668,1,7.666666666666668,07:40,179.73856174850042,7.819772608996805,2.065848287170717,0.0,0.0,9.0,5.0,4.0,0.0,0.0,2.0,0.0,0.0,2.0,0.0,0.0,135.0,41.70354461669922,0.0,0.0,0,24.0,24.0,0.0,0.0,1.0,41.70354461669922,41.70354461669922,30.0,1,demand_surge,3,od_ab,4,1,620.0,0.0,0.0,0.0,0.0,83.0,52.0,27.349397659301758,56.05769348144531,89.81977081298828,53.06584930419922,36.75392150878906,0.0,0.0,0.0,0.0,0.0,125.93967339916212,5.254685613312453,10.970281487473384,15.607271673617749,13.562734058371305,8.403915516563401,-77.57000000000001,0.7910249331964967,0.2089750668035034,0.0,0.0,0.7910249331964967,0.2089750668035034,0.0,0.0,5.753924321826089,,,0,0,0,1,0,0,0,0,0,0,0,0,92,0.3194444444444445,100.58333333333333,1.0,9.166666666666666,3.6666666666666665,3.6666666666666665,44.22755114237467,30.0,44.22755114237467,24.0
381,31.75,31.75,1,7.75,07:45,181.112924193239,7.882442817354682,2.078768013273463,0.0,0.0,12.0,9.0,3.0,0.0,0.0,4.0,0.0,0.0,4.0,0.0,0.0,143.0,41.55293273925781,0.0,0.0,0,24.0,24.0,0.0,0.0,1.0,41.55293273925781,41.55293273925781,30.0,1,demand_surge,3,od_ab,4,1,615.0,0.0,0.0,0.0,0.0,90.0,53.0,28.38888931274414,54.71697998046875,97.8824462890625,55.07876968383789,42.80367660522461,0.0,0.0,0.0,0.0,0.0,126.99670639466702,5.264983591820883,11.07656321577825,15.663766696505665,13.676568380964138,8.434335913503048,-81.91000000000001,0.7913137219341057,0.2086862780658943,0.0,0.0,0.7913137219341057,0.2086862780658943,0.0,0.0,5.8036748040812185,,,0,0,0,1,0,0,0,0,0,0,0,0,93,0.3229166666666667,106.66666666666667,1.0,9.75,3.6666666666666665,3.6666666666666665,43.43381404876709,30.0,43.43381404876709,24.0
382,31.833333333333332,31.833333333333332,1,7.833333333333332,07:49,182.1224971388845,7.928348513456735,2.088388829181913,0.0,0.0,9.0,7.0,2.0,0.0,0.0,3.0,0.0,0.0,3.0,0.0,0.0,149.0,42.57665252685547,0.0,0.0,0,24.0,24.0,0.0,0.0,1.0,42.57665252685547,42.57665252685547,30.0,1,demand_surge,3,od_ab,4,1,610.0,0.0,0.0,0.0,0.0,96.0,53.0,30.625,54.52830123901367,102.9283447265625,55.0883903503418,47.8399543762207,0.0,0.0,0.0,0.0,0.0,127.76957630641667,5.273968539615659,11.157174367126988,15.705285310272211,13.759800525306408,8.456692090146573,-85.76,0.7915100738149353,0.20848992618506473,0.0,0.0,0.7915100738149353,0.20848992618506473,0.0,0.0,5.839959684274822,,,0,0,0,1,0,0,0,0,0,0,0,0,94,0.32638888888888884,112.91666666666667,1.0,9.916666666666666,3.6666666666666665,3.6666666666666665,42.79342142740885,30.0,42.79342142740885,24.0
383,31.916666666666668,31.916666666666668,1,7.916666666666668,07:55,182.75889263588184,7.957078782790424,2.094660312183078,0.0,0.0,10.0,7.0,3.0,0.0,0.0,4.0,0.0,0.0,4.0,0.0,0.0,155.0,42.857994079589844,0.0,0.0,0,24.0,24.0,0.0,0.0,1.0,42.857994079589844,42.857994079589844,30.0,1,demand_surge,3,od_ab,4,1,605.0,0.0,0.0,0.0,0.0,101.0,54.0,32.47524642944336,53.24074172973633,108.95707702636719,56.094661712646484,52.8624153137207,0.0,0.0,0.0,0.0,0.0,128.25092241573205,5.281896668959119,11.211454592008762,15.73193775436701,13.811637798617298,8.47104340619762,-89.31,0.7916121486648475,0.20838785133515242,0.0,0.0,0.7916121486648475,0.20838785133515242,0.0,0.0,5.862418470607346,,,0,0,0,1,0,0,0,0,0,0,0,0,95,0.32986111111111116,119.08333333333333,1.0,9.833333333333334,3.6666666666666665,3.6666666666666665,42.37114016215006,30.0,42.37114016215006,24.0
384,32.0,32.0,1,8.0,08:00,183.01740282533194,7.968399533804788,2.0975576215884706,0.0,0.0,10.0,9.0,1.0,0.0,0.0,7.0,0.0,0.0,7.0,0.0,0.0,158.0,43.38544464111328,0.0,0.0,0,24.0,24.0,0.0,0.0,1.0,43.38544464111328,43.38544464111328,30.0,1,demand_surge,3,od_ab,4,1,600.0,0.0,0.0,0.0,0.0,105.0,53.0,32.71428680419922,54.056602478027344,115.96839904785156,55.097557067871094,60.87084197998047,0.0,0.0,0.0,0.0,0.0,128.43649292299256,5.288964185123834,11.239047641202497,15.743829244799029,13.831622314783813,8.477446516430247,-90.80000000000001,0.7916186618711549,0.20838133812884513,0.0,0.0,0.7916186618711549,0.20838133812884513,0.0,0.0,5.870841912216317,,,0,0,0,1,0,0,0,0,0,0,0,0,96,0.3333333333333333,125.16666666666667,1.0,9.916666666666666,3.8333333333333335,3.8333333333333335,42.14696216583252,30.0,42.14696216583252,24.0
385,32.083333333333336,32.083333333333336,1,8.083333333333336,08:05,182.89710063103652,7.962258690604208,2.0970818441028016,0.0,0.0,7.0,6.0,1.0,0.0,0.0,1.0,0.0,0.0,1.0,0.0,0.0,164.0,46.13972473144531,0.0,0.0,0,24.0,24.0,0.0,0.0,1.0,46.13972473144531,46.13972473144531,30.0,1,demand_surge,3,od_ab,4,1,595.0,0.0,0.0,0.0,0.0,111.0,53.0,35.67567443847656,56.60377502441406,116.9622573852539,54.09708023071289,62.865177154541016,0.0,0.0,0.0,0.0,0.0,128.32524046308038,5.2953024763446095,11.239909271413737,15.741054640712951,13.819641280639424,8.475952498845436,-95.72000000000001,0.7915288942781693,0.20847110572183067,0.0,0.0,0.7915288942781693,0.20847110572183067,0.0,0.0,5.865176846501406,,,0,0,0,1,0,0,0,0,0,0,0,0,97,0.33680555555555564,131.41666666666666,1.0,9.833333333333334,3.5833333333333335,3.5833333333333335,42.20984745025635,30.0,42.20984745025635,24.0
386,32.166666666666664,32.166666666666664,1,8.166666666666664,08:09,182.4008739295847,7.938787988631441,2.0932600774957155,0.0,0.0,13.0,12.0,1.0,0.0,0.0,4.0,0.0,0.0,4.0,0.0,0.0,173.0,46.460540771484375,0.0,0.0,0,24.0,24.0,0.0,0.0,1.0,46.460540771484375,46.460540771484375,30.0,1,demand_surge,3,od_ab,4,1,590.0,0.0,0.0,0.0,0.0,122.0,51.0,36.35245895385742,56.568626403808594,128.93878173828125,54.09326171875,74.84552001953125,0.0,0.0,0.0,0.0,0.0,127.9193549868239,5.300976429984085,11.21430850162175,15.723697258173036,13.775930537042573,8.466606215939326,-100.64,0.7913426985499071,0.2086573014500929,0.0,0.0,0.7913426985499071,0.2086573014500929,0.0,0.0,5.845527911135726,,,0,0,0,1,0,0,0,0,0,0,0,0,98,0.3402777777777777,137.66666666666666,1.0,10.0,3.75,3.75,42.340617179870605,30.0,42.340617179870605,24.0
387,32.25,32.25,1,8.25,08:15,181.5353920492213,7.898301310008386,2.0861452526987865,0.0,0.0,12.0,11.0,1.0,0.0,0.0,2.0,0.0,0.0,2.0,0.0,0.0,183.0,48.365638732910156,0.0,0.0,0,24.0,24.0,0.0,0.0,1.0,48.365638732910156,48.365638732910156,30.0,1,demand_surge,3,od_ab,4,1,585.0,0.0,0.0,0.0,0.0,132.0,51.0,37.6136360168457,59.117645263671875,138.89830017089844,52.086143493652344,86.8121566772461,0.0,0.0,0.0,0.0,0.0,127.22423285213904,5.305985919849097,11.162822180228467,15.691831913403329,13.701071230230356,8.449447953371022,-107.16,0.7910605019920952,0.2089394980079047,0.0,0.0,0.7910605019920952,0.2089394980079047,0.0,0.0,5.8121560573096,,,0,0,0,1,0,0,0,0,0,0,0,0,99,0.34375,144.25,1.0,10.083333333333334,3.5,3.5,42.78206157684326,30.0,42.78206157684326,24.0
388,32.333333333333336,32.333333333333336,1,8.333333333333336,08:20,180.31100530038202,7.8412895956404,2.075815695880611,0.0,0.0,7.0,7.0,0.0,0.0,0.0,6.0,0.0,0.0,6.0,0.0,0.0,184.0,49.53641891479492,0.0,0.0,0,24.0,24.0,0.0,0.0,1.0,49.53641891479492,49.53641891479492,30.0,1,demand_surge,3,od_ab,4,1,580.0,0.0,0.0,0.0,0.0,137.0,47.0,39.81752014160156,59.25531768798828,144.84129333496094,51.0758171081543,93.76547241210938,0.0,0.0,0.0,0.0,0.0,126.24838290318516,5.310270360842505,11.08632304619885,15.645532040378109,13.595979697266094,8.424517252511288,-107.78,0.7906833057772004,0.20931669422279955,0.0,0.0,0.7906833057772004,0.20931669422279955,0.0,0.0,5.7654738997597885,,,0,0,0,1,0,0,0,0,0,0,0,0,100,0.3472222222222223,150.41666666666666,1.0,9.833333333333334,3.6666666666666665,3.6666666666666665,43.57789548238119,30.0,43.57789548238119,24.0
389,32.416666666666664,32.416666666666664,1,8.416666666666664,08:24,178.74158006442022,7.76841247015533,2.062374433387781,0.0,0.0,10.0,8.0,2.0,0.0,0.0,5.0,0.0,0.0,5.0,0.0,0.0,189.0,50.24348449707031,0.0,0.0,0,24.0,24.0,0.0,0.0,1.0,50.24348449707031,50.24348449707031,30.0,1,demand_surge,3,od_ab,4,1,575.0,0.0,0.0,0.0,0.0,142.0,47.0,41.33802795410156,59.1489372253418,150.76841735839844,49.062374114990234,101.70603942871094,0.0,0.0,0.0,0.0,0.0,125.00327221735702,5.31371608477707,10.985961682333535,15.584880496754192,13.46189085417691,8.391858729021486,-111.2,0.7902126804676765,0.20978731953232363,0.0,0.0,0.7902126804676765,0.20978731953232363,0.0,0.0,5.706038036767549,,,0,0,0,1,0,0,0,0,0,0,0,0,101,0.35069444444444436,156.58333333333334,1.0,9.916666666666666,3.75,3.75,44.506585439046226,30.0,44.506585439046226,24.0
390,32.5,32.5,1,8.5,08:30,176.8442736911535,7.6804868092206044,2.045948243792838,0.0,0.0,13.0,8.0,5.0,0.0,0.0,2.0,0.0,0.0,2.0,0.0,0.0,200.0,50.14409637451172,0.0,0.0,0,24.0,24.0,0.0,0.0,1.0,50.14409637451172,50.14409637451172,30.0,1,demand_surge,3,od_ab,4,1,570.0,0.0,0.0,0.0,0.0,149.0,51.0,43.52349090576172,56.764705657958984,155.68048095703125,52.04594802856445,103.63453674316406,0.0,0.0,0.0,0.0,0.0,123.50311598837297,5.316166162897709,10.863142955664703,15.509983460555675,13.300335567978628,8.351529555683824,-118.46,0.789650757688557,0.21034924231144303,0.0,0.0,0.789650757688557,0.21034924231144303,0.0,0.0,5.634538565427766,,,0,0,0,1,0,0,0,0,0,0,0,0,102,0.3541666666666667,163.41666666666666,1.0,10.416666666666666,3.5833333333333335,3.5833333333333335,45.32814979553223,30.0,45.32814979553223,24.0
391,32.583333333333336,32.583333333333336,1,8.583333333333336,08:35,174.63925501471024,7.57847256303536,2.0266864627737027,0.0,0.0,10.0,7.0,3.0,0.0,0.0,4.0,0.0,0.0,4.0,0.0,0.0,206.0,51.24830627441406,0.0,0.0,0,24.0,24.0,0.0,0.0,1.0,51.24830627441406,51.24830627441406,30.0,1,demand_surge,3,od_ab,4,1,565.0,0.0,0.0,0.0,0.0,153.0,53.0,45.32679748535156,57.1698112487793,161.57847595214844,54.02668762207031,107.55178833007812,0.0,0.0,0.0,0.0,0.0,121.76461761541083,5.31743219319723,10.719497709764305,15.420986639540873,13.113112666275011,8.303608190522008,-122.43,0.7890002177654742,0.21099978223452587,0.0,0.0,0.7890002177654742,0.21099978223452587,0.0,0.0,5.5517861002616575,,,0,0,0,1,0,0,0,0,0,0,0,0,103,0.357638888888889,169.91666666666666,1.0,10.166666666666666,3.6666666666666665,3.6666666666666665,46.18456490834554,30.0,46.18456490834554,24.0
392,32.666666666666664,32.666666666666664,1,8.666666666666664,08:39,172.14937763365538,7.463456221588918,2.004759548262128,0.0,0.0,9.0,8.0,1.0,0.0,0.0,4.0,0.0,0.0,4.0,0.0,0.0,211.0,52.911827087402344,0.0,0.0,0,24.0,24.0,0.0,0.0,1.0,52.911827087402344,52.911827087402344,30.0,1,demand_surge,3,od_ab,4,1,560.0,0.0,0.0,0.0,0.0,159.0,52.0,47.1698112487793,58.653846740722656,166.4634552001953,54.0047607421875,112.45869445800781,0.0,0.0,0.0,0.0,0.0,119.80666641963622,5.317307489334065,10.556850609074447,15.31809287577239,12.902256383653128,8.248203856185132,-126.10000000000001,0.7882642731225308,0.21173572687746922,0.0,0.0,0.7882642731225308,0.21173572687746922,0.0,0.0,5.45869667332679,,,0,0,0,1,0,0,0,0,0,0,0,0,104,0.361111111111111,176.25,1.0,10.166666666666666,3.8333333333333335,3.8333333333333335,47.1185884475708,30.0,47.1185884475708,24.0
393,32.75,32.75,1,8.75,08:45,169.39981416982903,7.3366323640198345,1.9803574153207637,0.0,0.0,11.0,9.0,2.0,0.0,0.0,2.0,0.0,0.0,2.0,0.0,0.0,220.0,54.61529541015625,0.0,0.0,0,24.0,24.0,0.0,0.0,1.0,54.61529541015625,54.61529541015625,30.0,1,demand_surge,3,od_ab,4,1,555.0,0.0,0.0,0.0,0.0,167.0,53.0,49.04191589355469,60.18867874145508,173.33663940429688,53.9803581237793,119.35627746582031,0.0,0.0,0.0,0.0,0.0,117.65000146043317,5.315581056531689,10.37718513074135,15.201580137149517,12.670000157277416,8.185466227695894,-132.46,0.7874466472302042,0.21255335276979576,0.0,0.0,0.7874466472302042,0.21255335276979576,0.0,0.0,5.35627494869907,,,0,0,0,1,0,0,0,0,0,0,0,0,105,0.3645833333333333,182.66666666666666,1.0,10.083333333333334,3.6666666666666665,3.6666666666666665,48.20711867014567,30.0,48.20711867014567,24.0
394,32.833333333333336,32.833333333333336,1,8.833333333333336,08:50,166.4176604884471,7.199283774273894,1.9536875525906974,0.0,0.0,7.0,7.0,0.0,0.0,0.0,5.0,0.0,0.0,5.0,0.0,0.0,222.0,56.545928955078125,0.0,0.0,0,24.0,24.0,0.0,0.0,1.0,56.545928955078125,56.545928955078125,30.0,1,demand_surge,3,od_ab,4,1,550.0,0.0,0.0,0.0,0.0,172.0,50.0,51.19186019897461,61.900001525878906,179.19927978515625,52.95368576049805,126.24559020996094,0.0,0.0,0.0,0.0,0.0,115.31685063976768,5.312051720021612,10.182606751626095,15.07181885028689,12.41873776120575,8.115594765539095,-134.20000000000002,0.7865515489099707,0.2134484510900293,0.0,0.0,0.7865515489099707,0.2134484510900293,0.0,0.0,5.245596221683197,,,0,0,0,1,0,0,0,0,0,0,0,0,106,0.36805555555555564,188.75,1.0,9.916666666666666,3.8333333333333335,3.8333333333333335,49.37122503916422,30.0,49.37122503916422,24.0
395,32.916666666666664,32.916666666666664,1,8.916666666666664,08:54,163.23151931213604,7.0527606272557275,1.924972934911756,0.0,0.0,3.0,3.0,0.0,0.0,0.0,1.0,0.0,0.0,1.0,0.0,0.0,224.0,60.89253234863281,0.0,0.0,0,24.0,24.0,0.0,0.0,1.0,60.89253234863281,60.89253234863281,30.0,1,demand_surge,3,od_ab,4,1,545.0,0.0,0.0,0.0,0.0,174.0,50.0,54.88505935668945,66.9000015258789,180.05276489257812,49.92497253417969,130.12779235839844,0.0,0.0,0.0,0.0,0.0,112.8305546470933,5.306541783191769,9.97530538632955,14.929287546792404,12.150982808148509,8.038847140580524,-137.59,0.7855836418421164,0.21441635815788368,0.0,0.0,0.7855836418421164,0.21441635815788368,0.0,0.0,5.127787692343972,,,0,0,0,1,0,0,0,0,0,0,0,0,107,0.3715277777777777,194.5,1.0,9.333333333333334,3.5833333333333335,3.5833333333333335,50.87410322825114,30.0,50.87410322825114,24.0
396,33.0,33.0,1,9.0,09:00,159.8710727910332,6.8984592536695,1.8944497498373247,0.0,0.0,8.0,7.0,1.0,0.0,0.0,5.0,0.0,0.0,5.0,0.0,0.0,227.0,62.470191955566406,0.0,0.0,0,24.0,24.0,0.0,0.0,1.0,62.470191955566406,62.470191955566406,30.0,1,demand_surge,3,od_ab,4,1,540.0,0.0,0.0,0.0,0.0,178.0,49.0,56.57303237915039,68.36734771728516,185.89845275878906,50.89445114135742,135.00399780273438,0.0,0.0,0.0,0.0,0.0,110.2151853091629,5.298909633564094,9.75751809772152,14.774585866238638,11.86932764867908,7.955546235666958,-139.74,0.7845480091876565,0.21545199081234348,0.0,0.0,0.7845480091876565,0.21545199081234348,0.0,0.0,5.004009503832176,,,0,0,0,1,0,0,0,0,0,0,0,0,108,0.375,200.25,1.0,9.166666666666666,3.4166666666666665,3.4166666666666665,52.4644988377889,30.0,52.4644988377889,24.0
397,33.083333333333336,33.083333333333336,1,9.083333333333336,09:05,156.366653411604,6.737800978451921,1.8623649591862996,0.0,0.0,8.0,7.0,1.0,0.0,0.0,5.0,0.0,0.0,5.0,0.0,0.0,230.0,63.70451354980469,0.0,0.0,0,24.0,24.0,0.0,0.0,1.0,63.70451354980469,63.70451354980469,30.0,1,demand_surge,3,od_ab,4,1,535.0,0.0,0.0,0.0,0.0,183.0,47.0,58.5792350769043,68.82978820800781,189.73780822753906,49.86236572265625,139.8754425048828,0.0,0.0,0.0,0.0,0.0,107.49516758580937,5.2890607813536965,9.531493028309026,14.608444079479098,11.576402663087162,7.866085273565667,-142.31,0.7834501133244712,0.21654988667552882,0.0,0.0,0.7834501133244712,0.21654988667552882,0.0,0.0,4.875436019265622,,,0,0,0,1,0,0,0,0,0,0,0,0,109,0.3784722222222223,205.75,1.0,9.25,3.75,3.75,53.92823123931885,30.0,53.92823123931885,24.0
398,33.166666666666664,33.166666666666664,1,9.166666666666664,09:09,152.7488221632174,6.572211498575596,1.8289737204013612,0.0,0.0,12.0,10.0,2.0,0.0,0.0,4.0,0.0,0.0,4.0,0.0,0.0,238.0,64.17845153808594,0.0,0.0,0,24.0,24.0,0.0,0.0,1.0,64.17845153808594,64.17845153808594,30.0,1,demand_surge,3,od_ab,4,1,530.0,0.0,0.0,0.0,0.0,191.0,47.0,59.633506774902344,68.72340393066406,197.57220458984375,48.82897186279297,148.74322509765625,0.0,0.0,0.0,0.0,0.0,104.69491382594883,5.276956902662412,9.299455394395663,14.431728458320407,11.27483687356372,7.770930708326372,-147.74,0.782295750810255,0.2177042491897449,0.0,0.0,0.782295750810255,0.2177042491897449,0.0,0.0,4.743237778174235,,,0,0,0,1,0,0,0,0,0,0,0,0,110,0.38194444444444436,211.16666666666666,1.0,9.166666666666666,3.75,3.75,55.40472380320231,30.0,55.40472380320231,24.0
399,33.25,33.25,1,9.25,09:15,149.04796216971258,6.403101223148313,1.7945366961858786,0.0,0.0,5.0,5.0,0.0,0.0,0.0,3.0,0.0,0.0,3.0,0.0,0.0,240.0,67.4770278930664,0.0,0.0,0,24.0,24.0,0.0,0.0,1.0,67.4770278930664,67.4770278930664,30.0,1,demand_surge,3,od_ab,4,1,525.0,0.0,0.0,0.0,0.0,194.0,46.0,62.345359802246094,72.60869598388672,200.40310668945312,46.79453659057617,153.6085662841797,0.0,0.0,0.0,0.0,0.0,101.83847801201553,5.262622561454151,9.06357625241429,14.245442012647503,10.967220708986288,7.670622622194808,-150.47,0.7810910028175982,0.2189089971824018,0.0,0.0,0.7810910028175982,0.2189089971824018,0.0,0.0,4.608564526962434,,,0,0,0,1,0,0,0,0,0,0,0,0,111,0.3854166666666667,215.91666666666666,1.0,8.583333333333334,3.8333333333333335,3.8333333333333335,56.99733956654867,30.0,56.99733956654867,24.0
400,33.333333333333336,33.333333333333336,1,9.333333333333336,09:20,145.29389507762224,6.2318469447565645,1.75931728451266,0.0,0.0,11.0,7.0,4.0,0.0,0.0,2.0,0.0,0.0,2.0,0.0,0.0,249.0,67.49056243896484,0.0,0.0,0,24.0,24.0,0.0,0.0,1.0,67.49056243896484,67.49056243896484,30.0,1,demand_surge,3,od_ab,4,1,520.0,0.0,0.0,0.0,0.0,200.0,49.0,64.67500305175781,70.30612182617188,205.23184204101562,49.759315490722656,155.4725341796875,0.0,0.0,0.0,0.0,0.0,98.94923662941062,5.246149395049608,8.825944596056974,14.050720333059541,10.65607163701345,7.56577248703206,-156.96000195312502,0.7798421814347387,0.2201578185652613,0.0,0.0,0.7798421814347387,0.2201578185652613,0.0,0.0,4.472529660243905,,,0,0,0,1,0,0,0,0,0,0,0,0,112,0.388888888888889,221.33333333333334,1.0,8.916666666666666,3.5,3.5,58.49351819356283,30.0,58.49351819356283,24.0
401,33.416666666666664,33.416666666666664,1,9.416666666666664,09:24,141.5155264235452,6.059775148837452,1.7235788044575342,0.0,0.0,13.0,11.0,2.0,0.0,0.0,4.0,0.0,0.0,4.0,0.0,0.0,258.0,67.69139099121094,0.0,0.0,0,24.0,24.0,0.0,0.0,1.0,67.69139099121094,67.69139099121094,30.0,1,demand_surge,3,od_ab,4,1,515.0,0.0,0.0,0.0,0.0,209.0,49.0,65.38277435302734,70.0,215.0597686767578,50.72357940673828,164.336181640625,0.0,0.0,0.0,0.0,0.0,96.0496015599608,5.227697660703646,8.588543182311113,13.848822504173011,10.343803244918854,7.4570582714777744,-162.69000000000003,0.7785557723829483,0.2214442276170517,0.0,0.0,0.7785557723829483,0.2214442276170517,0.0,0.0,4.336196344379918,,,0,0,0,1,0,0,0,0,0,0,0,0,113,0.392361111111111,227.08333333333334,1.0,9.166666666666666,3.4166666666666665,3.4166666666666665,59.947510401407875,30.0,59.947510401407875,24.0
402,33.5,33.5,1,9.5,09:30,137.74052503332973,5.88814720061332,1.6875816762198146,0.0,0.0,6.0,5.0,1.0,0.0,0.0,8.0,0.0,0.0,8.0,0.0,0.0,256.0,67.59663391113281,0.0,0.0,0,24.0,24.0,0.0,0.0,1.0,67.59663391113281,67.59663391113281,30.0,1,demand_surge,3,od_ab,4,1,510.0,0.0,0.0,0.0,0.0,211.0,45.0,67.74881744384766,67.44444274902344,217.88815307617188,49.68758010864258,168.20057678222656,0.0,0.0,0.0,0.0,0.0,93.16076907688807,5.207495150094981,8.353228322581247,13.641117279065357,10.032698208280252,7.345216996419807,-161.76,0.7772383748604701,0.2227616251395299,0.0,0.0,0.7772383748604701,0.2227616251395299,0.0,0.0,4.200565524393506,,,0,0,0,1,0,0,0,0,0,0,0,0,114,0.3958333333333333,231.75,1.0,8.583333333333334,3.9166666666666665,3.9166666666666665,61.40188852945963,30.0,61.40188852945963,24.0
403,33.583333333333336,33.583333333333336,1,9.583333333333336,09:35,133.99504028792637,5.7181465798755715,1.651580635960379,0.0,0.0,13.0,10.0,3.0,0.0,0.0,4.0,0.0,0.0,4.0,0.0,0.0,265.0,67.123779296875,0.0,0.0,0,24.0,24.0,0.0,0.0,1.0,67.123779296875,67.123779296875,30.0,1,demand_surge,3,od_ab,4,1,505.0,0.0,0.0,0.0,0.0,219.0,46.0,68.81278228759766,65.43478393554688,224.7181396484375,47.651580810546875,177.06655883789062,0.0,0.0,0.0,0.0,0.0,90.30250767430152,5.1858335792827175,8.121713719494581,13.429064917449804,9.724885441847855,7.231034955549894,-168.16,0.7758966393747262,0.22410336062527378,0.0,0.0,0.7758966393747262,0.22410336062527378,0.0,0.0,4.066565943915192,,,0,0,0,1,0,0,0,0,0,0,0,0,115,0.39930555555555564,236.66666666666666,1.0,8.833333333333334,3.9166666666666665,3.9166666666666665,62.72484461466471,30.0,62.72484461466471,24.0
404,33.666666666666664,33.666666666666664,1,9.666666666666664,09:39,130.30345987489062,5.550868265578906,1.6158220275400785,0.0,0.0,6.0,6.0,0.0,0.0,0.0,2.0,0.0,0.0,2.0,0.0,0.0,269.0,70.37004089355469,0.0,0.0,0,24.0,24.0,0.0,0.0,1.0,70.37004089355469,70.37004089355469,30.0,1,demand_surge,3,od_ab,4,1,500.0,0.0,0.0,0.0,0.0,224.0,45.0,71.51786041259766,69.22222137451172,228.55087280273438,45.615821838378906,182.93505859375,0.0,0.0,0.0,0.0,0.0,87.49298615346481,5.163062649956305,7.895558287539637,13.214195278811886,9.422321585757746,7.115335919360245,-172.47000000000003,0.774537204559894,0.22546279544010595,0.0,0.0,0.774537204559894,0.22546279544010595,0.0,0.0,3.9350462380388276,,,0,0,0,1,0,0,0,0,0,0,0,0,116,0.4027777777777777,241.5,1.0,8.583333333333334,3.75,3.75,64.17969576517741,30.0,64.17969576517741,24.0
405,33.75,33.75,1,9.75,09:45,126.68820947534506,5.387310307418738,1.5805412137252406,0.0,0.0,7.0,4.0,3.0,0.0,0.0,5.0,0.0,0.0,5.0,0.0,0.0,271.0,71.0685806274414,0.0,0.0,0,24.0,24.0,0.0,0.0,1.0,71.0685806274414,71.0685806274414,30.0,1,demand_surge,3,od_ab,4,1,495.0,0.0,0.0,0.0,0.0,224.0,47.0,73.83928680419922,68.2978744506836,231.38731384277344,47.58053970336914,183.80677795410156,0.0,0.0,0.0,0.0,0.0,84.74864216093236,5.139582050922924,7.676157771863582,12.998082918291761,9.126776848100407,6.998967725234024,-174.4,0.7731666340866936,0.22683336591330638,0.0,0.0,0.7731666340866936,0.22683336591330638,0.0,0.0,3.8067690936934975,,,0,0,0,1,0,0,0,0,0,0,0,0,117,0.40625,245.75,1.0,8.25,4.0,4.0,65.55080286661784,30.0,65.55080286661784,24.0
406,33.833333333333336,33.833333333333336,1,9.833333333333336,09:50,123.16959475158798,5.228367562508911,1.5459601488284267,0.0,0.0,3.0,3.0,0.0,0.0,0.0,2.0,0.0,0.0,2.0,0.0,0.0,272.0,74.71719360351562,0.0,0.0,0,24.0,24.0,0.0,0.0,1.0,74.71719360351562,74.71719360351562,30.0,1,demand_surge,3,od_ab,4,1,490.0,0.0,0.0,0.0,0.0,226.0,46.0,77.47787475585938,71.9565200805664,230.22836303710938,46.54595947265625,183.68240356445312,0.0,0.0,0.0,0.0,0.0,82.08409027102867,5.115831725275236,7.464739878352483,12.782320051033517,8.83982510611078,6.882787719787278,-177.34000000000003,0.7717913548467477,0.22820864515325234,0.0,0.0,0.7717913548467477,0.22820864515325234,0.0,0.0,3.682407413680484,,,0,0,0,1,0,0,0,0,0,0,0,0,118,0.4097222222222223,249.91666666666666,1.0,7.916666666666667,3.75,3.75,67.0650749206543,30.0,67.0650749206543,24.0
407,33.916666666666664,33.916666666666664,1,9.916666666666664,09:54,119.76568503019843,5.074827523657523,1.5122851530033905,0.0,0.0,4.0,4.0,0.0,0.0,0.0,4.0,0.0,0.0,4.0,0.0,0.0,272.0,77.86637115478516,0.0,0.0,0,24.0,24.0,0.0,0.0,1.0,77.86637115478516,77.86637115478516,30.0,1,demand_surge,3,od_ab,4,1,485.0,0.0,0.0,0.0,0.0,227.0,45.0,80.06607818603516,75.66666412353516,233.0748291015625,45.51228332519531,187.5625457763672,0.0,0.0,0.0,0.0,0.0,79.5120677578186,5.092280768256905,7.262362551959801,12.568488325858738,8.562838066226616,6.767647560077781,-178.66,0.7704175976279206,0.22958240237207936,0.0,0.0,0.7704175976279206,0.22958240237207936,0.0,0.0,3.562542370654132,,,0,0,0,1,0,0,0,0,0,0,0,0,119,0.41319444444444436,253.91666666666666,1.0,8.0,4.0,4.0,68.47956148783366,30.0,68.47956148783366,24.0
408,34.0,34.0,1,10.0,10:00,116.49223724047889,4.927368122726475,1.4797049254998647,0.0,0.0,5.0,4.0,1.0,0.0,0.0,4.0,0.0,0.0,4.0,0.0,0.0,273.0,78.40367889404297,0.0,0.0,0,24.0,24.0,0.0,0.0,1.0,78.40367889404297,78.40367889404297,30.0,1,demand_surge,3,od_ab,4,1,480.0,0.0,0.0,0.0,0.0,231.0,42.0,83.59307098388672,73.21428680419922,233.9273681640625,45.479705810546875,188.44766235351562,0.0,0.0,0.0,0.0,0.0,77.04341542967218,5.069415344178243,7.069914989996597,12.358130379733659,8.296983200118541,6.654377896779661,-180.77,0.7690513414843165,0.23094865851568358,0.0,0.0,0.7690513414843165,0.23094865851568358,0.0,0.0,3.44766319722661,,,0,0,0,1,0,0,0,0,0,0,0,0,120,0.4166666666666667,257.75,1.0,7.75,3.9166666666666665,3.9166666666666665,69.80735206604004,30.0,69.80735206604004,24.0
409,34.083333333333336,34.083333333333336,1,10.083333333333336,10:05,113.36265798057218,4.786557358781391,1.448388830150079,0.0,0.0,7.0,4.0,3.0,0.0,0.0,6.0,0.0,0.0,6.0,0.0,0.0,274.0,77.20545959472656,0.0,0.0,0,24.0,24.0,0.0,0.0,1.0,77.20545959472656,77.20545959472656,30.0,1,demand_surge,3,od_ab,4,1,475.0,0.0,0.0,0.0,0.0,232.0,42.0,86.07758331298828,68.33333587646484,237.78656005859375,44.448387145996094,193.33816528320312,0.0,0.0,0.0,0.0,0.0,74.68709031201617,5.047726019275955,6.8881209521690865,12.152722131281,8.043225110524817,6.543773455305153,-181.98000000000002,0.7676982629422981,0.23230173705770188,0.0,0.0,0.7676982629422981,0.23230173705770188,0.0,0.0,3.3381685286313125,,,0,0,0,1,0,0,0,0,0,0,0,0,121,0.420138888888889,261.4166666666667,1.0,7.666666666666667,4.0,4.0,70.93243090311687,30.0,70.93243090311687,24.0
410,34.166666666666664,34.166666666666664,1,10.166666666666664,10:09,110.3880010475006,4.6528545763053835,1.4184854813071492,0.0,0.0,8.0,5.0,3.0,0.0,0.0,2.0,0.0,0.0,2.0,0.0,0.0,280.0,77.82646179199219,0.0,0.0,0,24.0,24.0,0.0,0.0,1.0,77.82646179199219,77.82646179199219,30.0,1,demand_surge,3,od_ab,4,1,470.0,0.0,0.0,0.0,0.0,236.0,44.0,88.83474731445312,66.81818389892578,239.65284729003906,44.41848373413086,195.23435974121094,0.0,0.0,0.0,0.0,0.0,72.4502065602306,5.027694903107507,6.7175439277111995,11.953646717477197,7.802329937255602,6.43657900171849,-187.51,0.7663636910720253,0.23363630892797468,0.0,0.0,0.7663636910720253,0.23363630892797468,0.0,0.0,3.234369094998234,,,0,0,0,1,0,0,0,0,0,0,0,0,122,0.423611111111111,264.9166666666667,1.0,7.333333333333333,3.8333333333333335,3.8333333333333335,72.06976509094238,30.0,72.06976509094238,24.0
411,34.25,34.25,1,10.25,10:15,107.5769973791802,4.526613203312991,1.3901216525419204,0.0,0.0,5.0,5.0,0.0,0.0,0.0,5.0,0.0,0.0,5.0,0.0,0.0,280.0,79.03178405761719,0.0,0.0,0,24.0,24.0,0.0,0.0,1.0,79.03178405761719,79.03178405761719,30.0,1,demand_surge,3,od_ab,4,1,465.0,0.0,0.0,0.0,0.0,239.0,41.0,91.23430633544922,66.82926940917969,243.526611328125,43.39012145996094,200.13648986816406,0.0,0.0,0.0,0.0,0.0,70.3381007555359,5.009782976109548,6.5585937391624025,11.76217088755451,7.574872389057711,6.33347663176012,-188.49,0.7650525692956607,0.23494743070433924,0.0,0.0,0.7650525692956607,0.23494743070433924,0.0,0.0,3.13649155077107,,,0,0,0,1,0,0,0,0,0,0,0,0,123,0.4270833333333333,268.25,1.0,7.333333333333333,4.0,4.0,73.03266143798828,30.0,73.03266143798828,24.0
412,34.333333333333336,34.333333333333336,1,10.333333333333336,10:20,104.93611410643128,4.4080847520222886,1.3634015238314312,0.0,0.0,3.0,2.0,1.0,0.0,0.0,3.0,0.0,0.0,3.0,0.0,0.0,280.0,81.59225463867188,0.0,0.0,0,24.0,24.0,0.0,0.0,1.0,81.59225463867188,81.59225463867188,30.0,1,demand_surge,3,od_ab,4,1,460.0,0.0,0.0,0.0,0.0,239.0,41.0,94.7698745727539,68.41463470458984,243.4080810546875,41.3634033203125,202.044677734375,0.0,0.0,0.0,0.0,0.0,68.35441766567973,4.994417957523648,6.41153419858691,11.579424548419059,7.361244979380893,6.235074756841031,-190.51,0.7637694246046255,0.23623057539537448,0.0,0.0,0.7637694246046255,0.23623057539537448,0.0,0.0,3.0446832281908573,,,0,0,0,1,0,0,0,0,0,0,0,0,124,0.43055555555555564,270.8333333333333,1.0,6.666666666666667,4.083333333333333,4.083333333333333,74.20780245463054,30.0,74.20780245463054,24.0
413,34.416666666666664,34.416666666666664,1,10.416666666666664,10:24,102.4696392866419,4.297423884790044,1.338406275975259,0.0,0.0,9.0,6.0,3.0,0.0,0.0,4.0,0.0,0.0,4.0,0.0,0.0,285.0,81.53324890136719,0.0,0.0,0,24.0,24.0,0.0,0.0,1.0,81.53324890136719,81.53324890136719,30.0,1,demand_surge,3,od_ab,4,1,455.0,0.0,0.0,0.0,0.0,242.0,43.0,96.32231140136719,66.74418640136719,247.29742431640625,43.33840560913086,203.95901489257812,0.0,0.0,0.0,0.0,0.0,66.5012126176206,4.981983038010336,6.276491481252686,11.406384014109427,7.161669051128371,6.14189908452046,-194.36,0.7625183446277746,0.23748165537222532,0.0,0.0,0.7625183446277746,0.23748165537222532,0.0,0.0,2.959017608814785,,,0,0,0,1,0,0,0,0,0,0,0,0,125,0.4340277777777777,273.0833333333333,1.0,6.333333333333333,4.083333333333333,4.083333333333333,75.36129061381023,30.0,75.36129061381023,24.0
414,34.5,34.5,1,10.5,10:30,100.17978887035711,4.194694354057341,1.3151940338122998,0.0,0.0,7.0,6.0,1.0,0.0,0.0,4.0,0.0,0.0,4.0,0.0,0.0,288.0,82.0151596069336,0.0,0.0,0,24.0,24.0,0.0,0.0,1.0,82.0151596069336,82.0151596069336,30.0,1,demand_surge,3,od_ab,4,1,450.0,0.0,0.0,0.0,0.0,247.0,41.0,98.54251098632812,65.48780822753906,250.1947021484375,43.31519317626953,206.8795166015625,0.0,0.0,0.0,0.0,0.0,64.77906680631807,4.972806766634962,6.153462939714554,11.24385935605592,6.976207194526562,6.054385807107034,-197.55,0.7613029627409912,0.23869703725900884,0.0,0.0,0.7613029627409912,0.23869703725900884,0.0,0.0,2.8795003202450413,,,0,0,0,1,0,0,0,0,0,0,0,0,126,0.4375,275.75,1.0,6.416666666666667,3.75,3.75,76.56283442179362,30.0,76.56283442179362,24.0
415,34.583333333333336,34.583333333333336,1,10.583333333333336,10:35,98.06683251817782,4.099875635759101,1.293800152740678,0.0,0.0,4.0,3.0,1.0,0.0,0.0,1.0,0.0,0.0,1.0,0.0,0.0,291.0,84.80853271484375,0.0,0.0,0,24.0,24.0,0.0,0.0,1.0,84.80853271484375,84.80853271484375,30.0,1,demand_surge,3,od_ab,4,1,445.0,0.0,0.0,0.0,0.0,250.0,41.0,102.30000305175781,67.31707000732422,252.09986877441406,41.293800354003906,210.80606079101562,0.0,0.0,0.0,0.0,0.0,63.18721212583641,4.967154343846997,6.042326143634292,11.092486089350517,6.80477669047469,5.972877125034893,-201.97000000000003,0.7601264511487181,0.23987354885128184,0.0,0.0,0.7601264511487181,0.23987354885128184,0.0,0.0,2.8060754830184234,,,0,0,0,1,0,0,0,0,0,0,0,0,127,0.4409722222222223,277.9166666666667,1.0,5.666666666666667,3.5,3.5,78.03656387329102,30.0,78.03656387329102,24.0
416,34.666666666666664,34.666666666666664,1,10.666666666666664,10:39,96.12923501815096,4.012870089681577,1.274237836316726,0.0,0.0,6.0,4.0,2.0,0.0,0.0,4.0,0.0,0.0,4.0,0.0,0.0,293.0,85.45803833007812,0.0,0.0,0,24.0,24.0,0.0,0.0,1.0,85.45803833007812,85.45803833007812,30.0,1,demand_surge,3,od_ab,4,1,440.0,0.0,0.0,0.0,0.0,252.0,41.0,104.94047546386719,65.9756088256836,256.01287841796875,42.27423858642578,213.7386474609375,0.0,0.0,0.0,0.0,0.0,61.723662430239514,4.96522053155218,5.94284799352051,10.95272127072843,6.647163646333485,5.897619145776846,-204.3,0.7589915216122383,0.24100847838776177,0.0,0.0,0.7589915216122383,0.24100847838776177,0.0,0.0,2.7386322533648513,,,0,0,0,1,0,0,0,0,0,0,0,0,128,0.44444444444444436,279.9166666666667,1.0,5.666666666666667,3.6666666666666665,3.6666666666666665,79.2938969930013,30.0,79.2938969930013,24.0
417,34.75,34.75,1,10.75,10:45,94.36381023434343,3.9335104963403915,1.2564990665484976,0.0,0.0,5.0,3.0,2.0,0.0,0.0,6.0,0.0,0.0,6.0,0.0,0.0,292.0,85.14186096191406,0.0,0.0,0,24.0,24.0,0.0,0.0,1.0,85.14186096191406,85.14186096191406,30.0,1,demand_surge,3,od_ab,4,1,435.0,0.0,0.0,0.0,0.0,252.0,40.0,107.65872955322266,62.625,256.9335021972656,42.256500244140625,214.677001953125,0.0,0.0,0.0,0.0,0.0,60.38534848792142,4.967124349045534,5.854693816289696,10.824843933551914,6.503037529468459,5.828762118066415,-204.57000000000002,0.7579004332606473,0.24209956673935276,0.0,0.0,0.7579004332606473,0.24209956673935276,0.0,0.0,2.677011429791894,,,0,0,0,1,0,0,0,0,0,0,0,0,129,0.4479166666666667,281.6666666666667,1.0,5.5,3.75,3.75,80.46667035420735,30.0,80.46667035420735,24.0
418,34.833333333333336,34.833333333333336,1,10.833333333333336,10:50,92.76588472824284,3.861567836964412,1.2405558230889442,0.0,0.0,8.0,5.0,3.0,0.0,0.0,3.0,0.0,0.0,3.0,0.0,0.0,297.0,85.49720001220703,0.0,0.0,0,24.0,24.0,0.0,0.0,1.0,85.49720001220703,85.49720001220703,30.0,1,demand_surge,3,od_ab,4,1,430.0,0.0,0.0,0.0,0.0,255.0,42.0,109.80392456054688,61.19047546386719,258.861572265625,42.24055480957031,216.6210174560547,0.0,0.0,0.0,0.0,0.0,59.168254262594445,4.972905679858503,5.777436404075006,10.70895964973307,6.371965843664017,5.766362888317806,-209.24,0.7568550067098979,0.24314499329010203,0.0,0.0,0.7568550067098979,0.24314499329010203,0.0,0.0,2.621012013875468,,,0,0,0,1,0,0,0,0,0,0,0,0,130,0.451388888888889,283.75,1.0,5.916666666666667,3.8333333333333335,3.8333333333333335,81.36500422159831,30.0,81.36500422159831,24.0
419,34.916666666666664,34.916666666666664,1,10.916666666666664,10:54,91.32946842118301,3.7967592001548214,1.2263615630102445,0.0,0.0,3.0,2.0,1.0,0.0,0.0,4.0,0.0,0.0,4.0,0.0,0.0,296.0,87.87541961669922,0.0,0.0,0,24.0,24.0,0.0,0.0,1.0,87.87541961669922,87.87541961669922,30.0,1,demand_surge,3,od_ab,4,1,425.0,0.0,0.0,0.0,0.0,254.0,42.0,112.8936996459961,62.85714340209961,258.7967529296875,42.22636032104492,216.5703887939453,0.0,0.0,0.0,0.0,0.0,58.06755251922799,4.9825238697855285,5.71056500260442,10.605008892871343,6.253428732839937,5.7103894038537995,-210.13000000000002,0.7558566435425466,0.2441433564574535,0.0,0.0,0.7558566435425466,0.2441433564574535,0.0,0.0,2.570397637144577,,,0,0,0,1,0,0,0,0,0,0,0,0,131,0.454861111111111,285.75,1.0,5.833333333333333,3.8333333333333335,3.8333333333333335,82.19909159342448,30.0,82.19909159342448,24.0
420,35.0,35.0,1,11.0,11:00,90.04742989607405,3.738755714996625,1.213852929287448,0.0,0.0,2.0,2.0,0.0,0.0,0.0,3.0,0.0,0.0,3.0,0.0,0.0,295.0,89.64017486572266,0.0,0.0,0,24.0,24.0,0.0,0.0,1.0,89.64017486572266,89.64017486572266,30.0,1,demand_surge,3,od_ab,4,1,420.0,0.0,0.0,0.0,0.0,256.0,39.0,116.97265625,62.30769348144531,257.73876953125,41.21385192871094,216.52491760253906,0.0,0.0,0.0,0.0,0.0,57.07773809980321,4.995858350792377,5.653494289972347,10.512778784092754,6.1468333338249606,5.660727037588406,-211.85000000000002,0.7549063500730296,0.2450936499269704,0.0,0.0,0.7549063500730296,0.2450936499269704,0.0,0.0,2.524902785709177,,,0,0,0,1,0,0,0,0,0,0,0,0,132,0.4583333333333333,287.5833333333333,1.0,5.583333333333333,3.75,3.75,83.13546625773112,30.0,83.13546625773112,24.0
421,35.083333333333336,35.083333333333336,1,11.083333333333336,11:05,88.91167416110747,3.6871904252946046,1.2029516535663067,0.0,0.0,4.0,3.0,1.0,0.0,0.0,5.0,0.0,0.0,5.0,0.0,0.0,294.0,90.80848693847656,0.0,0.0,0,24.0,24.0,0.0,0.0,1.0,90.80848693847656,90.80848693847656,30.0,1,demand_surge,3,od_ab,4,1,415.0,0.0,0.0,0.0,0.0,256.0,38.0,119.51171875,62.105262756347656,260.68719482421875,39.20295333862305,221.48423767089844,0.0,0.0,0.0,0.0,0.0,56.192757531764116,5.01271127954996,5.605573409670316,10.43191773385652,6.051527734189982,5.617186472076588,-212.31,0.7540047642446992,0.2459952357553008,0.0,0.0,0.7540047642446992,0.2459952357553008,0.0,0.0,2.4842387717282977,,,0,0,0,1,0,0,0,0,0,0,0,0,133,0.46180555555555564,289.25,1.0,5.333333333333333,3.6666666666666665,3.6666666666666665,84.26905186971028,30.0,84.26905186971028,24.0
422,35.166666666666664,35.166666666666664,1,11.166666666666664,11:09,87.91332091036827,3.641666032853805,1.1935666172164499,0.0,0.0,5.0,4.0,1.0,0.0,0.0,3.0,0.0,0.0,3.0,0.0,0.0,296.0,92.86719512939453,0.0,0.0,0,24.0,24.0,0.0,0.0,1.0,92.86719512939453,92.86719512939453,30.0,1,demand_surge,3,od_ab,4,1,410.0,0.0,0.0,0.0,0.0,258.0,38.0,121.9186019897461,63.81578826904297,261.64166259765625,38.193565368652344,223.44808959960938,0.0,0.0,0.0,0.0,0.0,55.406133915184,5.032812133506509,5.566095132940346,10.361952449616439,5.9668144216352,5.579512857485774,-215.36,0.7531521844767681,0.24684781552323187,0.0,0.0,0.7531521844767681,0.24684781552323187,0.0,0.0,2.448099415637355,,,0,0,0,1,0,0,0,0,0,0,0,0,134,0.4652777777777777,290.5833333333333,1.0,5.083333333333333,3.75,3.75,85.52244631449382,30.0,85.52244631449382,24.0
423,35.25,35.25,1,11.25,11:15,87.04288151245895,3.601762449172668,1.1855960340125744,0.0,0.0,3.0,2.0,1.0,0.0,0.0,6.0,0.0,0.0,6.0,0.0,0.0,293.0,93.70136260986328,0.0,0.0,0,24.0,24.0,0.0,0.0,1.0,93.70136260986328,93.70136260986328,30.0,1,demand_surge,3,od_ab,4,1,405.0,0.0,0.0,0.0,0.0,257.0,36.0,124.90272521972656,62.5,261.6017761230469,38.18559646606445,223.4161834716797,0.0,0.0,0.0,0.0,0.0,54.7110862798728,5.055824162406745,5.534305225136526,10.302306759686775,5.891963137832454,5.547395947523648,-214.5,0.752348599300267,0.247651400699733,0.0,0.0,0.752348599300267,0.247651400699733,0.0,0.0,2.4161664151600935,,,0,0,0,1,0,0,0,0,0,0,0,0,135,0.46875,291.6666666666667,1.0,4.916666666666667,3.8333333333333335,3.8333333333333335,86.74491119384766,30.0,86.74491119384766,24.0
424,35.333333333333336,35.333333333333336,1,11.333333333333336,11:20,86.29043313642677,3.5670441045595047,1.1789297179439677,0.0,0.0,4.0,3.0,1.0,0.0,0.0,2.0,0.0,0.0,2.0,0.0,0.0,295.0,96.11808776855469,0.0,0.0,0,24.0,24.0,0.0,0.0,1.0,96.11808776855469,96.11808776855469,30.0,1,demand_surge,3,od_ab,4,1,400.0,0.0,0.0,0.0,0.0,259.0,36.0,128.0695037841797,64.16666412353516,261.5670471191406,36.17892837524414,225.38812255859375,0.0,0.0,0.0,0.0,0.0,54.100642810536705,5.081352549861164,5.509412079682022,10.252321705887903,5.826223071903952,5.520480918555024,-218.16,0.7515937166880349,0.24840628331196513,0.0,0.0,0.7515937166880349,0.24840628331196513,0.0,0.0,2.3881143866155368,,,0,0,0,1,0,0,0,0,0,0,0,0,136,0.4722222222222223,292.9166666666667,1.0,5.0,3.75,3.75,87.95539728800456,30.0,87.95539728800456,24.0
425,35.416666666666664,35.416666666666664,1,11.416666666666664,11:24,85.64578858420523,3.5370669716274774,1.1734514005038106,0.0,0.0,4.0,3.0,1.0,0.0,0.0,3.0,0.0,0.0,3.0,0.0,0.0,296.0,98.27991485595703,0.0,0.0,0,24.0,24.0,0.0,0.0,1.0,98.27991485595703,98.27991485595703,30.0,1,demand_surge,3,od_ab,4,1,395.0,0.0,0.0,0.0,0.0,260.0,36.0,130.86538696289062,65.69444274902344,263.5370788574219,36.1734504699707,227.36363220214844,0.0,0.0,0.0,0.0,0.0,53.56774750830042,5.1089540989740225,5.490596662758877,10.211276378630716,5.768834347047737,5.498379588493462,-220.38000000000002,0.7508869920885418,0.24911300791145816,0.0,0.0,0.7508869920885418,0.24911300791145816,0.0,0.0,2.363615571123667,,,0,0,0,1,0,0,0,0,0,0,0,0,137,0.47569444444444436,293.8333333333333,1.0,4.583333333333333,3.6666666666666665,3.6666666666666665,89.35095278422038,30.0,89.35095278422038,24.0
426,35.5,35.5,1,11.5,11:30,85.09866054129175,3.5113852665520326,1.169041063219014,0.0,0.0,6.0,3.0,3.0,0.0,0.0,5.0,0.0,0.0,5.0,0.0,0.0,297.0,96.87979125976562,0.0,0.0,0,24.0,24.0,0.0,0.0,1.0,96.87979125976562,96.87979125976562,30.0,1,demand_surge,3,od_ab,4,1,390.0,0.0,0.0,0.0,0.0,261.0,36.0,133.62069702148438,60.13888931274414,264.5113830566406,38.16904067993164,226.34234619140625,0.0,0.0,0.0,0.0,0.0,53.10535999340559,5.138148219252055,5.477022783849091,10.178409004571863,5.719038768520602,5.480681771692542,-221.98000000000002,0.7502276543093884,0.24977234569061152,0.0,0.0,0.7502276543093884,0.24977234569061152,0.0,0.0,2.3423442033330186,,,0,0,0,1,0,0,0,0,0,0,0,0,138,0.4791666666666667,294.5833333333333,1.0,4.5,3.75,3.75,90.58967208862305,30.0,90.58967208862305,24.0
427,35.583333333333336,35.583333333333336,1,11.583333333333336,11:35,84.63881908401649,3.489557796609266,1.1655772530116404,0.0,0.0,12.0,6.0,6.0,0.0,0.0,5.0,0.0,0.0,5.0,0.0,0.0,304.0,92.04887390136719,0.0,0.0,0,24.0,24.0,0.0,0.0,1.0,92.04887390136719,92.04887390136719,30.0,1,demand_surge,3,od_ab,4,1,385.0,0.0,0.0,0.0,0.0,266.0,38.0,135.15037536621094,48.94736862182617,268.48956298828125,41.16557693481445,227.32398986816406,0.0,0.0,0.0,0.0,0.0,52.70654826043643,5.168428960149,5.467847673745065,10.152937845065345,5.676089812662384,5.4669665319582625,-227.01999999999998,0.7496147285551771,0.25038527144482303,0.0,0.0,0.7496147285551771,0.25038527144482303,0.0,0.0,2.3239805435976257,,,0,0,0,1,0,0,0,0,0,0,0,0,139,0.482638888888889,295.6666666666667,1.0,5.166666666666667,4.083333333333333,4.083333333333333,91.19303385416667,30.0,91.19303385416667,24.0
428,35.666666666666664,35.666666666666664,1,11.666666666666664,11:39,84.25624139436626,3.471153926585458,1.1629393501046863,0.0,0.0,5.0,4.0,1.0,0.0,0.0,4.0,0.0,0.0,4.0,0.0,0.0,305.0,93.95303344726562,0.0,0.0,0,24.0,24.0,0.0,0.0,1.0,93.95303344726562,93.95303344726562,30.0,1,demand_surge,3,od_ab,4,1,380.0,0.0,0.0,0.0,0.0,267.0,38.0,136.98501586914062,50.921051025390625,271.4711608886719,38.162940979003906,233.3082275390625,0.0,0.0,0.0,0.0,0.0,52.36457427796357,5.199277810706763,5.462232814941657,10.134081519532828,5.639261845319153,5.456813125902292,-229.01999999999998,0.7490470560973894,0.25095294390261047,0.0,0.0,0.7490470560973894,0.25095294390261047,0.0,0.0,2.3082145764807716,,,0,0,0,1,0,0,0,0,0,0,0,0,140,0.486111111111111,296.6666666666667,1.0,5.083333333333333,4.083333333333333,4.083333333333333,91.9009501139323,30.0,91.9009501139323,24.0
429,35.75,35.75,1,11.75,11:45,83.94125273377395,3.4557591398743233,1.1610097604832443,0.0,0.0,1.0,0.0,1.0,0.0,0.0,3.0,0.0,0.0,3.0,0.0,0.0,303.0,96.2906494140625,0.0,0.0,0,24.0,24.0,0.0,0.0,1.0,96.2906494140625,96.2906494140625,30.0,1,demand_surge,3,od_ab,4,1,375.0,0.0,0.0,0.0,0.0,266.0,37.0,141.63534545898438,50.945945739746094,268.45574951171875,38.1610107421875,230.29473876953125,0.0,0.0,0.0,0.0,0.0,52.07297238285009,5.230176965753362,5.459354931752593,10.121078427922141,5.607858564306932,5.449811461188845,-230.22,0.7485233102325471,0.2514766897674528,0.0,0.0,0.7485233102325471,0.2514766897674528,0.0,0.0,2.294749379391079,,,0,0,0,1,0,0,0,0,0,0,0,0,141,0.4895833333333333,297.5833333333333,1.0,4.75,3.8333333333333335,3.8333333333333335,92.830015818278,30.0,92.830015818278,24.0
430,35.833333333333336,35.833333333333336,1,11.833333333333336,11:50,83.68465781724375,3.4429801726466622,1.1596760073017436,0.0,0.0,5.0,3.0,2.0,0.0,0.0,3.0,0.0,0.0,3.0,0.0,0.0,305.0,97.39032745361328,0.0,0.0,0,24.0,24.0,0.0,0.0,1.0,97.39032745361328,97.39032745361328,30.0,1,demand_surge,3,od_ab,4,1,370.0,0.0,0.0,0.0,0.0,268.0,37.0,144.64552307128906,50.135135650634766,270.4429931640625,38.15967559814453,232.2833251953125,0.0,0.0,0.0,0.0,0.0,51.825620459009144,5.260622747742584,5.458417011351761,10.11320500731053,5.581220664816368,5.445571927013361,-233.34000000000003,0.7480420083616276,0.2519579916383724,0.0,0.0,0.7480420083616276,0.2519579916383724,0.0,0.0,2.2833041653449184,,,0,0,0,1,0,0,0,0,0,0,0,0,142,0.49305555555555564,298.25,1.0,4.5,3.8333333333333335,3.8333333333333335,93.82110977172852,30.0,93.82110977172852,24.0
431,35.916666666666664,35.916666666666664,1,11.916666666666664,11:54,83.47786181003818,3.4324497015357096,1.1588326980163903,0.0,0.0,1.0,0.0,1.0,0.0,0.0,3.0,0.0,0.0,3.0,0.0,0.0,303.0,100.54536437988281,0.0,0.0,0,24.0,24.0,0.0,0.0,1.0,100.54536437988281,100.54536437988281,30.0,1,demand_surge,3,od_ab,4,1,365.0,0.0,0.0,0.0,0.0,266.0,37.0,148.92857360839844,52.16216278076172,269.4324645996094,37.15883255004883,232.2736358642578,0.0,0.0,0.0,0.0,0.0,51.61680391396629,5.290138870063881,5.458659194354507,10.109792616597137,5.558732729196368,5.443734485859997,-234.19000000000003,0.7476015201919535,0.2523984798080466,0.0,0.0,0.7476015201919535,0.2523984798080466,0.0,0.0,2.2736170035193193,,,0,0,0,1,0,0,0,0,0,0,0,0,143,0.4965277777777777,298.8333333333333,1.0,4.333333333333333,3.75,3.75,94.87693850199382,30.0,94.87693850199382,24.0
432,36.0,36.0,1,12.0,12:00,83.31298024198162,3.423830566939855,1.1583833463691333,0.0,0.0,3.0,3.0,0.0,0.0,0.0,3.0,0.0,0.0,3.0,0.0,0.0,303.0,104.13558959960938,0.0,0.0,0,24.0,24.0,0.0,0.0,1.0,104.13558959960938,104.13558959960938,30.0,1,demand_surge,3,od_ab,4,1,360.0,0.0,0.0,0.0,0.0,266.0,37.0,151.10902404785156,57.16216278076172,270.423828125,36.158382415771484,234.26544189453125,0.0,0.0,0.0,0.0,0.0,51.441272476411925,5.3182892327402245,5.459369346398911,10.110242897831023,5.539829343613591,5.443976944985935,-235.72,0.7472000722173572,0.25279992778264276,0.0,0.0,0.7472000722173572,0.25279992778264276,0.0,0.0,2.2654472205707217,,,0,0,0,1,0,0,0,0,0,0,0,0,144,0.5,299.5,1.0,4.416666666666667,3.75,3.75,96.0848897298177,30.0,96.0848897298177,24.0
433,36.083333333333336,36.083333333333336,1,12.083333333333336,12:05,83.18293720004456,3.4168195153755843,1.158242030626866,0.0,0.0,1.0,1.0,0.0,0.0,0.0,5.0,0.0,0.0,5.0,0.0,0.0,299.0,105.38761901855469,0.0,0.0,0,24.0,24.0,0.0,0.0,1.0,105.38761901855469,105.38761901855469,30.0,1,demand_surge,3,od_ab,4,1,355.0,0.0,0.0,0.0,0.0,266.0,33.0,155.16917419433594,55.60606002807617,268.41680908203125,36.158241271972656,232.25857543945312,0.0,0.0,0.0,0.0,0.0,51.29428983577792,5.34468995481271,5.459893102001706,10.114041511339492,5.524000443853006,5.446022352259726,-235.12,0.7468357487695652,0.25316425123043484,0.0,0.0,0.7468357487695652,0.25316425123043484,0.0,0.0,2.2585774847487183,,,0,0,0,1,0,0,0,0,0,0,0,0,145,0.5034722222222223,299.9166666666667,1.0,4.166666666666667,3.75,3.75,97.29981740315755,30.0,97.29981740315755,24.0
434,36.166666666666664,36.166666666666664,1,12.166666666666664,12:09,83.0815512189218,3.4111504453637456,1.1583348716769537,0.0,0.0,4.0,3.0,1.0,0.0,0.0,4.0,0.0,0.0,4.0,0.0,0.0,299.0,106.72021484375,0.0,0.0,0,24.0,24.0,0.0,0.0,1.0,106.72021484375,106.72021484375,30.0,1,demand_surge,3,od_ab,4,1,350.0,0.0,0.0,0.0,0.0,267.0,32.0,157.6591796875,55.78125,270.4111633300781,33.1583366394043,237.25282287597656,0.0,0.0,0.0,0.0,0.0,51.1716761321367,5.369020369048866,5.459643159899779,10.120770183344126,5.510795891153183,5.449645483339144,-236.76,0.7465064900510245,0.2534935099489754,0.0,0.0,0.7465064900510245,0.2534935099489754,0.0,0.0,2.252815573686792,,,0,0,0,1,0,0,0,0,0,0,0,0,146,0.5069444444444443,300.1666666666667,1.0,4.083333333333333,3.8333333333333335,3.8333333333333335,98.45423571268718,30.0,98.45423571268718,24.0
435,36.25,36.25,1,12.25,12:15,83.00360834244621,3.4065971421324397,1.1586013167021019,0.0,0.0,1.0,1.0,0.0,0.0,0.0,6.0,0.0,0.0,6.0,0.0,0.0,294.0,107.80075073242188,0.0,0.0,0,24.0,24.0,0.0,0.0,1.0,107.80075073242188,107.80075073242188,30.0,1,demand_surge,3,od_ab,4,1,345.0,0.0,0.0,0.0,0.0,266.0,28.0,161.3157958984375,54.28571319580078,269.4065856933594,31.158599853515625,238.24798583984375,0.0,0.0,0.0,0.0,0.0,51.06984328264978,5.391032733303226,5.458107605877767,10.130117038614552,5.4998292765930525,5.454678405407835,-235.16,0.7462100876556671,0.2537899123443329,0.0,0.0,0.7462100876556671,0.2537899123443329,0.0,0.0,2.247995825430338,,,0,0,0,1,0,0,0,0,0,0,0,0,147,0.5104166666666666,300.25,1.0,3.9166666666666665,3.8333333333333335,3.8333333333333335,99.62918472290039,30.0,99.62918472290039,24.0
436,36.333333333333336,36.333333333333336,1,12.333333333333336,12:20,82.94492187666643,3.402975486997554,1.1589952162190993,0.0,0.0,3.0,1.0,2.0,0.0,0.0,3.0,0.0,0.0,3.0,0.0,0.0,294.0,109.95832824707031,0.0,0.0,0,24.0,24.0,0.0,0.0,1.0,109.95832824707031,109.95832824707031,30.0,1,demand_surge,3,od_ab,4,1,340.0,0.0,0.0,0.0,0.0,264.0,30.0,164.5833282470703,55.33333206176758,268.4029846191406,29.158994674682617,239.24398803710938,0.0,0.0,0.0,0.0,0.0,50.985823100690844,5.410560448052031,5.454857045028406,10.14188521683348,5.490780949305168,5.461015116756489,-236.82,0.745944178159257,0.25405582184074305,0.0,0.0,0.745944178159257,0.25405582184074305,0.0,0.0,2.2439802707784544,,,0,0,0,1,0,0,0,0,0,0,0,0,148,0.513888888888889,300.1666666666667,1.0,3.8333333333333335,3.9166666666666665,3.9166666666666665,100.78253809611003,30.0,100.78253809611003,24.0
437,36.416666666666664,36.416666666666664,1,12.416666666666664,12:24,82.90237839933059,3.4001451276747,1.159485684288481,0.0,0.0,5.0,5.0,0.0,0.0,0.0,3.0,0.0,0.0,3.0,0.0,0.0,296.0,112.24299621582031,0.0,0.0,0,24.0,24.0,0.0,0.0,1.0,112.24299621582031,112.24299621582031,30.0,1,demand_surge,3,od_ab,4,1,335.0,0.0,0.0,0.0,0.0,267.0,29.0,165.69288635253906,58.7931022644043,270.400146484375,29.15948486328125,241.24066162109375,0.0,0.0,0.0,0.0,0.0,50.91728812721935,5.4275246102449755,5.449550340384147,10.155999790058011,5.483400259854391,5.468615271569698,-239.49,0.7457062354157449,0.25429376458425507,0.0,0.0,0.7457062354157449,0.25429376458425507,0.0,0.0,2.240659443386219,,,0,0,0,1,0,0,0,0,0,0,0,0,149,0.517361111111111,300.1666666666667,1.0,3.9166666666666665,3.9166666666666665,3.9166666666666665,101.94612820943196,30.0,101.94612820943196,24.0
438,36.5,36.5,1,12.5,12:30,82.8739696318535,3.398010596042542,1.1600577337094,0.0,0.0,6.0,4.0,2.0,0.0,0.0,2.0,0.0,0.0,2.0,0.0,0.0,300.0,112.2763671875,0.0,0.0,0,24.0,24.0,0.0,0.0,1.0,112.2763671875,112.2763671875,30.0,1,demand_surge,3,od_ab,4,1,330.0,0.0,0.0,0.0,0.0,271.0,29.0,168.17343139648438,56.379310607910156,272.39801025390625,30.160057067871094,242.23794555664062,0.0,0.0,0.0,0.0,0.0,50.86256505302597,5.441938778400682,5.441938778400682,10.172513010605194,5.477507005710488,5.477507005710488,-244.12,0.7454935622317597,0.2545064377682404,0.0,0.0,0.7454935622317597,0.2545064377682404,0.0,0.0,2.237952862333142,,,0,0,0,1,0,0,0,0,0,0,0,0,150,0.5208333333333334,300.4166666666667,1.0,3.9166666666666665,3.6666666666666665,3.6666666666666665,103.22917620340984,30.0,103.22917620340984,24.0
439,36.583333333333336,36.583333333333336,1,12.583333333333336,12:35,82.85880982062744,3.3965218601057034,1.1607126800288063,0.0,0.0,0.0,0.0,0.0,0.0,0.0,6.0,0.0,0.0,6.0,0.0,0.0,294.0,114.80545043945312,0.0,0.0,0,24.0,24.0,0.0,0.0,1.0,114.80545043945312,114.80545043945312,30.0,1,demand_surge,3,od_ab,4,1,325.0,0.0,0.0,0.0,0.0,267.0,27.0,171.64793395996094,57.96296310424805,272.3965148925781,28.16071319580078,244.23580932617188,0.0,0.0,0.0,0.0,0.0,50.82064056776712,5.453911871399,5.4318685130338045,10.19160792473419,5.472992061144151,5.48778888254918,-241.09000000000003,0.7453032821096482,0.2546967178903518,0.0,0.0,0.7453032821096482,0.2546967178903518,0.0,0.0,2.235809180076897,,,0,0,0,1,0,0,0,0,0,0,0,0,151,0.5243055555555557,299.5833333333333,1.0,2.9166666666666665,3.75,3.75,105.12555758158366,30.0,105.12555758158366,24.0
440,36.666666666666664,36.666666666666664,1,12.666666666666664,12:39,82.85713831737311,3.3956742972201535,1.1614683102353678,0.0,0.0,8.0,7.0,1.0,0.0,0.0,2.0,0.0,0.0,2.0,0.0,0.0,300.0,114.52906036376953,0.0,0.0,0,24.0,24.0,0.0,0.0,1.0,114.52906036376953,114.52906036376953,30.0,1,demand_surge,3,od_ab,4,1,320.0,0.0,0.0,0.0,0.0,274.0,26.0,172.13504028320312,56.92307662963867,275.3956604003906,27.161468505859375,248.23419189453125,0.0,0.0,0.0,0.0,0.0,50.791159430599365,5.463649172154005,5.419281178015682,10.21360038865068,5.469817169449162,5.499630978504212,-246.99,0.7451323317520947,0.25486766824790524,0.0,0.0,0.7451323317520947,0.25486766824790524,0.0,0.0,2.2342059869847857,,,0,0,0,1,0,0,0,0,0,0,0,0,152,0.5277777777777777,299.1666666666667,1.0,3.1666666666666665,3.5833333333333335,3.5833333333333335,106.84022649129231,30.0,106.84022649129231,24.0
441,36.75,36.75,1,12.75,12:45,82.87030709633522,3.395508076208925,1.162358814089513,0.0,0.0,5.0,5.0,0.0,0.0,0.0,5.0,0.0,0.0,5.0,0.0,0.0,300.0,114.39421081542969,0.0,0.0,0,24.0,24.0,0.0,0.0,1.0,114.39421081542969,114.39421081542969,30.0,1,demand_surge,3,od_ab,4,1,315.0,0.0,0.0,0.0,0.0,278.0,22.0,173.5611572265625,55.227272033691406,280.3955078125,25.1623592376709,255.233154296875,0.0,0.0,0.0,0.0,0.0,50.77441452179964,5.471451455674933,5.404212600070113,10.238939520687877,5.468013871578422,5.513275126524241,-248.33000000000004,0.7449774550100113,0.2550225449899886,0.0,0.0,0.7449774550100113,0.2550225449899886,0.0,0.0,2.233149262119412,,,0,0,0,1,0,0,0,0,0,0,0,0,153,0.53125,298.9166666666667,1.0,3.5,3.75,3.75,108.34885660807292,30.0,108.34885660807292,24.0
442,36.833333333333336,36.833333333333336,1,12.833333333333336,12:50,82.90075300325998,3.396106937012013,1.1634344781672858,0.0,0.0,3.0,2.0,1.0,0.0,0.0,4.0,0.0,0.0,4.0,0.0,0.0,299.0,116.11872863769531,0.0,0.0,0,24.0,24.0,0.0,0.0,1.0,116.11872863769531,116.11872863769531,30.0,1,demand_surge,3,od_ab,4,1,310.0,0.0,0.0,0.0,0.0,277.0,22.0,176.10108947753906,56.1363639831543,281.3961181640625,22.163434982299805,259.2326965332031,0.0,0.0,0.0,0.0,0.0,50.77132860976243,5.477712307300365,5.386789592714917,10.268206618080107,5.4676815425897995,5.5290343328123654,-249.03000000000003,0.7448351989316156,0.25516480106838446,0.0,0.0,0.7448351989316156,0.25516480106838446,0.0,0.0,2.232672458844727,,,0,0,0,1,0,0,0,0,0,0,0,0,154,0.5347222222222223,298.4166666666667,1.0,3.3333333333333335,3.8333333333333335,3.8333333333333335,109.90955670674641,30.0,109.90955670674641,24.0
443,36.916666666666664,36.916666666666664,1,12.916666666666664,12:54,82.95195460145217,3.397596358215007,1.1647611448648632,0.0,0.0,0.0,0.0,0.0,0.0,0.0,2.0,0.0,0.0,2.0,0.0,0.0,297.0,120.23421478271484,0.0,0.0,0,24.0,24.0,0.0,0.0,1.0,120.23421478271484,120.23421478271484,30.0,1,demand_surge,3,od_ab,4,1,305.0,0.0,0.0,0.0,0.0,276.0,21.0,180.70652770996094,59.761905670166016,278.3975830078125,21.16476058959961,257.2328186035156,0.0,0.0,0.0,0.0,0.0,50.78342755850394,5.482913739513757,5.367224859391508,10.302112559532663,5.468984506300424,5.547291378209895,-250.46,0.7447019125356621,0.25529808746433796,0.0,0.0,0.7447019125356621,0.25529808746433796,0.0,0.0,2.232835213350144,,,0,0,0,1,0,0,0,0,0,0,0,0,155,0.5381944444444443,297.9166666666667,1.0,3.25,3.75,3.75,111.55029424031575,30.0,111.55029424031575,24.0
444,37.0,37.0,1,13.0,13:00,83.02837356825363,3.400141105442215,1.1664194408117345,0.0,0.0,3.0,3.0,0.0,0.0,0.0,2.0,0.0,0.0,2.0,0.0,0.0,298.0,123.40467834472656,0.0,0.0,0,24.0,24.0,0.0,0.0,1.0,123.40467834472656,123.40467834472656,30.0,1,demand_surge,3,od_ab,4,1,300.0,0.0,0.0,0.0,0.0,278.0,20.0,183.30935668945312,63.5,280.400146484375,20.166419982910156,260.2337341308594,0.0,0.0,0.0,0.0,0.0,50.81280471290833,5.4876202531932945,5.3458100843050325,10.341493706696946,5.472148199851667,5.568496611298356,-253.16,0.7445737488866595,0.25542625111334044,0.0,0.0,0.7445737488866595,0.25542625111334044,0.0,0.0,2.2337216646304805,,,0,0,0,1,0,0,0,0,0,0,0,0,156,0.5416666666666666,297.5,1.0,3.25,3.6666666666666665,3.6666666666666665,113.15605163574219,30.0,113.15605163574219,24.0
445,37.083333333333336,37.083333333333336,1,13.083333333333336,13:05,83.13538070549195,3.403942157447219,1.1685037813548393,0.0,0.0,1.0,1.0,0.0,0.0,0.0,6.0,0.0,0.0,6.0,0.0,0.0,293.0,125.27439880371094,0.0,0.0,0,24.0,24.0,0.0,0.0,1.0,125.27439880371094,125.27439880371094,30.0,1,demand_surge,3,od_ab,4,1,295.0,0.0,0.0,0.0,0.0,276.0,17.0,186.43115234375,64.11764526367188,280.4039306640625,19.168502807617188,261.23541259765625,0.0,0.0,0.0,0.0,0.0,50.8620762381064,5.492471520044889,5.3229073379336,10.387306309447151,5.477454364103766,5.593164935856158,-250.89000000000001,0.7444466709953104,0.25555332900468963,0.0,0.0,0.7444466709953104,0.25555332900468963,0.0,0.0,2.2354383760923797,,,0,0,0,1,0,0,0,0,0,0,0,0,157,0.545138888888889,297.0,1.0,3.25,3.75,3.75,114.8132832845052,30.0,114.8132832845052,24.0
446,37.166666666666664,37.166666666666664,1,13.166666666666664,13:09,83.27916676401435,3.4092330120433556,1.1711211599774343,0.0,0.0,5.0,4.0,1.0,0.0,0.0,5.0,0.0,0.0,5.0,0.0,0.0,293.0,124.52674102783203,0.0,0.0,0,24.0,24.0,0.0,0.0,1.0,124.52674102783203,124.52674102783203,30.0,1,demand_surge,3,od_ab,4,1,290.0,0.0,0.0,0.0,0.0,277.0,16.0,187.49098205566406,61.5625,281.40924072265625,17.17112159729004,264.2381286621094,0.0,0.0,0.0,0.0,0.0,50.93432726094174,5.498173886159913,5.298938970112543,10.44061941215418,5.485235243486033,5.621871991159943,-251.74000781249998,0.7443164620039083,0.25568353799609156,0.0,0.0,0.7443164620039083,0.25568353799609156,0.0,0.0,2.2381118520659213,,,0,0,0,1,0,0,0,0,0,0,0,0,158,0.548611111111111,296.5,1.0,3.3333333333333335,3.8333333333333335,3.8333333333333335,116.29716046651204,30.0,116.29716046651204,24.0
447,37.25,37.25,1,13.25,13:15,83.46663844890033,3.416275381015709,1.1743897336738094,0.0,0.0,5.0,4.0,1.0,0.0,0.0,2.0,0.0,0.0,2.0,0.0,0.0,296.0,125.78589630126953,0.0,0.0,0,24.0,24.0,0.0,0.0,1.0,125.78589630126953,125.78589630126953,30.0,1,demand_surge,3,od_ab,4,1,285.0,0.0,0.0,0.0,0.0,279.0,17.0,188.9247283935547,62.64706039428711,282.4162902832031,16.174388885498047,266.2419128417969,0.0,0.0,0.0,0.0,0.0,51.033048770070394,5.505490911257618,5.274376205465035,10.502606251464806,5.495866790622965,5.6552495200195105,-255.25,0.7441787400444615,0.25582125995553856,0.0,0.0,0.7441787400444615,0.25582125995553856,0.0,0.0,2.2418856473418995,,,0,0,0,1,0,0,0,0,0,0,0,0,159,0.5520833333333334,296.6666666666667,1.0,3.6666666666666665,3.5,3.5,117.79592259724934,30.0,117.79592259724934,24.0
448,37.333333333333336,37.333333333333336,1,13.333333333333336,13:20,83.70530017087249,3.4253542920183637,1.1784372173796231,0.0,0.0,3.0,3.0,0.0,0.0,0.0,4.0,0.0,0.0,4.0,0.0,0.0,295.0,124.20008850097656,0.0,0.0,0,24.0,24.0,0.0,0.0,1.0,124.20008850097656,124.20008850097656,30.0,1,demand_surge,3,od_ab,4,1,280.0,0.0,0.0,0.0,0.0,282.0,13.0,191.86170959472656,56.53845977783203,283.42535400390625,16.178436279296875,267.2469177246094,0.0,0.0,0.0,0.0,0.0,51.16206538025311,5.515233163687672,5.2497266924243435,10.574534130812067,5.509760887104181,5.693979916591113,-256.68000781250004,0.7440289780773063,0.25597102192269366,0.0,0.0,0.7440289780773063,0.25597102192269366,0.0,0.0,2.2469170746387404,,,0,0,0,1,0,0,0,0,0,0,0,0,160,0.5555555555555557,296.75,1.0,3.6666666666666665,3.5833333333333335,3.5833333333333335,118.98273595174153,30.0,118.98273595174153,24.0
449,37.416666666666664,37.416666666666664,1,13.416666666666664,13:24,84.00312234187675,3.4367726262808276,1.1833991025223933,0.0,0.0,5.0,4.0,1.0,0.0,0.0,2.0,0.0,0.0,2.0,0.0,0.0,298.0,123.76518249511719,0.0,0.0,0,24.0,24.0,0.0,0.0,1.0,123.76518249511719,123.76518249511719,30.0,1,demand_surge,3,od_ab,4,1,275.0,0.0,0.0,0.0,0.0,285.0,13.0,193.6842041015625,53.846153259277344,287.436767578125,13.183399200439453,274.25335693359375,0.0,0.0,0.0,0.0,0.0,51.32545425752162,5.528247487544667,5.225521287049111,10.657752753318364,5.527356612348481,5.738789944094504,-260.5,0.7438625289305136,0.25613747106948626,0.0,0.0,0.7438625289305136,0.25613747106948626,0.0,0.0,2.2533735237584342,,,0,0,0,1,0,0,0,0,0,0,0,0,161,0.5590277777777777,296.9166666666667,1.0,3.6666666666666665,3.5,3.5,119.94291814168294,30.0,119.94291814168294,24.0
450,37.5,37.5,1,13.5,13:30,84.36839727802494,3.4508451337162445,1.1894167165751282,0.0,0.0,2.0,2.0,0.0,0.0,0.0,5.0,0.0,0.0,5.0,0.0,0.0,295.0,121.71929931640625,0.0,0.0,0,24.0,24.0,0.0,0.0,1.0,121.71929931640625,121.71929931640625,30.0,1,demand_surge,3,od_ab,4,1,270.0,0.0,0.0,0.0,0.0,285.0,10.0,196.4385986328125,47.0,288.4508361816406,12.189416885375977,276.26141357421875,0.0,0.0,0.0,0.0,0.0,51.52745573462167,5.545405945576252,5.202300375363465,10.753680993177799,5.549110617574641,5.790443611711122,-259.81000000000006,0.7436746556661578,0.2563253443338423,0.0,0.0,0.7436746556661578,0.2563253443338423,0.0,0.0,2.2614284171411163,,,0,0,0,1,0,0,0,0,0,0,0,0,162,0.5625,296.5,1.0,3.3333333333333335,3.75,3.75,120.72982915242513,30.0,120.72982915242513,24.0
451,37.583333333333336,37.583333333333336,1,13.583333333333336,13:35,84.80958406810964,3.46789198160433,1.1966351421416999,0.0,0.0,4.0,2.0,2.0,0.0,0.0,2.0,0.0,0.0,2.0,0.0,0.0,297.0,121.24561309814453,0.0,0.0,0,24.0,24.0,0.0,0.0,1.0,121.24561309814453,121.24561309814453,30.0,1,demand_surge,3,od_ab,4,1,265.0,0.0,0.0,0.0,0.0,285.0,12.0,199.15789794921875,43.33333206176758,288.4678955078125,11.196635246276855,277.2712707519531,0.0,0.0,0.0,0.0,0.0,51.772376417324246,5.567594620686879,5.180600052397824,10.863792086292753,5.575486691096456,5.849734200311482,-262.76000000000005,0.7434605672995432,0.25653943270045676,0.0,0.0,0.7434605672995432,0.25653943270045676,0.0,0.0,2.2712568394626302,,,0,0,0,1,0,0,0,0,0,0,0,0,163,0.5659722222222223,296.75,1.0,3.6666666666666665,3.4166666666666665,3.4166666666666665,121.26650937398274,30.0,121.26650937398274,24.0
452,37.666666666666664,37.666666666666664,1,13.666666666666664,13:39,85.3351440852272,3.4882319091291922,1.2052010155583033,0.0,0.0,7.0,4.0,3.0,0.0,0.0,2.0,0.0,0.0,2.0,0.0,0.0,302.0,119.559814453125,0.0,0.0,0,24.0,24.0,0.0,0.0,1.0,119.559814453125,119.559814453125,30.0,1,demand_surge,3,od_ab,4,1,260.0,0.0,0.0,0.0,0.0,287.0,15.0,200.4529571533203,38.66666793823242,290.48822021484375,14.2052001953125,276.28302001953125,0.0,0.0,0.0,0.0,0.0,52.064485885742414,5.595702430925643,5.160938482076548,10.989597224211714,5.606944633849182,5.9174754284216915,-266.92,0.7432154597929936,0.25678454020700625,0.0,0.0,0.7432154597929936,0.25678454020700625,0.0,0.0,2.283030893570889,,,0,0,0,1,0,0,0,0,0,0,0,0,164,0.5694444444444443,296.9166666666667,1.0,3.5833333333333335,3.4166666666666665,3.4166666666666665,121.68573888142903,30.0,121.68573888142903,24.0
453,37.75,37.75,1,13.75,13:45,85.95336915450655,3.5121750772414866,1.2152602262563734,0.0,0.0,1.0,1.0,0.0,0.0,0.0,6.0,0.0,0.0,6.0,0.0,0.0,297.0,117.96052551269531,0.0,0.0,0,24.0,24.0,0.0,0.0,1.0,117.96052551269531,117.96052551269531,30.0,1,demand_surge,3,od_ab,4,1,255.0,0.0,0.0,0.0,0.0,285.0,12.0,203.42105102539062,32.5,289.5121765136719,14.215259552001953,275.2969055175781,0.0,0.0,0.0,0.0,0.0,52.407908421415144,5.6306100794834535,5.143802759494738,11.132627541674527,5.643928599229323,5.99449175320936,-264.53000000000003,0.7429345621383344,0.25706543786166564,0.0,0.0,0.7429345621383344,0.25706543786166564,0.0,0.0,2.296914850985113,,,0,0,0,1,0,0,0,0,0,0,0,0,165,0.5729166666666666,296.6666666666667,1.0,3.25,3.5,3.5,121.98293177286784,30.0,121.98293177286784,24.0
454,37.833333333333336,37.833333333333336,1,13.833333333333336,13:50,86.67220473062525,3.5400157209759744,1.2269555392084148,0.0,0.0,8.0,7.0,1.0,0.0,0.0,2.0,0.0,0.0,2.0,0.0,0.0,303.0,114.8941421508789,0.0,0.0,0,24.0,24.0,0.0,0.0,1.0,114.8941421508789,114.8941421508789,30.0,1,demand_surge,3,od_ab,4,1,250.0,0.0,0.0,0.0,0.0,292.0,11.0,203.42465209960938,26.363636016845703,293.5400085449219,12.22695541381836,281.31304931640625,0.0,0.0,0.0,0.0,0.0,52.8065115281282,5.673179224348838,5.129636586138793,11.294414497837156,5.686855087644575,6.081607806527699,-270.58000000000004,0.7426131872334897,0.25738681276651026,0.0,0.0,0.7426131872334897,0.25738681276651026,0.0,0.0,2.3130601817675593,,,0,0,0,1,0,0,0,0,0,0,0,0,166,0.576388888888889,297.0,1.0,3.6666666666666665,3.3333333333333335,3.3333333333333335,121.88088289896648,30.0,121.88088289896648,24.0
455,37.916666666666664,37.916666666666664,1,13.916666666666664,13:54,87.49907077120726,3.5720247287221625,1.2404241636942368,0.0,0.0,8.0,5.0,3.0,0.0,0.0,7.0,0.0,0.0,7.0,0.0,0.0,304.0,107.76870727539062,0.0,0.0,0,24.0,24.0,0.0,0.0,1.0,107.76870727539062,107.76870727539062,30.0,1,demand_surge,3,od_ab,4,1,245.0,0.0,0.0,0.0,0.0,294.0,10.0,203.53741455078125,12.0,298.572021484375,13.240424156188965,285.33160400390625,0.0,0.0,0.0,0.0,0.0,53.26379334673632,5.7242419140945735,5.118829049701467,11.476468665167143,5.736100821956218,6.179636973551538,-271.12,0.7422467871505224,0.2577532128494776,0.0,0.0,0.7422467871505224,0.2577532128494776,0.0,0.0,2.3316005650279257,,,0,0,0,1,0,0,0,0,0,0,0,0,167,0.579861111111111,297.5833333333333,1.0,4.333333333333333,3.75,3.75,120.84209060668945,30.0,120.84209060668945,24.0
456,38.0,38.0,1,14.0,14:00,88.44068330059136,3.6084422891120465,1.2557952924204785,0.0,0.0,4.0,4.0,0.0,0.0,0.0,4.0,0.0,0.0,4.0,0.0,0.0,304.0,109.27365112304688,0.0,0.0,0,24.0,24.0,0.0,0.0,1.0,109.27365112304688,109.27365112304688,30.0,1,demand_surge,3,od_ab,4,1,240.0,0.0,0.0,0.0,0.0,296.0,8.0,204.79730224609375,13.75,299.6084289550781,9.2557954788208,290.3526306152344,0.0,0.0,0.0,0.0,0.0,53.782771373548705,5.784590299176282,5.111704774038738,11.680256958839555,5.791990763305245,6.289369131682837,-272.96000000000004,0.7418310122868571,0.25816898771314295,0.0,0.0,0.7418310122868571,0.25816898771314295,0.0,0.0,2.352646996691568,,,0,0,0,1,0,0,0,0,0,0,0,0,168,0.5833333333333334,298.0833333333333,1.0,4.416666666666667,3.9166666666666665,3.9166666666666665,119.66450500488281,30.0,119.66450500488281,24.0
457,38.083333333333336,38.083333333333336,1,14.083333333333336,14:05,89.50287992541497,3.6494707601455967,1.273187635752227,0.0,0.0,3.0,1.0,2.0,0.0,0.0,2.0,0.0,0.0,2.0,0.0,0.0,305.0,110.9740982055664,0.0,0.0,0,24.0,24.0,0.0,0.0,1.0,110.9740982055664,110.9740982055664,30.0,1,demand_surge,3,od_ab,4,1,235.0,0.0,0.0,0.0,0.0,296.0,9.0,208.6148681640625,13.333333015441895,298.64947509765625,9.273187637329102,289.37628173828125,0.0,0.0,0.0,0.0,0.0,54.365875158183776,5.854966594567883,5.108515672429375,11.907178364079199,5.854786555496713,6.411557580658029,-275.94,0.7413617737901118,0.2586382262098883,0.0,0.0,0.7413617737901118,0.2586382262098883,0.0,0.0,2.3762831243933698,,,0,0,0,1,0,0,0,0,0,0,0,0,169,0.5868055555555557,299.0833333333333,1.0,4.583333333333333,3.5833333333333335,3.5833333333333335,118.47281328837077,30.0,118.47281328837077,24.0
458,38.166666666666664,38.166666666666664,1,14.166666666666664,14:09,90.69045277064926,3.695267925855748,1.292706976529962,0.0,0.0,5.0,3.0,2.0,0.0,0.0,4.0,0.0,0.0,4.0,0.0,0.0,306.0,111.77533721923828,0.0,0.0,0,24.0,24.0,0.0,0.0,1.0,111.77533721923828,111.77533721923828,30.0,1,demand_surge,3,od_ab,4,1,230.0,0.0,0.0,0.0,0.0,296.0,10.0,210.05067443847656,13.5,300.6952819824219,10.292707443237305,290.402587890625,0.0,0.0,0.0,0.0,0.0,55.014845859310725,5.936053241924007,5.109434499683181,12.15853825017363,5.924675707925769,6.5469052116319535,-277.12,0.7408353085514384,0.2591646914485617,0.0,0.0,0.7408353085514384,0.2591646914485617,0.0,0.0,2.4025609493257862,,,0,0,0,1,0,0,0,0,0,0,0,0,170,0.5902777777777777,300.1666666666667,1.0,4.583333333333333,3.5,3.5,117.41019630432129,30.0,117.41019630432129,24.0
459,38.25,38.25,1,14.25,14:15,92.00699243388375,3.7459408121574462,1.3144437717061606,0.0,0.0,4.0,4.0,0.0,0.0,0.0,5.0,0.0,0.0,5.0,0.0,0.0,305.0,112.55786895751953,0.0,0.0,0,24.0,24.0,0.0,0.0,1.0,112.55786895751953,112.55786895751953,30.0,1,demand_surge,3,od_ab,4,1,225.0,0.0,0.0,0.0,0.0,297.0,8.0,210.74073791503906,14.375,301.7459411621094,9.314443588256836,292.4314880371094,0.0,0.0,0.0,0.0,0.0,55.73064565474215,6.028463199941731,5.114550356918931,12.435521398650668,6.001761839741461,6.696049983888821,-277.31000000000006,0.7402482459737117,0.2597517540262882,0.0,0.0,0.7402482459737117,0.2597517540262882,0.0,0.0,2.4314970404512857,,,0,0,0,1,0,0,0,0,0,0,0,0,171,0.59375,300.9166666666667,1.0,4.5,3.75,3.75,116.30786069234212,30.0,116.30786069234212,24.0
460,38.333333333333336,38.333333333333336,1,14.333333333333336,14:20,93.45474658971298,3.8015402345403717,1.3384708278938433,0.0,0.0,5.0,3.0,2.0,0.0,0.0,5.0,0.0,0.0,5.0,0.0,0.0,305.0,112.31060791015625,0.0,0.0,0,24.0,24.0,0.0,0.0,1.0,112.31060791015625,112.31060791015625,30.0,1,demand_surge,3,od_ab,4,1,220.0,0.0,0.0,0.0,0.0,297.0,8.0,212.1212158203125,12.5,301.8015441894531,9.338470458984375,292.46307373046875,0.0,0.0,0.0,0.0,0.0,56.51338001690345,6.132730282073184,5.123866258100765,12.7391639200299,6.086056309512678,6.859549803093023,-278.1,0.7395976756400271,0.26040232435997285,0.0,0.0,0.7395976756400271,0.26040232435997285,0.0,0.0,2.4630694066465284,,,0,0,0,1,0,0,0,0,0,0,0,0,172,0.5972222222222223,301.75,1.0,4.666666666666667,3.8333333333333335,3.8333333333333335,115.3170706431071,30.0,115.3170706431071,24.0
461,38.416666666666664,38.416666666666664,1,14.416666666666664,14:24,95.03449680035328,3.8620562451121225,1.3648410789073078,0.0,0.0,2.0,1.0,1.0,0.0,0.0,2.0,0.0,0.0,2.0,0.0,0.0,305.0,114.82954406738281,0.0,0.0,0,24.0,24.0,0.0,0.0,1.0,114.82954406738281,114.82954406738281,30.0,1,demand_surge,3,od_ab,4,1,215.0,0.0,0.0,0.0,0.0,297.0,8.0,215.90908813476562,13.75,299.862060546875,8.36484146118164,291.4972229003906,0.0,0.0,0.0,0.0,0.0,57.362235759822426,6.249299462663253,5.137298820698553,13.070324288972312,6.177471543365491,7.037866924831245,-280.67,0.7388812149350279,0.26111878506497216,0.0,0.0,0.7388812149350279,0.26111878506497216,0.0,0.0,2.497215166204815,,,0,0,0,1,0,0,0,0,0,0,0,0,173,0.6006944444444443,302.3333333333333,1.0,4.416666666666667,3.8333333333333335,3.8333333333333335,114.57243410746257,30.0,114.57243410746257,24.0
462,38.5,38.5,1,14.5,14:30,96.74545689203885,3.9274146345620196,1.3935854945001167,0.0,0.0,6.0,2.0,4.0,0.0,0.0,3.0,0.0,0.0,3.0,0.0,0.0,308.0,113.32683563232422,0.0,0.0,0,24.0,24.0,0.0,0.0,1.0,113.32683563232422,113.32683563232422,30.0,1,demand_surge,3,od_ab,4,1,210.0,0.0,0.0,0.0,0.0,299.0,9.0,219.4314422607422,7.222222328186035,300.92742919921875,11.393585205078125,289.5338439941406,0.0,0.0,0.0,0.0,0.0,58.27543752799694,6.378517086858454,5.154680094993442,13.429653791463716,6.275816349168901,7.231352041557384,-284.95,0.7380970756063961,0.2619029243936038,0.0,0.0,0.7380970756063961,0.2619029243936038,0.0,0.0,2.533829140061903,,,0,0,0,1,0,0,0,0,0,0,0,0,174,0.6041666666666666,303.4166666666667,1.0,4.75,3.6666666666666665,3.6666666666666665,113.87306213378906,30.0,113.87306213378906,24.0
463,38.583333333333336,38.583333333333336,1,14.583333333333336,14:35,98.5851959330387,3.9974746255768383,1.4247111507402899,0.0,0.0,3.0,3.0,0.0,0.0,0.0,5.0,0.0,0.0,5.0,0.0,0.0,306.0,114.64524841308594,0.0,0.0,0,24.0,24.0,0.0,0.0,1.0,114.64524841308594,114.64524841308594,30.0,1,demand_surge,3,od_ab,4,1,205.0,0.0,0.0,0.0,0.0,299.0,7.0,220.7190704345703,8.571428298950195,303.9974670410156,8.424711227416992,295.57275390625,0.0,0.0,0.0,0.0,0.0,59.25022502522663,6.520620946535353,5.175761498277446,13.817566749183658,6.380793464255175,7.44022824956043,-284.51000000000005,0.7372441281958461,0.26275587180415383,0.0,0.0,0.7372441281958461,0.26275587180415383,0.0,0.0,2.5727634748365484,,,0,0,0,1,0,0,0,0,0,0,0,0,175,0.607638888888889,304.1666666666667,1.0,4.666666666666667,3.9166666666666665,3.9166666666666665,113.32303174336751,30.0,113.32303174336751,24.0
464,38.666666666666664,38.666666666666664,1,14.666666666666664,14:39,100.54958839776533,4.07202786813605,1.4581994937410416,0.0,0.0,9.0,6.0,3.0,0.0,0.0,1.0,0.0,0.0,1.0,0.0,0.0,314.0,114.8060073852539,0.0,0.0,0,24.0,24.0,0.0,0.0,1.0,114.8060073852539,114.8060073852539,30.0,1,demand_surge,3,od_ab,4,1,200.0,0.0,0.0,0.0,0.0,305.0,9.0,221.2786865234375,8.333333015441895,307.072021484375,9.458199501037598,297.61383056640625,0.0,0.0,0.0,0.0,0.0,60.28285277413575,6.675730223614971,5.200219772009381,14.234210964013894,6.491999529522311,7.664575134469018,-291.93,0.736321963217423,0.263678036782577,0.0,0.0,0.736321963217423,0.263678036782577,0.0,0.0,2.613828374395009,,,0,0,0,1,0,0,0,0,0,0,0,0,176,0.611111111111111,305.1666666666667,1.0,4.833333333333333,3.8333333333333335,3.8333333333333335,112.92688115437825,30.0,112.92688115437825,24.0
465,38.75,38.75,1,14.75,14:45,102.63279352835546,4.150798814381178,1.4940048296783732,0.0,0.0,6.0,4.0,2.0,0.0,0.0,6.0,0.0,0.0,6.0,0.0,0.0,314.0,115.60305786132812,0.0,0.0,0,24.0,24.0,0.0,0.0,1.0,115.60305786132812,115.60305786132812,30.0,1,demand_surge,3,od_ab,4,1,195.0,0.0,0.0,0.0,0.0,303.0,11.0,220.29702758789062,10.909090995788574,311.1507873535156,10.49400520324707,300.6567687988281,0.0,0.0,0.0,0.0,0.0,61.3686135638497,6.843835352312657,5.227664832261943,14.679438907485785,6.608927614568429,7.904313257876961,-290.04,0.7353309479151455,0.2646690520848544,0.0,0.0,0.7353309479151455,0.2646690520848544,0.0,0.0,2.656793984702804,,,0,0,0,1,0,0,0,0,0,0,0,0,177,0.6145833333333334,306.5833333333333,1.0,5.25,3.8333333333333335,3.8333333333333335,112.73042551676433,30.0,112.73042551676433,24.0
466,38.833333333333336,38.833333333333336,1,14.833333333333336,14:50,104.8272652231004,4.2334465122455205,1.532053075025002,0.0,0.0,6.0,5.0,1.0,0.0,0.0,2.0,0.0,0.0,2.0,0.0,0.0,318.0,116.81980895996094,0.0,0.0,0,24.0,24.0,0.0,0.0,1.0,116.81980895996094,116.81980895996094,30.0,1,demand_surge,3,od_ab,4,1,190.0,0.0,0.0,0.0,0.0,308.0,10.0,221.63961791992188,12.0,310.23345947265625,11.532052993774414,298.701416015625,0.0,0.0,0.0,0.0,0.0,62.501886001450664,7.024787911218331,5.257649336827983,15.152780262740682,6.730972338617764,8.159189372244983,-295.46999999999997,0.7342722773916112,0.2657277226083889,0.0,0.0,0.7342722773916112,0.2657277226083889,0.0,0.0,2.7013934372205184,,,0,0,0,1,0,0,0,0,0,0,0,0,178,0.6180555555555557,307.8333333333333,1.0,5.083333333333333,3.8333333333333335,3.8333333333333335,112.89089775085449,30.0,112.89089775085449,24.0
467,38.916666666666664,38.916666666666664,1,14.916666666666664,14:54,107.12379300983687,4.319567814011998,1.57224080152903,0.0,0.0,6.0,4.0,2.0,0.0,0.0,4.0,0.0,0.0,4.0,0.0,0.0,320.0,117.34677124023438,0.0,0.0,0,24.0,24.0,0.0,0.0,1.0,117.34677124023438,117.34677124023438,30.0,1,demand_surge,3,od_ab,4,1,185.0,0.0,0.0,0.0,0.0,310.0,10.0,222.69354248046875,12.0,314.319580078125,11.572240829467773,302.7473449707031,0.0,0.0,0.0,0.0,0.0,63.67620575777278,7.218290721973601,5.289679746481601,15.653416506301701,6.85743754314476,8.428762734162452,-297.81000000000006,0.7331480188643814,0.26685198113561864,0.0,0.0,0.7331480188643814,0.26685198113561864,0.0,0.0,2.7473270124829687,,,0,0,0,1,0,0,0,0,0,0,0,0,179,0.6215277777777777,309.1666666666667,1.0,4.916666666666667,3.5833333333333335,3.5833333333333335,113.6890697479248,30.0,113.6890697479248,24.0
468,39.0,39.0,1,15.0,15:00,109.51157382786148,4.408701950076578,1.6144346104558034,0.0,0.0,9.0,7.0,2.0,0.0,0.0,3.0,0.0,0.0,3.0,0.0,0.0,326.0,116.56803894042969,0.0,0.0,0,24.0,24.0,0.0,0.0,1.0,116.56803894042969,116.56803894042969,30.0,1,demand_surge,3,od_ab,4,1,180.0,0.0,0.0,0.0,0.0,316.0,10.0,222.13607788085938,11.0,319.40869140625,11.614434242248535,307.79425048828125,0.0,0.0,0.0,0.0,0.0,64.88435922244228,7.423888400390142,5.323228613590835,16.18015828886388,6.987546377801476,8.712392924772857,-303.21000000000004,0.7319611477789398,0.2680388522210601,0.0,0.0,0.7319611477789398,0.2680388522210601,0.0,0.0,2.7942673396207747,,,0,0,0,1,0,0,0,0,0,0,0,0,180,0.625,311.0,1.0,5.333333333333333,3.5,3.5,114.29693539937337,30.0,114.29693539937337,24.0
469,39.083333333333336,39.083333333333336,1,15.083333333333336,15:05,111.97831347554609,4.500336371382589,1.6584708697724466,0.0,0.0,4.0,4.0,0.0,0.0,0.0,5.0,0.0,0.0,5.0,0.0,0.0,325.0,118.22357940673828,0.0,0.0,0,24.0,24.0,0.0,0.0,1.0,118.22357940673828,118.22357940673828,30.0,1,demand_surge,3,od_ab,4,1,175.0,0.0,0.0,0.0,0.0,317.0,8.0,222.69715881347656,13.75,322.5003356933594,9.65847110748291,312.84185791015625,0.0,0.0,0.0,0.0,0.0,66.11849739554297,7.640958674231574,5.3577477892969005,16.731426433020516,7.1204535656738575,9.009229617780276,-303.31000000000006,0.7307155744881839,0.2692844255118161,0.0,0.0,0.7307155744881839,0.2692844255118161,0.0,0.0,2.841865501610142,,,0,0,0,1,0,0,0,0,0,0,0,0,181,0.6284722222222223,312.6666666666667,1.0,5.416666666666667,3.75,3.75,114.90105883280437,30.0,114.90105883280437,24.0
470,39.166666666666664,39.166666666666664,1,15.166666666666664,15:09,114.5103557181279,4.593913718424698,1.7041558460723363,0.0,0.0,6.0,5.0,1.0,0.0,0.0,3.0,0.0,0.0,3.0,0.0,0.0,328.0,117.91407775878906,0.0,0.0,0,24.0,24.0,0.0,0.0,1.0,117.91407775878906,117.91407775878906,30.0,1,demand_surge,3,od_ab,4,1,170.0,0.0,0.0,0.0,0.0,322.0,6.0,224.16148376464844,11.666666984558105,324.5939025878906,8.704155921936035,315.8897399902344,0.0,0.0,0.0,0.0,0.0,67.37026698689581,7.868704845200191,5.39268220191306,17.30523740559454,7.255259521665702,9.318204756858597,-308.1,0.7294161602026652,0.2705838397973349,0.0,0.0,0.7294161602026652,0.2705838397973349,0.0,0.0,2.889757872352362,,,0,0,0,1,0,0,0,0,0,0,0,0,182,0.6319444444444443,314.5,1.0,5.5,3.6666666666666665,3.6666666666666665,115.4126205444336,30.0,115.4126205444336,24.0
471,39.25,39.25,1,15.25,15:15,117.09283622895896,4.688839732671542,1.7512662599212,0.0,0.0,12.0,7.0,5.0,0.0,0.0,3.0,0.0,0.0,3.0,0.0,0.0,337.0,115.35550689697266,0.0,0.0,0,24.0,24.0,0.0,0.0,1.0,115.35550689697266,115.35550689697266,30.0,1,demand_surge,3,od_ab,4,1,165.0,0.0,0.0,0.0,0.0,327.0,10.0,223.2110137939453,7.5,331.6888427734375,10.751266479492188,320.93756103515625,0.0,0.0,0.0,0.0,0.0,68.63095491375567,8.10614982629886,5.4274838255732,17.899194137202393,7.391025913789072,9.638027612339748,-314.23,0.7280687209285894,0.2719312790714105,0.0,0.0,0.7280687209285894,0.2719312790714105,0.0,0.0,2.9375734727503415,,,0,0,0,1,0,0,0,0,0,0,0,0,183,0.6354166666666666,317.1666666666667,1.0,6.166666666666667,3.5,3.5,115.64575703938802,30.0,115.64575703938802,24.0
472,39.333333333333336,39.333333333333336,1,15.333333333333336,15:20,119.70985779604447,4.784491889971249,1.7995502888111965,0.0,0.0,3.0,2.0,1.0,0.0,0.0,4.0,0.0,0.0,4.0,0.0,0.0,336.0,117.03363800048828,0.0,0.0,0,24.0,24.0,0.0,0.0,1.0,117.03363800048828,117.03363800048828,30.0,1,demand_surge,3,od_ab,4,1,160.0,0.0,0.0,0.0,0.0,327.0,9.0,225.73394775390625,8.333333015441895,331.78448486328125,10.79955005645752,320.98492431640625,0.0,0.0,0.0,0.0,0.0,69.8916417283751,8.352132225002801,5.461625431410247,18.510483046330343,7.526792186132703,9.967183178793261,-315.28000000000003,0.7266800181489758,0.2733199818510243,0.0,0.0,0.7266800181489758,0.2733199818510243,0.0,0.0,2.9849416011600525,,,0,0,0,1,0,0,0,0,0,0,0,0,184,0.638888888888889,319.75,1.0,6.0,3.4166666666666665,3.4166666666666665,116.03934288024902,30.0,116.03934288024902,24.0
473,39.416666666666664,39.416666666666664,1,15.416666666666664,15:24,122.34468260031719,4.880228507069556,1.8487290359478894,0.0,0.0,5.0,4.0,1.0,0.0,0.0,5.0,0.0,0.0,5.0,0.0,0.0,336.0,118.15239715576172,0.0,0.0,0,24.0,24.0,0.0,0.0,1.0,118.15239715576172,118.15239715576172,30.0,1,demand_surge,3,od_ab,4,1,155.0,0.0,0.0,0.0,0.0,327.0,9.0,225.74923706054688,10.55555534362793,333.8802185058594,9.848729133605957,324.031494140625,0.0,0.0,0.0,0.0,0.0,71.14335900979974,8.60530496311794,5.494613695948189,19.135878074757375,7.661592508747663,10.303934347946278,-315.23,0.7252577350757262,0.2747422649242738,0.0,0.0,0.7252577350757262,0.2747422649242738,0.0,0.0,3.0314994711216663,,,0,0,0,1,0,0,0,0,0,0,0,0,185,0.642361111111111,322.3333333333333,1.0,6.25,3.6666666666666665,3.6666666666666665,116.3162473042806,30.0,116.3162473042806,24.0
474,39.5,39.5,1,15.5,15:30,124.97993689506103,4.975398053573326,1.898498475655032,0.0,0.0,8.0,5.0,3.0,0.0,0.0,4.0,0.0,0.0,4.0,0.0,0.0,340.0,117.58333587646484,0.0,0.0,0,24.0,24.0,0.0,0.0,1.0,117.58333587646484,117.58333587646484,30.0,1,demand_surge,3,od_ab,4,1,150.0,0.0,0.0,0.0,0.0,330.0,10.0,226.1666717529297,9.0,334.97540283203125,11.89849853515625,323.076904296875,0.0,0.0,0.0,0.0,0.0,72.37724545495654,8.864136921872161,5.526001235431711,19.771752451973462,7.794472587456856,10.646328243370325,-318.95000000000005,0.7238104374160326,0.27618956258396743,0.0,0.0,0.7238104374160326,0.27618956258396743,0.0,0.0,3.0768995779182946,,,0,0,0,1,0,0,0,0,0,0,0,0,186,0.6458333333333334,325.0,1.0,6.416666666666667,3.75,3.75,116.67095565795898,30.0,116.67095565795898,24.0
475,39.583333333333336,39.583333333333336,1,15.583333333333336,15:35,127.59782311334743,5.069348393898715,1.9485318773353952,0.0,0.0,7.0,5.0,2.0,0.0,0.0,5.0,0.0,0.0,5.0,0.0,0.0,342.0,117.74024200439453,0.0,0.0,0,24.0,24.0,0.0,0.0,1.0,117.74024200439453,117.74024200439453,30.0,1,demand_surge,3,od_ab,4,1,145.0,0.0,0.0,0.0,0.0,333.0,9.0,226.5915985107422,8.88888931274414,338.0693359375,11.948532104492188,326.12078857421875,0.0,0.0,0.0,0.0,0.0,73.58469632963859,9.12691807254974,5.555397142971919,20.414098776246977,7.924505758576462,10.992207033363757,-321.47,0.7223475177651126,0.27765248223488737,0.0,0.0,0.7223475177651126,0.27765248223488737,0.0,0.0,3.1208165165633197,,,0,0,0,1,0,0,0,0,0,0,0,0,187,0.6493055555555557,328.0,1.0,6.75,3.75,3.75,116.92887179056804,30.0,116.92887179056804,24.0
476,39.666666666666664,39.666666666666664,1,15.666666666666664,15:39,130.18033432039402,5.161435687789304,1.9984826998323675,0.0,0.0,11.0,8.0,3.0,0.0,0.0,2.0,0.0,0.0,2.0,0.0,0.0,351.0,116.82917785644531,0.0,0.0,0,24.0,24.0,0.0,0.0,1.0,116.82917785644531,116.82917785644531,30.0,1,demand_surge,3,od_ab,4,1,140.0,0.0,0.0,0.0,0.0,341.0,10.0,226.15835571289062,7.5,344.16143798828125,11.998482704162598,332.1629638671875,0.0,0.0,0.0,0.0,0.0,74.75750110676418,9.391768496815507,5.582475629863628,21.058557829044474,8.05080781149768,11.339223446408562,-329.59000000000003,0.7208791229677398,0.27912087703226024,0.0,0.0,0.7208791229677398,0.27912087703226024,0.0,0.0,3.1629529879569365,,,0,0,0,1,0,0,0,0,0,0,0,0,188,0.6527777777777777,331.0833333333333,1.0,6.916666666666667,3.8333333333333335,3.8333333333333335,117.09746932983398,30.0,117.09746932983398,24.0
477,39.75,39.75,1,15.75,15:45,132.70946601902497,5.251032694104007,2.0479879369423664,0.0,0.0,12.0,10.0,2.0,0.0,0.0,3.0,0.0,0.0,3.0,0.0,0.0,360.0,116.0,0.0,0.0,0,24.0,24.0,0.0,0.0,1.0,116.0,116.0,30.0,1,demand_surge,3,od_ab,4,1,135.0,0.0,0.0,0.0,0.0,350.0,10.0,224.0,8.0,354.25103759765625,12.047987937927246,342.20306396484375,0.0,0.0,0.0,0.0,0.0,75.88796453132785,9.65665161613853,5.606982414878061,21.70045632964939,8.172550026450692,11.684861100580441,-336.56000000000006,0.7194160640906736,0.28058393590932634,0.0,0.0,0.7194160640906736,0.28058393590932634,0.0,0.0,3.2030447571616403,,,0,0,0,1,0,0,0,0,0,0,0,0,189,0.65625,334.9166666666667,1.0,7.416666666666667,3.5833333333333335,3.5833333333333335,117.13054784138997,30.0,117.13054784138997,24.0
478,39.833333333333336,39.833333333333336,1,15.833333333333336,15:50,135.16742060716916,5.337536250336516,2.0966718830577875,0.0,0.0,5.0,3.0,2.0,0.0,0.0,2.0,0.0,0.0,2.0,0.0,0.0,363.0,118.23863983154297,0.0,0.0,0,24.0,24.0,0.0,0.0,1.0,118.23863983154297,118.23863983154297,30.0,1,demand_surge,3,od_ab,4,1,130.0,0.0,0.0,0.0,0.0,352.0,11.0,226.47727966308594,10.0,356.3375244140625,12.096672058105469,344.2408447265625,0.0,0.0,0.0,0.0,0.0,76.96900699947628,9.9193918373636,5.628738566554595,22.334853592490212,8.288969984558983,12.026459626725497,-340.86000000000007,0.7179697090212497,0.2820302909787503,0.0,0.0,0.7179697090212497,0.2820302909787503,0.0,0.0,3.2408643672787285,,,0,0,0,1,0,0,0,0,0,0,0,0,190,0.6597222222222223,338.6666666666667,1.0,7.333333333333333,3.5833333333333335,3.5833333333333335,117.24878374735515,30.0,117.24878374735515,24.0
479,39.916666666666664,39.916666666666664,1,15.916666666666664,15:54,137.53680026406607,5.420373738658361,2.1441502758652735,0.0,0.0,11.0,9.0,2.0,0.0,0.0,1.0,0.0,0.0,1.0,0.0,0.0,373.0,118.6865234375,0.0,0.0,0,24.0,24.0,0.0,0.0,1.0,118.6865234375,118.6865234375,30.0,1,demand_surge,3,od_ab,4,1,125.0,0.0,0.0,0.0,0.0,361.0,12.0,225.7063751220703,11.666666984558105,364.4203796386719,13.144149780273438,351.2762451171875,0.0,0.0,0.0,0.0,0.0,77.99424100024144,10.177696684157254,5.647641583203226,22.956596777684794,8.399379800026002,12.36124441875335,-349.54,0.7165518581541183,0.2834481418458817,0.0,0.0,0.7165518581541183,0.2834481418458817,0.0,0.0,3.2762234627930873,,,0,0,0,1,0,0,0,0,0,0,0,0,191,0.6631944444444443,343.0833333333333,1.0,7.75,3.3333333333333335,3.3333333333333335,117.36042976379395,30.0,117.36042976379395,24.0
480,40.0,40.0,1,16.0,16:00,139.80078468361108,5.4990083964746335,2.190034761123977,0.0,0.0,5.0,3.0,2.0,0.0,0.0,5.0,0.0,0.0,5.0,0.0,0.0,373.0,119.79540252685547,0.0,0.0,0,24.0,24.0,0.0,0.0,1.0,119.79540252685547,119.79540252685547,30.0,1,demand_surge,3,od_ab,4,1,120.0,0.0,0.0,0.0,0.0,360.0,13.0,226.51388549804688,13.076923370361328,367.4990234375,14.190034866333008,353.3089904785156,0.0,0.0,0.0,0.0,0.0,78.9580214067941,10.429183326181668,5.6636635918937825,23.56038413470642,8.503171536116287,12.68636068791884,-349.33000000000004,0.7151746041430787,0.2848253958569214,0.0,0.0,0.7151746041430787,0.2848253958569214,0.0,0.0,3.3089736353506565,,,0,0,0,1,0,0,0,0,0,0,0,0,192,0.6666666666666666,347.0,1.0,7.416666666666667,3.5,3.5,117.62937672932942,30.0,117.62937672932942,24.0
481,40.083333333333336,40.083333333333336,1,16.083333333333336,16:05,141.9432908466856,5.572943383296591,2.2339376132711175,0.0,0.0,7.0,6.0,1.0,0.0,0.0,7.0,0.0,0.0,7.0,0.0,0.0,373.0,119.50464630126953,0.0,0.0,0,24.0,24.0,0.0,0.0,1.0,119.50464630126953,119.50464630126953,30.0,1,demand_surge,3,od_ab,4,1,115.0,0.0,0.0,0.0,0.0,362.0,11.0,225.3729248046875,13.636363983154297,369.57293701171875,14.233938217163086,355.3389892578125,0.0,0.0,0.0,0.0,0.0,79.85546857226824,10.671409245486268,5.676846658180198,24.140835340929325,8.599819692398118,12.998911337423483,-349.17,0.7138501772662774,0.2861498227337226,0.0,0.0,0.7138501772662774,0.2861498227337226,0.0,0.0,3.339005770025474,,,0,0,0,1,0,0,0,0,0,0,0,0,193,0.670138888888889,351.0,1.0,7.666666666666667,3.6666666666666665,3.6666666666666665,117.7361323038737,30.0,117.7361323038737,24.0
482,40.166666666666664,40.166666666666664,1,16.166666666666664,16:09,143.94911288915816,5.64172457348389,2.275476635419809,0.0,0.0,4.0,3.0,1.0,0.0,0.0,3.0,0.0,0.0,3.0,0.0,0.0,374.0,121.19230651855469,0.0,0.0,0,24.0,24.0,0.0,0.0,1.0,121.19230651855469,121.19230651855469,30.0,1,demand_surge,3,od_ab,4,1,110.0,0.0,0.0,0.0,0.0,364.0,10.0,227.88461303710938,14.5,368.6417236328125,12.275476455688477,356.3662414550781,0.0,0.0,0.0,0.0,0.0,80.68246442661541,10.901906600246168,5.68729531837263,24.692567743687487,8.688880784404736,13.295998015831723,-352.79,0.7125907785618985,0.28740922143810166,0.0,0.0,0.7125907785618985,0.28740922143810166,0.0,0.0,3.3662479380640806,,,0,0,0,1,0,0,0,0,0,0,0,0,194,0.673611111111111,354.8333333333333,1.0,7.5,3.6666666666666665,3.6666666666666665,118.00931803385417,30.0,118.00931803385417,24.0
483,40.25,40.25,1,16.25,16:15,145.8040410326002,5.704942103112539,2.314280153680472,0.0,0.0,8.0,5.0,3.0,0.0,0.0,4.0,0.0,0.0,4.0,0.0,0.0,378.0,120.07201385498047,0.0,0.0,0,24.0,24.0,0.0,0.0,1.0,120.07201385498047,120.07201385498047,30.0,1,demand_surge,3,od_ab,4,1,105.0,0.0,0.0,0.0,0.0,368.0,10.0,229.14402770996094,11.0,372.7049560546875,13.31428050994873,359.39068603515625,0.0,0.0,0.0,0.0,0.0,81.43562302259252,11.118219668197817,5.695166570321007,25.210277039886282,8.769990171663808,13.574764559938767,-357.37,0.7114084035119408,0.2885915964880592,0.0,0.0,0.7114084035119408,0.2885915964880592,0.0,0.0,3.390661949432067,,,0,0,0,1,0,0,0,0,0,0,0,0,195,0.6770833333333334,358.25,1.0,7.166666666666667,3.75,3.75,118.40236028035481,30.0,118.40236028035481,24.0
484,40.333333333333336,40.333333333333336,1,16.333333333333336,16:20,147.49495945170708,5.762230755779193,2.349992014064696,0.0,0.0,8.0,2.0,6.0,0.0,0.0,2.0,0.0,0.0,2.0,0.0,0.0,384.0,120.47832489013672,0.0,0.0,0,24.0,24.0,0.0,0.0,1.0,120.47832489013672,120.47832489013672,30.0,1,demand_surge,3,od_ab,4,1,100.0,0.0,0.0,0.0,0.0,369.0,15.0,232.28997802734375,8.666666984558105,373.7622375488281,16.349992752075195,357.4122314453125,0.0,0.0,0.0,0.0,0.0,82.11223817505605,11.317944585149244,5.700657680497221,25.68882068489904,8.84285641885219,13.832441907253328,-363.39000000000004,0.710314659651547,0.28968534034845284,0.0,0.0,0.710314659651547,0.28968534034845284,0.0,0.0,3.412238741714497,,,0,0,0,1,0,0,0,0,0,0,0,0,196,0.6805555555555557,362.25,1.0,7.583333333333333,3.5833333333333335,3.5833333333333335,118.68941752115886,30.0,118.68941752115886,24.0
485,40.416666666666664,40.416666666666664,1,16.416666666666664,16:24,149.00992380685614,5.813269323507917,2.3822764858691707,0.0,0.0,8.0,7.0,1.0,0.0,0.0,2.0,0.0,0.0,2.0,0.0,0.0,390.0,121.97333526611328,0.0,0.0,0,24.0,24.0,0.0,0.0,1.0,121.97333526611328,121.97333526611328,30.0,1,demand_surge,3,od_ab,4,1,95.0,0.0,0.0,0.0,0.0,375.0,15.0,232.27999877929688,11.666666984558105,379.8132629394531,16.38227653503418,363.4309997558594,0.0,0.0,0.0,0.0,0.0,82.71021191337788,11.498770447102487,5.703992277726982,26.123302125685264,8.907253590671463,14.066393452292063,-369.26000000000005,0.7093205820235373,0.29067941797646285,0.0,0.0,0.7093205820235373,0.29067941797646285,0.0,0.0,3.4309928376387466,,,0,0,0,1,0,0,0,0,0,0,0,0,197,0.6840277777777777,366.75,1.0,7.833333333333333,3.3333333333333335,3.3333333333333335,119.00782903035481,30.0,119.00782903035481,24.0
486,40.5,40.5,1,16.5,16:30,150.33821992589947,5.857779122267957,2.4108229736565145,0.0,0.0,11.0,8.0,3.0,0.0,0.0,6.0,0.0,0.0,6.0,0.0,0.0,395.0,120.42982482910156,0.0,0.0,0,24.0,24.0,0.0,0.0,1.0,120.42982482910156,120.42982482910156,30.0,1,demand_surge,3,od_ab,4,1,90.0,0.0,0.0,0.0,0.0,380.0,15.0,230.5263214111328,10.333333015441895,386.8577880859375,18.410823822021484,368.44696044921875,0.0,0.0,0.0,0.0,0.0,83.22796836201508,11.658520726671583,5.705405300245417,26.509153813687753,8.963011977447778,14.274159745831867,-372.31000000000006,0.7084364508427864,0.29156354915721366,0.0,0.0,0.7084364508427864,0.29156354915721366,0.0,0.0,3.446956148611443,,,0,0,0,1,0,0,0,0,0,0,0,0,198,0.6875,371.3333333333333,1.0,8.083333333333334,3.5,3.5,119.24503644307454,30.0,119.24503644307454,24.0
487,40.583333333333336,40.583333333333336,1,16.583333333333336,16:35,151.47040573570618,5.895521874538796,2.4353504409250446,0.0,0.0,10.0,7.0,3.0,0.0,0.0,7.0,0.0,0.0,7.0,0.0,0.0,398.0,119.72093963623047,0.0,0.0,0,24.0,24.0,0.0,0.0,1.0,119.72093963623047,119.72093963623047,30.0,1,demand_surge,3,od_ab,4,1,85.0,0.0,0.0,0.0,0.0,381.0,17.0,227.6771697998047,11.764705657958984,390.8955078125,18.43535041809082,372.46014404296875,0.0,0.0,0.0,0.0,0.0,83.66435832772417,11.795193873406024,5.705127436314562,26.84221688092924,9.010007819908756,14.453501397423434,-372.09000000000003,0.7076716160437936,0.29232838395620653,0.0,0.0,0.7076716160437936,0.29232838395620653,0.0,0.0,3.460171433613751,,,0,0,0,1,0,0,0,0,0,0,0,0,199,0.6909722222222223,376.0,1.0,8.333333333333334,3.6666666666666665,3.6666666666666665,119.41009457906087,30.0,119.41009457906087,24.0
488,40.666666666666664,40.666666666666664,1,16.666666666666664,16:39,152.3983389890015,5.9262971920336085,2.455611452361475,0.0,0.0,6.0,5.0,1.0,0.0,0.0,1.0,0.0,0.0,1.0,0.0,0.0,403.0,122.44913482666016,0.0,0.0,0,24.0,24.0,0.0,0.0,1.0,122.44913482666016,122.44913482666016,30.0,1,demand_surge,3,od_ab,4,1,80.0,0.0,0.0,0.0,0.0,385.0,18.0,229.06494140625,15.833333015441895,389.9263000488281,18.455612182617188,371.470703125,0.0,0.0,0.0,0.0,0.0,84.01856026421997,11.90700192951902,5.703369743902486,27.11881536488863,9.048152643839073,14.602439042632337,-378.25,0.7070343335221717,0.2929656664778282,0.0,0.0,0.7070343335221717,0.2929656664778282,0.0,0.0,3.4706857396721333,,,0,0,0,1,0,0,0,0,0,0,0,0,200,0.6944444444444443,380.3333333333333,1.0,7.916666666666667,3.5833333333333335,3.5833333333333335,119.87842432657878,30.0,119.87842432657878,24.0
489,40.75,40.75,1,16.75,16:45,153.11519358405616,5.9499398989623975,2.471395748160691,0.0,0.0,9.0,5.0,4.0,0.0,0.0,2.0,0.0,0.0,2.0,0.0,0.0,410.0,123.28205108642578,0.0,0.0,0,24.0,24.0,0.0,0.0,1.0,123.28205108642578,123.28205108642578,30.0,1,demand_surge,3,od_ab,4,1,75.0,0.0,0.0,0.0,0.0,390.0,20.0,231.06410217285156,15.5,393.949951171875,22.47139549255371,371.4785461425781,0.0,0.0,0.0,0.0,0.0,84.28998338152547,11.99240600147763,5.7003091477760846,27.335822947923248,9.077382825702742,14.719289279650978,-385.55,0.7065316178194402,0.2934683821805599,0.0,0.0,0.7065316178194402,0.2934683821805599,0.0,0.0,3.4785441508017065,,,0,0,0,1,0,0,0,0,0,0,0,0,201,0.6979166666666666,384.5,1.0,7.666666666666667,3.5,3.5,120.48526191711426,30.0,120.48526191711426,24.0
490,40.833333333333336,40.833333333333336,1,16.833333333333336,16:50,153.61546732412233,5.966317429699154,2.4825332731275744,0.0,0.0,9.0,7.0,2.0,0.0,0.0,6.0,0.0,0.0,6.0,0.0,0.0,413.0,123.0031967163086,0.0,0.0,0,24.0,24.0,0.0,0.0,1.0,123.0031967163086,123.0031967163086,30.0,1,demand_surge,3,od_ab,4,1,70.0,0.0,0.0,0.0,0.0,396.0,17.0,231.30050659179688,14.70588207244873,400.96630859375,22.482532501220703,378.4837646484375,0.0,0.0,0.0,0.0,0.0,84.47817845963014,12.05014748562293,5.69607549051121,27.490720335258615,9.097649987960168,14.802695565139253,-389.49,0.706169115723989,0.29383088427601095,0.0,0.0,0.706169115723989,0.29383088427601095,0.0,0.0,3.4837841565715792,,,0,0,0,1,0,0,0,0,0,0,0,0,202,0.701388888888889,388.6666666666667,1.0,8.0,3.8333333333333335,3.8333333333333335,120.88230832417806,30.0,120.88230832417806,24.0
491,40.916666666666664,40.916666666666664,1,16.916666666666664,16:54,153.89498381323716,5.975327514833104,2.48889659489494,0.0,0.0,7.0,5.0,2.0,0.0,0.0,5.0,0.0,0.0,5.0,0.0,0.0,415.0,123.25892639160156,0.0,0.0,0,24.0,24.0,0.0,0.0,1.0,123.25892639160156,123.25892639160156,30.0,1,demand_surge,3,od_ab,4,1,65.0,0.0,0.0,0.0,0.0,399.0,16.0,232.14285278320312,14.375,404.975341796875,19.4888973236084,385.4864501953125,0.0,0.0,0.0,0.0,0.0,84.58276142347881,12.079274051519027,5.690740757145692,27.58164162806735,9.108912768682332,14.851653184343956,-392.61000000000007,0.7059510047667077,0.2940489952332924,0.0,0.0,0.7059510047667077,0.2940489952332924,0.0,0.0,3.4864309199381642,,,0,0,0,1,0,0,0,0,0,0,0,0,203,0.704861111111111,392.1666666666667,1.0,7.666666666666667,4.166666666666667,4.166666666666667,121.26334190368652,30.0,121.26334190368652,24.0
492,41.0,41.0,1,17.0,17:00,153.95089085075512,5.976896337540404,2.490402659251128,0.0,0.0,8.0,4.0,4.0,0.0,0.0,2.0,0.0,0.0,2.0,0.0,0.0,421.0,124.3263931274414,0.0,0.0,0,24.0,24.0,0.0,0.0,1.0,124.3263931274414,124.3263931274414,30.0,1,demand_surge,3,od_ab,4,1,60.0,0.0,0.0,0.0,0.0,402.0,19.0,234.17910766601562,14.473684310913086,406.9768981933594,20.490402221679688,386.48651123046875,0.0,0.0,0.0,0.0,0.0,84.60335396492376,12.079159536507461,5.684311003432102,27.60740834728501,9.111130426991789,14.865527571615004,-399.03000000000003,0.7058799198900615,0.2941200801099386,0.0,0.0,0.7058799198900615,0.2941200801099386,0.0,0.0,3.4864936782892757,,,0,0,0,1,0,0,0,0,0,0,0,0,204,0.7083333333333334,396.1666666666667,1.0,7.916666666666667,3.9166666666666665,3.9166666666666665,121.64092445373535,30.0,121.64092445373535,24.0
493,41.083333333333336,41.083333333333336,1,17.083333333333336,17:05,153.78165719601043,5.9709772999387205,2.487013845841852,0.0,0.0,6.0,4.0,2.0,0.0,0.0,5.0,0.0,0.0,5.0,0.0,0.0,422.0,125.70478820800781,0.0,0.0,0,24.0,24.0,0.0,0.0,1.0,125.70478820800781,125.70478820800781,30.0,1,demand_surge,3,od_ab,4,1,55.0,0.0,0.0,0.0,0.0,401.0,21.0,233.79052734375,17.619047164916992,409.9709777832031,21.487014770507812,388.48394775390625,0.0,0.0,0.0,0.0,0.0,84.53954449896463,12.049517092910492,5.67672139893194,27.56755011845466,9.104258638350036,14.844065448398661,-398.64000000000004,0.7059569106923759,0.29404308930762424,0.0,0.0,0.7059569106923759,0.29404308930762424,0.0,0.0,3.4839634540968687,,,0,0,0,1,0,0,0,0,0,0,0,0,205,0.7118055555555557,400.25,1.0,7.833333333333333,3.75,3.75,122.15760294596355,30.0,122.15760294596355,24.0
494,41.166666666666664,41.166666666666664,1,17.166666666666664,17:09,153.38706896399583,5.957550489119931,2.47873830389984,0.0,0.0,4.0,3.0,1.0,0.0,0.0,4.0,0.0,0.0,4.0,0.0,0.0,422.0,127.94441986083984,0.0,0.0,0,24.0,24.0,0.0,0.0,1.0,127.94441986083984,127.94441986083984,30.0,1,demand_surge,3,od_ab,4,1,50.0,0.0,0.0,0.0,0.0,401.0,21.0,235.174560546875,20.714284896850586,407.9575500488281,22.47873878479004,385.47882080078125,0.0,0.0,0.0,0.0,0.0,84.3908715715373,11.990405147261118,5.667834654464089,27.462311423969044,9.088247707704017,14.787398459060253,-399.98,0.7061814306368032,0.2938185693631969,0.0,0.0,0.7061814306368032,0.2938185693631969,0.0,0.0,3.478812185220091,,,0,0,0,1,0,0,0,0,0,0,0,0,206,0.7152777777777777,404.25,1.0,7.833333333333333,3.8333333333333335,3.8333333333333335,122.72027905782063,30.0,122.72027905782063,24.0
495,41.25,41.25,1,17.25,17:15,152.76822622747554,5.936622877885768,2.4656295646253863,0.0,0.0,7.0,6.0,1.0,0.0,0.0,1.0,0.0,0.0,1.0,0.0,0.0,428.0,130.10267639160156,0.0,0.0,0,24.0,24.0,0.0,0.0,1.0,130.10267639160156,130.10267639160156,30.0,1,demand_surge,3,od_ab,4,1,45.0,0.0,0.0,0.0,0.0,407.0,21.0,236.6339111328125,23.571428298950195,410.9366149902344,22.46562957763672,388.4709777832031,0.0,0.0,0.0,0.0,0.0,84.15683055947098,11.902225968923185,5.657442946135172,27.29264425025206,9.06304329101995,14.696039211674185,-407.4100000000001,0.7065513585201812,0.2934486414798186,0.0,0.0,0.7065513585201812,0.2934486414798186,0.0,0.0,3.470993313260382,,,0,0,0,1,0,0,0,0,0,0,0,0,207,0.71875,408.4166666666667,1.0,7.75,3.5833333333333335,3.5833333333333335,123.55616760253906,30.0,123.55616760253906,24.0
496,41.333333333333336,41.333333333333336,1,17.333333333333336,17:20,151.92753968963245,5.908229239097444,2.4477854438323416,0.0,0.0,6.0,3.0,3.0,0.0,0.0,5.0,0.0,0.0,5.0,0.0,0.0,429.0,130.00213623046875,0.0,0.0,0,24.0,24.0,0.0,0.0,1.0,130.00213623046875,130.00213623046875,30.0,1,demand_surge,3,od_ab,4,1,40.0,0.0,0.0,0.0,0.0,409.0,20.0,239.2542724609375,20.75,413.9082336425781,24.447784423828125,389.46044921875,0.0,0.0,0.0,0.0,0.0,83.83690319124071,11.785716892474353,5.645273283841871,27.060186885962242,9.028589574441305,14.570869861671975,-410.44,0.7070630513810802,0.2929369486189198,0.0,0.0,0.7070630513810802,0.2929369486189198,0.0,0.0,3.460443795265102,,,0,0,0,1,0,0,0,0,0,0,0,0,208,0.7222222222222223,412.1666666666667,1.0,7.583333333333333,3.8333333333333335,3.8333333333333335,124.34981854756673,30.0,124.34981854756673,24.0
497,41.416666666666664,41.416666666666664,1,17.416666666666664,17:24,150.86872660451783,5.872433698318274,2.425346264930207,0.0,0.0,8.0,5.0,3.0,0.0,0.0,4.0,0.0,0.0,4.0,0.0,0.0,433.0,130.09503173828125,0.0,0.0,0,24.0,24.0,0.0,0.0,1.0,130.09503173828125,130.09503173828125,30.0,1,demand_surge,3,od_ab,4,1,35.0,0.0,0.0,0.0,0.0,413.0,20.0,240.69007873535156,19.5,417.8724365234375,23.42534637451172,394.44708251953125,0.0,0.0,0.0,0.0,0.0,83.4306081427105,11.641934482773053,5.630996109739613,26.767229545051805,8.98483472306113,14.41312360118174,-415.59,0.7077114269512743,0.2922885730487258,0.0,0.0,0.7077114269512743,0.2922885730487258,0.0,0.0,3.4470874333880674,,,0,0,0,1,0,0,0,0,0,0,0,0,209,0.7256944444444443,415.75,1.0,7.583333333333333,4.0,4.0,125.02662658691406,30.0,125.02662658691406,24.0
498,41.5,41.5,1,17.5,17:30,149.5968045084586,5.8293318002627625,2.3984924477024587,0.0,0.0,8.0,5.0,3.0,0.0,0.0,4.0,0.0,0.0,4.0,0.0,0.0,437.0,130.55941772460938,0.0,0.0,0,24.0,24.0,0.0,0.0,1.0,130.55941772460938,130.55941772460938,30.0,1,demand_surge,3,od_ab,4,1,30.0,0.0,0.0,0.0,0.0,415.0,22.0,240.89157104492188,20.227272033691406,421.829345703125,23.39849281311035,398.43084716796875,0.0,0.0,0.0,0.0,0.0,82.93756979531344,11.472232162455406,5.61423676061197,26.41666787787861,8.93173828564914,14.224359626550019,-418.83000000000004,0.7084900727801013,0.2915099272198986,0.0,0.0,0.7084900727801013,0.2915099272198986,0.0,0.0,3.430839352560304,,,0,0,0,1,0,0,0,0,0,0,0,0,210,0.7291666666666666,419.25,1.0,7.333333333333333,3.8333333333333335,3.8333333333333335,125.87075932820638,30.0,125.87075932820638,24.0
499,41.583333333333336,41.583333333333336,1,17.583333333333336,17:35,148.11808082713222,5.779052923312464,2.3674415221798073,0.0,0.0,7.0,3.0,4.0,0.0,0.0,4.0,0.0,0.0,4.0,0.0,0.0,440.0,131.22048950195312,0.0,0.0,0,24.0,24.0,0.0,0.0,1.0,131.22048950195312,131.22048950195312,30.0,1,demand_surge,3,od_ab,4,1,25.0,0.0,0.0,0.0,0.0,415.0,25.0,242.240966796875,20.200000762939453,421.779052734375,26.367441177368164,395.41162109375,0.0,0.0,0.0,0.0,0.0,82.3576012481174,11.278232028323133,5.594589295563493,26.011945778465098,8.869280134412643,14.006432342250434,-421.57,0.709391378338226,0.29060862166177404,0.0,0.0,0.709391378338226,0.29060862166177404,0.0,0.0,3.4116114011326566,,,0,0,0,1,0,0,0,0,0,0,0,0,211,0.732638888888889,422.75,1.0,7.083333333333333,3.5833333333333335,3.5833333333333335,126.82905515034993,30.0,126.82905515034993,24.0
500,41.666666666666664,41.666666666666664,1,17.666666666666664,17:39,146.44013607509646,5.721762845352015,2.3324446387782913,0.0,0.0,6.0,5.0,1.0,0.0,0.0,3.0,0.0,0.0,3.0,0.0,0.0,443.0,133.119140625,0.0,0.0,0,24.0,24.0,0.0,0.0,1.0,133.119140625,133.119140625,30.0,1,demand_surge,3,od_ab,4,1,20.0,0.0,0.0,0.0,0.0,418.0,25.0,243.0382843017578,23.200000762939453,423.7217712402344,26.33244514465332,397.3893127441406,0.0,0.0,0.0,0.0,0.0,81.69079690220914,11.061791756765931,5.571632084003709,25.556989182721857,8.797470435622524,13.761455713773307,-425.44,0.7104066857758448,0.28959331422415535,0.0,0.0,0.7104066857758448,0.28959331422415535,0.0,0.0,3.3893182065737237,,,0,0,0,1,0,0,0,0,0,0,0,0,212,0.736111111111111,426.0833333333333,1.0,7.083333333333333,3.75,3.75,127.7182223002116,30.0,127.7182223002116,24.0
501,41.75,41.75,1,17.75,17:45,144.57179819173138,5.657666245101853,2.2937826554433727,0.0,0.0,11.0,6.0,5.0,0.0,0.0,4.0,0.0,0.0,4.0,0.0,0.0,450.0,132.1355438232422,0.0,0.0,0,24.0,24.0,0.0,0.0,1.0,132.1355438232422,132.1355438232422,30.0,1,demand_surge,3,od_ab,4,1,15.0,0.0,0.0,0.0,0.0,423.0,27.0,243.9007110595703,20.370370864868164,427.65765380859375,30.293781280517578,397.3638610839844,0.0,0.0,0.0,0.0,0.0,80.93762942418616,10.824967632029997,5.5449444738626505,25.056132770381137,8.716360091835432,13.491763799435995,-431.94,0.7115264545954525,0.2884735454045475,0.0,0.0,0.7115264545954525,0.2884735454045475,0.0,0.0,3.3638835896584807,,,0,0,0,1,0,0,0,0,0,0,0,0,213,0.7395833333333334,429.4166666666667,1.0,7.25,3.9166666666666665,3.9166666666666665,128.45601336161295,30.0,128.45601336161295,24.0
502,41.833333333333336,41.833333333333336,1,17.833333333333336,17:50,142.52310557260367,5.587008916916935,2.251761889576268,0.0,0.0,12.0,8.0,4.0,0.0,0.0,3.0,0.0,0.0,3.0,0.0,0.0,459.0,131.9117889404297,0.0,0.0,0,24.0,24.0,0.0,0.0,1.0,131.9117889404297,131.9117889404297,30.0,1,demand_surge,3,od_ab,4,1,10.0,0.0,0.0,0.0,0.0,430.0,29.0,243.6511688232422,20.172412872314453,434.5870056152344,31.25176239013672,403.3352355957031,0.0,0.0,0.0,0.0,0.0,80.09904566774473,10.569974820097617,5.514123819805751,24.514041625479003,8.62605107191097,13.199868567565616,-439.81000000000006,0.7127404353102105,0.2872595646897895,0.0,0.0,0.7127404353102105,0.2872595646897895,0.0,0.0,3.3352470273406674,,,0,0,0,1,0,0,0,0,0,0,0,0,214,0.7430555555555557,433.25,1.0,7.5,3.6666666666666665,3.6666666666666665,129.1983960469564,30.0,129.1983960469564,24.0
503,41.916666666666664,41.916666666666664,1,17.916666666666664,17:54,140.30525655856178,5.5100794838361296,2.2067096268847677,0.0,0.0,9.0,8.0,1.0,0.0,0.0,4.0,0.0,0.0,4.0,0.0,0.0,464.0,132.294677734375,0.0,0.0,0,24.0,24.0,0.0,0.0,1.0,132.294677734375,132.294677734375,30.0,1,demand_surge,3,od_ab,4,1,5.0,0.0,0.0,0.0,0.0,437.0,27.0,243.47825622558594,21.11111068725586,441.51007080078125,30.206710815429688,411.3033447265625,0.0,0.0,0.0,0.0,0.0,79.17655619396689,10.299146052942445,5.478802147212928,23.935629973308,8.526706051657973,12.888416139473538,-445.44,0.7140378471897079,0.28596215281029214,0.0,0.0,0.7140378471897079,0.28596215281029214,0.0,0.0,3.303369856951362,,,0,0,0,1,0,0,0,0,0,0,0,0,215,0.7465277777777777,437.3333333333333,1.0,7.666666666666667,3.5833333333333335,3.5833333333333335,129.95137532552084,30.0,129.95137532552084,24.0
504,42.0,42.0,1,18.0,18:00,75.39269282799096,1.9876286245682748,2.1589694809712285,0.0,0.0,6.0,4.0,2.0,0.0,0.0,2.0,0.0,0.0,2.0,0.0,0.0,468.0,134.63809204101562,0.0,0.0,0,24.0,24.0,0.0,0.0,1.0,134.63809204101562,134.63809204101562,30.0,0,none,0,none,0,-1,0.0,0.0,0.0,0.0,0.0,439.0,29.0,244.96583557128906,24.310344696044922,440.9876403808594,29.15896987915039,411.82867431640625,0.0,0.0,0.0,0.0,0.0,15.634462674151434,10.01488988322437,5.438661759041361,23.32597909656997,8.41855682454308,12.560142590460753,-450.19,0.4793395872903553,0.5206604127096447,0.0,0.0,0.4793395872903553,0.5206604127096447,0.0,0.0,-0.1713408564029537,,,0,0,0,0,0,0,0,0,0,0,0,0,216,0.75,441.25,1.0,7.5,3.5833333333333335,3.5833333333333335,130.8106835683187,30.0,130.8106835683187,24.0
505,42.083333333333336,42.083333333333336,1,18.083333333333336,18:05,73.74093134507538,1.9468545274583848,2.108896696520761,0.0,0.0,3.0,1.0,2.0,0.0,0.0,5.0,0.0,0.0,5.0,0.0,0.0,466.0,136.23681640625,0.0,0.0,0,24.0,24.0,0.0,0.0,1.0,136.23681640625,136.23681640625,30.0,0,none,0,none,0,-1,0.0,0.0,0.0,0.0,0.0,439.0,27.0,248.76992797851562,23.703702926635742,439.9468688964844,31.108898162841797,408.8379821777344,0.0,0.0,0.0,0.0,0.0,15.417834724647738,9.719649620684956,5.3934491565891935,22.690256444423067,8.30191100557955,12.21783039315088,-452.1,0.48002316215744184,0.5199768378425581,0.0,0.0,0.48002316215744184,0.5199768378425581,0.0,0.0,-0.16204216906237634,,,0,0,0,0,0,0,0,0,0,0,0,0,217,0.7534722222222223,444.9166666666667,1.0,7.25,3.5833333333333335,3.5833333333333335,131.68835258483887,30.0,131.68835258483887,24.0
506,42.166666666666664,42.166666666666664,1,18.166666666666664,18:09,72.02005968712632,1.9042497972387573,2.0568534855531904,0.0,0.0,2.0,2.0,0.0,0.0,0.0,4.0,0.0,0.0,4.0,0.0,0.0,464.0,139.30189514160156,0.0,0.0,0,24.0,24.0,0.0,0.0,1.0,139.30189514160156,139.30189514160156,30.0,0,none,0,none,0,-1,0.0,0.0,0.0,0.0,0.0,438.0,26.0,250.71917724609375,27.884614944458008,440.90423583984375,27.056854248046875,413.8473815917969,0.0,0.0,0.0,0.0,0.0,15.186148041941884,9.415863973279583,5.342986737059533,22.0336377929698,8.177156637968707,11.864266503906814,-452.58000000000004,0.4807372242756983,0.5192627757243017,0.0,0.0,0.4807372242756983,0.5192627757243017,0.0,0.0,-0.15260368831443305,,,0,0,0,0,0,0,0,0,0,0,0,0,218,0.7569444444444443,448.4166666666667,1.0,7.083333333333333,3.5833333333333335,3.5833333333333335,132.6348088582357,30.0,132.6348088582357,24.0
507,42.25,42.25,1,18.25,18:15,70.24159041220248,1.8600829920655213,2.0032044806056155,0.0,0.0,3.0,3.0,0.0,0.0,0.0,4.0,0.0,0.0,4.0,0.0,0.0,463.0,141.9746551513672,0.0,0.0,0,24.0,24.0,0.0,0.0,1.0,141.9746551513672,141.9746551513672,30.0,0,none,0,none,0,-1,0.0,0.0,0.0,0.0,0.0,439.0,24.0,252.69931030273438,31.25,440.8600769042969,26.003204345703125,414.85687255859375,0.0,0.0,0.0,0.0,0.0,14.940276772306227,9.105930294807905,5.287181844745831,21.361234104915464,8.044764415857198,11.502202979569864,-454.3700000000001,0.4814767229267128,0.5185232770732873,0.0,0.0,0.4814767229267128,0.5185232770732873,0.0,0.0,-0.1431214885400942,,,0,0,0,0,0,0,0,0,0,0,0,0,219,0.7604166666666666,451.3333333333333,1.0,6.75,3.8333333333333335,3.8333333333333335,133.62414042154947,30.0,133.62414042154947,24.0
508,42.333333333333336,42.333333333333336,1,18.333333333333336,18:20,68.41708472289608,1.814627278522548,1.9483123812367364,0.0,0.0,4.0,1.0,3.0,0.0,0.0,3.0,0.0,0.0,3.0,0.0,0.0,464.0,143.59544372558594,0.0,0.0,0,24.0,24.0,0.0,0.0,1.0,143.59544372558594,143.59544372558594,30.0,0,none,0,none,0,-1,0.0,0.0,0.0,0.0,0.0,438.0,26.0,255.84474182128906,31.346153259277344,439.81463623046875,26.948312759399414,412.8663330078125,0.0,0.0,0.0,0.0,0.0,14.681247938545756,8.792171194077216,5.226032881724386,20.678024482065656,7.905287351524637,11.134320874958428,-457.35,0.4822366135519244,0.5177633864480756,0.0,0.0,0.4822366135519244,0.5177633864480756,0.0,0.0,-0.13368510271418854,,,0,0,0,0,0,0,0,0,0,0,0,0,220,0.763888888888889,454.25,1.0,6.583333333333333,3.6666666666666665,3.6666666666666665,134.75691604614258,30.0,134.75691604614258,24.0
509,42.416666666666664,42.416666666666664,1,18.416666666666664,18:24,66.55802557104496,1.7681575451520086,1.892533861255465,0.0,0.0,2.0,0.0,2.0,0.0,0.0,3.0,0.0,0.0,3.0,0.0,0.0,463.0,146.17098999023438,0.0,0.0,0,24.0,24.0,0.0,0.0,1.0,146.17098999023438,146.17098999023438,30.0,0,none,0,none,0,-1,0.0,0.0,0.0,0.0,0.0,436.0,27.0,259.564208984375,32.77777862548828,437.7681579589844,27.892534255981445,409.8756103515625,0.0,0.0,0.0,0.0,0.0,14.41023597913215,8.476805096767494,5.1596323207680355,19.98879632064899,7.75935783491731,10.763198018810993,-459.20998437500003,0.4830119091866423,0.5169880908133576,0.0,0.0,0.4830119091866423,0.5169880908133576,0.0,0.0,-0.12437631610345634,,,0,0,0,0,0,0,0,0,0,0,0,0,221,0.767361111111111,456.75,1.0,6.083333333333333,3.5833333333333335,3.5833333333333335,136.09657923380533,30.0,136.09657923380533,24.0
510,42.5,42.5,1,18.5,18:30,64.67569708183267,1.7209475455308714,1.8362157939699255,0.0,0.0,9.0,5.0,4.0,0.0,0.0,4.0,0.0,0.0,4.0,0.0,0.0,468.0,145.65391540527344,0.0,0.0,0,24.0,24.0,0.0,0.0,1.0,145.65391540527344,145.65391540527344,30.0,0,none,0,none,0,-1,0.0,0.0,0.0,0.0,0.0,439.0,29.0,260.2733459472656,31.034482955932617,440.720947265625,30.83621597290039,409.8847351074219,0.0,0.0,0.0,0.0,0.0,14.12855256662528,8.161921178682226,5.088166600401504,19.298093480161533,7.607682151259764,10.391281104702363,-463.8200000000001,0.4837977290557551,0.516202270944245,0.0,0.0,0.4837977290557551,0.516202270944245,0.0,0.0,-0.11526824843905414,,,0,0,0,0,0,0,0,0,0,0,0,0,222,0.7708333333333334,459.3333333333333,1.0,6.166666666666667,3.5833333333333335,3.5833333333333335,137.35445404052734,30.0,137.35445404052734,24.0
511,42.583333333333336,42.583333333333336,1,18.583333333333336,18:35,62.78107193955685,1.6732671147440437,1.7796918419315828,0.0,0.0,4.0,1.0,3.0,0.0,0.0,1.0,0.0,0.0,1.0,0.0,0.0,471.0,148.1416778564453,0.0,0.0,0,24.0,24.0,0.0,0.0,1.0,148.1416778564453,148.1416778564453,30.0,0,none,0,none,0,-1,0.0,0.0,0.0,0.0,0.0,440.0,31.0,264.6704406738281,31.612903594970703,439.67327880859375,31.779693603515625,407.8935852050781,0.0,0.0,0.0,0.0,0.0,13.837632031822793,7.8494589161946156,5.011913012651963,18.610172975138884,7.451032632519965,10.020862371228628,-470.16998437500007,0.48458934373057233,0.5154106562694276,0.0,0.0,0.48458934373057233,0.5154106562694276,0.0,0.0,-0.10642472718753915,,,0,0,0,0,0,0,0,0,0,0,0,0,223,0.7743055555555557,461.9166666666667,1.0,5.916666666666667,3.3333333333333335,3.3333333333333335,138.76455307006836,30.0,138.76455307006836,24.0
512,42.666666666666664,42.666666666666664,1,18.666666666666664,18:39,60.88470815952746,1.625379502267178,1.7232794465068324,0.0,0.0,3.0,0.0,3.0,0.0,0.0,5.0,0.0,0.0,5.0,0.0,0.0,469.0,149.34507751464844,0.0,0.0,0,24.0,24.0,0.0,0.0,1.0,149.34507751464844,149.34507751464844,30.0,0,none,0,none,0,-1,0.0,0.0,0.0,0.0,0.0,438.0,31.0,268.3675842285156,30.322580337524414,439.6253662109375,33.7232780456543,405.902099609375,0.0,0.0,0.0,0.0,0.0,13.539012900344682,7.541192333951539,4.931233811977391,17.928970408494365,7.290237715570212,9.654060989189272,-470.8700000000001,0.48538221632341855,0.5146177836765815,0.0,0.0,0.48538221632341855,0.5146177836765815,0.0,0.0,-0.09789994423965442,,,0,0,0,0,0,0,0,0,0,0,0,0,224,0.7777777777777777,464.0833333333333,1.0,5.666666666666667,3.5,3.5,140.11671447753906,30.0,140.11671447753906,24.0
513,42.75,42.75,1,18.75,18:45,58.99665643252277,1.5775388622752238,1.667277241513529,0.0,0.0,1.0,0.0,1.0,0.0,0.0,5.0,0.0,0.0,5.0,0.0,0.0,465.0,151.69540405273438,0.0,0.0,0,24.0,24.0,0.0,0.0,1.0,151.69540405273438,151.69540405273438,30.0,0,none,0,none,0,-1,0.0,0.0,0.0,0.0,0.0,435.0,30.0,271.39080810546875,32.0,437.5775451660156,31.667278289794922,405.9102783203125,0.0,0.0,0.0,0.0,0.0,13.234316196781128,7.2387188777341525,4.846567874073465,17.258074095683728,7.126170259805222,9.292809128445082,-469.93000000000006,0.4861720392823612,0.5138279607176388,0.0,0.0,0.4861720392823612,0.5138279607176388,0.0,0.0,-0.0897383792383053,,,0,0,0,0,0,0,0,0,0,0,0,0,225,0.78125,465.3333333333333,1.0,4.833333333333333,3.5833333333333335,3.5833333333333335,141.74670282999674,30.0,141.74670282999674,24.0
514,42.833333333333336,42.833333333333336,1,18.833333333333336,18:50,57.126378976480346,1.5299879392651632,1.6119629044412558,0.0,0.0,2.0,1.0,1.0,0.0,0.0,4.0,0.0,0.0,4.0,0.0,0.0,463.0,153.61917114257812,0.0,0.0,0,24.0,24.0,0.0,0.0,1.0,153.61917114257812,153.61917114257812,30.0,0,none,0,none,0,-1,0.0,0.0,0.0,0.0,0.0,436.0,27.0,275.7568664550781,31.481481552124023,435.5299987792969,30.611961364746094,404.91802978515625,0.0,0.0,0.0,0.0,0.0,12.925221282605236,6.943452706934029,4.758420312091403,16.60070758974046,6.959734536787434,8.938842548321784,-473.159984375,0.4869547664406821,0.513045233559318,0.0,0.0,0.4869547664406821,0.513045233559318,0.0,0.0,-0.0819749651760926,,,0,0,0,0,0,0,0,0,0,0,0,0,226,0.7847222222222223,465.6666666666667,1.0,4.0,3.6666666666666665,3.6666666666666665,143.55565134684244,30.0,143.55565134684244,24.0
515,42.916666666666664,42.916666666666664,1,18.916666666666664,18:54,55.282680571198284,1.4829559827040504,1.5575914487118552,0.0,0.0,3.0,1.0,2.0,0.0,0.0,3.0,0.0,0.0,3.0,0.0,0.0,463.0,156.0553436279297,0.0,0.0,0,24.0,24.0,0.0,0.0,1.0,156.0553436279297,156.0553436279297,30.0,0,none,0,none,0,-1,0.0,0.0,0.0,0.0,0.0,434.0,29.0,278.1451721191406,33.965518951416016,436.48297119140625,28.55759048461914,407.9253845214844,0.0,0.0,0.0,0.0,0.0,12.613440064676034,6.656622090066821,4.667350513007464,15.959720114604567,6.791852342517863,8.593695446325535,-474.50001562500006,0.48772664007200683,0.512273359927993,0.0,0.0,0.48772664007200683,0.512273359927993,0.0,0.0,-0.0746354660078048,,,0,0,0,0,0,0,0,0,0,0,0,0,227,0.7881944444444443,465.5833333333333,1.0,3.5,3.5833333333333335,3.5833333333333335,145.53570683797201,30.0,145.53570683797201,24.0
516,43.0,43.0,1,19.0,19:00,53.47365219222524,1.4366569193163083,1.50439395125608,0.0,0.0,3.0,2.0,1.0,0.0,0.0,2.0,0.0,0.0,2.0,0.0,0.0,464.0,159.09254455566406,0.0,0.0,0,24.0,24.0,0.0,0.0,1.0,159.09254455566406,159.09254455566406,30.0,0,none,0,none,0,-1,0.0,0.0,0.0,0.0,0.0,434.0,30.0,280.5184326171875,37.66666793823242,435.4366455078125,29.50439453125,405.9322509765625,0.0,0.0,0.0,0.0,0.0,12.30069044062495,6.379270500290534,4.573959087679457,15.337584252140964,6.6234486987980485,8.258699212691287,-477.45000000000005,0.4884842128000002,0.5115157871999999,0.0,0.0,0.4884842128000002,0.5115157871999999,0.0,0.0,-0.06773703193977165,,,0,0,0,0,0,0,0,0,0,0,0,0,228,0.7916666666666666,465.25,1.0,3.25,3.5833333333333335,3.5833333333333335,147.57357788085938,30.0,147.57357788085938,24.0
517,43.083333333333336,43.083333333333336,1,19.083333333333336,19:05,51.70662740594428,1.3912878057772613,1.452576701549674,0.0,0.0,2.0,1.0,1.0,0.0,0.0,5.0,0.0,0.0,5.0,0.0,0.0,461.0,160.52252197265625,0.0,0.0,0,24.0,24.0,0.0,0.0,1.0,160.52252197265625,160.52252197265625,30.0,0,none,0,none,0,-1,0.0,0.0,0.0,0.0,0.0,433.0,28.0,283.5450439453125,37.5,434.39129638671875,30.45257568359375,403.938720703125,0.0,0.0,0.0,0.0,0.0,11.98866983725887,6.112260946742062,4.478874235076509,14.736400108422842,6.4554376046778525,7.934984673766145,-477.550015625,0.48922436430875876,0.5107756356912413,0.0,0.0,0.48922436430875876,0.5107756356912413,0.0,0.0,-0.0612888957724127,,,0,0,0,0,0,0,0,0,0,0,0,0,229,0.795138888888889,464.8333333333333,1.0,3.1666666666666665,3.5833333333333335,3.5833333333333335,149.5973866780599,30.0,149.5973866780599,24.0
518,43.166666666666664,43.166666666666664,1,19.166666666666664,19:09,49.98815144477247,1.347027578185303,1.4023207512771831,0.0,0.0,5.0,4.0,1.0,0.0,0.0,4.0,0.0,0.0,4.0,0.0,0.0,462.0,161.36141967773438,0.0,0.0,0,24.0,24.0,0.0,0.0,1.0,161.36141967773438,161.36141967773438,30.0,0,none,0,none,0,-1,0.0,0.0,0.0,0.0,0.0,435.0,27.0,284.57470703125,38.14814758300781,436.3470153808594,28.402320861816406,407.9447021484375,0.0,0.0,0.0,0.0,0.0,11.679029651812709,5.856283041055051,4.382738006047191,14.157905106672938,6.288708274052997,7.623487365131581,-480.14,0.4899443128941959,0.5100556871058042,0.0,0.0,0.4899443128941959,0.5100556871058042,0.0,0.0,-0.0552931730918802,,,0,0,0,0,0,0,0,0,0,0,0,0,230,0.798611111111111,464.6666666666667,1.0,3.4166666666666665,3.5833333333333335,3.5833333333333335,151.4356803894043,30.0,151.4356803894043,24.0
519,43.25,43.25,1,19.25,19:15,48.32396265447462,1.304036107966022,1.353781838030082,0.0,0.0,2.0,1.0,1.0,0.0,0.0,2.0,0.0,0.0,2.0,0.0,0.0,462.0,164.21328735351562,0.0,0.0,0,24.0,24.0,0.0,0.0,1.0,164.21328735351562,164.21328735351562,30.0,0,none,0,none,0,-1,0.0,0.0,0.0,0.0,0.0,435.0,27.0,288.24139404296875,40.185184478759766,435.3040466308594,27.353782653808594,407.95025634765625,0.0,0.0,0.0,0.0,0.0,11.373351328517167,5.611862284951935,4.286192917551609,13.603488515264035,6.124112253816936,7.324955354372941,-483.640015625,0.4906416219856217,0.5093583780143782,0.0,0.0,0.4906416219856217,0.5093583780143782,0.0,0.0,-0.0497457300640598,,,0,0,0,0,0,0,0,0,0,0,0,0,231,0.8020833333333334,464.5833333333333,1.0,3.3333333333333335,3.4166666666666665,3.4166666666666665,153.28889973958334,30.0,153.28889973958334,24.0
520,43.333333333333336,43.333333333333336,1,19.333333333333336,19:20,46.71898579915456,1.2624535670495096,1.307090651903991,0.0,0.0,3.0,2.0,1.0,0.0,0.0,4.0,0.0,0.0,4.0,0.0,0.0,461.0,165.3135223388672,0.0,0.0,0,24.0,24.0,0.0,0.0,1.0,165.3135223388672,165.3135223388672,30.0,0,none,0,none,0,-1,0.0,0.0,0.0,0.0,0.0,436.0,25.0,291.22705078125,39.400001525878906,436.262451171875,27.307090759277344,408.9553527832031,0.0,0.0,0.0,0.0,0.0,11.07312470072855,5.3793710716993655,4.189869318003321,13.074209815415166,5.962451761930757,7.039959131377397,-485.91998437500007,0.49131420184847785,0.5086857981515222,0.0,0.0,0.49131420184847785,0.5086857981515222,0.0,0.0,-0.04463708485448148,,,0,0,0,0,0,0,0,0,0,0,0,0,232,0.8055555555555557,464.3333333333333,1.0,3.25,3.5,3.5,155.09873962402344,30.0,155.09873962402344,24.0
521,43.416666666666664,43.416666666666664,1,19.416666666666664,19:24,45.17733652708547,1.2224000984860834,1.2623534105036174,0.0,0.0,2.0,1.0,1.0,0.0,0.0,5.0,0.0,0.0,5.0,0.0,0.0,458.0,166.6629180908203,0.0,0.0,0,24.0,24.0,0.0,0.0,1.0,166.6629180908203,166.6629180908203,30.0,0,none,0,none,0,-1,0.0,0.0,0.0,0.0,0.0,435.0,23.0,294.1954040527344,39.130435943603516,436.222412109375,25.262353897094727,410.9600524902344,0.0,0.0,0.0,0.0,0.0,10.77972910870101,5.159040918243266,4.0943738421774425,12.570820039631085,5.804469520069775,6.768903098262891,-486.15000000000003,0.4919603067521618,0.5080396932478384,0.0,0.0,0.4919603067521618,0.5080396932478384,0.0,0.0,-0.03995331201753394,,,0,0,0,0,0,0,0,0,0,0,0,0,233,0.8090277777777777,463.9166666666667,1.0,3.25,3.6666666666666665,3.6666666666666665,156.80640029907227,30.0,156.80640029907227,24.0
522,43.5,43.5,1,19.5,19:30,43.70233614487431,1.1839757823414419,1.219652705626645,0.0,0.0,3.0,1.0,2.0,0.0,0.0,1.0,0.0,0.0,1.0,0.0,0.0,460.0,169.2137908935547,0.0,0.0,0,24.0,24.0,0.0,0.0,1.0,169.2137908935547,169.2137908935547,30.0,0,none,0,none,0,-1,0.0,0.0,0.0,0.0,0.0,435.0,25.0,297.82757568359375,40.599998474121094,435.1839904785156,24.21965217590332,410.9643249511719,0.0,0.0,0.0,0.0,0.0,10.494417672102754,4.950975482399274,4.000279224155001,12.093785262805268,5.650840284978406,6.512038218433605,-490.939984375,0.4925785279497659,0.5074214720502341,0.0,0.0,0.4925785279497659,0.5074214720502341,0.0,0.0,-0.03567692328520322,,,0,0,0,0,0,0,0,0,0,0,0,0,234,0.8125,463.25,1.0,2.75,3.4166666666666665,3.4166666666666665,158.76972325642905,30.0,158.76972325642905,24.0
523,43.583333333333336,43.583333333333336,1,19.583333333333336,19:35,42.29653572033334,1.1472608809316622,1.1790485836866718,0.0,0.0,0.0,0.0,0.0,0.0,0.0,4.0,0.0,0.0,4.0,0.0,0.0,456.0,172.85220336914062,0.0,0.0,0,24.0,24.0,0.0,0.0,1.0,172.85220336914062,172.85220336914062,30.0,0,none,0,none,0,-1,0.0,0.0,0.0,0.0,0.0,431.0,25.0,300.1044006347656,45.599998474121094,434.1472473144531,24.179048538208008,409.96820068359375,0.0,0.0,0.0,0.0,0.0,10.218304961531732,4.755163966852193,3.9081156630347764,11.643311497258411,5.502164210055548,6.269475421600682,-488.4700000000001,0.4931677828684274,0.5068322171315726,0.0,0.0,0.4931677828684274,0.5068322171315726,0.0,0.0,-0.03178770275500953,,,0,0,0,0,0,0,0,0,0,0,0,0,235,0.8159722222222223,462.0,1.0,2.4166666666666665,3.6666666666666665,3.6666666666666665,160.8289337158203,30.0,160.8289337158203,24.0
524,43.666666666666664,43.666666666666664,1,19.666666666666664,19:39,40.961748436806865,1.1123163423826994,1.1405798216416783,0.0,0.0,3.0,3.0,0.0,0.0,0.0,4.0,0.0,0.0,4.0,0.0,0.0,455.0,174.67745971679688,0.0,0.0,0,24.0,24.0,0.0,0.0,1.0,174.67745971679688,174.67745971679688,30.0,0,none,0,none,0,-1,0.0,0.0,0.0,0.0,0.0,433.0,22.0,302.3094787597656,47.04545593261719,433.1123046875,24.140579223632812,408.97174072265625,0.0,0.0,0.0,0.0,0.0,9.952358180970386,4.571494565306882,3.8183638624142913,11.219370324935316,5.358962097445592,6.0411994057344,-490.8700000000001,0.49372730094926087,0.506272699050739,0.0,0.0,0.49372730094926087,0.506272699050739,0.0,0.0,-0.028263479258978874,,,0,0,0,0,0,0,0,0,0,0,0,0,236,0.8194444444444443,460.8333333333333,1.0,2.4166666666666665,3.5833333333333335,3.5833333333333335,162.93996556599936,30.0,162.93996556599936,24.0
525,43.75,43.75,1,19.75,19:45,39.69908905370762,1.0791845372532205,1.1042653607006985,0.0,0.0,2.0,0.0,2.0,0.0,0.0,7.0,0.0,0.0,7.0,0.0,0.0,450.0,173.74708557128906,0.0,0.0,0,24.0,24.0,0.0,0.0,1.0,173.74708557128906,173.74708557128906,30.0,0,none,0,none,0,-1,0.0,0.0,0.0,0.0,0.0,430.0,20.0,305.2441711425781,42.25,432.0791931152344,23.104265213012695,408.97491455078125,0.0,0.0,0.0,0.0,0.0,9.697391848903102,4.399767662613183,3.7314497942295146,10.821724689059097,5.221672534024747,5.827082524877975,-488.40000000000003,0.49425660660430526,0.5057433933956949,0.0,0.0,0.49425660660430526,0.5057433933956949,0.0,0.0,-0.025080823447477973,,,0,0,0,0,0,0,0,0,0,0,0,0,237,0.8229166666666666,459.5833333333333,1.0,2.5,3.75,3.75,164.77760569254556,30.0,164.77760569254556,24.0
526,43.833333333333336,43.833333333333336,1,19.833333333333336,19:50,38.50901928898702,1.0478901996285606,1.0701058612657257,0.0,0.0,1.0,1.0,0.0,0.0,0.0,4.0,0.0,0.0,4.0,0.0,0.0,447.0,176.15675354003906,0.0,0.0,0,24.0,24.0,0.0,0.0,1.0,176.15675354003906,176.15675354003906,30.0,0,none,0,none,0,-1,0.0,0.0,0.0,0.0,0.0,429.0,18.0,308.1468505859375,44.16666793823242,430.0478820800781,19.070106506347656,410.977783203125,0.0,0.0,0.0,0.0,0.0,9.454065854234559,4.2397085571570745,3.6477411731784493,10.449954358888915,5.090650844587839,5.626898500940184,-488.98,0.4947554997746821,0.505244500225318,0.0,0.0,0.4947554997746821,0.505244500225318,0.0,0.0,-0.02221566163716515,,,0,0,0,0,0,0,0,0,0,0,0,0,238,0.826388888888889,458.25,1.0,2.4166666666666665,3.75,3.75,166.65573755900064,30.0,166.65573755900064,24.0
527,43.916666666666664,43.916666666666664,1,19.916666666666664,19:54,37.39139792784548,1.0184415417220982,1.0380853443094034,0.0,0.0,0.0,0.0,0.0,0.0,0.0,3.0,0.0,0.0,3.0,0.0,0.0,444.0,179.0391387939453,0.0,0.0,0,24.0,24.0,0.0,0.0,1.0,179.0391387939453,179.0391387939453,30.0,0,none,0,none,0,-1,0.0,0.0,0.0,0.0,0.0,428.0,16.0,312.4532775878906,45.625,428.0184326171875,17.0380859375,410.9803466796875,0.0,0.0,0.0,0.0,0.0,9.222886667579427,4.090979527879164,3.5675455717194917,10.10348067078101,4.966169744081229,5.440335745805159,-490.5200000000001,0.4952240345796763,0.5047759654203238,0.0,0.0,0.4952240345796763,0.5047759654203238,0.0,0.0,-0.019643802587305137,,,0,0,0,0,0,0,0,0,0,0,0,0,239,0.829861111111111,456.6666666666667,1.0,2.1666666666666665,3.75,3.75,168.5710538228353,30.0,168.5710538228353,24.0
528,44.0,44.0,1,20.0,20:00,36.34553447623223,0.9908315096141497,1.008172886578623,0.0,0.0,4.0,0.0,4.0,0.0,0.0,2.0,0.0,0.0,2.0,0.0,0.0,446.0,177.5946044921875,0.0,0.0,0,24.0,24.0,0.0,0.0,1.0,177.5946044921875,177.5946044921875,30.0,0,none,0,none,0,-1,0.0,0.0,0.0,0.0,0.0,427.0,19.0,316.7681579589844,38.421051025390625,426.9908447265625,19.0081729888916,407.982666015625,0.0,0.0,0.0,0.0,0.0,9.00421141115165,3.9531911181133355,3.491110058942217,9.781590233313192,4.848421529081657,5.26701012563018,-494.68000000000006,0.49566249654140304,0.504337503458597,0.0,0.0,0.49566249654140304,0.504337503458597,0.0,0.0,-0.017341376964473354,,,0,0,0,0,0,0,0,0,0,0,0,0,240,0.8333333333333334,455.1666666666667,1.0,2.25,3.75,3.75,170.1128921508789,30.0,170.1128921508789,24.0
529,44.083333333333336,44.083333333333336,1,20.083333333333336,20:05,35.370245215118274,0.9650391472868395,0.9803243395446654,0.0,0.0,2.0,2.0,0.0,0.0,0.0,4.0,0.0,0.0,4.0,0.0,0.0,444.0,179.6576690673828,0.0,0.0,0,24.0,24.0,0.0,0.0,1.0,179.6576690673828,179.6576690673828,30.0,0,none,0,none,0,-1,0.0,0.0,0.0,0.0,0.0,426.0,18.0,318.2042236328125,41.11111068725586,427.96502685546875,17.980323791503906,409.9847106933594,0.0,0.0,0.0,0.0,0.0,8.79825443242936,3.8259125527494096,3.4186222102122743,9.483457361472421,4.7375216174619625,5.106477040792842,-494.09,0.4960713788550844,0.5039286211449155,0.0,0.0,0.4960713788550844,0.5039286211449155,0.0,0.0,-0.015285192257825875,,,0,0,0,0,0,0,0,0,0,0,0,0,241,0.8368055555555557,453.75,1.0,2.25,3.6666666666666665,3.6666666666666665,171.7074877421061,30.0,171.7074877421061,24.0
530,44.166666666666664,44.166666666666664,1,20.166666666666664,20:09,34.4639105692976,0.9410310365142887,0.9544840447970794,0.0,0.0,2.0,1.0,1.0,0.0,0.0,6.0,0.0,0.0,6.0,0.0,0.0,440.0,178.6261749267578,0.0,0.0,0,24.0,24.0,0.0,0.0,1.0,178.6261749267578,178.6261749267578,30.0,0,none,0,none,0,-1,0.0,0.0,0.0,0.0,0.0,424.0,16.0,320.3773498535156,36.875,425.9410400390625,17.954484939575195,407.9865417480469,0.0,0.0,0.0,0.0,0.0,8.605095988034256,3.708681243255443,3.350212308550695,9.208165073335197,4.633513224326137,4.958242731795875,-492.1600000000001,0.49645135815182134,0.5035486418481787,0.0,0.0,0.49645135815182134,0.5035486418481787,0.0,0.0,-0.013453008282790724,,,0,0,0,0,0,0,0,0,0,0,0,0,242,0.8402777777777777,451.9166666666667,1.0,2.0,3.8333333333333335,3.8333333333333335,173.1462173461914,30.0,173.1462173461914,24.0
531,44.25,44.25,1,20.25,20:15,33.62453277946234,0.9187627813533598,0.9305865215170694,0.0,0.0,2.0,2.0,0.0,0.0,0.0,3.0,0.0,0.0,3.0,0.0,0.0,439.0,179.97520446777344,0.0,0.0,0,24.0,24.0,0.0,0.0,1.0,179.97520446777344,179.97520446777344,30.0,0,none,0,none,0,-1,0.0,0.0,0.0,0.0,0.0,425.0,14.0,323.1647033691406,36.78571319580078,424.91876220703125,14.930585861206055,409.9881896972656,0.0,0.0,0.0,0.0,0.0,8.424692623973495,3.601011366557053,3.285956542860662,8.954724541555517,4.536372951370343,4.821774753145278,-494.8200000000001,0.4968032701703897,0.5031967298296103,0.0,0.0,0.4968032701703897,0.5031967298296103,0.0,0.0,-0.011823740163709684,,,0,0,0,0,0,0,0,0,0,0,0,0,243,0.84375,450.0,1.0,2.0,3.9166666666666665,3.9166666666666665,174.45971043904623,30.0,174.45971043904623,24.0
532,44.333333333333336,44.333333333333336,1,20.333333333333336,20:20,32.8497929552034,0.8981805078435299,0.9085581046926572,0.0,0.0,1.0,0.0,1.0,0.0,0.0,5.0,0.0,0.0,5.0,0.0,0.0,435.0,179.96810913085938,0.0,0.0,0,24.0,24.0,0.0,0.0,1.0,179.96810913085938,179.96810913085938,30.0,0,none,0,none,0,-1,0.0,0.0,0.0,0.0,0.0,422.0,13.0,326.0900573730469,33.846153259277344,423.898193359375,13.908557891845703,409.9896240234375,0.0,0.0,0.0,0.0,0.0,8.256888834952568,3.502401528760306,3.2258810015784833,8.72209294120943,4.446017064974459,4.696511583728154,-493.0,0.4971280857183431,0.5028719142816569,0.0,0.0,0.4971280857183431,0.5028719142816569,0.0,0.0,-0.010377596849127313,,,0,0,0,0,0,0,0,0,0,0,0,0,244,0.8472222222222223,447.8333333333333,1.0,1.8333333333333333,4.0,4.0,175.68092600504556,30.0,175.68092600504556,24.0
533,44.416666666666664,44.416666666666664,1,20.416666666666664,20:24,32.13710668606302,0.8792223519449488,0.8883185157885174,0.0,0.0,2.0,0.0,2.0,0.0,0.0,2.0,0.0,0.0,2.0,0.0,0.0,435.0,180.7376251220703,0.0,0.0,0,24.0,24.0,0.0,0.0,1.0,180.7376251220703,180.7376251220703,30.0,0,none,0,none,0,-1,0.0,0.0,0.0,0.0,0.0,421.0,14.0,330.40380859375,31.071428298950195,420.87921142578125,13.88831901550293,406.99090576171875,0.0,0.0,0.0,0.0,0.0,8.10142959675105,3.412341543626806,3.1699662620033062,8.50918967553034,4.362308244404411,4.581871363747106,-496.2700000000001,0.4974268872619526,0.5025731127380474,0.0,0.0,0.4974268872619526,0.5025731127380474,0.0,0.0,-0.009096163843568594,,,0,0,0,0,0,0,0,0,0,0,0,0,245,0.8506944444444443,445.9166666666667,1.0,1.8333333333333333,3.75,3.75,176.85381825764975,30.0,176.85381825764975,24.0
534,44.5,44.5,1,20.5,20:30,31.48367749451026,0.8618199115944821,0.8697823506035822,0.0,0.0,3.0,1.0,2.0,0.0,0.0,4.0,0.0,0.0,4.0,0.0,0.0,434.0,177.72117614746094,0.0,0.0,0,24.0,24.0,0.0,0.0,1.0,177.72117614746094,177.72117614746094,30.0,0,none,0,none,0,-1,0.0,0.0,0.0,0.0,0.0,422.0,12.0,334.6090087890625,20.83333396911621,420.86181640625,14.869781494140625,405.9920349121094,0.0,0.0,0.0,0.0,0.0,7.957973389186445,3.3303183691897744,3.1181523841474967,8.314910992575998,4.285062594177316,4.477259765233229,-499.4100000000001,0.49770084644062756,0.5022991535593725,0.0,0.0,0.49770084644062756,0.5022991535593725,0.0,0.0,-0.007962439009100097,,,0,0,0,0,0,0,0,0,0,0,0,0,246,0.8541666666666666,443.75,1.0,1.8333333333333333,4.0,4.0,177.5627670288086,30.0,177.5627670288086,24.0
535,44.583333333333336,44.583333333333336,1,20.583333333333336,20:35,30.8865475255447,0.8458996419124823,0.8528604719924762,0.0,0.0,2.0,1.0,1.0,0.0,0.0,3.0,0.0,0.0,3.0,0.0,0.0,433.0,179.5447235107422,0.0,0.0,0,24.0,24.0,0.0,0.0,1.0,179.5447235107422,179.5447235107422,30.0,0,none,0,none,0,-1,0.0,0.0,0.0,0.0,0.0,421.0,12.0,337.42279052734375,21.66666603088379,421.84588623046875,11.852860450744629,409.9930114746094,0.0,0.0,0.0,0.0,0.0,7.826105360327585,3.2558212546980574,3.070344132033951,8.138143029900666,4.214056732484083,4.382077016100358,-500.73,0.49795120275575794,0.5020487972442421,0.0,0.0,0.49795120275575794,0.5020487972442421,0.0,0.0,-0.006960830079993818,,,0,0,0,0,0,0,0,0,0,0,0,0,247,0.857638888888889,441.8333333333333,1.0,2.0,3.9166666666666665,3.9166666666666665,178.12047704060873,30.0,178.12047704060873,24.0
536,44.666666666666664,44.666666666666664,1,20.666666666666664,20:39,30.342644979596503,0.831384175924557,0.8374612979532503,0.0,0.0,1.0,1.0,0.0,0.0,0.0,3.0,0.0,0.0,3.0,0.0,0.0,431.0,183.1006317138672,0.0,0.0,0,24.0,24.0,0.0,0.0,1.0,183.1006317138672,183.1006317138672,30.0,0,none,0,none,0,-1,0.0,0.0,0.0,0.0,0.0,419.0,12.0,339.53460693359375,26.66666603088379,420.8313903808594,10.837461471557617,409.9939270019531,0.0,0.0,0.0,0.0,0.0,7.705350322700601,3.1883461550141567,3.0264162635178735,7.9777733419913055,4.149034789146477,4.295724107226087,-500.2700000000001,0.49817924363764726,0.5018207563623528,0.0,0.0,0.49817924363764726,0.5018207563623528,0.0,0.0,-0.00607712202869326,,,0,0,0,0,0,0,0,0,0,0,0,0,248,0.861111111111111,439.8333333333333,1.0,1.8333333333333333,3.8333333333333335,3.8333333333333335,178.8224080403646,30.0,178.8224080403646,24.0
537,44.75,44.75,1,20.75,20:45,29.848827905794458,0.8181935565578249,0.8234919782608704,0.0,0.0,1.0,0.0,1.0,0.0,0.0,2.0,0.0,0.0,2.0,0.0,0.0,430.0,185.25318908691406,0.0,0.0,0,24.0,24.0,0.0,0.0,1.0,185.25318908691406,185.25318908691406,30.0,0,none,0,none,0,-1,0.0,0.0,0.0,0.0,0.0,418.0,12.0,343.8397216796875,26.66666603088379,417.8182067871094,11.823492050170898,405.9947204589844,0.0,0.0,0.0,0.0,0.0,7.595185316718784,3.1273994714958357,2.9862187505561986,7.8327009777137935,4.089715170540884,4.217608218768966,-502.78999999999996,0.49838628604849383,0.5016137139515061,0.0,0.0,0.49838628604849383,0.5016137139515061,0.0,0.0,-0.005298421703045508,,,0,0,0,0,0,0,0,0,0,0,0,0,249,0.8645833333333334,438.1666666666667,1.0,1.75,3.4166666666666665,3.4166666666666665,179.78125,30.0,179.78125,24.0
538,44.833333333333336,44.833333333333336,1,20.833333333333336,20:50,29.40192407914013,0.8062463690266806,0.8108594553260267,0.0,0.0,0.0,0.0,0.0,0.0,0.0,7.0,0.0,0.0,7.0,0.0,0.0,423.0,186.67555236816406,0.0,0.0,0,24.0,24.0,0.0,0.0,1.0,186.67555236816406,186.67555236816406,30.0,0,none,0,none,0,-1,0.0,0.0,0.0,0.0,0.0,413.0,10.0,345.3511047363281,28.0,416.8062438964844,10.810859680175781,405.9953918457031,0.0,0.0,0.0,0.0,0.0,7.495051523141523,3.0725011780312608,2.949581814129388,7.701845183395141,4.035796973999281,4.147147406443537,-496.5200000000001,0.4985736597352271,0.501426340264773,0.0,0.0,0.4985736597352271,0.501426340264773,0.0,0.0,-0.004613086299346092,,,0,0,0,0,0,0,0,0,0,0,0,0,250,0.8680555555555557,436.1666666666667,1.0,1.6666666666666667,3.6666666666666665,3.6666666666666665,180.6578165690104,30.0,180.6578165690104,24.0
539,44.916666666666664,44.916666666666664,1,20.916666666666664,20:54,28.9987667856365,0.7954607659499743,0.7994714072600332,0.0,0.0,2.0,0.0,2.0,0.0,0.0,3.0,0.0,0.0,3.0,0.0,0.0,422.0,184.8977813720703,0.0,0.0,0,24.0,24.0,0.0,0.0,1.0,184.8977813720703,184.8977813720703,30.0,0,none,0,none,0,-1,0.0,0.0,0.0,0.0,0.0,413.0,9.0,350.3511047363281,19.44444465637207,411.79547119140625,10.799470901489258,400.9960021972656,0.0,0.0,0.0,0.0,0.0,7.404365353001082,3.0231873889650407,2.916320680636384,7.584152812421717,3.9869659593082742,4.083774591304001,-500.34,0.4987426922042751,0.501257307795725,0.0,0.0,0.4987426922042751,0.501257307795725,0.0,0.0,-0.0040106413100589045,,,0,0,0,0,0,0,0,0,0,0,0,0,251,0.8715277777777777,434.3333333333333,1.0,1.8333333333333333,3.6666666666666665,3.6666666666666665,181.14603678385416,30.0,181.14603678385416,24.0
540,45.0,45.0,1,21.0,21:00,28.636226432328538,0.7857553805663753,0.7892370732116945,0.0,0.0,1.0,1.0,0.0,0.0,0.0,2.0,0.0,0.0,2.0,0.0,0.0,421.0,188.14466857910156,0.0,0.0,0,24.0,24.0,0.0,0.0,1.0,188.14466857910156,188.14466857910156,30.0,0,none,0,none,0,-1,0.0,0.0,0.0,0.0,0.0,413.0,8.0,353.7893371582031,22.5,412.7857666015625,7.789237022399902,404.99652099609375,0.0,0.0,0.0,0.0,0.0,7.322528588439514,2.9790124227317287,2.8862399886142756,7.478604525199135,3.9429000091597377,4.026940898184149,-502.78999999999996,0.4988946954517251,0.501105304548275,0.0,0.0,0.4988946954517251,0.501105304548275,0.0,0.0,-0.0034816926453191677,,,0,0,0,0,0,0,0,0,0,0,0,0,252,0.875,432.25,1.0,1.5833333333333333,3.6666666666666665,3.6666666666666665,182.02520879109701,30.0,182.02520879109701,24.0
541,45.083333333333336,45.083333333333336,1,21.083333333333336,21:05,28.31123798324409,0.7770501261800943,0.7800679628983308,0.0,0.0,1.0,1.0,0.0,0.0,0.0,7.0,0.0,0.0,7.0,0.0,0.0,415.0,184.9251708984375,0.0,0.0,0,24.0,24.0,0.0,0.0,1.0,184.9251708984375,184.9251708984375,30.0,0,none,0,none,0,-1,0.0,0.0,0.0,0.0,0.0,412.0,3.0,356.5169982910156,13.333333015441895,412.77703857421875,6.780068397521973,405.9969787597656,0.0,0.0,0.0,0.0,0.0,7.248937489935893,2.9395504115735807,2.8591377953512187,7.384219864671647,3.9032740330424036,3.976118388669348,-500.55,0.4990309544473847,0.5009690455526152,0.0,0.0,0.4990309544473847,0.5009690455526152,0.0,0.0,-0.0030178367182365218,,,0,0,0,0,0,0,0,0,0,0,0,0,253,0.8784722222222223,429.8333333333333,1.0,1.5,3.9166666666666665,3.9166666666666665,182.46416727701822,30.0,182.46416727701822,24.0
542,45.166666666666664,45.166666666666664,1,21.166666666666664,21:09,28.020824296474537,0.769266882433593,0.7718784538725064,0.0,0.0,1.0,1.0,0.0,0.0,0.0,2.0,0.0,0.0,2.0,0.0,0.0,414.0,188.78953552246094,0.0,0.0,0,24.0,24.0,0.0,0.0,1.0,188.78953552246094,188.78953552246094,30.0,0,none,0,none,0,-1,0.0,0.0,0.0,0.0,0.0,411.0,3.0,359.2457275390625,18.33333396911621,411.7692565917969,1.7718784809112549,409.99737548828125,0.0,0.0,0.0,0.0,0.0,7.182990823492606,2.9043965041159505,2.8348091518263865,7.300061292853323,3.867764289572941,3.930802234613328,-502.11000000000007,0.49915271734034733,0.5008472826596526,0.0,0.0,0.49915271734034733,0.5008472826596526,0.0,0.0,-0.0026115714389134403,,,0,0,0,0,0,0,0,0,0,0,0,0,254,0.8819444444444443,427.6666666666667,1.0,1.4166666666666667,3.5833333333333335,3.5833333333333335,183.3111139933268,30.0,183.3111139933268,24.0
543,45.25,45.25,1,21.25,21:15,27.762115501559776,0.7623300711410592,0.7645862814447285,0.0,0.0,0.0,0.0,0.0,0.0,0.0,4.0,0.0,0.0,4.0,0.0,0.0,410.0,191.0723114013672,0.0,0.0,0,24.0,24.0,0.0,0.0,1.0,191.0723114013672,191.0723114013672,30.0,0,none,0,none,0,-1,0.0,0.0,0.0,0.0,0.0,408.0,2.0,362.1446228027344,20.0,409.7623291015625,1.7645862102508545,407.99774169921875,0.0,0.0,0.0,0.0,0.0,7.124096794836773,2.8731677040556782,2.813049231065204,7.225237273348508,3.8360521202967233,3.8905123779568886,-500.09,0.4992611873270437,0.5007388126729564,0.0,0.0,0.4992611873270437,0.5007388126729564,0.0,0.0,-0.0022562103036692926,,,0,0,0,0,0,0,0,0,0,0,0,0,255,0.8854166666666666,425.25,1.0,1.25,3.6666666666666665,3.6666666666666665,184.23587290445963,30.0,184.23587290445963,24.0
544,45.333333333333336,45.333333333333336,1,21.333333333333336,21:20,27.532364609713657,0.7561671262134455,0.7581129273208056,0.0,0.0,2.0,0.0,2.0,0.0,0.0,3.0,0.0,0.0,3.0,0.0,0.0,409.0,183.2186737060547,0.0,0.0,0,24.0,24.0,0.0,0.0,1.0,183.2186737060547,183.2186737060547,30.0,0,none,0,none,0,-1,0.0,0.0,0.0,0.0,0.0,407.0,2.0,366.4373474121094,0.0,406.75616455078125,2.758112907409668,403.998046875,0.0,0.0,0.0,0.0,0.0,7.07167890622281,2.845503384940012,2.7936560092421883,7.158904483872637,3.8078271033507436,3.8547947220852654,-502.38000000000005,0.4993575161005328,0.5006424838994672,0.0,0.0,0.4993575161005328,0.5006424838994672,0.0,0.0,-0.00194580110736009,,,0,0,0,0,0,0,0,0,0,0,0,0,256,0.888888888888889,423.0833333333333,1.0,1.3333333333333333,3.5,3.5,184.50675328572592,30.0,184.50675328572592,24.0
545,45.416666666666664,45.416666666666664,1,21.416666666666664,21:24,27.328959592317112,0.7507088636621628,0.7523839139152785,0.0,0.0,3.0,2.0,1.0,0.0,0.0,2.0,0.0,0.0,2.0,0.0,0.0,410.0,185.70465087890625,0.0,0.0,0,24.0,24.0,0.0,0.0,1.0,185.70465087890625,185.70465087890625,30.0,0,none,0,none,0,-1,0.0,0.0,0.0,0.0,0.0,408.0,2.0,368.9093017578125,2.5,407.7507019042969,1.7523839473724365,405.9983215332031,0.0,0.0,0.0,0.0,0.0,7.025180774895675,2.821065518054342,2.77643251063557,7.100269241462005,3.782789648020748,3.8232218992487716,-505.74,0.4994427987819171,0.500557201218083,0.0,0.0,0.4994427987819171,0.500557201218083,0.0,0.0,-0.0016750502531156508,,,0,0,0,0,0,0,0,0,0,0,0,0,257,0.892361111111111,421.0,1.0,1.4166666666666667,3.5,3.5,184.92067209879556,30.0,184.92067209879556,24.0
546,45.5,45.5,1,21.5,21:30,27.149432195845336,0.7458897587937426,0.7473290119777507,0.0,0.0,1.0,0.0,1.0,0.0,0.0,6.0,0.0,0.0,6.0,0.0,0.0,405.0,185.8950653076172,0.0,0.0,0,23.0,24.0,0.0,0.0,0.9583333730697632,185.8950653076172,185.8950653076172,30.0,0,none,0,none,0,-1,0.0,0.0,0.0,0.0,0.0,405.0,0.0,371.7901306152344,0.0,406.7458801269531,1.7473289966583252,404.9985656738281,0.0,0.0,0.0,0.0,0.0,6.984069970803038,2.7995386478149755,2.761188636887293,7.048588221439956,3.7606530612016353,3.7953936576984373,-502.96416666269306,0.4995180702211289,0.5004819297788711,0.0,0.0,0.4995180702211289,0.5004819297788711,0.0,0.0,-0.0014392531840080602,,,0,0,0,0,0,0,0,0,0,0,0,0,258,0.8958333333333334,418.5833333333333,0.996527781089147,1.25,3.6666666666666665,3.6666666666666665,185.6018295288086,30.0,185.6018295288086,24.0
547,45.583333333333336,45.583333333333336,1,21.583333333333336,21:35,26.99146378452251,0.7416481385198409,0.7428823696288971,0.0,0.0,2.0,1.0,1.0,0.0,0.0,4.0,0.0,0.0,4.0,0.0,0.0,403.0,186.85484313964844,0.0,0.0,0,23.0,24.0,0.0,0.0,0.9583333730697632,186.85484313964844,186.85484313964844,30.0,0,none,0,none,0,-1,0.0,0.0,0.0,0.0,0.0,403.0,0.0,373.7096862792969,0.0,404.74163818359375,0.0,404.74163818359375,0.0,0.0,0.0,0.0,0.0,6.947840945002949,2.7806296467541385,2.7477426080851384,7.003168549291152,3.741145124232357,3.770936911156774,-502.2241666626931,0.49958430254471653,0.5004156974552835,0.0,0.0,0.49958430254471653,0.5004156974552835,0.0,0.0,-0.001234231109056183,,,0,0,0,0,0,0,0,0,0,0,0,0,259,0.8993055555555557,416.0833333333333,0.9930555621782938,1.25,3.75,3.75,186.21100616455078,30.0,186.21100616455078,24.0
548,45.666666666666664,45.666666666666664,1,21.666666666666664,21:39,26.852888516229946,0.7379262972302314,0.7389825711624158,0.0,0.0,0.0,0.0,0.0,0.0,0.0,0.0,0.0,0.0,0.0,0.0,0.0,403.0,189.35484313964844,0.0,0.0,0,20.0,24.0,0.0,0.0,0.8333333730697632,189.35484313964844,189.35484313964844,30.0,0,none,0,none,0,-1,0.0,0.0,0.0,0.0,0.0,403.0,0.0,378.7096862792969,0.0,401.7379150390625,0.0,401.7379150390625,0.0,0.0,0.0,0.0,0.0,6.916017129796405,2.7640672801376303,2.7359220481588644,6.963367342360341,3.724009223736525,3.7495054920401834,-506.69666666269296,0.49964240382233804,0.500357596177662,0.0,0.0,0.49964240382233804,0.500357596177662,0.0,0.0,-0.0010562739321844372,,,0,0,0,0,0,0,0,0,0,0,0,0,260,0.9027777777777777,413.75,0.9791666766007742,1.1666666666666667,3.5,3.5,186.73219045003256,30.0,186.73219045003256,24.0
549,45.75,45.75,1,21.75,21:45,26.731694163377192,0.7346705449399333,0.7355726340458124,0.0,0.0,4.0,2.0,2.0,0.0,0.0,3.0,0.0,0.0,3.0,0.0,0.0,404.0,190.5507354736328,0.0,0.0,0,21.0,24.0,0.0,0.0,0.875,190.5507354736328,190.5507354736328,30.0,0,none,0,none,0,-1,0.0,0.0,0.0,0.0,0.0,404.0,0.0,381.1014709472656,0.0,403.73468017578125,0.7355725765228271,402.9991149902344,0.0,0.0,0.0,0.0,0.0,6.8881522973947265,2.749601608407014,2.725564750207836,6.928590775700798,3.7090050832125447,3.7307796484542752,-509.57250000000005,0.4996932177211319,0.5003067822788682,0.0,0.0,0.4996932177211319,0.5003067822788682,0.0,0.0,-0.0009020891058790781,,,0,0,0,0,0,0,0,0,0,0,0,0,261,0.90625,411.5833333333333,0.9687500099341074,1.4166666666666667,3.5833333333333335,3.5833333333333335,187.17365264892578,30.0,187.17365264892578,24.0
550,45.833333333333336,45.833333333333336,1,21.833333333333336,21:50,26.626020889517513,0.7318311964571826,0.7325999524662807,0.0,0.0,1.0,1.0,0.0,0.0,0.0,2.0,0.0,0.0,2.0,0.0,0.0,403.0,191.85484313964844,0.0,0.0,0,20.0,24.0,0.0,0.0,0.8333333730697632,191.85484313964844,191.85484313964844,30.0,0,none,0,none,0,-1,0.0,0.0,0.0,0.0,0.0,403.0,0.0,383.7096862792969,0.0,403.7318420410156,0.0,403.7318420410156,0.0,0.0,0.0,0.0,0.0,6.863831266426397,2.737003253920911,2.7165191589128996,6.898292743418012,3.695909143460367,3.714465323378929,-510.52666666269306,0.4997375240175466,0.5002624759824534,0.0,0.0,0.4997375240175466,0.5002624759824534,0.0,0.0,-0.0007687560090980927,,,0,0,0,0,0,0,0,0,0,0,0,0,262,0.9097222222222223,409.9166666666667,0.9548611243565878,1.5,3.1666666666666665,3.1666666666666665,187.60526021321616,30.0,187.60526021321616,24.0
551,45.916666666666664,45.916666666666664,1,21.916666666666664,21:54,26.534158285437407,0.7293625101599348,0.7300161955391226,0.0,0.0,1.0,0.0,1.0,0.0,0.0,4.0,0.0,0.0,4.0,0.0,0.0,400.0,193.28125,0.0,0.0,0,20.0,24.0,0.0,0.0,0.8333333730697632,193.28125,193.28125,30.0,0,none,0,none,0,-1,0.0,0.0,0.0,0.0,0.0,400.0,0.0,386.5625,0.0,401.7293701171875,0.0,401.7293701171875,0.0,0.0,0.0,0.0,0.0,6.842670045326606,2.726062556822289,2.708644607394796,6.871973183466603,3.6845146397912485,3.700293252635863,-508.80666666269303,0.4997760398392017,0.5002239601607982,0.0,0.0,0.4997760398392017,0.5002239601607982,0.0,0.0,-0.0006536853791877517,,,0,0,0,0,0,0,0,0,0,0,0,0,263,0.9131944444444443,408.0833333333333,0.940972238779068,1.4166666666666667,3.25,3.25,188.30388259887695,30.0,188.30388259887695,24.0
552,46.0,46.0,1,22.0,22:00,26.454540956283118,0.7272225846484878,0.7277771679470839,0.0,0.0,2.0,1.0,1.0,0.0,0.0,5.0,0.0,0.0,5.0,0.0,0.0,397.0,193.85389709472656,0.0,0.0,0,17.0,24.0,0.0,0.0,0.7083333134651184,193.85389709472656,193.85389709472656,30.0,0,none,0,none,0,-1,0.0,0.0,0.0,0.0,0.0,397.0,0.0,387.7077941894531,0.0,399.72723388671875,0.0,399.72723388671875,0.0,0.0,0.0,0.0,0.0,6.824315499155436,2.7165886432299713,2.7018113450229757,6.849176130064178,3.6746314226221575,3.6880179161884032,-505.83916666865343,0.4998094215144687,0.5001905784855313,0.0,0.0,0.4998094215144687,0.5001905784855313,0.0,0.0,-0.0005545832985961452,,,0,0,0,0,0,0,0,0,0,0,0,0,264,0.9166666666666666,406.0833333333333,0.9166666815678278,1.5,3.5,3.5,188.7796516418457,30.0,188.7796516418457,24.0
553,46.083333333333336,46.083333333333336,1,22.083333333333336,22:05,26.38574293499835,0.7253732210931794,0.72584264033173,0.0,0.0,2.0,2.0,0.0,0.0,0.0,0.0,0.0,0.0,0.0,0.0,0.0,399.0,195.3696746826172,0.0,0.0,0,17.0,24.0,0.0,0.0,0.7083333134651184,195.3696746826172,195.3696746826172,30.0,0,none,0,none,0,-1,0.0,0.0,0.0,0.0,0.0,399.0,0.0,390.7393493652344,0.0,397.7253723144531,0.0,397.7253723144531,0.0,0.0,0.0,0.0,0.0,6.808444622148253,2.7084084273052897,2.6959003909933776,6.829487553706541,3.6660855657721356,3.677416375072753,-511.3091666686535,0.4998382669143067,0.5001617330856933,0.0,0.0,0.4998382669143067,0.5001617330856933,0.0,0.0,-0.00046941923855059464,,,0,0,0,0,0,0,0,0,0,0,0,0,265,0.920138888888889,404.75,0.8923611243565878,1.5833333333333333,2.9166666666666665,2.9166666666666665,189.650026957194,30.0,189.650026957194,24.0
554,46.166666666666664,46.166666666666664,1,22.166666666666664,22:09,26.326471177894376,0.7237797585498343,0.7241761562343566,0.0,0.0,2.0,0.0,2.0,0.0,0.0,4.0,0.0,0.0,4.0,0.0,0.0,397.0,197.15365600585938,0.0,0.0,0,18.0,24.0,0.0,0.0,0.75,197.15365600585938,197.15365600585938,30.0,0,none,0,none,0,-1,0.0,0.0,0.0,0.0,0.0,397.0,0.0,394.30731201171875,0.0,397.7237854003906,0.7241761684417725,396.9996032714844,0.0,0.0,0.0,0.0,0.0,6.794763492765563,2.7013655670562504,2.6908032462007743,6.812533044248719,3.658718803796841,3.668287023826233,-511.1650000000001,0.4998631181790568,0.5001368818209432,0.0,0.0,0.4998631181790568,0.5001368818209432,0.0,0.0,-0.000396397684522265,,,0,0,0,0,0,0,0,0,0,0,0,0,266,0.923611111111111,403.3333333333333,0.8715277910232544,1.6666666666666667,3.0833333333333335,3.0833333333333335,190.3470369974772,30.0,190.3470369974772,24.0
555,46.25,46.25,1,22.25,22:15,26.275558376454544,0.7224108889001809,0.7227448218048189,0.0,0.0,1.0,0.0,1.0,0.0,0.0,1.0,0.0,0.0,1.0,0.0,0.0,397.0,199.65365600585938,0.0,0.0,0,18.0,24.0,0.0,0.0,0.75,199.65365600585938,199.65365600585938,30.0,0,none,0,none,0,-1,0.0,0.0,0.0,0.0,0.0,397.0,0.0,399.30731201171875,0.0,395.722412109375,0.0,395.722412109375,0.0,0.0,0.0,0.0,0.0,6.783005981580942,2.6953193920029026,2.68642149322364,6.797975387717259,3.6523878362358917,3.6604482856939087,-515.4350000000001,0.49988446473201315,0.5001155352679868,0.0,0.0,0.49988446473201315,0.5001155352679868,0.0,0.0,-0.0003339329046380124,,,0,0,0,0,0,0,0,0,0,0,0,0,267,0.9270833333333334,402.25,0.850694457689921,1.75,2.8333333333333335,2.8333333333333335,191.06214904785156,30.0,191.06214904785156,24.0
556,46.333333333333336,46.333333333333336,1,22.333333333333336,22:20,26.231955296311426,0.7212384574154787,0.7215190838816495,0.0,0.0,1.0,0.0,1.0,0.0,0.0,4.0,0.0,0.0,4.0,0.0,0.0,394.0,201.0659942626953,0.0,0.0,0,19.0,24.0,0.0,0.0,0.7916666269302368,201.0659942626953,201.0659942626953,30.0,0,none,0,none,0,-1,0.0,0.0,0.0,0.0,0.0,394.0,0.0,402.1319885253906,0.0,395.72125244140625,0.0,395.72125244140625,0.0,0.0,0.0,0.0,0.0,6.772932275373425,2.690143819042086,2.682666311282268,6.785512082518169,3.6469635328933827,3.6537372752020905,-513.450833337307,0.4999027464913063,0.5000972535086937,0.0,0.0,0.4999027464913063,0.5000972535086937,0.0,0.0,-0.0002806264661708857,,,0,0,0,0,0,0,0,0,0,0,0,0,268,0.9305555555555557,401.0,0.8333333432674408,1.6666666666666667,2.9166666666666665,2.9166666666666665,192.54942576090494,30.0,192.54942576090494,24.0
557,46.416666666666664,46.416666666666664,1,22.416666666666664,22:24,26.194722830464492,0.7202372542617106,0.7204725014138367,0.0,0.0,1.0,1.0,0.0,0.0,0.0,1.0,0.0,0.0,1.0,0.0,0.0,394.0,202.6903533935547,0.0,0.0,0,19.0,24.0,0.0,0.0,0.7916666269302368,202.6903533935547,202.6903533935547,30.0,0,none,0,none,0,-1,0.0,0.0,0.0,0.0,0.0,394.0,0.0,405.3807067871094,0.0,393.7202453613281,0.0,393.7202453613281,0.0,0.0,0.0,0.0,0.0,6.764327273570069,2.6857262710307497,2.679457929962,6.7748728355865655,3.6423300703838826,3.6480084499312273,-516.3108333373069,0.49991835720165034,0.5000816427983497,0.0,0.0,0.49991835720165034,0.5000816427983497,0.0,0.0,-0.0002352471521260835,,,0,0,0,0,0,0,0,0,0,0,0,0,269,0.9340277777777777,399.6666666666667,0.8159722288449606,1.5,2.8333333333333335,2.8333333333333335,193.96490097045898,30.0,193.96490097045898,24.0
558,46.5,46.5,1,22.5,22:30,26.163023929871414,0.7193848015832738,0.7195815145596538,0.0,0.0,1.0,0.0,1.0,0.0,0.0,5.0,0.0,0.0,5.0,0.0,0.0,390.0,203.75640869140625,0.0,0.0,0,19.0,24.0,0.0,0.0,0.7916666269302368,203.75640869140625,203.75640869140625,30.0,0,none,0,none,0,-1,0.0,0.0,0.0,0.0,0.0,390.0,0.0,407.5128173828125,0.0,392.7193908691406,0.0,392.7193908691406,0.0,0.0,0.0,0.0,0.0,6.756998905957692,2.6819666107750932,2.676725042424051,6.7658170738792816,3.6383840262849105,3.6431322705503817,-512.330833337307,0.49993164781754335,0.5000683521824567,0.0,0.0,0.49993164781754335,0.5000683521824567,0.0,0.0,-0.00019671297638002017,,,0,0,0,0,0,0,0,0,0,0,0,0,270,0.9375,398.4166666666667,0.8020833333333334,1.5,2.75,2.75,195.4533462524414,30.0,195.4533462524414,24.0
559,46.583333333333336,46.583333333333336,1,22.583333333333336,22:35,26.136115551091905,0.7186611401352936,0.7188252151747612,0.0,0.0,1.0,0.0,1.0,0.0,0.0,2.0,0.0,0.0,2.0,0.0,0.0,389.0,205.89974975585938,0.0,0.0,0,18.0,24.0,0.0,0.0,0.75,205.89974975585938,205.89974975585938,30.0,0,none,0,none,0,-1,0.0,0.0,0.0,0.0,0.0,389.0,0.0,411.79949951171875,0.0,388.7186584472656,0.0,388.7186584472656,0.0,0.0,0.0,0.0,0.0,6.7507764135431,2.6787761012926907,2.6744041958433673,6.7581315015282,3.6350334534462845,3.638993885438261,-514.6650000000001,0.4999429298793476,0.5000570701206525,0.0,0.0,0.4999429298793476,0.5000570701206525,0.0,0.0,-0.00016407503946758162,,,0,0,0,0,0,0,0,0,0,0,0,0,271,0.9409722222222223,397.25,0.784722218910853,1.4166666666666667,2.5833333333333335,2.5833333333333335,197.04042180379233,30.0,197.04042180379233,24.0
560,46.666666666666664,46.666666666666664,1,22.666666666666664,22:39,26.11334073814003,0.7180486187955859,0.718185121802116,0.0,0.0,3.0,1.0,2.0,0.0,0.0,4.0,0.0,0.0,4.0,0.0,0.0,388.0,207.15206909179688,0.0,0.0,0,18.0,24.0,0.0,0.0,0.75,207.15206909179688,207.15206909179688,30.0,0,none,0,none,0,-1,0.0,0.0,0.0,0.0,0.0,388.0,0.0,414.30413818359375,0.0,388.7180480957031,0.7181851863861084,387.9998779296875,0.0,0.0,0.0,0.0,0.0,6.745508627736558,2.676076401433593,2.672439173981502,6.751627728034652,3.6321969533966074,3.63549185355712,-515.085,0.4999524788331204,0.5000475211668796,0.0,0.0,0.4999524788331204,0.5000475211668796,0.0,0.0,-0.00013650300653011982,,,0,0,0,0,0,0,0,0,0,0,0,0,272,0.9444444444444443,396.0,0.7777777711550394,1.6666666666666667,2.9166666666666665,2.9166666666666665,198.52352396647134,30.0,198.52352396647134,24.0
561,46.75,46.75,1,22.75,22:45,26.09412093446218,0.7175316896860173,0.7176449617094024,0.0,0.0,0.0,0.0,0.0,0.0,0.0,2.0,0.0,0.0,2.0,0.0,0.0,386.0,208.9378204345703,0.0,0.0,0,18.0,24.0,0.0,0.0,0.75,208.9378204345703,208.9378204345703,30.0,0,none,0,none,0,-1,0.0,0.0,0.0,0.0,0.0,386.0,0.0,417.8756408691406,0.0,386.717529296875,0.0,386.717529296875,0.0,0.0,0.0,0.0,0.0,6.7410622767722765,2.6737986042306705,2.6707803841686246,6.746139988168597,3.629802764415841,3.632536916706167,-515.3850000000001,0.49996053725397677,0.5000394627460233,0.0,0.0,0.49996053725397677,0.5000394627460233,0.0,0.0,-0.00011327202338506925,,,0,0,0,0,0,0,0,0,0,0,0,0,273,0.9479166666666666,394.5,0.7673611044883728,1.3333333333333333,2.8333333333333335,2.8333333333333335,200.05578104654947,30.0,200.05578104654947,24.0
562,46.833333333333336,46.833333333333336,1,22.833333333333336,22:50,26.077948601270762,0.7170967110769537,0.7171904619929379,0.0,0.0,2.0,1.0,1.0,0.0,0.0,1.0,0.0,0.0,1.0,0.0,0.0,387.0,210.8914794921875,0.0,0.0,0,19.0,24.0,0.0,0.0,0.7916666269302368,210.8914794921875,210.8914794921875,30.0,0,none,0,none,0,-1,0.0,0.0,0.0,0.0,0.0,387.0,0.0,421.782958984375,0.0,385.71710205078125,0.0,385.71710205078125,0.0,0.0,0.0,0.0,0.0,6.737320342534911,2.671882323723768,2.6693842585624226,6.741522969805059,3.627787876749567,3.6300508298950316,-519.830833337307,0.49996731794101473,0.5000326820589853,0.0,0.0,0.49996731794101473,0.5000326820589853,0.0,0.0,-9.375091598418095e-05,,,0,0,0,0,0,0,0,0,0,0,0,0,274,0.951388888888889,393.1666666666667,0.7638888756434122,1.4166666666666667,2.75,2.75,201.64216740926108,30.0,201.64216740926108,24.0
563,46.916666666666664,46.916666666666664,1,22.916666666666664,22:54,26.064380200512357,0.7167317597426783,0.7168091512855012,0.0,0.0,0.0,0.0,0.0,0.0,0.0,0.0,0.0,0.0,0.0,0.0,0.0,387.0,213.3914794921875,0.0,0.0,0,17.0,24.0,0.0,0.0,0.7083333134651184,213.3914794921875,213.3914794921875,30.0,0,none,0,none,0,-1,0.0,0.0,0.0,0.0,0.0,387.0,0.0,426.782958984375,0.0,385.71673583984375,0.0,385.71673583984375,0.0,0.0,0.0,0.0,0.0,6.734180485777021,2.670274834487832,2.6682126773895605,6.737649761835706,3.6260971846491645,3.627965256373072,-523.8291666686536,0.49997300685936924,0.5000269931406308,0.0,0.0,0.49997300685936924,0.5000269931406308,0.0,0.0,-7.739154282282446e-05,,,0,0,0,0,0,0,0,0,0,0,0,0,275,0.954861111111111,392.0833333333333,0.7534722040096918,1.3333333333333333,2.4166666666666665,2.4166666666666665,203.31801986694336,30.0,203.31801986694336,24.0
564,47.0,47.0,1,23.0,23:00,26.053029584644513,0.7164264539829179,0.7164901731725302,0.0,0.0,1.0,0.0,1.0,0.0,0.0,4.0,0.0,0.0,4.0,0.0,0.0,384.0,214.8177032470703,0.0,0.0,0,17.0,24.0,0.0,0.0,0.7083333134651184,214.8177032470703,214.8177032470703,30.0,0,none,0,none,0,-1,0.0,0.0,0.0,0.0,0.0,384.0,0.0,429.6354064941406,0.0,385.7164306640625,0.0,385.7164306640625,0.0,0.0,0.0,0.0,0.0,6.731553553107976,2.6689302667090207,2.667232419963217,6.734409930574001,3.624682682442756,3.626220731847539,-521.5591666686536,0.499977765911706,0.500022234088294,0.0,0.0,0.499977765911706,0.500022234088294,0.0,0.0,-6.371918961223244e-05,,,0,0,0,0,0,0,0,0,0,0,0,0,276,0.9583333333333334,391.0,0.7534722040096918,1.25,2.3333333333333335,2.3333333333333335,205.06500371297201,30.0,205.06500371297201,24.0
565,47.083333333333336,47.083333333333336,1,23.083333333333336,23:05,26.043561821185026,0.7161717881269627,0.7162241120382138,0.0,0.0,3.0,1.0,2.0,0.0,0.0,5.0,0.0,0.0,5.0,0.0,0.0,382.0,215.6871795654297,0.0,0.0,0,18.0,24.0,0.0,0.0,0.75,215.6871795654297,215.6871795654297,30.0,0,none,0,none,0,-1,0.0,0.0,0.0,0.0,0.0,382.0,0.0,431.3743591308594,0.0,383.7161865234375,0.716224193572998,382.9999694824219,0.0,0.0,0.0,0.0,0.0,6.729362175109722,2.6678088584071427,2.6664146476054027,6.731707729752391,3.623502709674465,3.624765700635902,-520.0550000000002,0.4999817355274317,0.5000182644725684,0.0,0.0,0.4999817355274317,0.5000182644725684,0.0,0.0,-5.232391125109537e-05,,,0,0,0,0,0,0,0,0,0,0,0,0,277,0.9618055555555557,389.5833333333333,0.7569444278875986,1.3333333333333333,2.75,2.75,206.75812911987305,30.0,206.75812911987305,24.0
566,47.166666666666664,47.166666666666664,1,23.166666666666664,23:09,26.03568746767392,0.7159599789917946,0.7160028317302709,0.0,0.0,2.0,0.0,2.0,0.0,0.0,6.0,0.0,0.0,6.0,0.0,0.0,378.0,216.77249145507812,0.0,0.0,0,20.0,24.0,0.0,0.0,0.8333333730697632,216.77249145507812,216.77249145507812,30.0,0,none,0,none,0,-1,0.0,0.0,0.0,0.0,0.0,378.0,0.0,433.54498291015625,0.0,380.7159729003906,0.7160029411315918,379.9999694824219,0.0,0.0,0.0,0.0,0.0,6.727539461473279,2.6668762653052385,2.6657344211763427,6.729460446301741,3.6225212484856115,3.6235556249317065,-516.1166666626931,0.4999850370630594,0.5000149629369407,0.0,0.0,0.4999850370630594,0.5000149629369407,0.0,0.0,-4.285273847626225e-05,,,0,0,0,0,0,0,0,0,0,0,0,0,278,0.9652777777777777,388.0,0.7638888756434122,1.3333333333333333,2.9166666666666665,2.9166666666666665,208.3930320739746,30.0,208.3930320739746,24.0
567,47.25,47.25,1,23.25,23:15,26.029157302197817,0.7157843244723642,0.7158193271485157,0.0,0.0,1.0,1.0,0.0,0.0,0.0,1.0,0.0,0.0,1.0,0.0,0.0,378.0,218.33995056152344,0.0,0.0,0,20.0,24.0,0.0,0.0,0.8333333730697632,218.33995056152344,218.33995056152344,30.0,0,none,0,none,0,-1,0.0,0.0,0.0,0.0,0.0,378.0,0.0,436.6799011230469,0.0,377.7157897949219,0.0,377.7157897949219,0.0,0.0,0.0,0.0,0.0,6.7260277961240815,2.666102927900432,2.6651702547113136,6.727596881606864,3.6217072748360435,3.62255216701908,-518.986666662693,0.49998777501157116,0.5000122249884289,0.0,0.0,0.49998777501157116,0.5000122249884289,0.0,0.0,-3.5002676151529855e-05,,,0,0,0,0,0,0,0,0,0,0,0,0,279,0.96875,386.4166666666667,0.7708333233992258,1.3333333333333333,2.9166666666666665,2.9166666666666665,209.95022328694662,30.0,209.95022328694662,24.0
568,47.333333333333336,47.333333333333336,1,23.333333333333336,23:20,26.023757505881967,0.7156390741979781,0.71566758862553,0.0,0.0,0.0,0.0,0.0,0.0,0.0,1.0,0.0,0.0,1.0,0.0,0.0,377.0,220.4840850830078,0.0,0.0,0,18.0,24.0,0.0,0.0,0.75,220.4840850830078,220.4840850830078,30.0,0,none,0,none,0,-1,0.0,0.0,0.0,0.0,0.0,377.0,0.0,440.9681701660156,0.0,376.71563720703125,0.0,376.71563720703125,0.0,0.0,0.0,0.0,0.0,6.7247777328785325,2.6654634944932387,2.664703705671248,6.726055965837831,3.621034163857671,3.621722443143447,-520.875,0.499990039022282,0.5000099609777179,0.0,0.0,0.499990039022282,0.5000099609777179,0.0,0.0,-2.8514427551917798e-05,,,0,0,0,0,0,0,0,0,0,0,0,0,280,0.9722222222222223,385.0,0.7673611044883728,1.25,2.6666666666666665,2.6666666666666665,211.56839752197266,30.0,211.56839752197266,24.0
569,47.416666666666664,47.416666666666664,1,23.416666666666664,23:24,26.019305286639167,0.7155193119902099,0.7155424787749443,0.0,0.0,1.0,0.0,1.0,0.0,0.0,2.0,0.0,0.0,2.0,0.0,0.0,376.0,222.6329803466797,0.0,0.0,0,18.0,24.0,0.0,0.0,0.75,222.6329803466797,222.6329803466797,30.0,0,none,0,none,0,-1,0.0,0.0,0.0,0.0,0.0,376.0,0.0,445.2659606933594,0.0,375.71551513671875,0.0,375.71551513671875,0.0,0.0,0.0,0.0,0.0,6.723746990206516,2.664936298280263,2.6643190015083036,6.724785501246374,3.620479148572739,3.62103834682497,-522.625,0.49999190573569785,0.5000080942643021,0.0,0.0,0.49999190573569785,0.5000080942643021,0.0,0.0,-2.3166784734351964e-05,,,0,0,0,0,0,0,0,0,0,0,0,0,281,0.9756944444444443,383.5,0.7638888855775198,1.25,2.75,2.75,213.23028310139975,30.0,213.23028310139975,24.0
570,47.5,47.5,1,23.5,23:30,26.015644927843137,0.7154208497008788,0.7154396213304937,0.0,0.0,2.0,2.0,0.0,0.0,0.0,1.0,0.0,0.0,1.0,0.0,0.0,377.0,223.58753967285156,0.0,0.0,0,17.0,24.0,0.0,0.0,0.7083333134651184,223.58753967285156,223.58753967285156,30.0,0,none,0,none,0,-1,0.0,0.0,0.0,0.0,0.0,377.0,0.0,447.1750793457031,0.0,376.7154235839844,0.0,376.7154235839844,0.0,0.0,0.0,0.0,0.0,6.722899542120418,2.6645028860997706,2.6640027016115755,6.723741028965246,3.620022830372532,3.6204759386735934,-525.5691666686536,0.4999934404402124,0.5000065595597876,0.0,0.0,0.4999934404402124,0.5000065595597876,0.0,0.0,-1.8771629614833252e-05,,,0,0,0,0,0,0,0,0,0,0,0,0,282,0.9791666666666666,382.4166666666667,0.7569444427887598,1.3333333333333333,2.4166666666666665,2.4166666666666665,214.88287734985352,30.0,214.88287734985352,24.0
571,47.583333333333336,47.583333333333336,1,23.583333333333336,23:35,26.012644241319407,0.7153401318892625,0.7153553013833049,0.0,0.0,1.0,0.0,1.0,0.0,0.0,1.0,0.0,0.0,1.0,0.0,0.0,377.0,226.08753967285156,0.0,0.0,0,16.0,24.0,0.0,0.0,0.6666666865348816,226.08753967285156,226.08753967285156,30.0,0,none,0,none,0,-1,0.0,0.0,0.0,0.0,0.0,377.0,0.0,452.1750793457031,0.0,375.71533203125,0.0,375.71533203125,0.0,0.0,0.0,0.0,0.0,6.722204801024099,2.6641475960308196,2.663743393211498,6.722884812826011,3.619648739012976,3.6200148992140053,-529.3533333313466,0.49999469855928463,0.5000053014407153,0.0,0.0,0.49999469855928463,0.5000053014407153,0.0,0.0,-1.5169494042455156e-05,,,0,0,0,0,0,0,0,0,0,0,0,0,283,0.982638888888889,381.4166666666667,0.75,1.3333333333333333,2.3333333333333335,2.3333333333333335,216.56519317626953,30.0,216.56519317626953,24.0
572,47.666666666666664,47.666666666666664,1,23.666666666666664,23:39,26.010191400964494,0.7152741507113902,0.715286376341657,0.0,0.0,3.0,3.0,0.0,0.0,0.0,4.0,0.0,0.0,4.0,0.0,0.0,376.0,225.33909606933594,0.0,0.0,0,15.0,24.0,0.0,0.0,0.625,225.33909606933594,225.33909606933594,30.0,0,none,0,none,0,-1,0.0,0.0,0.0,0.0,0.0,376.0,0.0,450.6781921386719,0.0,378.71527099609375,0.0,378.71527099609375,0.0,0.0,0.0,0.0,0.0,6.72163688748913,2.663857180772439,2.66353141946438,6.7221849329838586,3.6193429394172236,3.619638040837462,-526.5375,0.4999957269790283,0.5000042730209717,0.0,0.0,0.4999957269790283,0.5000042730209717,0.0,0.0,-1.2225630266815557e-05,,,0,0,0,0,0,0,0,0,0,0,0,0,284,0.986111111111111,380.4166666666667,0.7395833333333334,1.3333333333333333,2.3333333333333335,2.3333333333333335,218.0807787577311,30.0,218.0807787577311,24.0
573,47.75,47.75,1,23.75,23:45,26.00819213126216,0.7152203703367239,0.7152301968826948,0.0,0.0,1.0,0.0,1.0,0.0,0.0,3.0,0.0,0.0,3.0,0.0,0.0,374.0,227.11898803710938,0.0,0.0,0,15.0,24.0,0.0,0.0,0.625,227.11898803710938,227.11898803710938,30.0,0,none,0,none,0,-1,0.0,0.0,0.0,0.0,0.0,374.0,0.0,454.23797607421875,0.0,374.7152099609375,0.0,374.7152099609375,0.0,0.0,0.0,0.0,0.0,6.721173981335755,2.663620473557033,2.663358637692601,6.721614481672386,3.6190936822577138,3.619330874746669,-526.4975000000001,0.4999965652270005,0.5000034347729996,0.0,0.0,0.4999965652270005,0.5000034347729996,0.0,0.0,-9.826545970925693e-06,,,0,0,0,0,0,0,0,0,0,0,0,0,285,0.9895833333333334,379.4166666666667,0.7291666666666666,1.4166666666666667,2.4166666666666665,2.4166666666666665,219.59587605794272,30.0,219.59587605794272,24.0
574,47.833333333333336,47.833333333333336,1,23.833333333333336,23:50,26.00656722381101,0.7151766601745055,0.7151845371351,0.0,0.0,3.0,1.0,2.0,0.0,0.0,4.0,0.0,0.0,4.0,0.0,0.0,373.0,228.27748107910156,0.0,0.0,0,16.0,24.0,0.0,0.0,0.6666666865348816,228.27748107910156,228.27748107910156,30.0,0,none,0,none,0,-1,0.0,0.0,0.0,0.0,0.0,373.0,0.0,456.5549621582031,0.0,373.7151794433594,0.7151844501495361,373.0,0.0,0.0,0.0,0.0,0.0,6.720797748040216,2.6634280932682395,2.663218205603496,6.721150853170313,3.6188910950985775,3.619081228630168,-526.7033333313465,0.49999724651346483,0.5000027534865352,0.0,0.0,0.49999724651346483,0.5000027534865352,0.0,0.0,-7.876960594455085e-06,,,0,0,0,0,0,0,0,0,0,0,0,0,286,0.9930555555555557,378.25,0.7187500049670538,1.5,2.6666666666666665,2.6666666666666665,221.0447095235189,30.0,221.0447095235189,24.0
575,47.916666666666664,47.916666666666664,1,23.916666666666664,23:54,26.005250354568492,0.7151412361795448,0.7151475333217223,0.0,0.0,0.0,0.0,0.0,0.0,0.0,1.0,0.0,0.0,1.0,0.0,0.0,372.0,230.4233856201172,0.0,0.0,0,16.0,24.0,0.0,0.0,0.6666666865348816,230.4233856201172,230.4233856201172,30.0,0,none,0,none,0,-1,0.0,0.0,0.0,0.0,0.0,372.0,0.0,460.8467712402344,0.0,371.71514892578125,0.0,371.71514892578125,0.0,0.0,0.0,0.0,0.0,6.720492834328481,2.66327218542464,2.6631043932349545,6.720775120012302,3.6187269107922586,3.6188789107758548,-528.7833333313466,0.4999977986465699,0.5000022013534301,0.0,0.0,0.4999977986465699,0.5000022013534301,0.0,0.0,-6.2971421774804526e-06,,,0,0,0,0,0,0,0,0,0,0,0,0,287,0.9965277777777777,377.0,0.7152777860562006,1.5,2.75,2.75,222.4640350341797,30.0,222.4640350341797,24.0
