step,hour,global_hour,day_index,hour_of_day,time_label,expected_passing_total,expected_passing_ab,expected_passing_ba,arrivals_total,arrivals_ab,arrivals_ba,starts_total,starts_ab,starts_ba,completions_total,completions_ab,completions_ba,queue_length,queue_wait_mean_minutes,queue_wait_max_minutes,active_plugs,utilization,started_service_mean_minutes,started_wait_mean_minutes,completed_wait_mean_minutes,disruption_active,disruption_type,disruption_type_code,disruption_day_index,disruption_start_hour,disruption_end_hour,disruption_remaining_minutes,effective_num_plugs,demand_multiplier_ab,demand_multiplier_ba,service_time_multiplier,scripted_disruption,step_in_day,day_progress,queue_length_rolling_1h,utilization_rolling_1h,arrivals_total_rolling_1h,starts_total_rolling_1h,completions_total_rolling_1h,queue_wait_mean_minutes_rolling_1h,started_service_mean_minutes_rolling_1h,started_wait_mean_minutes_rolling_1h,effective_num_plugs_rolling_1h
0,0.0,0.0,0,0.0,00:00,11.00008198637012,5.5000508316227625,5.500031154747357,1,1,0,1,1,0,0,0,0,0,0.0,0.0,1,0.09090909090909091,34.79076970107702,0.0,0.0,0,none,0,-1,-1.0,-1.0,0.0,11,1.0,1.0,1.0,0,0,0.0,0.0,0.09090909090909091,1.0,1.0,0.0,0.0,34.79076970107702,0.0,11.0
1,0.08333333333333333,0.08333333333333333,0,0.08333333333333333,00:05,11.000106230721423,5.50006586317033,5.500040367551093,1,1,0,1,1,0,0,0,0,0,0.0,0.0,2,0.18181818181818182,46.942710040408386,0.0,0.0,0,none,0,-1,-1.0,-1.0,0.0,11,1.0,1.0,1.0,0,1,0.003472222222222222,0.0,0.13636363636363635,1.0,1.0,0.0,0.0,40.866739870742705,0.0,11.0
2,0.16666666666666666,0.16666666666666666,0,0.16666666666666666,00:10,11.000137271539305,5.500085108559844,5.500052162979461,1,0,1,1,0,1,0,0,0,0,0.0,0.0,3,0.2727272727272727,25.949666733485483,0.0,0.0,0,none,0,-1,-1.0,-1.0,0.0,11,1.0,1.0,1.0,0,2,0.006944444444444444,0.0,0.1818181818181818,1.0,1.0,0.0,0.0,35.89438215832363,0.0,11.0
3,0.25,0.25,0,0.25,00:15,11.000176902014061,5.5001096795899755,5.500067222424086,0,0,0,0,0,0,0,0,0,0,0.0,0.0,3,0.2727272727272727,0.0,0.0,0.0,0,none,0,-1,-1.0,-1.0,0.0,11,1.0,1.0,1.0,0,3,0.010416666666666666,0.0,0.20454545454545453,0.75,0.75,0.0,0.0,26.92078661874272,0.0,11.0
4,0.3333333333333333,0.3333333333333333,0,0.3333333333333333,00:20,11.000227356278621,5.500140961456445,5.500086394822176,1,0,1,1,0,1,0,0,0,0,0.0,0.0,4,0.36363636363636365,18.14545381022231,0.0,0.0,0,none,0,-1,-1.0,-1.0,0.0,11,1.0,1.0,1.0,0,4,0.013888888888888888,0.0,0.23636363636363633,0.8,0.8,0.0,0.0,25.16572005703864,0.0,11.0
5,0.4166666666666667,0.4166666666666667,0,0.4166666666666667,00:25,11.000291409044976,5.50018067453398,5.500110734510996,0,0,0,0,0,0,0,0,0,0,0.0,0.0,4,0.36363636363636365,0.0,0.0,0.0,0,none,0,-1,-1.0,-1.0,0.0,11,1.0,1.0,1.0,0,5,0.017361111111111112,0.0,0.25757575757575757,0.6666666666666666,0.6666666666666666,0.0,0.0,20.971433380865534,0.0,11.0
6,0.5,0.5,0,0.5,00:30,11.000372495477256,5.500230948709127,5.500141546768129,2,2,0,2,2,0,0,0,0,0,0.0,0.0,6,0.5454545454545454,27.822768561706013,0.0,0.0,0,none,0,-1,-1.0,-1.0,0.0,11,1.0,1.0,1.0,0,6,0.020833333333333332,0.0,0.2987012987012987,0.8571428571428571,0.8571428571428571,0.0,0.0,21.95019554955703,0.0,11.0
7,0.5833333333333334,0.5833333333333334,0,0.5833333333333334,00:35,11.000474854853564,5.5002944124684205,5.500180442385144,0,0,0,0,0,0,1,1,0,0,0.0,0.0,5,0.45454545454545453,0.0,0.0,0.0,0,none,0,-1,-1.0,-1.0,0.0,11,1.0,1.0,1.0,0,7,0.024305555555555556,0.0,0.3181818181818182,0.75,0.75,0.125,0.0,19.2064211058624,0.0,11.0
8,0.6666666666666666,0.6666666666666666,0,0.6666666666666666,00:40,11.000603702062527,5.500374299253697,5.50022940280883,1,1,0,1,1,0,2,0,2,0,0.0,0.0,4,0.36363636363636365,32.25932673795521,0.0,0.0,0,none,0,-1,-1.0,-1.0,0.0,11,1.0,1.0,1.0,0,8,0.027777777777777776,0.0,0.32323232323232326,0.7777777777777778,0.7777777777777778,0.3333333333333333,0.0,20.656743953872713,0.0,11.0
9,0.75,0.75,0,0.75,00:45,11.000765431513953,5.500474573928727,5.500290857585226,2,0,2,2,0,2,0,0,0,0,0.0,0.0,6,0.5454545454545454,40.54452569978879,0.0,0.0,0,none,0,-1,-1.0,-1.0,0.0,11,1.0,1.0,1.0,0,9,0.03125,0.0,0.3454545454545454,0.9,0.9,0.3,0.0,22.64552212846432,0.0,11.0
10,0.8333333333333334,0.8333333333333334,0,0.8333333333333334,00:50,11.000967858612453,5.500600082556764,5.50036777605569,3,0,3,3,0,3,0,0,0,0,0.0,0.0,9,0.8181818181818182,25.114791098637824,0.0,0.0,0,none,0,-1,-1.0,-1.0,0.0,11,1.0,1.0,1.0,0,10,0.034722222222222224,0.0,0.3884297520661157,1.0909090909090908,1.0909090909090908,0.2727272727272727,0.0,22.87000112575282,0.0,11.0
11,0.9166666666666666,0.9166666666666666,0,0.9166666666666666,00:55,11.00122050454246,5.500756729063854,5.500463775478606,0,0,0,0,0,0,2,2,0,0,0.0,0.0,7,0.6363636363636364,0.0,0.0,0.0,0,none,0,-1,-1.0,-1.0,0.0,11,1.0,1.0,1.0,0,11,0.03819444444444444,0.0,0.4090909090909091,1.0,1.0,0.4166666666666667,0.0,20.964167698606754,0.0,11.0
12,1.0,1.0,0,1.0,01:00,11.001534930734644,5.5009516827530724,5.500583247981572,1,1,0,1,1,0,0,0,0,0,0.0,0.0,8,0.7272727272727273,26.496095395181595,0.0,0.0,0,none,0,-1,-1.0,-1.0,0.0,11,1.0,1.0,1.0,0,12,0.041666666666666664,0.0,0.4621212121212121,1.0,1.0,0.4166666666666667,0.0,20.272944839782134,0.0,11.0
13,1.0833333333333333,1.0833333333333333,0,1.0833333333333333,01:04,11.001925130016067,5.501193621034091,5.500731508981977,0,0,0,0,0,0,1,1,0,0,0.0,0.0,7,0.6363636363636364,0.0,0.0,0.0,0,none,0,-1,-1.0,-1.0,0.0,11,1.0,1.0,1.0,0,13,0.04513888888888889,0.0,0.5,0.9166666666666666,0.9166666666666666,0.5,0.0,16.36105233641477,0.0,11.0
14,1.1666666666666667,1.1666666666666667,0,1.1666666666666667,01:10,11.002407982075074,5.501493012132404,5.500914969942669,0,0,0,0,0,0,0,0,0,0,0.0,0.0,7,0.6363636363636364,0.0,0.0,0.0,0,none,0,-1,-1.0,-1.0,0.0,11,1.0,1.0,1.0,0,14,0.04861111111111111,0.0,0.5303030303030303,0.8333333333333334,0.8333333333333334,0.5,0.0,14.198580108624311,0.0,11.0
15,1.25,1.25,0,1.25,01:15,11.003003781478727,5.501862442933056,5.501141338545671,0,0,0,0,0,0,3,1,2,0,0.0,0.0,4,0.36363636363636365,0.0,0.0,0.0,0,none,0,-1,-1.0,-1.0,0.0,11,1.0,1.0,1.0,0,15,0.052083333333333336,0.0,0.5378787878787878,0.8333333333333334,0.8333333333333334,0.75,0.0,14.198580108624311,0.0,11.0
16,1.3333333333333333,1.3333333333333333,0,1.3333333333333333,01:19,11.003736847043271,5.502316997482579,5.501419849560692,1,0,1,1,0,1,0,0,0,0,0.0,0.0,5,0.45454545454545453,30.316183124267074,0.0,0.0,0,none,0,-1,-1.0,-1.0,0.0,11,1.0,1.0,1.0,0,16,0.05555555555555555,0.0,0.5454545454545455,0.8333333333333334,0.8333333333333334,0.75,0.0,15.212807551461376,0.0,11.0
17,1.4166666666666667,1.4166666666666667,0,1.4166666666666667,01:25,11.004636221850088,5.502874692005684,5.501761529844404,0,0,0,0,0,0,2,0,2,0,0.0,0.0,3,0.2727272727272727,0.0,0.0,0.0,0,none,0,-1,-1.0,-1.0,0.0,11,1.0,1.0,1.0,0,17,0.05902777777777778,0.0,0.5378787878787878,0.8333333333333334,0.8333333333333334,0.9166666666666666,0.0,15.212807551461376,0.0,11.0
18,1.5,1.5,0,1.5,01:30,11.005736473589717,5.503556972573228,5.50217950101649,1,0,1,1,0,1,1,1,0,0,0.0,0.0,3,0.2727272727272727,28.195153353911312,0.0,0.0,0,none,0,-1,-1.0,-1.0,0.0,11,1.0,1.0,1.0,0,18,0.0625,0.0,0.5151515151515151,0.75,0.75,1.0,0.0,15.243839617478486,0.0,11.0
19,1.5833333333333333,1.5833333333333333,0,1.5833333333333333,01:34,11.007078605168505,5.5043892817663895,5.502689323402116,0,0,0,0,0,0,1,0,1,0,0.0,0.0,2,0.18181818181818182,0.0,0.0,0.0,0,none,0,-1,-1.0,-1.0,0.0,11,1.0,1.0,1.0,0,19,0.06597222222222222,0.0,0.49242424242424243,0.75,0.75,1.0,0.0,15.243839617478486,0.0,11.0
20,1.6666666666666667,1.6666666666666667,0,1.6666666666666667,01:40,11.008711085586196,5.505401700798184,5.503309384788012,2,2,0,2,2,0,0,0,0,0,0.0,0.0,4,0.36363636363636365,28.898607240424308,0.0,0.0,0,none,0,-1,-1.0,-1.0,0.0,11,1.0,1.0,1.0,0,20,0.06944444444444445,0.0,0.49242424242424243,0.8333333333333334,0.8333333333333334,0.8333333333333334,0.0,14.963779659350907,0.0,11.0
21,1.75,1.75,0,1.75,01:45,11.010691010942473,5.5066296735548965,5.504061337387577,1,0,1,1,0,1,0,0,0,0,0.0,0.0,5,0.45454545454545453,39.1029629939642,0.0,0.0,0,none,0,-1,-1.0,-1.0,0.0,11,1.0,1.0,1.0,0,21,0.07291666666666667,0.0,0.48484848484848486,0.75,0.75,0.8333333333333334,0.0,14.843649433865528,0.0,11.0
22,1.8333333333333333,1.8333333333333333,0,1.8333333333333333,01:49,11.013085405007352,5.5081148188834455,5.504970586123907,1,1,0,1,1,0,0,0,0,0,0.0,0.0,6,0.5454545454545454,34.90807509148298,0.0,0.0,0,none,0,-1,-1.0,-1.0,0.0,11,1.0,1.0,1.0,0,22,0.07638888888888888,0.0,0.4621212121212121,0.5833333333333334,0.5833333333333334,0.8333333333333334,0.0,15.659756433269289,0.0,11.0
23,1.9166666666666667,1.9166666666666667,0,1.9166666666666667,01:55,11.015972668041416,5.509905837152156,5.506066830889259,1,1,0,1,1,0,1,0,1,0,0.0,0.0,6,0.5454545454545454,34.559998486923675,0.0,0.0,0,none,0,-1,-1.0,-1.0,0.0,11,1.0,1.0,1.0,0,23,0.07986111111111112,0.0,0.45454545454545453,0.6666666666666666,0.6666666666666666,0.75,0.0,18.539756307179594,0.0,11.0
24,2.0,2.0,0,2.0,02:00,11.019444181421887,5.512059516628226,5.507384664793661,2,2,0,2,2,0,2,1,1,0,0.0,0.0,6,0.5454545454545454,19.781876469874327,0.0,0.0,0,none,0,-1,-1.0,-1.0,0.0,11,1.0,1.0,1.0,0,24,0.08333333333333333,0.0,0.4393939393939393,0.75,0.75,0.9166666666666666,0.0,17.98023806340399,0.0,11.0
25,2.0833333333333335,2.0833333333333335,0,2.0833333333333335,02:05,11.023606074063139,5.514641844523217,5.508964229539922,2,0,2,2,0,2,0,0,0,0,0.0,0.0,8,0.7272727272727273,23.975002408542935,0.0,0.0,0,none,0,-1,-1.0,-1.0,0.0,11,1.0,1.0,1.0,0,25,0.08680555555555557,0.0,0.44696969696969696,0.9166666666666666,0.9166666666666666,0.8333333333333334,0.0,19.97815493078257,0.0,11.0
26,2.1666666666666665,2.1666666666666665,0,2.1666666666666665,02:09,11.02858115455895,5.517729226638116,5.510851927920833,0,0,0,0,0,0,0,0,0,0,0.0,0.0,8,0.7272727272727273,0.0,0.0,0.0,0,none,0,-1,-1.0,-1.0,0.0,11,1.0,1.0,1.0,0,26,0.09027777777777778,0.0,0.45454545454545453,0.9166666666666666,0.9166666666666666,0.8333333333333334,0.0,19.97815493078257,0.0,11.0
27,2.25,2.25,0,2.25,02:15,11.03451101036479,5.5214098183757105,5.5131011919890796,0,0,0,0,0,0,0,0,0,0,0.0,0.0,8,0.7272727272727273,0.0,0.0,0.0,0,none,0,-1,-1.0,-1.0,0.0,11,1.0,1.0,1.0,0,27,0.09375,0.0,0.48484848484848486,0.9166666666666666,0.9166666666666666,0.5833333333333334,0.0,19.97815493078257,0.0,11.0
28,2.3333333333333335,2.3333333333333335,0,2.3333333333333335,02:20,11.041558272131947,5.525784968468751,5.515773303663196,1,1,0,1,1,0,1,1,0,0,0.0,0.0,8,0.7272727272727273,25.555846337595728,0.0,0.0,0,none,0,-1,-1.0,-1.0,0.0,11,1.0,1.0,1.0,0,28,0.09722222222222222,0.0,0.5075757575757575,0.9166666666666666,0.9166666666666666,0.6666666666666666,0.0,19.581460198559956,0.0,11.0
29,2.4166666666666665,2.4166666666666665,0,2.4166666666666665,02:24,11.049909037458988,5.530970775092245,5.518938262366743,0,0,0,0,0,0,5,3,2,0,0.0,0.0,3,0.2727272727272727,0.0,0.0,0.0,0,none,0,-1,-1.0,-1.0,0.0,11,1.0,1.0,1.0,0,29,0.10069444444444443,0.0,0.5075757575757576,0.9166666666666666,0.9166666666666666,0.9166666666666666,0.0,19.581460198559956,0.0,11.0
30,2.5,2.5,0,2.5,02:30,11.059775443807403,5.537099752089127,5.522675691718276,0,0,0,0,0,0,1,1,0,0,0.0,0.0,2,0.18181818181818182,0.0,0.0,0.0,0,none,0,-1,-1.0,-1.0,0.0,11,1.0,1.0,1.0,0,30,0.10416666666666667,0.0,0.5,0.8333333333333334,0.8333333333333334,0.9166666666666666,0.0,17.231864085734014,0.0,11.0
31,2.5833333333333335,2.5833333333333335,0,2.5833333333333335,02:35,11.071398375117802,5.5443226008501485,5.5270757742676535,1,0,1,1,0,1,0,0,0,0,0.0,0.0,3,0.2727272727272727,32.173347190843344,0.0,0.0,0,none,0,-1,-1.0,-1.0,0.0,11,1.0,1.0,1.0,0,31,0.1076388888888889,0.0,0.5075757575757576,0.9166666666666666,0.9166666666666666,0.8333333333333334,0.0,19.912976351637624,0.0,11.0
32,2.6666666666666665,2.6666666666666665,0,2.6666666666666665,02:39,11.085050280758281,5.552810080969729,5.532240199788553,0,0,0,0,0,0,1,0,1,0,0.0,0.0,2,0.18181818181818182,0.0,0.0,0.0,0,none,0,-1,-1.0,-1.0,0.0,11,1.0,1.0,1.0,0,32,0.1111111111111111,0.0,0.4924242424242424,0.75,0.75,0.9166666666666666,0.0,17.504759081602263,0.0,11.0
33,2.75,2.75,0,2.75,02:45,11.101038078854435,5.562754970176136,5.538283108678299,0,0,0,0,0,0,0,0,0,0,0.0,0.0,2,0.18181818181818182,0.0,0.0,0.0,0,none,0,-1,-1.0,-1.0,0.0,11,1.0,1.0,1.0,0,33,0.11458333333333333,0.0,0.4696969696969697,0.6666666666666666,0.6666666666666666,0.9166666666666666,0.0,14.24617883210525,0.0,11.0
34,2.8333333333333335,2.8333333333333335,0,2.8333333333333335,02:50,11.11970610883199,5.5743741012412,5.5453320075907895,0,0,0,0,0,0,1,1,0,0,0.0,0.0,1,0.09090909090909091,0.0,0.0,0.0,0,none,0,-1,-1.0,-1.0,0.0,11,1.0,1.0,1.0,0,34,0.11805555555555557,0.0,0.4318181818181819,0.5833333333333334,0.5833333333333334,1.0,0.0,11.337172574481665,0.0,11.0
35,2.9166666666666665,2.9166666666666665,0,2.9166666666666665,02:54,11.141439090215897,5.587910460652415,5.553528629563482,0,0,0,0,0,0,0,0,0,0,0.0,0.0,1,0.09090909090909091,0.0,0.0,0.0,0,none,0,-1,-1.0,-1.0,0.0,11,1.0,1.0,1.0,0,35,0.12152777777777778,0.0,0.393939393939394,0.5,0.5,0.9166666666666666,0.0,8.45717270057136,0.0,11.0
36,3.0,3.0,0,3.0,03:00,11.166665036471228,5.60363533082227,5.563029705648958,0,0,0,0,0,0,0,0,0,0,0.0,0.0,1,0.09090909090909091,0.0,0.0,0.0,0,none,0,-1,-1.0,-1.0,0.0,11,1.0,1.0,1.0,0,36,0.125,0.0,0.356060606060606,0.3333333333333333,0.3333333333333333,0.75,0.0,6.808682994748501,0.0,11.0
37,3.0833333333333335,3.0833333333333335,0,3.0833333333333335,03:05,11.195858064071933,5.621850454560362,5.574007609511571,1,0,1,1,0,1,0,0,0,0,0.0,0.0,2,0.18181818181818182,18.588352248245766,0.0,0.0,0,none,0,-1,-1.0,-1.0,0.0,11,1.0,1.0,1.0,0,37,0.12847222222222224,0.0,0.3106060606060606,0.25,0.25,0.75,0.0,6.359795481390403,0.0,11.0
38,3.1666666666666665,3.1666666666666665,0,3.1666666666666665,03:09,11.229541028207668,5.642890197482153,5.586650830725516,0,0,0,0,0,0,1,0,1,0,0.0,0.0,1,0.09090909090909091,0.0,0.0,0.0,0,none,0,-1,-1.0,-1.0,0.0,11,1.0,1.0,1.0,0,38,0.13194444444444445,0.0,0.25757575757575757,0.25,0.25,0.8333333333333334,0.0,6.359795481390403,0.0,11.0
39,3.25,3.25,0,3.25,03:15,11.268287907786952,5.667123681003905,5.601164226783047,1,0,1,1,0,1,0,0,0,0,0.0,0.0,2,0.18181818181818182,43.72998399532762,0.0,0.0,0,none,0,-1,-1.0,-1.0,0.0,11,1.0,1.0,1.0,0,39,0.13541666666666666,0.0,0.21212121212121213,0.3333333333333333,0.3333333333333333,0.8333333333333334,0.0,10.003960814334372,0.0,11.0
40,3.3333333333333335,3.3333333333333335,0,3.3333333333333335,03:20,11.312725853902098,5.6949568555891945,5.617768998312903,1,0,1,1,0,1,0,0,0,0,0.0,0.0,3,0.2727272727272727,31.10021507858503,0.0,0.0,0,none,0,-1,-1.0,-1.0,0.0,11,1.0,1.0,1.0,0,40,0.1388888888888889,0.0,0.17424242424242423,0.3333333333333333,0.3333333333333333,0.75,0.0,10.465991542750146,0.0,11.0
41,3.4166666666666665,3.4166666666666665,0,3.4166666666666665,03:24,11.363536807958473,5.72683448095971,5.636702326998764,2,0,2,2,0,2,1,0,1,0,0.0,0.0,4,0.36363636363636365,21.537565310222497,0.0,0.0,0,none,0,-1,-1.0,-1.0,0.0,11,1.0,1.0,1.0,0,41,0.1423611111111111,0.0,0.1818181818181818,0.5,0.5,0.4166666666666667,0.0,12.260788651935355,0.0,11.0
42,3.5,3.5,0,3.5,03:30,11.421458588538663,5.76324197702404,5.658216611514622,2,1,1,2,1,1,0,0,0,0,0.0,0.0,6,0.5454545454545454,36.973982812148066,0.0,0.0,0,none,0,-1,-1.0,-1.0,0.0,11,1.0,1.0,1.0,0,42,0.14583333333333334,0.0,0.21212121212121213,0.6666666666666666,0.6666666666666666,0.3333333333333333,0.0,15.341953886281027,0.0,11.0
43,3.5833333333333335,3.5833333333333335,0,3.5833333333333335,03:35,11.487285340100799,5.804707106241756,5.682578233859043,1,0,1,1,0,1,0,0,0,0,0.0,0.0,7,0.6363636363636364,16.44164021026704,0.0,0.0,0,none,0,-1,-1.0,-1.0,0.0,11,1.0,1.0,1.0,0,43,0.14930555555555555,0.0,0.24242424242424243,0.6666666666666666,0.6666666666666666,0.3333333333333333,0.0,14.030978304566334,0.0,11.0
44,3.6666666666666665,3.6666666666666665,0,3.6666666666666665,03:39,11.561867232150437,5.851801444918895,5.710065787231542,1,1,0,1,1,0,1,0,1,0,0.0,0.0,7,0.6363636363636364,25.419124759498573,0.0,0.0,0,none,0,-1,-1.0,-1.0,0.0,11,1.0,1.0,1.0,0,44,0.15277777777777776,0.0,0.2803030303030303,0.75,0.75,0.3333333333333333,0.0,16.149238701191216,0.0,11.0
45,3.75,3.75,0,3.75,03:45,11.646109294941454,5.905141597380265,5.740967697561189,0,0,0,0,0,0,0,0,0,0,0.0,0.0,7,0.6363636363636364,0.0,0.0,0.0,0,none,0,-1,-1.0,-1.0,0.0,11,1.0,1.0,1.0,0,45,0.15625,0.0,0.3181818181818182,0.75,0.75,0.3333333333333333,0.0,16.149238701191216,0.0,11.0
46,3.8333333333333335,3.8333333333333335,0,3.8333333333333335,03:50,11.740969277423117,5.965390102906246,5.775579174516871,1,1,0,1,1,0,0,0,0,0,0.0,0.0,8,0.7272727272727273,39.4673621344894,0.0,0.0,0,none,0,-1,-1.0,-1.0,0.0,11,1.0,1.0,1.0,0,46,0.15972222222222224,0.0,0.37121212121212127,0.8333333333333334,0.8333333333333334,0.25,0.0,19.438185545732,0.0,11.0
47,3.9166666666666665,3.9166666666666665,0,3.9166666666666665,03:54,11.84745441542011,6.033255980554622,5.814198434865488,0,0,0,0,0,0,3,0,3,0,0.0,0.0,5,0.45454545454545453,0.0,0.0,0.0,0,none,0,-1,-1.0,-1.0,0.0,11,1.0,1.0,1.0,0,47,0.16319444444444445,0.0,0.40151515151515155,0.8333333333333334,0.8333333333333334,0.5,0.0,19.438185545732,0.0,11.0
48,4.0,4.0,0,4.0,04:00,11.966617003253864,6.109494851299408,5.8571221519544565,3,2,1,3,2,1,1,0,1,0,0.0,0.0,7,0.6363636363636364,26.103325465907005,0.0,0.0,0,none,0,-1,-1.0,-1.0,0.0,11,1.0,1.0,1.0,0,48,0.16666666666666666,0.0,0.446969696969697,1.0833333333333333,1.0833333333333333,0.5833333333333334,0.0,21.613462667890914,0.0,11.0
49,4.083333333333333,4.083333333333333,0,4.083333333333333,04:04,12.099548670496912,6.194908570107196,5.904640100389716,1,1,0,1,1,0,1,0,1,0,0.0,0.0,7,0.6363636363636364,40.3097853497961,0.0,0.0,0,none,0,-1,-1.0,-1.0,0.0,11,1.0,1.0,1.0,0,49,0.17013888888888887,0.0,0.4848484848484848,1.0833333333333333,1.0833333333333333,0.6666666666666666,0.0,23.423582093020112,0.0,11.0
50,4.166666666666667,4.166666666666667,0,4.166666666666667,04:10,12.24737327756024,6.290344292475275,5.957028985084964,0,0,0,0,0,0,1,1,0,0,0.0,0.0,6,0.5454545454545454,0.0,0.0,0.0,0,none,0,-1,-1.0,-1.0,0.0,11,1.0,1.0,1.0,0,50,0.17361111111111113,0.0,0.5227272727272727,1.0833333333333333,1.0833333333333333,0.6666666666666666,0.0,23.423582093020112,0.0,11.0
51,4.25,4.25,0,4.25,04:15,12.411238359545287,6.396692890485549,6.014545469059738,0,0,0,0,0,0,1,1,0,0,0.0,0.0,5,0.45454545454545453,0.0,0.0,0.0,0,none,0,-1,-1.0,-1.0,0.0,11,1.0,1.0,1.0,0,51,0.17708333333333334,0.0,0.5454545454545454,1.0,1.0,0.75,0.0,19.779416760076142,0.0,11.0
52,4.333333333333333,4.333333333333333,0,4.333333333333333,04:19,12.592305067367628,6.514886622608013,6.077418444759615,0,0,0,0,0,0,1,1,0,0,0.0,0.0,4,0.36363636363636365,0.0,0.0,0.0,0,none,0,-1,-1.0,-1.0,0.0,11,1.0,1.0,1.0,0,52,0.18055555555555555,0.0,0.5530303030303031,0.9166666666666666,0.9166666666666666,0.8333333333333334,0.0,17.187732170194057,0.0,11.0
53,4.416666666666667,4.416666666666667,0,4.416666666666667,04:25,12.79173657860472,6.645895949497362,6.145840629107358,0,0,0,0,0,0,1,0,1,0,0.0,0.0,3,0.2727272727272727,0.0,0.0,0.0,0,none,0,-1,-1.0,-1.0,0.0,11,1.0,1.0,1.0,0,53,0.1840277777777778,0.0,0.5454545454545455,0.75,0.75,0.8333333333333334,0.0,15.39293506100885,0.0,11.0
54,4.5,4.5,0,4.5,04:30,13.01068497775341,6.790725375245666,6.219959602507744,0,0,0,0,0,0,1,1,0,0,0.0,0.0,2,0.18181818181818182,0.0,0.0,0.0,0,none,0,-1,-1.0,-1.0,0.0,11,1.0,1.0,1.0,0,54,0.1875,0.0,0.5151515151515151,0.5833333333333334,0.5833333333333334,0.9166666666666666,0.0,12.311769826663175,0.0,11.0
55,4.583333333333333,4.583333333333333,0,4.583333333333333,04:34,13.250276636403363,6.950408180603698,6.299868455799666,1,1,0,1,1,0,0,0,0,0,0.0,0.0,3,0.2727272727272727,40.13654003827843,0.0,0.0,0,none,0,-1,-1.0,-1.0,0.0,11,1.0,1.0,1.0,0,55,0.1909722222222222,0.0,0.4848484848484848,0.5833333333333334,0.5833333333333334,0.9166666666666666,0.0,14.28634481233079,0.0,11.0
56,4.666666666666667,4.666666666666667,0,4.666666666666667,04:40,13.511596157908452,7.125999902456289,6.385596255452163,1,0,1,1,0,1,1,1,0,0,0.0,0.0,3,0.2727272727272727,15.580840636072992,0.0,0.0,0,none,0,-1,-1.0,-1.0,0.0,11,1.0,1.0,1.0,0,56,0.19444444444444445,0.0,0.4545454545454546,0.5833333333333334,0.5833333333333334,0.9166666666666666,0.0,13.466487802045327,0.0,11.0
57,4.75,4.75,0,4.75,04:45,13.795668988004156,7.318570403520486,6.47709858448367,2,0,2,2,0,2,0,0,0,0,0.0,0.0,5,0.45454545454545453,26.056614668804762,0.0,0.0,0,none,0,-1,-1.0,-1.0,0.0,11,1.0,1.0,1.0,0,57,0.19791666666666666,0.0,0.4393939393939394,0.75,0.75,0.9166666666666666,0.0,15.637872357779058,0.0,11.0
58,4.833333333333333,4.833333333333333,0,4.833333333333333,04:49,14.103442831869675,7.529194369309713,6.574248462559962,2,2,0,2,2,0,1,1,0,0,0.0,0.0,6,0.5454545454545454,19.375073710307415,0.0,0.0,0,none,0,-1,-1.0,-1.0,0.0,11,1.0,1.0,1.0,0,58,0.20138888888888887,0.0,0.42424242424242414,0.8333333333333334,0.8333333333333334,1.0,0.0,13.963514989097225,0.0,11.0
59,4.916666666666667,4.916666666666667,0,4.916666666666667,04:55,14.435768058628604,7.758940067625665,6.676827991002939,0,0,0,0,0,0,0,0,0,0,0.0,0.0,6,0.5454545454545454,0.0,0.0,0.0,0,none,0,-1,-1.0,-1.0,0.0,11,1.0,1.0,1.0,0,59,0.20486111111111113,0.0,0.4318181818181818,0.8333333333333334,0.8333333333333334,0.75,0.0,13.963514989097225,0.0,11.0
60,5.0,5.0,0,5.0,05:00,14.793377315351826,8.008856211174379,6.784521104177447,1,1,0,1,1,0,1,0,1,0,0.0,0.0,6,0.5454545454545454,21.932400277558955,0.0,0.0,0,none,0,-1,-1.0,-1.0,0.0,11,1.0,1.0,1.0,0,60,0.20833333333333334,0.0,0.42424242424242414,0.6666666666666666,0.6666666666666666,0.75,0.0,13.615937890068222,0.0,11.0
61,5.083333333333333,5.083333333333333,0,5.083333333333333,05:04,15.176864613283556,8.279956778461818,6.896907834821737,1,1,0,1,1,0,1,1,0,0,0.0,0.0,6,0.5454545454545454,15.0,0.0,0.0,0,none,0,-1,-1.0,-1.0,0.0,11,1.0,1.0,1.0,0,61,0.21180555555555555,0.0,0.4166666666666667,0.6666666666666666,0.6666666666666666,0.75,0.0,11.506789110918547,0.0,11.0
62,5.166666666666667,5.166666666666667,0,5.166666666666667,05:10,15.586664188169642,8.573203674031834,7.013460514137808,1,0,1,1,0,1,1,0,1,0,0.0,0.0,6,0.5454545454545454,35.21407241671234,0.0,0.0,0,none,0,-1,-1.0,-1.0,0.0,11,1.0,1.0,1.0,0,62,0.2152777777777778,0.0,0.4166666666666667,0.75,0.75,0.75,0.0,14.441295145644574,0.0,11.0
63,5.25,5.25,0,5.25,05:15,16.023029473063175,8.88948714835656,7.133542324706616,0,0,0,0,0,0,2,1,1,0,0.0,0.0,4,0.36363636363636365,0.0,0.0,0.0,0,none,0,-1,-1.0,-1.0,0.0,11,1.0,1.0,1.0,0,63,0.21875,0.0,0.4090909090909091,0.75,0.75,0.8333333333333334,0.0,14.441295145644574,0.0,11.0
64,5.333333333333333,5.333333333333333,0,5.333333333333333,05:19,16.48601255460398,9.229603951951697,7.256408602652284,1,0,1,1,0,1,2,2,0,0,0.0,0.0,3,0.2727272727272727,28.981489409112022,0.0,0.0,0,none,0,-1,-1.0,-1.0,0.0,11,1.0,1.0,1.0,0,64,0.2222222222222222,0.0,0.40151515151515144,0.8333333333333334,0.8333333333333334,0.9166666666666666,0.0,16.856419263070574,0.0,11.0
65,5.416666666666667,5.416666666666667,0,5.416666666666667,05:25,16.97544451128737,9.59423326872679,7.381211242560582,0,0,0,0,0,0,1,1,0,0,0.0,0.0,2,0.18181818181818182,0.0,0.0,0.0,0,none,0,-1,-1.0,-1.0,0.0,11,1.0,1.0,1.0,0,65,0.22569444444444445,0.0,0.39393939393939387,0.8333333333333334,0.8333333333333334,0.9166666666666666,0.0,16.856419263070574,0.0,11.0
66,5.5,5.5,0,5.5,05:30,17.490917053446246,9.983910560626,7.507006492820245,2,0,2,2,0,2,0,0,0,0,0.0,0.0,4,0.36363636363636365,32.53411389128516,0.0,0.0,0,none,0,-1,-1.0,-1.0,0.0,11,1.0,1.0,1.0,0,66,0.22916666666666666,0.0,0.4090909090909091,1.0,1.0,0.8333333333333334,0.0,19.567595420677673,0.0,11.0
67,5.583333333333333,5.583333333333333,0,5.583333333333333,05:34,18.031765898421348,10.398999558766876,7.632766339654471,2,2,0,2,2,0,0,0,0,0,0.0,0.0,6,0.5454545454545454,25.175432010130642,0.0,0.0,0,none,0,-1,-1.0,-1.0,0.0,11,1.0,1.0,1.0,0,67,0.23263888888888887,0.0,0.4318181818181818,1.0833333333333333,1.0833333333333333,0.8333333333333334,0.0,18.32083641833202,0.0,11.0
68,5.666666666666667,5.666666666666667,0,5.666666666666667,05:40,18.597056319640423,10.83966275392382,7.757393565716602,0,0,0,0,0,0,0,0,0,0,0.0,0.0,6,0.5454545454545454,0.0,0.0,0.0,0,none,0,-1,-1.0,-1.0,0.0,11,1.0,1.0,1.0,0,68,0.23611111111111113,0.0,0.45454545454545453,1.0,1.0,0.75,0.0,17.022433031992605,0.0,11.0
69,5.75,5.75,0,5.75,05:45,19.185571304165776,11.305830868451876,7.879740435713901,2,1,1,2,1,1,0,0,0,0,0.0,0.0,8,0.7272727272727273,36.17507486437871,0.0,0.0,0,none,0,-1,-1.0,-1.0,0.0,11,1.0,1.0,1.0,0,69,0.23958333333333334,0.0,0.47727272727272724,1.0,1.0,0.75,0.0,17.86563804829044,0.0,11.0
70,5.833333333333333,5.833333333333333,0,5.833333333333333,05:49,19.795802738980814,11.797171928386632,7.998630810594182,1,1,0,1,1,0,2,0,2,0,0.0,0.0,7,0.6363636363636364,50.0,0.0,0.0,0,none,0,-1,-1.0,-1.0,0.0,11,1.0,1.0,1.0,0,70,0.24305555555555555,0.0,0.48484848484848486,0.9166666666666666,0.9166666666666666,0.8333333333333334,0.0,20.417715239098154,0.0,11.0
71,5.916666666666667,5.916666666666667,0,5.916666666666667,05:55,20.425946021372965,12.313060692932444,8.112885328440521,0,0,0,0,0,0,1,1,0,0,0.0,0.0,6,0.5454545454545454,0.0,0.0,0.0,0,none,0,-1,-1.0,-1.0,0.0,11,1.0,1.0,1.0,0,71,0.2465277777777778,0.0,0.48484848484848486,0.9166666666666666,0.9166666666666666,0.9166666666666666,0.0,20.417715239098154,0.0,11.0
72,6.0,6.0,0,6.0,06:00,21.073898452991536,12.852549332068135,8.221349120923401,2,2,0,2,2,0,0,0,0,0,0.0,0.0,8,0.7272727272727273,24.915351001026067,0.0,0.0,0,none,0,-1,-1.0,-1.0,0.0,11,1.0,1.0,1.0,0,72,0.25,0.0,0.5,1.0,1.0,0.8333333333333334,0.0,20.666294466053746,0.0,11.0
73,6.083333333333333,6.083333333333333,0,6.083333333333333,06:04,21.73726173055763,13.41434036372573,8.3229213668319,0,0,0,0,0,0,2,0,2,0,0.0,0.0,6,0.5454545454545454,0.0,0.0,0.0,0,none,0,-1,-1.0,-1.0,0.0,11,1.0,1.0,1.0,0,73,0.2534722222222222,0.0,0.5,0.9166666666666666,0.9166666666666666,0.9166666666666666,0.0,19.416294466053746,0.0,11.0
74,6.166666666666667,6.166666666666667,0,6.166666666666667,06:10,22.413348789126818,13.996762961383725,8.416585827743093,1,0,1,1,0,1,1,1,0,0,0.0,0.0,6,0.5454545454545454,43.14949390478826,0.0,0.0,0,none,0,-1,-1.0,-1.0,0.0,11,1.0,1.0,1.0,0,74,0.2569444444444445,0.0,0.5,0.9166666666666666,0.9166666666666666,0.9166666666666666,0.0,20.077579590060072,0.0,11.0
75,6.25,6.25,0,6.25,06:15,23.099195186920248,14.597753812116144,8.501441374804104,0,0,0,0,0,0,1,1,0,0,0.0,0.0,5,0.45454545454545453,0.0,0.0,0.0,0,none,0,-1,-1.0,-1.0,0.0,11,1.0,1.0,1.0,0,75,0.2604166666666667,0.0,0.5075757575757576,0.9166666666666666,0.9166666666666666,0.8333333333333334,0.0,20.077579590060072,0.0,11.0
76,6.333333333333333,6.333333333333333,0,6.333333333333333,06:19,23.791575145030517,15.214843735523223,8.576731409507294,0,0,0,0,0,0,0,0,0,0,0.0,0.0,5,0.45454545454545453,0.0,0.0,0.0,0,none,0,-1,-1.0,-1.0,0.0,11,1.0,1.0,1.0,0,76,0.2638888888888889,0.0,0.5227272727272727,0.8333333333333334,0.8333333333333334,0.6666666666666666,0.0,17.66245547263407,0.0,11.0
77,6.416666666666667,6.416666666666667,0,6.416666666666667,06:25,24.487022272072135,15.845151257710988,8.641871014361147,3,1,2,3,1,2,1,1,0,0,0.0,0.0,7,0.6363636363636364,34.425432720544826,0.0,0.0,0,none,0,-1,-1.0,-1.0,0.0,11,1.0,1.0,1.0,0,77,0.2673611111111111,0.0,0.5606060606060607,1.0833333333333333,1.0833333333333333,0.6666666666666666,0.0,20.531241532679473,0.0,11.0
78,6.5,6.5,0,6.5,06:30,25.18185491467317,16.48538426517569,8.696470649497481,0,0,0,0,0,0,1,1,0,0,0.0,0.0,6,0.5454545454545454,0.0,0.0,0.0,0,none,0,-1,-1.0,-1.0,0.0,11,1.0,1.0,1.0,0,78,0.2708333333333333,0.0,0.5757575757575757,0.9166666666666666,0.9166666666666666,0.75,0.0,17.820065375072375,0.0,11.0
79,6.583333333333333,6.583333333333333,0,6.583333333333333,06:34,25.872205981445973,17.13185073670151,8.740355244744462,0,0,0,0,0,0,1,0,1,0,0.0,0.0,5,0.45454545454545453,0.0,0.0,0.0,0,none,0,-1,-1.0,-1.0,0.0,11,1.0,1.0,1.0,0,79,0.2743055555555555,0.0,0.5681818181818182,0.75,0.75,0.8333333333333334,0.0,15.722112707561488,0.0,11.0
80,6.666666666666667,6.666666666666667,0,6.666666666666667,06:40,26.55405699280672,17.780479365401774,8.773577627404945,3,2,1,3,2,1,1,1,0,0,0.0,0.0,7,0.6363636363636364,38.206948710668065,0.0,0.0,0,none,0,-1,-1.0,-1.0,0.0,11,1.0,1.0,1.0,0,80,0.2777777777777778,0.0,0.5757575757575757,1.0,1.0,0.9166666666666666,0.0,18.906025100117162,0.0,11.0
81,6.75,6.75,0,6.75,06:45,27.223276013981916,18.426850639071922,8.796425374909996,1,1,0,1,1,0,0,0,0,0,0.0,0.0,8,0.7272727272727273,28.772279993794502,0.0,0.0,0,none,0,-1,-1.0,-1.0,0.0,11,1.0,1.0,1.0,0,81,0.28125,0.0,0.5757575757575758,0.9166666666666666,0.9166666666666666,0.9166666666666666,0.0,18.289125527568476,0.0,11.0
82,6.833333333333333,6.833333333333333,0,6.833333333333333,06:49,27.87565903610473,19.066238649677036,8.809420386427693,1,1,0,1,1,0,0,0,0,0,0.0,0.0,9,0.8181818181818182,31.915921759569557,0.0,0.0,0,none,0,-1,-1.0,-1.0,0.0,11,1.0,1.0,1.0,0,82,0.2847222222222222,0.0,0.5909090909090909,0.9166666666666666,0.9166666666666666,0.75,0.0,16.782119007532604,0.0,11.0
83,6.916666666666667,6.916666666666667,0,6.916666666666667,06:55,28.50697428287284,19.693663560141477,8.813310722731362,1,1,0,1,1,0,2,0,2,0,0.0,0.0,8,0.7272727272727273,30.624505762801725,0.0,0.0,0,none,0,-1,-1.0,-1.0,0.0,11,1.0,1.0,1.0,0,83,0.2881944444444445,0.0,0.6060606060606061,1.0,1.0,0.8333333333333334,0.0,19.33416115443275,0.0,11.0
84,7.0,7.0,0,7.0,07:00,29.1130088401957,20.303954280090416,8.809054560105285,1,1,0,1,1,0,0,0,0,0,0.0,0.0,9,0.8181818181818182,36.14822702126864,0.0,0.0,0,none,0,-1,-1.0,-1.0,0.0,11,1.0,1.0,1.0,0,84,0.2916666666666667,0.0,0.6136363636363636,0.9166666666666666,0.9166666666666666,0.8333333333333334,0.0,20.27023415611963,0.0,11.0
85,7.083333333333333,7.083333333333333,0,7.083333333333333,07:04,29.68961693589145,20.891820506302683,8.797796429588766,4,3,1,4,3,1,2,1,1,0,0.0,0.0,11,1.0,27.1963791570524,0.0,0.0,0,none,0,-1,-1.0,-1.0,0.0,11,1.0,1.0,1.0,0,85,0.2951388888888889,0.0,0.6515151515151515,1.25,1.25,0.8333333333333334,0.0,22.536599085874,0.0,11.0
86,7.166666666666667,7.166666666666667,0,7.166666666666667,07:10,30.232769137920034,21.45193288532973,8.780836252590305,3,3,0,0,0,0,0,0,0,3,0.0,0.0,11,1.0,0.0,0.0,0.0,0,none,0,-1,-1.0,-1.0,0.0,11,1.0,1.0,1.0,0,86,0.2986111111111111,0.25,0.6893939393939394,1.4166666666666667,1.1666666666666667,0.75,0.0,18.940807927141645,0.0,11.0
87,7.25,7.25,0,7.25,07:15,30.73860169473985,21.979009673661682,8.759592021078165,1,1,0,1,1,0,1,1,0,3,3.3333333333333335,5.0,11,1.0,29.226546772852704,5.0,0.0,0,none,0,-1,-1.0,-1.0,0.0,11,1.0,1.0,1.0,0,87,0.3020833333333333,0.5,0.7348484848484849,1.5,1.25,0.75,0.2777777777777778,21.376353491546038,0.4166666666666667,11.0
88,7.333333333333333,7.333333333333333,0,7.333333333333333,07:19,31.203465211722794,22.467907924336398,8.735557287386397,3,3,0,3,3,0,3,2,1,3,0.0,0.0,11,1.0,24.02796384554235,8.333333333333334,0.0,0,none,0,-1,-1.0,-1.0,0.0,11,1.0,1.0,1.0,0,88,0.3055555555555555,0.75,0.7803030303030303,1.75,1.5,1.0,0.2777777777777778,23.378683812007896,1.1111111111111112,11.0
89,7.416666666666667,7.416666666666667,0,7.416666666666667,07:25,31.623971844371177,22.91371693697449,8.710254907396685,1,1,0,2,2,0,2,2,0,2,2.5,5.0,11,1.0,24.431842312022745,5.0,0.0,0,none,0,-1,-1.0,-1.0,0.0,11,1.0,1.0,1.0,0,89,0.3090277777777778,0.9166666666666666,0.8106060606060607,1.5833333333333333,1.4166666666666667,1.0833333333333333,0.48611111111111116,22.545884611297723,1.527777777777778,11.0
90,7.5,7.5,0,7.5,07:30,31.997040193149484,23.311851488333524,8.68518870481596,3,3,0,1,1,0,1,1,0,4,1.25,5.0,11,1.0,41.53327070201564,10.0,0.0,0,none,0,-1,-1.0,-1.0,0.0,11,1.0,1.0,1.0,0,90,0.3125,1.25,0.8484848484848485,1.8333333333333333,1.5,1.0833333333333333,0.5902777777777778,26.006990503132357,2.361111111111111,11.0
91,7.583333333333333,7.583333333333333,0,7.583333333333333,07:34,32.319937106434125,23.658142227397715,8.661794879036409,2,1,1,2,2,0,2,1,1,4,2.5,5.0,11,1.0,37.14029610740535,7.5,0.0,0,none,0,-1,-1.0,-1.0,0.0,11,1.0,1.0,1.0,0,91,0.3159722222222222,1.5833333333333333,0.893939393939394,2.0,1.6666666666666667,1.1666666666666667,0.7986111111111112,29.102015178749472,2.986111111111111,11.0
92,7.666666666666667,7.666666666666667,0,7.666666666666667,07:40,32.590315637283716,23.948920583849123,8.641395053434593,0,0,0,1,1,0,1,1,0,3,6.666666666666667,10.0,11,1.0,17.598578110602112,10.0,0.0,0,none,0,-1,-1.0,-1.0,0.0,11,1.0,1.0,1.0,0,92,0.3194444444444445,1.8333333333333333,0.9242424242424243,1.75,1.5,1.1666666666666667,1.3541666666666667,27.384650962077313,3.8194444444444446,11.0
93,7.75,7.75,0,7.75,07:45,32.80624845586041,24.181095608048782,8.62515284781163,2,2,0,4,3,1,4,4,0,1,0.0,0.0,11,1.0,24.718950218388684,8.75,5.0,0,none,0,-1,-1.0,-1.0,0.0,11,1.0,1.0,1.0,0,93,0.3229166666666667,1.9166666666666667,0.9469696969696969,1.8333333333333333,1.75,1.5,1.3541666666666667,27.04687348079349,4.548611111111112,11.0
94,7.833333333333333,7.833333333333333,0,7.833333333333333,07:49,32.96625609134107,24.352220335784285,8.614035755556788,2,1,1,2,1,1,2,2,0,1,0.0,0.0,11,1.0,31.665330458795463,2.5,7.5,0,none,0,-1,-1.0,-1.0,0.0,11,1.0,1.0,1.0,0,94,0.3263888888888889,2.0,0.962121212121212,1.9166666666666667,1.8333333333333333,1.6666666666666667,1.3541666666666667,27.025990872395653,4.756944444444445,11.0
95,7.916666666666667,7.916666666666667,0,7.916666666666667,07:55,33.0693294635577,24.460545547952474,8.608783915605228,0,0,0,1,1,0,1,1,0,0,0.0,0.0,11,1.0,27.523061639788484,5.0,5.0,0,none,0,-1,-1.0,-1.0,0.0,11,1.0,1.0,1.0,0,95,0.3298611111111111,2.0,0.9848484848484849,1.8333333333333333,1.8333333333333333,1.5833333333333333,1.3541666666666667,26.767537195477882,5.173611111111112,11.0
96,8.0,8.0,0,8.0,08:00,33.11494626351003,24.505059164561004,8.609887098949025,3,2,1,0,0,0,2,2,0,3,0.0,0.0,9,1.5,0.0,0.0,5.0,1,capacity_drop,1,0,8.0,10.0,120.0,6,1.0,1.0,1.0,1,96,0.3333333333333333,2.25,1.0416666666666667,2.0,1.75,1.75,1.3541666666666667,23.75518494370549,5.173611111111112,10.583333333333334
97,8.083333333333334,8.083333333333334,0,8.083333333333334,08:05,33.10308085105868,24.48550995942837,8.617570891630306,2,2,0,0,0,0,1,1,0,5,3.0,5.0,8,1.3333333333333333,0.0,0.0,15.0,1,capacity_drop,1,0,8.0,10.0,115.0,6,1.0,1.0,1.0,1,97,0.3368055555555556,2.6666666666666665,1.0694444444444444,1.8333333333333333,1.4166666666666667,1.6666666666666667,1.6041666666666667,21.488820013951127,5.173611111111112,10.166666666666666
98,8.166666666666666,8.166666666666666,0,8.166666666666666,08:09,33.03420745500948,24.402414787887224,8.631792667122253,1,1,0,0,0,0,2,1,1,6,6.666666666666667,10.0,6,1.0,0.0,0.0,10.0,1,capacity_drop,1,0,8.0,10.0,110.0,6,1.0,1.0,1.0,1,98,0.34027777777777773,2.9166666666666665,1.0694444444444444,1.6666666666666667,1.4166666666666667,1.8333333333333333,2.1597222222222223,21.488820013951127,5.173611111111112,9.75
99,8.25,8.25,0,8.25,08:15,32.909296582700236,24.25704906246724,8.652247520232999,4,3,1,1,1,0,1,1,0,9,6.111111111111111,15.0,6,1.0,29.275416447521042,15.0,10.0,1,capacity_drop,1,0,8.0,10.0,105.0,6,1.0,1.0,1.0,1,99,0.34375,3.4166666666666665,1.0694444444444444,1.9166666666666667,1.4166666666666667,1.8333333333333333,2.3912037037037037,21.49289248684015,6.006944444444444,9.333333333333334
100,8.333333333333334,8.333333333333334,0,8.333333333333334,08:20,32.729804670231495,24.05142076666158,8.678383903569916,3,3,0,2,1,1,2,2,0,10,6.0,15.0,6,1.0,20.299992022723092,20.0,5.0,1,capacity_drop,1,0,8.0,10.0,100.0,6,1.0,1.0,1.0,1,100,0.34722222222222227,4.0,1.0694444444444444,1.9166666666666667,1.3333333333333333,1.75,2.8912037037037037,21.182228168271887,6.979166666666667,8.916666666666666
101,8.416666666666666,8.416666666666666,0,8.416666666666666,08:24,32.4976571277268,23.788228839436012,8.709428288290784,2,2,0,2,2,0,2,1,1,10,7.0,15.0,6,1.0,32.23979180994506,20.0,2.5,1,capacity_drop,1,0,8.0,10.0,95.0,6,1.0,1.0,1.0,1,101,0.3506944444444444,4.666666666666667,1.0694444444444444,2.0,1.3333333333333333,1.75,3.2662037037037037,21.83289062643208,8.229166666666666,8.5
102,8.5,8.5,0,8.5,08:30,32.215225053589485,23.470807268775776,8.744417784813711,2,2,0,1,1,0,1,1,0,11,9.090909090909092,15.0,6,1.0,25.681272158210636,20.0,10.0,1,capacity_drop,1,0,8.0,10.0,90.0,6,1.0,1.0,1.0,1,102,0.3541666666666667,5.25,1.0694444444444444,1.9166666666666667,1.3333333333333333,1.75,3.9196127946127945,20.51189074778166,9.0625,8.083333333333334
103,8.583333333333334,8.583333333333334,0,8.583333333333334,08:35,31.885296004891355,23.10305667899454,8.782239325896814,1,1,0,0,0,0,0,0,0,12,12.916666666666666,20.0,6,1.0,0.0,0.0,0.0,1,capacity_drop,1,0,8.0,10.0,85.0,6,1.0,1.0,1.0,1,103,0.3576388888888889,5.916666666666667,1.0694444444444444,1.8333333333333333,1.1666666666666667,1.5833333333333333,4.78766835016835,17.41686607216455,8.4375,7.666666666666667
104,8.666666666666666,8.666666666666666,0,8.666666666666666,08:39,31.511039315232885,22.6893655647599,8.821673750472984,0,0,0,1,1,0,1,0,1,11,17.272727272727273,25.0,6,1.0,39.20082756182309,25.0,20.0,1,capacity_drop,1,0,8.0,10.0,80.0,6,1.0,1.0,1.0,1,104,0.3611111111111111,6.583333333333333,1.0694444444444444,1.8333333333333333,1.1666666666666667,1.5833333333333333,5.6715067340067336,19.217053526432963,9.6875,7.25
105,8.75,8.75,0,8.75,08:45,31.09596654438335,22.234523600145966,8.861442944237385,0,0,0,2,2,0,2,2,0,9,20.555555555555557,30.0,6,1.0,22.236586526894634,30.0,17.5,1,capacity_drop,1,0,8.0,10.0,75.0,6,1.0,1.0,1.0,1,105,0.3645833333333333,7.25,1.0694444444444444,1.6666666666666667,1.0,1.4166666666666667,7.384469696969698,19.010189885475125,11.458333333333334,6.833333333333333
106,8.833333333333334,8.833333333333334,0,8.833333333333334,08:50,30.643887723802273,21.743629623876995,8.900258099925276,2,2,0,0,0,0,0,0,0,11,20.90909090909091,35.0,6,1.0,0.0,0.0,0.0,1,capacity_drop,1,0,8.0,10.0,70.0,6,1.0,1.0,1.0,1,106,0.3680555555555556,8.083333333333334,1.0694444444444444,1.6666666666666667,0.8333333333333334,1.25,9.12689393939394,16.371412347242167,11.25,6.416666666666667
107,8.916666666666666,8.916666666666666,0,8.916666666666666,08:54,30.15886412721001,21.22199696810257,8.93686715910744,1,1,0,0,0,0,0,0,0,12,23.75,40.0,6,1.0,0.0,0.0,0.0,1,capacity_drop,1,0,8.0,10.0,65.0,6,1.0,1.0,1.0,1,107,0.37152777777777773,9.083333333333334,1.0694444444444444,1.75,0.75,1.1666666666666667,11.106060606060607,14.077823877259796,10.833333333333334,6.0
108,9.0,9.0,0,9.0,09:00,29.645158344583038,20.6750587588802,8.970099585702838,2,2,0,3,2,1,3,3,0,11,20.0,40.0,6,1.0,37.78746584003292,41.666666666666664,20.0,1,capacity_drop,1,0,8.0,10.0,60.0,6,1.0,1.0,1.0,1,108,0.375,9.75,1.0277777777777777,1.6666666666666667,1.0,1.25,12.772727272727273,17.226779363929207,14.305555555555555,6.0
109,9.083333333333334,9.083333333333334,0,9.083333333333334,09:05,29.10718247060931,20.1082756785997,8.998906792009612,0,0,0,0,0,0,0,0,0,11,25.0,45.0,6,1.0,0.0,0.0,0.0,1,capacity_drop,1,0,8.0,10.0,55.0,6,1.0,1.0,1.0,1,109,0.37847222222222227,10.25,1.0,1.5,1.0,1.1666666666666667,14.606060606060607,17.226779363929207,14.305555555555555,6.0
110,9.166666666666666,9.166666666666666,0,9.166666666666666,09:09,28.549445234508667,19.527048455065145,9.022396779443524,2,2,0,2,2,0,2,2,0,11,21.363636363636363,45.0,6,1.0,25.117319942829877,47.5,30.0,1,capacity_drop,1,0,8.0,10.0,50.0,6,1.0,1.0,1.0,1,110,0.3819444444444444,10.666666666666666,1.0,1.5833333333333333,1.1666666666666667,1.1666666666666667,15.830808080808083,19.31988935916503,18.26388888888889,6.0
111,9.25,9.25,0,9.25,09:15,27.97649889740076,18.936637043846602,9.039861853554159,4,4,0,0,0,0,0,0,0,15,19.333333333333332,50.0,6,1.0,0.0,0.0,0.0,1,capacity_drop,1,0,8.0,10.0,45.0,6,1.0,1.0,1.0,1,111,0.3854166666666667,11.166666666666666,1.0,1.5833333333333333,1.0833333333333333,1.0833333333333333,16.932659932659934,16.880271321871607,17.01388888888889,6.0
112,9.333333333333334,9.333333333333334,0,9.333333333333334,09:20,27.392886726700702,18.34208811756888,9.05079860913182,2,0,2,1,1,0,1,1,0,16,19.375,50.0,6,1.0,50.0,55.0,25.0,1,capacity_drop,1,0,8.0,10.0,40.0,6,1.0,1.0,1.0,1,112,0.3888888888888889,11.666666666666666,1.0,1.5,1.0,1.0,18.047243265993266,19.355271986644684,19.930555555555554,6.0
113,9.416666666666666,9.416666666666666,0,9.416666666666666,09:24,26.803091825334022,17.748172087371678,9.054919737962342,1,1,0,0,0,0,0,0,0,17,22.941176470588236,55.0,6,1.0,0.0,0.0,0.0,1,capacity_drop,1,0,8.0,10.0,35.0,6,1.0,1.0,1.0,1,113,0.3923611111111111,12.25,1.0,1.4166666666666667,0.8333333333333334,0.8333333333333334,19.375674638542286,16.66862266914926,18.26388888888889,6.0
114,9.5,9.5,0,9.5,09:30,26.21148804821528,17.15933047764443,9.05215757057085,2,2,0,0,0,0,0,0,0,19,25.0,60.0,6,1.0,0.0,0.0,0.0,1,capacity_drop,1,0,8.0,10.0,30.0,6,1.0,1.0,1.0,1,114,0.3958333333333333,12.916666666666666,1.0,1.4166666666666667,0.75,0.75,20.70143221429986,14.528516655965042,16.59722222222222,6.0
115,9.583333333333334,9.583333333333334,0,9.583333333333334,09:35,25.62229368103433,16.57963407441119,9.042659606623141,2,2,0,2,2,0,2,1,1,19,23.157894736842106,60.0,6,1.0,31.381745306025554,65.0,45.0,1,capacity_drop,1,0,8.0,10.0,25.0,6,1.0,1.0,1.0,1,115,0.3993055555555556,13.5,1.0,1.5,0.9166666666666666,0.9166666666666666,21.55486788681448,17.143662098133838,22.013888888888886,6.0
116,9.666666666666666,9.666666666666666,0,9.666666666666666,09:39,25.039528488762734,16.012751887827868,9.026776600934868,0,0,0,2,2,0,2,2,0,17,24.705882352941178,50.0,6,1.0,28.480769336402677,57.5,45.0,1,capacity_drop,1,0,8.0,10.0,20.0,6,1.0,1.0,1.0,1,116,0.40277777777777773,14.0,1.0,1.5,1.0,1.0,22.174297476832308,16.250323912682138,24.722222222222218,6.0
117,9.75,9.75,0,9.75,09:45,24.466974665405278,15.461930625056299,9.005044040348979,0,0,0,1,1,0,1,1,0,16,28.125,50.0,6,1.0,24.11383688522122,55.0,40.0,1,capacity_drop,1,0,8.0,10.0,15.0,6,1.0,1.0,1.0,1,117,0.40625,14.583333333333334,1.0,1.5,0.9166666666666666,0.9166666666666666,22.805084513869343,16.406761442542688,26.805555555555554,6.0
118,9.833333333333334,9.833333333333334,0,9.833333333333334,09:50,23.908142134435693,14.929984073073747,8.978158061361945,3,2,1,0,0,0,0,0,0,19,27.894736842105264,55.0,6,1.0,0.0,0.0,0.0,1,capacity_drop,1,0,8.0,10.0,10.0,6,1.0,1.0,1.0,1,118,0.40972222222222227,15.25,1.0,1.5833333333333333,0.9166666666666666,0.9166666666666666,23.387221674953874,16.406761442542688,26.805555555555554,6.0
119,9.916666666666666,9.916666666666666,0,9.916666666666666,09:54,23.36623856314929,14.419291550051323,8.946947013097969,1,0,1,0,0,0,0,0,0,20,31.25,60.0,6,1.0,0.0,0.0,0.0,1,capacity_drop,1,0,8.0,10.0,5.0,6,1.0,1.0,1.0,1,119,0.4131944444444444,15.916666666666666,1.0,1.5833333333333333,0.9166666666666666,0.9166666666666666,24.012221674953874,16.406761442542688,26.805555555555554,6.0
120,10.0,10.0,0,10.0,10:00,22.844144365874875,13.931804403464822,8.912339962410053,0,0,0,6,6,0,1,1,0,14,28.214285714285715,45.0,11,1.0,32.08878026135484,55.0,65.0,0,none,0,-1,-1.0,-1.0,0.0,11,1.0,1.0,1.0,0,120,0.4166666666666667,16.166666666666668,1.0,1.4166666666666667,1.1666666666666667,0.75,24.696745484477685,15.93187097765285,27.916666666666668,6.416666666666667
121,10.083333333333334,10.083333333333334,0,10.083333333333334,10:05,22.344392882550014,13.469059414244787,8.875333468305227,1,0,1,1,1,0,1,1,0,14,29.642857142857142,50.0,11,1.0,30.238908042219386,50.0,50.0,0,none,0,-1,-1.0,-1.0,0.0,11,1.0,1.0,1.0,0,121,0.4201388888888889,16.416666666666668,1.0,1.5,1.25,0.8333333333333334,25.083650246382444,18.451779981171132,32.083333333333336,6.833333333333333
122,10.166666666666666,10.166666666666666,0,10.166666666666666,10:09,21.869155832367476,13.032197906976,8.836957925391475,2,1,1,2,2,0,2,2,0,14,26.785714285714285,50.0,11,1.0,24.960994919996992,55.0,55.0,0,none,0,-1,-1.0,-1.0,0.0,11,1.0,1.0,1.0,0,122,0.4236111111111111,16.666666666666668,1.0,1.5,1.25,0.8333333333333334,25.535490073222274,18.438752895935057,32.708333333333336,7.25
123,10.25,10.25,0,10.25,10:15,21.420234058650554,12.621989361614977,8.798244697035576,0,0,0,1,0,1,1,1,0,13,30.0,55.0,11,1.0,42.60306080763704,55.0,65.0,0,none,0,-1,-1.0,-1.0,0.0,11,1.0,1.0,1.0,0,123,0.4270833333333333,16.5,1.0,1.1666666666666667,1.3333333333333333,0.9166666666666666,26.42437896211116,21.98900796323814,37.291666666666664,7.666666666666667
124,10.333333333333334,10.333333333333334,0,10.333333333333334,10:20,20.99905350219605,12.238858365423972,8.760195136772076,1,0,1,1,0,1,1,1,0,13,30.384615384615383,55.0,11,1.0,39.862651134107,60.0,65.0,0,none,0,-1,-1.0,-1.0,0.0,11,1.0,1.0,1.0,0,124,0.4305555555555556,16.25,1.0,1.0833333333333333,1.3333333333333333,0.9166666666666666,27.34184691082911,21.14422889108039,37.708333333333336,8.083333333333334
125,10.416666666666666,10.416666666666666,0,10.416666666666666,10:24,20.606666267184455,11.882913826299536,8.723752440884919,2,1,1,2,2,0,2,2,0,13,26.53846153846154,55.0,11,1.0,23.364311324766273,57.5,55.0,0,none,0,-1,-1.0,-1.0,0.0,11,1.0,1.0,1.0,0,125,0.43402777777777773,15.916666666666666,1.0,1.1666666666666667,1.5,1.0833333333333333,27.64162066648522,23.091254834810915,42.5,8.5
126,10.5,10.5,0,10.5,10:30,20.243756577299482,11.55397948099992,8.689777096299562,1,1,0,0,0,0,0,0,0,14,29.285714285714285,60.0,11,1.0,0.0,0.0,0.0,0,none,0,-1,-1.0,-1.0,0.0,11,1.0,1.0,1.0,0,126,0.4375,15.5,1.0,1.0833333333333333,1.5,1.0833333333333333,27.998763523628075,23.091254834810915,42.5,8.916666666666666
127,10.583333333333334,10.583333333333334,0,10.583333333333334,10:35,19.910651360575347,11.251624864288175,8.659026496287172,0,0,0,3,3,0,3,3,0,11,26.818181818181817,45.0,11,1.0,34.93384922423818,61.666666666666664,50.0,0,none,0,-1,-1.0,-1.0,0.0,11,1.0,1.0,1.0,0,127,0.44097222222222227,14.833333333333334,1.0,0.9166666666666666,1.5833333333333333,1.1666666666666667,28.30378744707305,23.387263494661966,42.22222222222222,9.333333333333334
128,10.666666666666666,10.666666666666666,0,10.666666666666666,10:39,19.607335150113403,10.975196048358073,8.63213910175533,0,0,0,3,2,1,3,3,0,8,25.0,45.0,11,1.0,25.417054738912828,50.0,56.666666666666664,0,none,0,-1,-1.0,-1.0,0.0,11,1.0,1.0,1.0,0,128,0.4444444444444444,14.083333333333334,1.0,0.9166666666666666,1.6666666666666667,1.25,28.32829725099462,23.131953944871146,41.59722222222222,9.75
129,10.75,10.75,0,10.75,10:45,19.333468944368136,10.723845607532295,8.60962333683584,0,0,0,1,0,1,1,1,0,7,27.142857142857142,40.0,11,1.0,23.112206393713606,50.0,60.0,0,none,0,-1,-1.0,-1.0,0.0,11,1.0,1.0,1.0,0,129,0.4479166666666667,13.333333333333334,1.0,0.9166666666666666,1.6666666666666667,1.25,28.246452012899383,23.048484737245513,41.18055555555555,10.166666666666666
130,10.833333333333334,10.833333333333334,0,10.833333333333334,10:50,19.088412635182163,10.496561403697479,8.591851231484684,0,0,0,1,0,1,1,1,0,6,30.0,40.0,11,1.0,26.679785354257145,45.0,55.0,0,none,0,-1,-1.0,-1.0,0.0,11,1.0,1.0,1.0,0,130,0.4513888888888889,12.25,1.0,0.6666666666666666,1.75,1.3333333333333333,28.421890609390612,25.27180018343361,44.93055555555555,10.583333333333334
131,10.916666666666666,10.916666666666666,0,10.916666666666666,10:54,18.871250583960503,10.292193917243159,8.579056666717344,1,1,0,1,1,0,1,1,0,6,27.5,45.0,11,1.0,25.491245945569663,45.0,60.0,0,none,0,-1,-1.0,-1.0,0.0,11,1.0,1.0,1.0,0,131,0.4548611111111111,11.083333333333334,1.0,0.6666666666666666,1.8333333333333333,1.4166666666666667,28.109390609390612,27.396070678897747,48.68055555555555,11.0
132,11.0,11.0,0,11.0,11:00,18.68081990598018,10.109481961899167,8.571337944081012,0,0,0,4,1,3,4,1,3,2,17.5,30.0,11,1.0,25.584700700960592,40.0,53.75,0,none,0,-1,-1.0,-1.0,0.0,11,1.0,1.0,1.0,0,132,0.4583333333333333,10.083333333333334,1.0,0.6666666666666666,1.6666666666666667,1.6666666666666667,27.216533466533466,26.854064048864895,47.43055555555555,11.0
133,11.083333333333334,11.083333333333334,0,11.083333333333334,11:05,18.51574100938189,9.947076716859609,8.568664292522282,0,0,0,0,0,0,0,0,0,2,22.5,35.0,11,1.0,0.0,0.0,0.0,0,none,0,-1,-1.0,-1.0,0.0,11,1.0,1.0,1.0,0,133,0.4618055555555556,9.083333333333334,1.0,0.5833333333333334,1.5833333333333333,1.5833333333333333,26.621295371295375,24.33415504534661,43.263888888888886,11.0
134,11.166666666666666,11.166666666666666,0,11.166666666666666,11:09,18.374449928351616,9.803564084452125,8.570885843899491,2,0,2,3,2,1,3,2,1,1,0.0,0.0,11,1.0,35.92392421149402,18.333333333333332,58.333333333333336,0,none,0,-1,-1.0,-1.0,0.0,11,1.0,1.0,1.0,0,134,0.46527777777777773,8.0,1.0,0.5833333333333334,1.6666666666666667,1.6666666666666667,24.389152514152517,25.247732486304695,40.20833333333333,11.0
135,11.25,11.25,0,11.25,11:15,18.25523198878499,9.677485436192194,8.577746552592794,0,0,0,1,0,1,1,0,1,0,0.0,0.0,11,1.0,38.55479052962119,5.0,35.0,0,none,0,-1,-1.0,-1.0,0.0,11,1.0,1.0,1.0,0,135,0.46875,6.916666666666667,1.0,0.5833333333333334,1.6666666666666667,1.6666666666666667,21.889152514152517,24.910376629803377,36.041666666666664,11.0
136,11.333333333333334,11.333333333333334,0,11.333333333333334,11:20,18.156256348724316,9.567356845303244,8.588899503421072,1,1,0,1,1,0,2,1,1,0,0.0,0.0,10,0.9090909090909091,18.306342760890814,0.0,52.5,0,none,0,-1,-1.0,-1.0,0.0,11,1.0,1.0,1.0,0,136,0.47222222222222227,5.833333333333333,0.9924242424242425,0.5833333333333334,1.6666666666666667,1.75,19.357101232101233,23.114017598702024,31.041666666666668,11.0
137,11.416666666666666,11.416666666666666,0,11.416666666666666,11:24,18.075610964452643,9.471686921513752,8.60392404293889,0,0,0,0,0,0,3,3,0,0,0.0,0.0,7,0.6363636363636364,0.0,0.0,43.333333333333336,0,none,0,-1,-1.0,-1.0,0.0,11,1.0,1.0,1.0,0,137,0.4756944444444444,4.75,0.9621212121212123,0.4166666666666667,1.5,1.8333333333333333,17.14556277056277,21.1669916549715,26.25,11.0
138,11.5,11.5,0,11.5,11:30,18.011337545728793,9.388993366620257,8.622344179108536,0,0,0,0,0,0,0,0,0,0,0.0,0.0,7,0.6363636363636364,0.0,0.0,0.0,0,none,0,-1,-1.0,-1.0,0.0,11,1.0,1.0,1.0,0,138,0.4791666666666667,3.5833333333333335,0.931818181818182,0.3333333333333333,1.5,1.8333333333333333,14.70508658008658,21.1669916549715,26.25,11.0
139,11.583333333333334,11.583333333333334,0,11.583333333333334,11:35,17.961466079692393,9.317818359768713,8.64364771992368,0,0,0,0,0,0,2,0,2,0,0.0,0.0,5,0.45454545454545453,0.0,0.0,45.0,0,none,0,-1,-1.0,-1.0,0.0,11,1.0,1.0,1.0,0,139,0.4826388888888889,2.6666666666666665,0.8863636363636364,0.3333333333333333,1.25,1.75,12.470238095238095,18.255837552951654,21.11111111111111,11.0
140,11.666666666666666,11.666666666666666,0,11.666666666666666,11:39,17.924048521947235,9.25674286264822,8.667305659299014,0,0,0,0,0,0,1,1,0,0,0.0,0.0,4,0.36363636363636365,0.0,0.0,0.0,0,none,0,-1,-1.0,-1.0,0.0,11,1.0,1.0,1.0,0,140,0.4861111111111111,2.0,0.8333333333333334,0.3333333333333333,1.0,1.5833333333333333,10.386904761904761,16.13774965804225,16.944444444444446,11.0
141,11.75,11.75,0,11.75,11:45,17.897191274787914,9.204399909759529,8.692791365028386,0,0,0,0,0,0,1,1,0,0,0.0,0.0,3,0.2727272727272727,0.0,0.0,40.0,0,none,0,-1,-1.0,-1.0,0.0,11,1.0,1.0,1.0,0,141,0.4895833333333333,1.4166666666666667,0.7727272727272728,0.3333333333333333,0.9166666666666666,1.5833333333333333,8.125,14.211732458566118,12.777777777777779,11.0
142,11.833333333333334,11.833333333333334,0,11.833333333333334,11:50,17.879086096068907,9.1594869203623,8.719599175706607,0,0,0,0,0,0,2,1,1,0,0.0,0.0,1,0.09090909090909091,0.0,0.0,7.5,0,none,0,-1,-1.0,-1.0,0.0,11,1.0,1.0,1.0,0,142,0.4930555555555556,0.9166666666666666,0.6969696969696971,0.3333333333333333,0.8333333333333334,1.6666666666666667,5.625,11.988417012378022,9.027777777777779,11.0
143,11.916666666666666,11.916666666666666,0,11.916666666666666,11:54,17.868039107484766,9.12077703904663,8.747262068438136,2,2,0,2,2,0,1,0,1,0,0.0,0.0,2,0.18181818181818182,32.303029770394346,0.0,5.0,0,none,0,-1,-1.0,-1.0,0.0,11,1.0,1.0,1.0,0,143,0.49652777777777773,0.4166666666666667,0.6287878787878788,0.4166666666666667,0.9166666666666666,1.6666666666666667,3.3333333333333335,12.556065664446747,5.277777777777778,11.0
144,12.0,12.0,0,12.0,12:00,17.86249759774826,9.0871294831504,8.775368114597859,2,2,0,2,2,0,0,0,0,0,0.0,0.0,4,0.36363636363636365,28.528007174919537,0.0,0.0,0,none,0,-1,-1.0,-1.0,0.0,11,1.0,1.0,1.0,0,144,0.5,0.25,0.5757575757575758,0.5833333333333334,0.75,1.3333333333333333,1.875,12.801341203943325,1.9444444444444444,11.0
145,12.083333333333334,12.083333333333334,0,12.083333333333334,12:05,17.86107434408185,9.057498849062302,8.803575495019548,0,0,0,0,0,0,0,0,0,0,0.0,0.0,4,0.36363636363636365,0.0,0.0,0.0,0,none,0,-1,-1.0,-1.0,0.0,11,1.0,1.0,1.0,0,145,0.5034722222222222,0.08333333333333333,0.5227272727272727,0.5833333333333334,0.75,1.3333333333333333,0.0,12.801341203943325,1.9444444444444444,11.0
146,12.166666666666666,12.166666666666666,0,12.166666666666666,12:09,17.86256920438291,9.030943306994764,8.831625897388147,0,0,0,0,0,0,0,0,0,0,0.0,0.0,4,0.36363636363636365,0.0,0.0,0.0,0,none,0,-1,-1.0,-1.0,0.0,11,1.0,1.0,1.0,0,146,0.5069444444444444,0.0,0.4696969696969697,0.4166666666666667,0.5,1.0833333333333333,0.0,9.807680852985492,0.4166666666666667,11.0
147,12.25,12.25,0,12.25,12:15,17.86598776222676,9.006631595875712,8.859356166351047,0,0,0,0,0,0,0,0,0,0,0.0,0.0,4,0.36363636363636365,0.0,0.0,0.0,0,none,0,-1,-1.0,-1.0,0.0,11,1.0,1.0,1.0,0,147,0.5104166666666666,0.0,0.4166666666666667,0.4166666666666667,0.4166666666666667,1.0,0.0,6.594781642183726,0.0,11.0
148,12.333333333333334,12.333333333333334,0,12.333333333333334,12:20,17.870556837404767,8.983848717050272,8.886708120354495,1,0,1,1,0,1,0,0,0,0,0.0,0.0,5,0.45454545454545453,40.39374844306454,0.0,0.0,0,none,0,-1,-1.0,-1.0,0.0,11,1.0,1.0,1.0,0,148,0.513888888888889,0.0,0.37878787878787873,0.4166666666666667,0.4166666666666667,0.8333333333333334,0.0,8.435398782364869,0.0,11.0
149,12.416666666666666,12.416666666666666,0,12.416666666666666,12:24,17.87573670585183,8.962000217697103,8.913736488154726,0,0,0,0,0,0,1,1,0,0,0.0,0.0,4,0.36363636363636365,0.0,0.0,0.0,0,none,0,-1,-1.0,-1.0,0.0,11,1.0,1.0,1.0,0,149,0.517361111111111,0.0,0.356060606060606,0.4166666666666667,0.4166666666666667,0.6666666666666666,0.0,8.435398782364869,0.0,11.0
150,12.5,12.5,0,12.5,12:30,17.88122990450794,8.94061495225397,8.94061495225397,1,1,0,1,1,0,2,2,0,0,0.0,0.0,3,0.2727272727272727,42.91440989003981,0.0,0.0,0,none,0,-1,-1.0,-1.0,0.0,11,1.0,1.0,1.0,0,150,0.5208333333333334,0.0,0.32575757575757575,0.5,0.5,0.8333333333333334,0.0,12.011599606534853,0.0,11.0
151,12.583333333333334,12.583333333333334,0,12.583333333333334,12:35,17.886986528804712,8.919346212609193,8.96764031619552,2,1,1,2,1,1,1,1,0,0,0.0,0.0,4,0.36363636363636365,34.07651612705882,0.0,0.0,0,none,0,-1,-1.0,-1.0,0.0,11,1.0,1.0,1.0,0,151,0.5243055555555556,0.0,0.3181818181818182,0.6666666666666666,0.6666666666666666,0.75,0.0,14.851309283789755,0.0,11.0
152,12.666666666666666,12.666666666666666,0,12.666666666666666,12:39,17.893205962998053,8.89797112520432,8.995234837793733,1,0,1,1,0,1,0,0,0,0,0.0,0.0,5,0.45454545454545453,37.13482507543977,0.0,0.0,0,none,0,-1,-1.0,-1.0,0.0,11,1.0,1.0,1.0,0,152,0.5277777777777778,0.0,0.32575757575757575,0.75,0.75,0.6666666666666666,0.0,17.9458780400764,0.0,11.0
153,12.75,12.75,0,12.75,12:45,17.900335016416467,8.876388225381456,9.02394679103501,0,0,0,0,0,0,0,0,0,0,0.0,0.0,5,0.45454545454545453,0.0,0.0,0.0,0,none,0,-1,-1.0,-1.0,0.0,11,1.0,1.0,1.0,0,153,0.53125,0.0,0.3409090909090909,0.75,0.75,0.5833333333333334,0.0,17.9458780400764,0.0,11.0
154,12.833333333333334,12.833333333333334,0,12.833333333333334,12:50,17.90906247179544,8.854613136224648,9.054449335570792,0,0,0,0,0,0,0,0,0,0,0.0,0.0,5,0.45454545454545453,0.0,0.0,0.0,0,none,0,-1,-1.0,-1.0,0.0,11,1.0,1.0,1.0,0,154,0.5347222222222222,0.0,0.37121212121212116,0.75,0.75,0.4166666666666667,0.0,17.9458780400764,0.0,11.0
155,12.916666666666666,12.916666666666666,0,12.916666666666666,12:54,17.920310085157453,8.832772300794856,9.087537784362597,1,0,1,1,0,1,0,0,0,0,0.0,0.0,6,0.5454545454545454,33.457334539389734,0.0,0.0,0,none,0,-1,-1.0,-1.0,0.0,11,1.0,1.0,1.0,0,155,0.5381944444444444,0.0,0.40151515151515155,0.6666666666666666,0.6666666666666666,0.3333333333333333,0.0,18.04207010415935,0.0,11.0
156,13.0,13.0,0,13.0,13:00,17.935220110106556,8.811094743120563,9.124125366985993,4,2,2,4,2,2,0,0,0,0,0.0,0.0,10,0.9090909090909091,30.784185572587404,0.0,0.0,0,none,0,-1,-1.0,-1.0,0.0,11,1.0,1.0,1.0,0,156,0.5416666666666666,0.0,0.446969696969697,0.8333333333333334,0.8333333333333334,0.3333333333333333,0.0,18.230084970631673,0.0,11.0
157,13.083333333333334,13.083333333333334,0,13.083333333333334,13:05,17.955139452865332,8.78990186470857,9.165237588156762,1,0,1,1,0,1,2,1,1,0,0.0,0.0,9,0.8181818181818182,18.32041091744908,0.0,0.0,0,none,0,-1,-1.0,-1.0,0.0,11,1.0,1.0,1.0,0,157,0.545138888888889,0.0,0.48484848484848486,0.9166666666666666,0.9166666666666666,0.5,0.0,19.7567858804191,0.0,11.0
158,13.166666666666666,13.166666666666666,0,13.166666666666666,13:09,17.981600597810417,8.769595319809286,9.212005278001131,1,1,0,1,1,0,0,0,0,0,0.0,0.0,10,0.9090909090909091,24.150678693069004,0.0,0.0,0,none,0,-1,-1.0,-1.0,0.0,11,1.0,1.0,1.0,0,158,0.548611111111111,0.0,0.5303030303030303,1.0,1.0,0.5,0.0,21.769342438174846,0.0,11.0
159,13.25,13.25,0,13.25,13:15,18.01629947657129,8.750643054272226,9.265656422299063,0,0,0,0,0,0,1,1,0,0,0.0,0.0,9,0.8181818181818182,0.0,0.0,0.0,0,none,0,-1,-1.0,-1.0,0.0,11,1.0,1.0,1.0,0,159,0.5520833333333334,0.0,0.5681818181818182,1.0,1.0,0.5833333333333334,0.0,21.769342438174846,0.0,11.0
160,13.333333333333334,13.333333333333334,0,13.333333333333334,13:20,18.061070486838766,8.73356363948125,9.327506847357515,1,1,0,1,1,0,2,0,2,0,0.0,0.0,8,0.7272727272727273,33.33190620400851,0.0,0.0,0,none,0,-1,-1.0,-1.0,0.0,11,1.0,1.0,1.0,0,160,0.5555555555555556,0.0,0.5909090909090909,1.0,1.0,0.75,0.0,21.180855584920177,0.0,11.0
161,13.416666666666666,13.416666666666666,0,13.416666666666666,13:24,18.117858899756435,8.71890908425559,9.398949815500846,2,2,0,2,2,0,3,1,2,0,0.0,0.0,7,0.6363636363636364,30.812319029921163,0.0,0.0,0,none,0,-1,-1.0,-1.0,0.0,11,1.0,1.0,1.0,0,161,0.5590277777777778,0.0,0.6136363636363636,1.1666666666666667,1.1666666666666667,0.9166666666666666,0.0,23.74854883741361,0.0,11.0
162,13.5,13.5,0,13.5,13:30,18.188690926982243,8.707246363114217,9.481444563868026,0,0,0,0,0,0,2,0,2,0,0.0,0.0,5,0.45454545454545453,0.0,0.0,0.0,0,none,0,-1,-1.0,-1.0,0.0,11,1.0,1.0,1.0,0,162,0.5625,0.0,0.6287878787878788,1.0833333333333333,1.0833333333333333,0.9166666666666666,0.0,20.172348013243624,0.0,11.0
163,13.583333333333334,13.583333333333334,0,13.583333333333334,13:35,18.275641750014426,8.699137957899087,9.57650379211534,2,1,1,2,1,1,1,1,0,0,0.0,0.0,6,0.5454545454545454,27.5634085635266,0.0,0.0,0,none,0,-1,-1.0,-1.0,0.0,11,1.0,1.0,1.0,0,163,0.5659722222222222,0.0,0.6439393939393939,1.0833333333333333,1.0833333333333333,0.9166666666666666,0.0,19.62958904961594,0.0,11.0
164,13.666666666666666,13.666666666666666,0,13.666666666666666,13:39,18.38080184493627,8.695121769942759,9.68568007499351,1,0,1,1,0,1,0,0,0,0,0.0,0.0,7,0.6363636363636364,37.8170252282013,0.0,0.0,0,none,0,-1,-1.0,-1.0,0.0,11,1.0,1.0,1.0,0,164,0.5694444444444444,0.0,0.6590909090909091,1.0833333333333333,1.0833333333333333,0.9166666666666666,0.0,19.686439062346068,0.0,11.0
165,13.75,13.75,0,13.75,13:45,18.506241965056223,8.69569081974589,9.810551145310333,1,0,1,1,0,1,0,0,0,0,0.0,0.0,8,0.7272727272727273,31.952688432041644,0.0,0.0,0,none,0,-1,-1.0,-1.0,0.0,11,1.0,1.0,1.0,0,165,0.5729166666666666,0.0,0.6818181818181818,1.1666666666666667,1.1666666666666667,0.9166666666666666,0.0,22.349163098349536,0.0,11.0
166,13.833333333333334,13.833333333333334,0,13.833333333333334,13:50,18.65397717165216,8.701273207980098,9.952703963672061,1,0,1,1,0,1,2,2,0,0,0.0,0.0,7,0.6363636363636364,34.7079690104797,0.0,0.0,0,none,0,-1,-1.0,-1.0,0.0,11,1.0,1.0,1.0,0,166,0.576388888888889,0.0,0.6969696969696969,1.25,1.25,1.0833333333333333,0.0,25.24149384922285,0.0,11.0
167,13.916666666666666,13.916666666666666,0,13.916666666666666,13:54,18.8259303287559,8.712212862546842,10.113717466209057,1,0,1,1,0,1,1,1,0,0,0.0,0.0,7,0.6363636363636364,31.053083896071833,0.0,0.0,0,none,0,-1,-1.0,-1.0,0.0,11,1.0,1.0,1.0,0,167,0.579861111111111,0.0,0.7045454545454546,1.25,1.25,1.1666666666666667,0.0,25.041139628946354,0.0,11.0
168,14.0,14.0,0,14.0,14:00,19.023895501153813,8.72875163798738,10.295143863166434,0,0,0,0,0,0,1,0,1,0,0.0,0.0,6,0.5454545454545454,0.0,0.0,0.0,0,none,0,-1,-1.0,-1.0,0.0,11,1.0,1.0,1.0,0,168,0.5833333333333334,0.0,0.6742424242424242,0.9166666666666666,0.9166666666666666,1.25,0.0,22.47579083123074,0.0,11.0
169,14.083333333333334,14.083333333333334,0,14.083333333333334,14:05,19.24950171498294,8.751013362054193,10.498488352928748,1,1,0,1,1,0,1,1,0,0,0.0,0.0,6,0.5454545454545454,34.264004803827895,0.0,0.0,0,none,0,-1,-1.0,-1.0,0.0,11,1.0,1.0,1.0,0,169,0.5868055555555556,0.0,0.6515151515151515,0.9166666666666666,0.9166666666666666,1.1666666666666667,0.0,23.804423655095636,0.0,11.0
170,14.166666666666666,14.166666666666666,0,14.166666666666666,14:09,19.50417755685996,8.778990435911853,10.725187120948108,1,0,1,1,0,1,1,1,0,0,0.0,0.0,6,0.5454545454545454,26.938564502175765,0.0,0.0,0,none,0,-1,-1.0,-1.0,0.0,11,1.0,1.0,1.0,0,170,0.5902777777777778,0.0,0.6212121212121212,0.9166666666666666,0.9166666666666666,1.25,0.0,24.036747472521203,0.0,11.0
171,14.25,14.25,0,14.25,14:15,19.789117099729374,8.812533585538368,10.976583514191006,2,2,0,2,2,0,0,0,0,0,0.0,0.0,8,0.7272727272727273,30.56997479772025,0.0,0.0,0,none,0,-1,-1.0,-1.0,0.0,11,1.0,1.0,1.0,0,171,0.59375,0.0,0.6136363636363636,1.0833333333333333,1.0833333333333333,1.1666666666666667,0.0,26.584245372331225,0.0,11.0
172,14.333333333333334,14.333333333333334,0,14.333333333333334,14:20,20.105247650857034,8.851345329119532,11.253902321737502,1,1,0,1,1,0,2,0,2,0,0.0,0.0,7,0.6363636363636364,30.50094010711514,0.0,0.0,0,none,0,-1,-1.0,-1.0,0.0,11,1.0,1.0,1.0,0,172,0.5972222222222222,0.0,0.6060606060606061,1.0833333333333333,1.0833333333333333,1.1666666666666667,0.0,26.348331530923442,0.0,11.0
173,14.416666666666666,14.416666666666666,0,14.416666666666666,14:24,20.45319981890424,8.894977665895409,11.558222153008831,3,2,1,3,2,1,1,0,1,0,0.0,0.0,9,0.8181818181818182,35.03337256726595,0.0,0.0,0,none,0,-1,-1.0,-1.0,0.0,11,1.0,1.0,1.0,0,173,0.6006944444444444,0.0,0.6212121212121212,1.1666666666666667,1.1666666666666667,1.0,0.0,26.700085992368837,0.0,11.0
174,14.5,14.5,0,14.5,14:30,20.833280392079033,8.942834404306268,11.890445987772763,0,0,0,0,0,0,1,0,1,0,0.0,0.0,8,0.7272727272727273,0.0,0.0,0.0,0,none,0,-1,-1.0,-1.0,0.0,11,1.0,1.0,1.0,0,174,0.6041666666666666,0.0,0.6439393939393939,1.1666666666666667,1.1666666666666667,0.9166666666666666,0.0,26.700085992368837,0.0,11.0
175,14.583333333333334,14.583333333333334,0,14.583333333333334,14:35,21.245448507288454,8.994178430904247,12.251270076384207,2,1,1,2,1,1,0,0,0,0,0.0,0.0,10,0.9090909090909091,27.179933420609608,0.0,0.0,0,none,0,-1,-1.0,-1.0,0.0,11,1.0,1.0,1.0,0,175,0.607638888888889,0.0,0.6742424242424242,1.1666666666666667,1.1666666666666667,0.8333333333333334,0.0,26.66812973045909,0.0,11.0
176,14.666666666666666,14.666666666666666,0,14.666666666666666,14:39,21.68929557038579,9.048144077343085,12.641151493042706,1,0,1,1,0,1,2,1,1,0,0.0,0.0,9,0.8181818181818182,34.0763065579623,0.0,0.0,0,none,0,-1,-1.0,-1.0,0.0,11,1.0,1.0,1.0,0,176,0.611111111111111,0.0,0.6893939393939394,1.1666666666666667,1.1666666666666667,1.0,0.0,26.356403174605845,0.0,11.0
177,14.75,14.75,0,14.75,14:45,22.164029359491966,9.103754573509828,13.060274785982138,3,2,1,3,2,1,1,1,0,0,0.0,0.0,11,1.0,33.43747540564513,0.0,0.0,0,none,0,-1,-1.0,-1.0,0.0,11,1.0,1.0,1.0,0,177,0.6145833333333334,0.0,0.712121212121212,1.3333333333333333,1.3333333333333333,1.0833333333333333,0.0,26.480135422406132,0.0,11.0
178,14.833333333333334,14.833333333333334,0,14.833333333333334,14:50,22.668462706575397,9.159944384996713,13.508518321578686,2,0,2,1,0,1,1,1,0,1,0.0,0.0,11,1.0,39.55443701649187,0.0,0.0,0,none,0,-1,-1.0,-1.0,0.0,11,1.0,1.0,1.0,0,178,0.6180555555555556,0.08333333333333333,0.7424242424242423,1.4166666666666667,1.3333333333333333,1.0,0.0,26.88400775624048,0.0,11.0
179,14.916666666666666,14.916666666666666,0,14.916666666666666,14:54,23.201007106769826,9.215586028918848,13.985421077850978,1,0,1,2,0,2,2,2,0,0,0.0,0.0,11,1.0,37.22629088262266,2.5,0.0,0,none,0,-1,-1.0,-1.0,0.0,11,1.0,1.0,1.0,0,179,0.6215277777777778,0.08333333333333333,0.7727272727272726,1.4166666666666667,1.4166666666666667,1.0833333333333333,0.0,27.398441671786383,0.20833333333333334,11.0
180,15.0,15.0,0,15.0,15:00,23.759671550263715,9.26952075156188,14.490150798701835,0,0,0,0,0,0,1,0,1,0,0.0,0.0,10,0.9090909090909091,0.0,0.0,0.0,0,none,0,-1,-1.0,-1.0,0.0,11,1.0,1.0,1.0,0,180,0.625,0.08333333333333333,0.8030303030303031,1.4166666666666667,1.4166666666666667,1.0833333333333333,0.0,27.398441671786383,0.20833333333333334,11.0
181,15.083333333333334,15.083333333333334,0,15.083333333333334,15:05,24.342066808205345,9.320592243964095,15.02147456424125,1,0,1,1,0,1,1,0,1,0,0.0,0.0,10,0.9090909090909091,29.719044018011992,0.0,0.0,0,none,0,-1,-1.0,-1.0,0.0,11,1.0,1.0,1.0,0,181,0.6284722222222222,0.08333333333333333,0.8333333333333334,1.4166666666666667,1.4166666666666667,1.0833333333333333,0.0,27.019694939635055,0.20833333333333334,11.0
182,15.166666666666666,15.166666666666666,0,15.166666666666666,15:09,24.94541533238444,9.367682377874381,15.577732954510058,4,1,3,3,0,3,2,2,0,1,0.0,0.0,11,1.0,28.400780045099566,0.0,0.0,0,none,0,-1,-1.0,-1.0,0.0,11,1.0,1.0,1.0,0,182,0.6319444444444444,0.16666666666666666,0.8712121212121212,1.6666666666666667,1.5833333333333333,1.1666666666666667,0.0,27.141546234878703,0.20833333333333334,11.0
183,15.25,15.25,0,15.25,15:15,25.566566849190355,9.409747775764568,16.156819073425787,1,0,1,2,1,1,3,1,2,0,0.0,0.0,10,0.9090909090909091,34.89087595955664,2.5,0.0,0,none,0,-1,-1.0,-1.0,0.0,11,1.0,1.0,1.0,0,183,0.6354166666666666,0.16666666666666666,0.8863636363636364,1.5833333333333333,1.5833333333333333,1.4166666666666667,0.0,27.501621331698402,0.4166666666666667,11.0
184,15.333333333333334,15.333333333333334,0,15.333333333333334,15:20,26.20201964250461,9.445855895902431,16.756163746602176,1,1,0,1,1,0,0,0,0,0,0.0,0.0,11,1.0,30.503653816277446,0.0,0.0,0,none,0,-1,-1.0,-1.0,0.0,11,1.0,1.0,1.0,0,184,0.638888888888889,0.16666666666666666,0.9166666666666666,1.5833333333333333,1.5833333333333333,1.25,0.0,27.501847474128596,0.4166666666666667,11.0
185,15.416666666666666,15.416666666666666,0,15.416666666666666,15:24,26.84794742903174,9.475219227424235,17.372728201607508,1,0,1,1,0,1,1,0,1,0,0.0,0.0,11,1.0,28.46759563899157,0.0,0.0,0,none,0,-1,-1.0,-1.0,0.0,11,1.0,1.0,1.0,0,185,0.642361111111111,0.16666666666666666,0.931818181818182,1.4166666666666667,1.4166666666666667,1.25,0.0,26.954699396772398,0.4166666666666667,11.0
186,15.5,15.5,0,15.5,15:30,27.500231634640805,9.497226159997263,18.003005474643544,2,0,2,1,0,1,1,0,1,1,0.0,0.0,11,1.0,22.602992286505334,0.0,0.0,0,none,0,-1,-1.0,-1.0,0.0,11,1.0,1.0,1.0,0,186,0.6458333333333334,0.25,0.9545454545454546,1.5833333333333333,1.5,1.25,0.0,28.83828208731451,0.4166666666666667,11.0
187,15.583333333333334,15.583333333333334,0,15.583333333333334,15:35,28.15449878335403,9.51146712503016,18.64303165832387,5,1,4,2,0,2,2,1,1,4,0.0,0.0,11,1.0,30.20062017769544,2.5,0.0,0,none,0,-1,-1.0,-1.0,0.0,11,1.0,1.0,1.0,0,187,0.6493055555555556,0.5833333333333334,0.9621212121212123,1.8333333333333333,1.5,1.4166666666666667,0.0,29.090005983738326,0.625,11.0
188,15.666666666666666,15.666666666666666,0,15.666666666666666,15:39,28.806162613663684,9.517754704692791,19.288407908970893,1,0,1,2,1,1,2,0,2,3,3.3333333333333335,5.0,11,1.0,29.984206327255784,5.0,0.0,0,none,0,-1,-1.0,-1.0,0.0,11,1.0,1.0,1.0,0,188,0.6527777777777778,0.8333333333333334,0.9772727272727274,1.8333333333333333,1.5833333333333333,1.4166666666666667,0.2777777777777778,28.74899763117945,1.0416666666666667,11.0
189,15.75,15.75,0,15.75,15:45,29.450470442021608,9.516136572142347,19.93433386987926,4,1,3,3,0,3,3,1,2,4,0.0,0.0,11,1.0,35.79430492799032,8.333333333333334,3.3333333333333335,0,none,0,-1,-1.0,-1.0,0.0,11,1.0,1.0,1.0,0,189,0.65625,1.1666666666666667,0.9772727272727274,1.9166666666666667,1.5833333333333333,1.5833333333333333,0.2777777777777778,28.945400091374882,1.7361111111111114,11.0
190,15.833333333333334,15.833333333333334,0,15.833333333333334,15:50,30.082553202885276,9.506900358507846,20.57565284437743,1,0,1,0,0,0,0,0,0,5,4.0,5.0,11,1.0,0.0,0.0,0.0,0,none,0,-1,-1.0,-1.0,0.0,11,1.0,1.0,1.0,0,190,0.6597222222222222,1.5,0.9772727272727274,1.8333333333333333,1.5,1.5,0.6111111111111112,25.649197006667226,1.7361111111111114,11.0
191,15.916666666666666,15.916666666666666,0,15.916666666666666,15:54,30.697478510914777,9.490569832664994,21.206908678249782,0,0,0,3,1,2,3,1,2,2,7.5,10.0,11,1.0,29.683331822960113,10.0,0.0,0,none,0,-1,-1.0,-1.0,0.0,11,1.0,1.0,1.0,0,191,0.6631944444444444,1.6666666666666667,0.9772727272727274,1.75,1.5833333333333333,1.5833333333333333,1.2361111111111112,25.020617085028686,2.361111111111111,11.0
192,16.0,16.0,0,16.0,16:00,31.290306016074027,9.467892118126867,21.822413897947158,1,1,0,1,0,1,1,0,1,2,5.0,10.0,11,1.0,31.146380644773696,15.0,0.0,0,none,0,-1,-1.0,-1.0,0.0,11,1.0,1.0,1.0,0,192,0.6666666666666666,1.8333333333333333,0.9848484848484849,1.8333333333333333,1.6666666666666667,1.5833333333333333,1.652777777777778,27.61614880542649,3.611111111111111,11.0
193,16.083333333333332,16.083333333333332,0,16.083333333333332,16:04,31.85614425867987,9.439816043480489,22.416328215199382,1,0,1,0,0,0,0,0,0,3,6.666666666666667,15.0,11,1.0,0.0,0.0,0.0,0,none,0,-1,-1.0,-1.0,0.0,11,1.0,1.0,1.0,0,193,0.6701388888888888,2.0833333333333335,0.9924242424242425,1.8333333333333333,1.5833333333333333,1.5,2.2083333333333335,25.139561803925492,3.611111111111111,11.0
194,16.166666666666668,16.166666666666668,0,16.166666666666668,16:10,32.3902081808799,9.40746211180715,22.98274606907275,3,0,3,3,1,2,3,1,2,3,0.0,0.0,11,1.0,23.090537311030477,11.666666666666666,3.3333333333333335,0,none,0,-1,-1.0,-1.0,0.0,11,1.0,1.0,1.0,0,194,0.6736111111111112,2.25,0.9924242424242425,1.75,1.5833333333333333,1.5833333333333333,2.2083333333333335,24.697041576086402,4.583333333333333,11.0
195,16.25,16.25,0,16.25,16:15,32.88787641539791,9.372084961443933,23.515791453953977,5,2,3,1,0,1,1,0,1,7,1.4285714285714286,5.0,11,1.0,22.664409669994654,5.0,5.0,0,none,0,-1,-1.0,-1.0,0.0,11,1.0,1.0,1.0,0,195,0.6770833333333334,2.8333333333333335,1.0,2.0833333333333335,1.5,1.4166666666666667,2.3273809523809526,23.678169385289568,4.791666666666667,11.0
196,16.333333333333332,16.333333333333332,0,16.333333333333332,16:19,33.344747453138154,9.335029555223219,24.009717897914935,1,0,1,1,0,1,1,0,1,7,5.0,10.0,11,1.0,22.361179043303466,10.0,10.0,0,none,0,-1,-1.0,-1.0,0.0,11,1.0,1.0,1.0,0,196,0.6805555555555555,3.4166666666666665,1.0,2.0833333333333335,1.5,1.5,2.744047619047619,22.99962982087507,5.625,11.0
197,16.416666666666668,16.416666666666668,0,16.416666666666668,16:25,33.756693789482114,9.29768265801165,24.45901113147046,0,0,0,3,0,3,3,0,3,4,8.75,10.0,11,1.0,41.58168835768206,11.666666666666666,8.333333333333334,0,none,0,-1,-1.0,-1.0,0.0,11,1.0,1.0,1.0,0,197,0.6840277777777778,3.75,1.0,2.0,1.6666666666666667,1.6666666666666667,3.473214285714286,24.092470880765944,6.597222222222222,11.0
198,16.5,16.5,0,16.5,16:30,34.11991316553358,9.26142142433202,24.85849174120156,0,0,0,3,2,1,3,1,2,1,10.0,10.0,11,1.0,22.20058182353142,15.0,13.333333333333334,0,none,0,-1,-1.0,-1.0,0.0,11,1.0,1.0,1.0,0,198,0.6875,3.75,1.0,1.8333333333333333,1.8333333333333333,1.8333333333333333,4.3065476190476195,24.058936675518115,7.847222222222222,11.0
199,16.583333333333332,16.583333333333332,0,16.583333333333332,16:34,34.43097605539087,9.227561102995123,25.20341495239575,2,0,2,2,0,2,2,1,1,1,0.0,0.0,11,1.0,29.444348265213563,7.5,12.5,0,none,0,-1,-1.0,-1.0,0.0,11,1.0,1.0,1.0,0,199,0.6909722222222222,3.5,1.0,1.5833333333333333,1.8333333333333333,1.8333333333333333,4.3065476190476195,23.995914016144628,8.26388888888889,11.0
200,16.666666666666668,16.666666666666668,0,16.666666666666668,16:40,34.686868603495384,9.197303961535981,25.489564641959404,3,0,3,2,0,2,2,0,2,2,0.0,0.0,11,1.0,31.44584466893994,2.5,5.0,0,none,0,-1,-1.0,-1.0,0.0,11,1.0,1.0,1.0,0,200,0.6944444444444445,3.4166666666666665,1.0,1.75,1.8333333333333333,1.8333333333333333,4.028769841269841,24.117717211284972,8.055555555555555,11.0
201,16.75,16.75,0,16.75,16:45,34.88503028647547,9.171691531932606,25.713338754542864,1,1,0,1,0,1,1,0,1,2,2.5,5.0,11,1.0,50.0,5.0,10.0,0,none,0,-1,-1.0,-1.0,0.0,11,1.0,1.0,1.0,0,201,0.6979166666666666,3.25,1.0,1.5,1.6666666666666667,1.6666666666666667,4.237103174603175,25.30152513395245,7.777777777777779,11.0
202,16.833333333333332,16.833333333333332,0,16.833333333333332,16:49,35.02338566044036,9.151562177882349,25.87182348255801,2,0,2,1,0,1,1,1,0,3,1.6666666666666667,5.0,11,1.0,21.848810421098413,10.0,15.0,0,none,0,-1,-1.0,-1.0,0.0,11,1.0,1.0,1.0,0,202,0.7013888888888888,3.0833333333333335,1.0,1.5833333333333333,1.75,1.75,4.04265873015873,27.12225933571065,8.611111111111112,11.0
203,16.916666666666668,16.916666666666668,0,16.916666666666668,16:55,35.10036965568599,9.137515785653212,25.962853870032774,1,0,1,2,1,1,2,1,1,2,2.5,5.0,11,1.0,30.461887193616388,7.5,15.0,0,none,0,-1,-1.0,-1.0,0.0,11,1.0,1.0,1.0,0,203,0.7048611111111112,3.0833333333333335,1.0,1.6666666666666667,1.6666666666666667,1.6666666666666667,3.6259920634920633,27.187138949932006,8.402777777777779,11.0
204,17.0,17.0,0,17.0,17:00,35.11494599413609,9.129887093561539,25.985058900574554,2,0,2,0,0,0,0,0,0,4,3.75,10.0,11,1.0,0.0,0.0,0.0,0,none,0,-1,-1.0,-1.0,0.0,11,1.0,1.0,1.0,0,204,0.7083333333333334,3.25,1.0,1.75,1.5833333333333333,1.5833333333333333,3.5218253968253967,24.5916072295342,7.152777777777779,11.0
205,17.083333333333332,17.083333333333332,0,17.083333333333332,17:04,35.06661842807187,9.128728812929904,25.937889615141966,2,0,2,3,0,3,3,0,3,3,1.6666666666666667,5.0,11,1.0,28.843103941776707,10.0,6.666666666666667,0,none,0,-1,-1.0,-1.0,0.0,11,1.0,1.0,1.0,0,205,0.7118055555555555,3.25,1.0,1.8333333333333333,1.8333333333333333,1.8333333333333333,3.1051587301587307,26.995199224682256,7.986111111111112,11.0
206,17.166666666666668,17.166666666666668,0,17.166666666666668,17:10,34.95543462901267,9.133805273824589,25.821629355188083,0,0,0,2,0,2,2,0,2,1,5.0,5.0,11,1.0,28.112384012889684,7.5,10.0,0,none,0,-1,-1.0,-1.0,0.0,11,1.0,1.0,1.0,0,206,0.7152777777777778,3.0833333333333335,1.0,1.5833333333333333,1.75,1.75,3.521825396825397,27.41368644983719,7.638888888888889,11.0
207,17.25,17.25,0,17.25,17:15,34.78198268999153,9.144596873207066,25.637385816784462,1,1,0,2,1,1,2,0,2,0,0.0,0.0,11,1.0,25.38306584816751,5.0,12.5,0,none,0,-1,-1.0,-1.0,0.0,11,1.0,1.0,1.0,0,207,0.71875,2.5,1.0,1.25,1.8333333333333333,1.8333333333333333,3.402777777777778,27.640241131351598,7.638888888888889,11.0
208,17.333333333333332,17.333333333333332,0,17.333333333333332,17:19,34.54738033977345,9.16031513471171,25.387065205061734,2,1,1,1,1,0,1,0,1,1,0.0,0.0,11,1.0,27.225289086703132,0.0,0.0,0,none,0,-1,-1.0,-1.0,0.0,11,1.0,1.0,1.0,0,208,0.7222222222222222,2.0,1.0,1.3333333333333333,1.8333333333333333,1.8333333333333333,2.986111111111111,28.04558363496824,6.805555555555556,11.0
209,17.416666666666668,17.416666666666668,0,17.416666666666668,17:25,34.25325710060369,9.179927732138497,25.073329368465192,1,0,1,2,0,2,2,1,1,0,0.0,0.0,11,1.0,25.462623953449707,2.5,7.5,0,none,0,-1,-1.0,-1.0,0.0,11,1.0,1.0,1.0,0,209,0.7256944444444445,1.6666666666666667,1.0,1.4166666666666667,1.75,1.75,2.2569444444444446,26.70232826794887,6.041666666666667,11.0
210,17.5,17.5,0,17.5,17:30,33.90172974870734,9.202192406228747,24.699537342478592,4,0,4,2,0,2,2,0,2,2,0.0,0.0,11,1.0,27.78987258230609,0.0,10.0,0,none,0,-1,-1.0,-1.0,0.0,11,1.0,1.0,1.0,0,210,0.7291666666666666,1.75,1.0,1.75,1.6666666666666667,1.6666666666666667,1.4236111111111114,27.16810249784676,4.791666666666667,11.0
211,17.583333333333332,17.583333333333332,0,17.583333333333332,17:34,33.49537155599347,9.22569833752863,24.269673218464842,0,0,0,2,0,2,2,0,2,0,0.0,0.0,11,1.0,28.098569392123295,5.0,5.0,0,none,0,-1,-1.0,-1.0,0.0,11,1.0,1.0,1.0,0,211,0.7326388888888888,1.6666666666666667,1.0,1.5833333333333333,1.6666666666666667,1.6666666666666667,1.4236111111111114,27.05595425842257,4.583333333333333,11.0
212,17.666666666666668,17.666666666666668,0,17.666666666666668,17:40,33.03717589948519,9.24891324489791,23.78826265458728,2,1,1,1,1,0,1,0,1,1,0.0,0.0,11,1.0,39.30734699855037,0.0,10.0,0,none,0,-1,-1.0,-1.0,0.0,11,1.0,1.0,1.0,0,212,0.7361111111111112,1.5833333333333333,1.0,1.5,1.5833333333333333,1.5833333333333333,1.4236111111111114,27.711079452556774,4.375,11.0
213,17.75,17.75,0,17.75,17:45,32.53051491944552,9.27023427284599,23.260280646599533,0,0,0,1,0,1,1,1,0,0,0.0,0.0,11,1.0,28.834905995801563,5.0,0.0,0,none,0,-1,-1.0,-1.0,0.0,11,1.0,1.0,1.0,0,213,0.7395833333333334,1.4166666666666667,1.0,1.4166666666666667,1.5833333333333333,1.5833333333333333,1.215277777777778,25.947321618873573,4.375,11.0
214,17.833333333333332,17.833333333333332,0,17.833333333333332,17:49,31.979093985931627,9.288040619622178,22.69105336630945,4,2,2,4,2,2,4,1,3,0,0.0,0.0,11,1.0,29.40253364349524,0.0,5.0,0,none,0,-1,-1.0,-1.0,0.0,11,1.0,1.0,1.0,0,214,0.7430555555555555,1.1666666666666667,1.0,1.5833333333333333,1.8333333333333333,1.8333333333333333,1.076388888888889,26.57679855407331,3.5416666666666665,11.0
215,17.916666666666668,17.916666666666668,0,17.916666666666668,17:55,31.386902794955184,9.300745844635308,22.086156950319875,2,2,0,2,2,0,3,0,3,0,0.0,0.0,10,0.9090909090909091,28.6101447630732,0.0,3.3333333333333335,0,none,0,-1,-1.0,-1.0,0.0,11,1.0,1.0,1.0,0,215,0.7465277777777778,1.0,0.9924242424242423,1.6666666666666667,1.8333333333333333,1.9166666666666667,0.8680555555555557,26.422486684861372,2.9166666666666665,11.0
216,18.0,18.0,0,18.0,18:00,30.758163958405603,9.306847875653567,21.451316082752037,1,0,1,1,0,1,0,0,0,0,0.0,0.0,11,1.0,37.81679271893634,0.0,0.0,0,none,0,-1,-1.0,-1.0,0.0,11,1.0,1.0,1.0,0,216,0.75,0.6666666666666666,0.9924242424242423,1.5833333333333333,1.9166666666666667,1.9166666666666667,0.5555555555555556,29.57388607810607,2.9166666666666665,11.0
217,18.083333333333332,18.083333333333332,0,18.083333333333332,18:04,30.09727997576591,9.304974905556126,20.792305070209785,0,0,0,0,0,0,1,0,1,0,0.0,0.0,10,0.9090909090909091,0.0,0.0,0.0,0,none,0,-1,-1.0,-1.0,0.0,11,1.0,1.0,1.0,0,217,0.7534722222222222,0.4166666666666667,0.9848484848484848,1.4166666666666667,1.6666666666666667,1.75,0.4166666666666667,27.170294082958012,2.0833333333333335,11.0
218,18.166666666666668,18.166666666666668,0,18.166666666666668,18:10,29.40877948029533,9.293925612955572,20.114853867339757,1,0,1,1,0,1,0,0,0,0,0.0,0.0,11,1.0,40.400196563761384,0.0,0.0,0,none,0,-1,-1.0,-1.0,0.0,11,1.0,1.0,1.0,0,218,0.7569444444444445,0.3333333333333333,0.9848484848484848,1.5,1.5833333333333333,1.5833333333333333,0.0,28.194278462197317,1.4583333333333333,11.0
219,18.25,18.25,0,18.25,18:15,28.697263638153192,9.272702445050424,19.424561193102768,1,1,0,1,1,0,3,1,2,0,0.0,0.0,9,0.8181818181818182,37.28728406932971,0.0,3.3333333333333335,0,none,0,-1,-1.0,-1.0,0.0,11,1.0,1.0,1.0,0,219,0.7604166666666666,0.3333333333333333,0.9696969696969696,1.5,1.5,1.6666666666666667,0.0,29.186296647294167,1.0416666666666667,11.0
220,18.333333333333332,18.333333333333332,0,18.333333333333332,18:19,27.967353546769075,9.240537046453097,18.72681650031598,1,0,1,1,0,1,2,1,1,0,0.0,0.0,8,0.7272727272727273,30.174749566240582,0.0,0.0,0,none,0,-1,-1.0,-1.0,0.0,11,1.0,1.0,1.0,0,220,0.7638888888888888,0.25,0.9469696969696969,1.4166666666666667,1.5,1.75,0.0,29.432085020588957,1.0416666666666667,11.0
221,18.416666666666668,18.416666666666668,0,18.416666666666668,18:25,27.223639429946466,9.196907285107597,18.026732144838867,0,0,0,0,0,0,3,2,1,0,0.0,0.0,5,0.45454545454545453,0.0,0.0,0.0,0,none,0,-1,-1.0,-1.0,0.0,11,1.0,1.0,1.0,0,221,0.7673611111111112,0.25,0.9015151515151515,1.3333333333333333,1.3333333333333333,1.8333333333333333,0.0,27.310199691134816,0.8333333333333334,11.0
222,18.5,18.5,0,18.5,18:30,26.47063236343379,9.14154569638572,17.32908666704807,2,0,2,2,0,2,1,1,0,0,0.0,0.0,6,0.5454545454545454,30.53698747283104,0.0,0.0,0,none,0,-1,-1.0,-1.0,0.0,11,1.0,1.0,1.0,0,222,0.7708333333333334,0.08333333333333333,0.8636363636363636,1.1666666666666667,1.3333333333333333,1.75,0.0,27.539125932011896,0.8333333333333334,11.0
223,18.583333333333332,18.583333333333332,0,18.583333333333332,18:34,25.712719188060802,9.074439520771785,16.63827966728902,2,2,0,2,2,0,0,0,0,0,0.0,0.0,8,0.7272727272727273,34.051181936830176,0.0,0.0,0,none,0,-1,-1.0,-1.0,0.0,11,1.0,1.0,1.0,0,223,0.7743055555555555,0.08333333333333333,0.8409090909090908,1.3333333333333333,1.3333333333333333,1.5833333333333333,0.0,28.035176977404134,0.4166666666666667,11.0
224,18.666666666666668,18.666666666666668,0,18.666666666666668,18:40,24.95412118033061,8.995822833054307,15.958298347276303,2,0,2,2,0,2,1,0,1,0,0.0,0.0,9,0.8181818181818182,28.662919860092444,0.0,0.0,0,none,0,-1,-1.0,-1.0,0.0,11,1.0,1.0,1.0,0,224,0.7777777777777778,0.0,0.8257575757575757,1.3333333333333333,1.4166666666666667,1.5833333333333333,0.0,27.148141382532643,0.4166666666666667,11.0
225,18.75,18.75,0,18.75,18:45,24.198856955072106,8.90616153835985,15.292695416712256,2,0,2,2,0,2,0,0,0,0,0.0,0.0,11,1.0,38.887537098386055,0.0,0.0,0,none,0,-1,-1.0,-1.0,0.0,11,1.0,1.0,1.0,0,225,0.78125,0.0,0.8257575757575757,1.5,1.5,1.5,0.0,27.985860641081345,0.0,11.0
226,18.833333333333332,18.833333333333332,0,18.833333333333332,18:49,23.450709973998734,8.806132232833587,14.644577741165149,2,0,2,0,0,0,0,0,0,2,0.0,0.0,11,1.0,0.0,0.0,0.0,0,none,0,-1,-1.0,-1.0,0.0,11,1.0,1.0,1.0,0,226,0.7847222222222222,0.16666666666666666,0.8257575757575757,1.3333333333333333,1.1666666666666667,1.1666666666666667,0.0,25.53564950412341,0.0,11.0
227,18.916666666666668,18.916666666666668,0,18.916666666666668,18:55,22.71320093041409,8.696596088142153,14.016604842271937,1,0,1,3,0,3,5,1,4,0,0.0,0.0,9,0.8181818181818182,21.806490991515858,3.3333333333333335,0.0,0,none,0,-1,-1.0,-1.0,0.0,11,1.0,1.0,1.0,0,227,0.7881944444444445,0.16666666666666666,0.8181818181818182,1.25,1.25,1.3333333333333333,0.0,24.96867835649363,0.2777777777777778,11.0
228,19.0,19.0,0,19.0,19:00,21.989565176425764,8.57856901683194,13.410996159593822,0,0,0,0,0,0,0,0,0,0,0.0,0.0,9,0.8181818181818182,0.0,0.0,0.0,0,none,0,-1,-1.0,-1.0,0.0,11,1.0,1.0,1.0,0,228,0.7916666666666666,0.16666666666666666,0.8030303030303031,1.1666666666666667,1.1666666666666667,1.3333333333333333,0.0,21.81727896324894,0.2777777777777778,11.0
229,19.083333333333332,19.083333333333332,0,19.083333333333332,19:04,21.282735257331538,8.45318941103727,12.829545846294268,1,0,1,1,0,1,1,1,0,0,0.0,0.0,9,0.8181818181818182,38.87936674263014,0.0,0.0,0,none,0,-1,-1.0,-1.0,0.0,11,1.0,1.0,1.0,0,229,0.7951388888888888,0.16666666666666666,0.7954545454545455,1.25,1.25,1.3333333333333333,0.0,25.057226191801448,0.2777777777777778,11.0
230,19.166666666666668,19.166666666666668,0,19.166666666666668,19:10,20.59532852059018,8.321684724343898,12.273643796246281,1,1,0,1,1,0,1,0,1,0,0.0,0.0,9,0.8181818181818182,30.600370717625985,0.0,0.0,0,none,0,-1,-1.0,-1.0,0.0,11,1.0,1.0,1.0,0,230,0.7986111111111112,0.16666666666666666,0.7803030303030304,1.25,1.25,1.4166666666666667,0.0,24.240574037956833,0.2777777777777778,11.0
231,19.25,19.25,0,19.25,19:15,19.9296396760039,8.185338092596583,11.744301583407319,1,1,0,1,1,0,1,0,1,0,0.0,0.0,9,0.8181818181818182,42.29531726281421,0.0,5.0,0,none,0,-1,-1.0,-1.0,0.0,11,1.0,1.0,1.0,0,231,0.8020833333333334,0.16666666666666666,0.7803030303030304,1.25,1.25,1.25,0.0,24.657910137413875,0.2777777777777778,11.0
232,19.333333333333332,19.333333333333332,0,19.333333333333332,19:19,19.28763810115783,8.045456072839656,11.242182028318176,2,0,2,2,0,2,3,1,2,0,0.0,0.0,8,0.7272727272727273,26.768488849912885,0.0,1.6666666666666667,0,none,0,-1,-1.0,-1.0,0.0,11,1.0,1.0,1.0,0,232,0.8055555555555555,0.16666666666666666,0.7803030303030303,1.3333333333333333,1.3333333333333333,1.3333333333333333,0.0,24.374055077719902,0.2777777777777778,11.0
233,19.416666666666668,19.416666666666668,0,19.416666666666668,19:25,18.670969613200644,7.9033384303656025,10.767631182835041,0,0,0,0,0,0,2,0,2,0,0.0,0.0,6,0.5454545454545454,0.0,0.0,0.0,0,none,0,-1,-1.0,-1.0,0.0,11,1.0,1.0,1.0,0,233,0.8090277777777778,0.16666666666666666,0.7878787878787877,1.3333333333333333,1.3333333333333333,1.25,0.0,24.374055077719902,0.2777777777777778,11.0
234,19.5,19.5,0,19.5,19:30,18.080962365783023,7.760250732515361,10.320711633267662,1,1,0,1,1,0,1,0,1,0,0.0,0.0,6,0.5454545454545454,15.0,0.0,0.0,0,none,0,-1,-1.0,-1.0,0.0,11,1.0,1.0,1.0,0,234,0.8125,0.16666666666666666,0.787878787878788,1.25,1.25,1.25,0.0,23.079306121650646,0.2777777777777778,11.0
235,19.583333333333332,19.583333333333332,0,19.583333333333332,19:34,17.518636479126254,7.617400324809062,9.901236154317193,1,0,1,1,0,1,0,0,0,0,0.0,0.0,7,0.6363636363636364,33.217882649392976,0.0,0.0,0,none,0,-1,-1.0,-1.0,0.0,11,1.0,1.0,1.0,0,235,0.8159722222222222,0.16666666666666666,0.7803030303030303,1.1666666666666667,1.1666666666666667,1.25,0.0,23.009864514364214,0.2777777777777778,11.0
236,19.666666666666668,19.666666666666668,0,19.666666666666668,19:40,16.984716972152874,7.4759160798967965,9.508800892256076,2,1,1,2,1,1,0,0,0,0,0.0,0.0,9,0.8181818181818182,31.7828515017772,0.0,0.0,0,none,0,-1,-1.0,-1.0,0.0,11,1.0,1.0,1.0,0,236,0.8194444444444445,0.16666666666666666,0.7803030303030303,1.1666666666666667,1.1666666666666667,1.1666666666666667,0.0,23.269858817837942,0.2777777777777778,11.0
237,19.75,19.75,0,19.75,19:45,16.479649538420226,7.336832131294739,9.142817407125486,0,0,0,0,0,0,3,2,1,0,0.0,0.0,6,0.5454545454545454,0.0,0.0,0.0,0,none,0,-1,-1.0,-1.0,0.0,11,1.0,1.0,1.0,0,237,0.8229166666666666,0.16666666666666666,0.7424242424242425,1.0,1.0,1.4166666666666667,0.0,20.02923072630577,0.2777777777777778,11.0
238,19.833333333333332,19.833333333333332,0,19.833333333333332,19:49,16.003618691996355,7.201075639059797,8.802543052936556,0,0,0,0,0,0,2,0,2,0,0.0,0.0,4,0.36363636363636365,0.0,0.0,0.0,0,none,0,-1,-1.0,-1.0,0.0,11,1.0,1.0,1.0,0,238,0.8263888888888888,0.0,0.6893939393939394,0.8333333333333334,1.0,1.5833333333333333,0.0,20.02923072630577,0.2777777777777778,11.0
239,19.916666666666668,19.916666666666668,0,19.916666666666668,19:55,15.556567804863045,7.069458488968005,8.48710931589504,0,0,0,0,0,0,0,0,0,0,0.0,0.0,4,0.36363636363636365,0.0,0.0,0.0,0,none,0,-1,-1.0,-1.0,0.0,11,1.0,1.0,1.0,0,239,0.8298611111111112,0.0,0.6515151515151515,0.75,0.75,1.1666666666666667,0.0,18.21202314367945,0.0,11.0
240,20.0,20.0,0,20.0,20:00,15.138220563138113,6.942672704205335,8.195547858932777,2,1,1,2,1,1,1,1,0,0,0.0,0.0,5,0.45454545454545453,30.779811709901537,0.0,0.0,0,none,0,-1,-1.0,-1.0,0.0,11,1.0,1.0,1.0,0,240,0.8333333333333334,0.0,0.6212121212121212,0.9166666666666666,0.9166666666666666,1.25,0.0,20.77700745283791,0.0,11.0
241,20.083333333333332,20.083333333333332,0,20.083333333333332,20:04,14.748103384393719,6.821289251199,7.926814133194719,1,0,1,1,0,1,0,0,0,0,0.0,0.0,6,0.5454545454545454,34.11785645528594,0.0,0.0,0,none,0,-1,-1.0,-1.0,0.0,11,1.0,1.0,1.0,0,241,0.8368055555555555,0.0,0.5984848484848485,0.9166666666666666,0.9166666666666666,1.1666666666666667,0.0,20.38021492889256,0.0,11.0
242,20.166666666666668,20.166666666666668,0,20.166666666666668,20:10,14.385568361469629,6.705759849625692,7.6798085118439365,1,0,1,1,0,1,2,1,1,0,0.0,0.0,5,0.45454545454545453,36.14747025553917,0.0,0.0,0,none,0,-1,-1.0,-1.0,0.0,11,1.0,1.0,1.0,0,242,0.8402777777777778,0.0,0.5681818181818181,0.9166666666666666,0.9166666666666666,1.25,0.0,20.84247322371866,0.0,11.0
243,20.25,20.25,0,20.25,20:15,14.04981632818525,6.596421350111682,7.453394978073567,0,0,0,0,0,0,1,0,1,0,0.0,0.0,4,0.36363636363636365,0.0,0.0,0.0,0,none,0,-1,-1.0,-1.0,0.0,11,1.0,1.0,1.0,0,243,0.84375,0.0,0.5303030303030304,0.8333333333333334,0.8333333333333334,1.25,0.0,17.317863451817477,0.0,11.0
244,20.333333333333332,20.333333333333332,0,20.333333333333332,20:19,13.739919677927578,6.493502219886455,7.2464174580411225,1,1,0,1,1,0,0,0,0,0,0.0,0.0,5,0.45454545454545453,49.79017995957136,0.0,0.0,0,none,0,-1,-1.0,-1.0,0.0,11,1.0,1.0,1.0,0,244,0.8472222222222222,0.0,0.5075757575757576,0.75,0.75,1.0,0.0,19.236337710955684,0.0,11.0
245,20.416666666666668,20.416666666666668,0,20.416666666666668,20:25,13.45484460589288,6.397130674047498,7.057713931845384,1,0,1,1,0,1,0,0,0,0,0.0,0.0,6,0.5454545454545454,34.33406556751993,0.0,0.0,0,none,0,-1,-1.0,-1.0,0.0,11,1.0,1.0,1.0,0,245,0.8506944444444445,0.0,0.5075757575757575,0.8333333333333334,0.8333333333333334,0.8333333333333334,0.0,22.09750984158234,0.0,11.0
246,20.5,20.5,0,20.5,20:30,13.193472488465396,6.3073440049750635,6.8861284834903325,0,0,0,0,0,0,1,0,1,0,0.0,0.0,5,0.45454545454545453,0.0,0.0,0.0,0,none,0,-1,-1.0,-1.0,0.0,11,1.0,1.0,1.0,0,246,0.8541666666666666,0.0,0.5,0.75,0.75,0.8333333333333334,0.0,20.847509841582344,0.0,11.0
247,20.583333333333332,20.583333333333332,0,20.583333333333332,20:34,12.954620157558598,6.224098691349158,6.7305214662094395,0,0,0,0,0,0,1,1,0,0,0.0,0.0,4,0.36363636363636365,0.0,0.0,0.0,0,none,0,-1,-1.0,-1.0,0.0,11,1.0,1.0,1.0,0,247,0.8576388888888888,0.0,0.47727272727272724,0.6666666666666666,0.6666666666666666,0.9166666666666666,0.0,18.07935295413293,0.0,11.0
248,20.666666666666668,20.666666666666668,0,20.666666666666668,20:40,12.737058872538054,6.14728090765147,6.589777964886584,1,0,1,1,0,1,1,0,1,0,0.0,0.0,4,0.36363636363636365,17.88598185574306,0.0,0.0,0,none,0,-1,-1.0,-1.0,0.0,11,1.0,1.0,1.0,0,248,0.8611111111111112,0.0,0.4393939393939394,0.5833333333333334,0.5833333333333334,1.0,0.0,16.921280483630085,0.0,11.0
249,20.75,20.75,0,20.75,20:45,12.539531836511904,6.076717101595184,6.462814734916719,0,0,0,0,0,0,0,0,0,0,0.0,0.0,4,0.36363636363636365,0.0,0.0,0.0,0,none,0,-1,-1.0,-1.0,0.0,11,1.0,1.0,1.0,0,249,0.8645833333333334,0.0,0.42424242424242425,0.5833333333333334,0.5833333333333334,0.75,0.0,16.921280483630085,0.0,11.0
250,20.833333333333332,20.833333333333332,0,20.833333333333332,20:49,12.360770146367823,6.012184357506111,6.348585788861711,0,0,0,0,0,0,1,0,1,0,0.0,0.0,3,0.2727272727272727,0.0,0.0,0.0,0,none,0,-1,-1.0,-1.0,0.0,11,1.0,1.0,1.0,0,250,0.8680555555555555,0.0,0.4166666666666666,0.5833333333333334,0.5833333333333334,0.6666666666666666,0.0,16.921280483630085,0.0,11.0
251,20.916666666666668,20.916666666666668,0,20.916666666666668,20:55,12.199507106145443,5.953420315551106,6.2460867905943385,2,1,1,2,1,1,0,0,0,0,0.0,0.0,5,0.45454545454545453,34.207472297301834,0.0,0.0,0,none,0,-1,-1.0,-1.0,0.0,11,1.0,1.0,1.0,0,251,0.8715277777777778,0.0,0.42424242424242425,0.75,0.75,0.6666666666666666,0.0,19.771903175071902,0.0,11.0
252,21.0,21.0,0,21.0,21:00,12.054490870500668,5.90013246759247,6.1543584029081995,0,0,0,0,0,0,2,0,2,0,0.0,0.0,3,0.2727272727272727,0.0,0.0,0.0,0,none,0,-1,-1.0,-1.0,0.0,11,1.0,1.0,1.0,0,252,0.875,0.0,0.4090909090909091,0.5833333333333334,0.5833333333333334,0.75,0.0,17.20691886591344,0.0,11.0
253,21.083333333333332,21.083333333333332,0,21.083333333333332,21:04,11.924495418634839,5.852006698531692,6.072488720103147,0,0,0,0,0,0,0,0,0,0,0.0,0.0,3,0.2727272727272727,0.0,0.0,0.0,0,none,0,-1,-1.0,-1.0,0.0,11,1.0,1.0,1.0,0,253,0.8784722222222222,0.0,0.3863636363636363,0.5,0.5,0.75,0.0,14.363764161306278,0.0,11.0
254,21.166666666666668,21.166666666666668,0,21.166666666666668,21:10,11.808329888766323,5.808714985953209,5.999614902813114,2,1,1,2,1,1,1,1,0,0,0.0,0.0,4,0.36363636363636365,38.06623586936407,0.0,0.0,0,none,0,-1,-1.0,-1.0,0.0,11,1.0,1.0,1.0,0,254,0.8819444444444445,0.0,0.37878787878787884,0.5833333333333334,0.5833333333333334,0.6666666666666666,0.0,14.523661295791689,0.0,11.0
255,21.25,21.25,0,21.25,21:15,11.704846328794464,5.769922209790192,5.934924119004272,0,0,0,0,0,0,0,0,0,0,0.0,0.0,4,0.36363636363636365,0.0,0.0,0.0,0,none,0,-1,-1.0,-1.0,0.0,11,1.0,1.0,1.0,0,255,0.8854166666666666,0.0,0.37878787878787873,0.5833333333333334,0.5833333333333334,0.5833333333333334,0.0,14.523661295791689,0.0,11.0
256,21.333333333333332,21.333333333333332,0,21.333333333333332,21:19,11.6129459401572,5.735292057105528,5.877653883051672,1,0,1,1,0,1,0,0,0,0,0.0,0.0,5,0.45454545454545453,20.485454376387395,0.0,0.0,0,none,0,-1,-1.0,-1.0,0.0,11,1.0,1.0,1.0,0,256,0.8888888888888888,0.0,0.37878787878787873,0.5833333333333334,0.5833333333333334,0.5833333333333334,0.0,12.081600830526357,0.0,11.0
257,21.416666666666668,21.416666666666668,0,21.416666666666668,21:25,11.531583909042777,5.704492034744795,5.827091874297982,2,2,0,2,2,0,1,1,0,0,0.0,0.0,6,0.5454545454545454,26.57459717896274,0.0,0.0,0,none,0,-1,-1.0,-1.0,0.0,11,1.0,1.0,1.0,0,257,0.8923611111111112,0.0,0.37878787878787873,0.6666666666666666,0.6666666666666666,0.6666666666666666,0.0,11.434978464813257,0.0,11.0
258,21.5,21.5,0,21.5,21:30,11.459772932212921,5.677197624680009,5.782575307532912,0,0,0,0,0,0,0,0,0,0,0.0,0.0,6,0.5454545454545454,0.0,0.0,0.0,0,none,0,-1,-1.0,-1.0,0.0,11,1.0,1.0,1.0,0,258,0.8958333333333334,0.0,0.3863636363636364,0.6666666666666666,0.6666666666666666,0.5833333333333334,0.0,11.434978464813257,0.0,11.0
259,21.583333333333332,21.583333333333332,0,21.583333333333332,21:34,11.396585553947569,5.653095633639937,5.743489920307631,2,1,1,2,1,1,0,0,0,0,0.0,0.0,8,0.7272727272727273,24.539199783870785,0.0,0.0,0,none,0,-1,-1.0,-1.0,0.0,11,1.0,1.0,1.0,0,259,0.8993055555555555,0.0,0.4166666666666667,0.8333333333333334,0.8333333333333334,0.5,0.0,13.479911780135822,0.0,11.0
260,21.666666666666668,21.666666666666668,0,21.666666666666668,21:40,11.34115543631557,5.6318868005808955,5.7092686357346745,1,0,1,1,0,1,1,0,1,0,0.0,0.0,8,0.7272727272727273,23.553591791340914,0.0,0.0,0,none,0,-1,-1.0,-1.0,0.0,11,1.0,1.0,1.0,0,260,0.9027777777777778,0.0,0.44696969696969696,0.8333333333333334,0.8333333333333334,0.5,0.0,13.95221260810231,0.0,11.0
261,21.75,21.75,0,21.75,21:45,11.292677687450254,5.613287733252455,5.6793899541977995,1,0,1,1,0,1,3,2,1,0,0.0,0.0,6,0.5454545454545454,34.27377897127647,0.0,0.0,0,none,0,-1,-1.0,-1.0,0.0,11,1.0,1.0,1.0,0,261,0.90625,0.0,0.4621212121212121,0.9166666666666666,0.9166666666666666,0.75,0.0,16.80836085570868,0.0,11.0
262,21.833333333333332,21.833333333333332,0,21.833333333333332,21:49,11.250408372138352,5.597032249165732,5.653376122972621,1,1,0,1,1,0,0,0,0,0,0.0,0.0,7,0.6363636363636364,41.49580674592263,0.0,0.0,0,none,0,-1,-1.0,-1.0,0.0,11,1.0,1.0,1.0,0,262,0.9097222222222222,0.0,0.49242424242424243,1.0,1.0,0.6666666666666666,0.0,20.266344751202237,0.0,11.0
263,21.916666666666668,21.916666666666668,0,21.916666666666668,21:55,11.21366332621106,5.582872197297953,5.630791128913107,1,1,0,1,1,0,1,0,1,0,0.0,0.0,7,0.6363636363636364,30.490994041927884,0.0,0.0,0,none,0,-1,-1.0,-1.0,0.0,11,1.0,1.0,1.0,0,263,0.9131944444444445,0.0,0.5075757575757576,0.9166666666666666,0.9166666666666666,0.75,0.0,19.956638229921072,0.0,11.0
264,22.0,22.0,0,22.0,22:00,11.181816391359748,5.570577835466623,5.611238555893125,0,0,0,0,0,0,2,2,0,0,0.0,0.0,5,0.45454545454545453,0.0,0.0,0.0,0,none,0,-1,-1.0,-1.0,0.0,11,1.0,1.0,1.0,0,264,0.9166666666666666,0.0,0.5227272727272728,0.9166666666666666,0.9166666666666666,0.75,0.0,19.956638229921072,0.0,11.0
265,22.083333333333332,22.083333333333332,0,22.083333333333332,22:04,11.15429718048388,5.559937835039233,5.594359345444647,1,0,1,1,0,1,2,0,2,0,0.0,0.0,4,0.36363636363636365,25.255701193316362,0.0,0.0,0,none,0,-1,-1.0,-1.0,0.0,11,1.0,1.0,1.0,0,265,0.9201388888888888,0.0,0.5303030303030303,1.0,1.0,0.9166666666666666,0.0,22.061279996030773,0.0,11.0
266,22.166666666666668,22.166666666666668,0,22.166666666666668,22:10,11.130588475898081,5.55075898001428,5.579829495883802,0,0,0,0,0,0,0,0,0,0,0.0,0.0,4,0.36363636363636365,0.0,0.0,0.0,0,none,0,-1,-1.0,-1.0,0.0,11,1.0,1.0,1.0,0,266,0.9236111111111112,0.0,0.5303030303030303,0.8333333333333334,0.8333333333333334,0.8333333333333334,0.0,18.889093673583762,0.0,11.0
267,22.25,22.25,0,22.25,22:15,11.110223354037712,5.542865621956315,5.567357732081398,0,0,0,0,0,0,0,0,0,0,0.0,0.0,4,0.36363636363636365,0.0,0.0,0.0,0,none,0,-1,-1.0,-1.0,0.0,11,1.0,1.0,1.0,0,267,0.9270833333333334,0.0,0.5303030303030304,0.8333333333333334,0.8333333333333334,0.8333333333333334,0.0,18.889093673583762,0.0,11.0
268,22.333333333333332,22.333333333333332,0,22.333333333333332,22:19,11.092782121037228,5.536098946165533,5.556683174871695,1,0,1,1,0,1,1,0,1,0,0.0,0.0,4,0.36363636363636365,32.6292173838032,0.0,0.0,0,none,0,-1,-1.0,-1.0,0.0,11,1.0,1.0,1.0,0,268,0.9305555555555555,0.0,0.5227272727272727,0.8333333333333334,0.8333333333333334,0.9166666666666666,0.0,19.90107392420175,0.0,11.0
269,22.416666666666668,22.416666666666668,0,22.416666666666668,22:25,11.077889134007714,5.530316098118495,5.5475730358892195,1,1,0,1,1,0,0,0,0,0,0.0,0.0,5,0.45454545454545453,18.988970790026677,0.0,0.0,0,none,0,-1,-1.0,-1.0,0.0,11,1.0,1.0,1.0,0,269,0.9340277777777778,0.0,0.5151515151515151,0.75,0.75,0.8333333333333334,0.0,19.26893839179041,0.0,11.0
270,22.5,22.5,0,22.5,22:30,11.065209573266051,5.525389212876043,5.539820360390008,1,0,1,1,0,1,1,1,0,0,0.0,0.0,5,0.45454545454545453,15.0,0.0,0.0,0,none,0,-1,-1.0,-1.0,0.0,11,1.0,1.0,1.0,0,270,0.9375,0.0,0.5075757575757576,0.8333333333333334,0.8333333333333334,0.9166666666666666,0.0,20.51893839179041,0.0,11.0
271,22.583333333333332,22.583333333333332,0,22.583333333333332,22:34,11.054446221386897,5.521204384006138,5.533241837380759,0,0,0,0,0,0,2,1,1,0,0.0,0.0,3,0.2727272727272727,0.0,0.0,0.0,0,none,0,-1,-1.0,-1.0,0.0,11,1.0,1.0,1.0,0,271,0.9409722222222222,0.0,0.46969696969696967,0.6666666666666666,0.6666666666666666,1.0833333333333333,0.0,18.474005076467844,0.0,11.0
272,22.666666666666668,22.666666666666668,0,22.666666666666668,22:40,11.045336295939368,5.51766060275124,5.527675693188129,0,0,0,0,0,0,0,0,0,0,0.0,0.0,3,0.2727272727272727,0.0,0.0,0.0,0,none,0,-1,-1.0,-1.0,0.0,11,1.0,1.0,1.0,0,272,0.9444444444444445,0.0,0.4318181818181818,0.5833333333333334,0.5833333333333334,1.0,0.0,16.51120576052277,0.0,11.0
273,22.75,22.75,0,22.75,22:45,11.037648374275019,5.514668692777917,5.522979681497103,0,0,0,0,0,0,2,1,1,0,0.0,0.0,1,0.09090909090909091,0.0,0.0,0.0,0,none,0,-1,-1.0,-1.0,0.0,11,1.0,1.0,1.0,0,273,0.9479166666666666,0.0,0.393939393939394,0.5,0.5,0.9166666666666666,0.0,13.655057512916395,0.0,11.0
274,22.833333333333332,22.833333333333332,0,22.833333333333332,22:49,11.03117944085892,5.512150260939815,5.519029179919106,0,0,0,0,0,0,0,0,0,0,0.0,0.0,1,0.09090909090909091,0.0,0.0,0.0,0,none,0,-1,-1.0,-1.0,0.0,11,1.0,1.0,1.0,0,274,0.9513888888888888,0.0,0.34848484848484845,0.4166666666666667,0.4166666666666667,0.9166666666666666,0.0,10.197073617422843,0.0,11.0
275,22.916666666666668,22.916666666666668,0,22.916666666666668,22:55,11.025752080455069,5.510036680094674,5.515715400360395,2,1,1,2,1,1,1,0,1,0,0.0,0.0,2,0.18181818181818182,28.325067508161304,0.0,0.0,0,none,0,-1,-1.0,-1.0,0.0,11,1.0,1.0,1.0,0,275,0.9548611111111112,0.0,0.3106060606060606,0.5,0.5,0.9166666666666666,0.0,10.016579739608963,0.0,11.0
276,23.0,23.0,0,23.0,23:00,11.021211834035757,5.508268116149105,5.512943717886652,1,0,1,1,0,1,0,0,0,0,0.0,0.0,3,0.2727272727272727,21.395054461075034,0.0,0.0,0,none,0,-1,-1.0,-1.0,0.0,11,1.0,1.0,1.0,0,276,0.9583333333333334,0.0,0.29545454545454547,0.5833333333333334,0.5833333333333334,0.75,0.0,11.799500944698549,0.0,11.0
277,23.083333333333332,23.083333333333332,0,23.083333333333332,23:04,11.017424728600275,5.5067926081511045,5.510632120449171,0,0,0,0,0,0,0,0,0,0,0.0,0.0,3,0.2727272727272727,0.0,0.0,0.0,0,none,0,-1,-1.0,-1.0,0.0,11,1.0,1.0,1.0,0,277,0.9618055555555555,0.0,0.2878787878787879,0.5,0.5,0.5833333333333334,0.0,9.694859178588851,0.0,11.0
278,23.166666666666668,23.166666666666668,0,23.166666666666668,23:10,11.014274987158913,5.505565207387003,5.508709779771911,0,0,0,0,0,0,0,0,0,0,0.0,0.0,3,0.2727272727272727,0.0,0.0,0.0,0,none,0,-1,-1.0,-1.0,0.0,11,1.0,1.0,1.0,0,278,0.9652777777777778,0.0,0.2803030303030303,0.5,0.5,0.5833333333333334,0.0,9.694859178588851,0.0,11.0
279,23.25,23.25,0,23.25,23:15,11.011662920942175,5.5045471790343425,5.507115741907833,0,0,0,0,0,0,0,0,0,0,0.0,0.0,3,0.2727272727272727,0.0,0.0,0.0,0,none,0,-1,-1.0,-1.0,0.0,11,1.0,1.0,1.0,0,279,0.96875,0.0,0.2727272727272727,0.5,0.5,0.5833333333333334,0.0,9.694859178588851,0.0,11.0
280,23.333333333333332,23.333333333333332,0,23.333333333333332,23:19,11.00950300239716,5.503705267937626,5.505797734459534,1,1,0,1,1,0,0,0,0,0,0.0,0.0,4,0.36363636363636365,30.47281724805586,0.0,0.0,0,none,0,-1,-1.0,-1.0,0.0,11,1.0,1.0,1.0,0,280,0.9722222222222222,0.0,0.27272727272727276,0.5,0.5,0.5,0.0,9.515159167276574,0.0,11.0
281,23.416666666666668,23.416666666666668,0,23.416666666666668,23:25,11.007722114686809,5.503011028468728,5.504711086218081,1,1,0,1,1,0,3,1,2,0,0.0,0.0,2,0.18181818181818182,34.199145451233676,0.0,0.0,0,none,0,-1,-1.0,-1.0,0.0,11,1.0,1.0,1.0,0,281,0.9756944444444445,0.0,0.25,0.5,0.5,0.75,0.0,10.782673722377156,0.0,11.0
282,23.5,23.5,0,23.5,23:30,11.006257971159055,5.502440217165992,5.503817753993062,0,0,0,0,0,0,0,0,0,0,0.0,0.0,2,0.18181818181818182,0.0,0.0,0.0,0,none,0,-1,-1.0,-1.0,0.0,11,1.0,1.0,1.0,0,282,0.9791666666666666,0.0,0.22727272727272727,0.4166666666666667,0.4166666666666667,0.6666666666666666,0.0,9.532673722377156,0.0,11.0
283,23.583333333333332,23.583333333333332,0,23.583333333333332,23:34,11.005057696542984,5.501972245873942,5.503085450669041,0,0,0,0,0,0,0,0,0,0,0.0,0.0,2,0.18181818181818182,0.0,0.0,0.0,0,none,0,-1,-1.0,-1.0,0.0,11,1.0,1.0,1.0,0,283,0.9826388888888888,0.0,0.2196969696969697,0.4166666666666667,0.4166666666666667,0.5,0.0,9.532673722377156,0.0,11.0
284,23.666666666666668,23.666666666666668,0,23.666666666666668,23:40,11.004076560396394,5.5015896923886345,5.502486868007759,2,2,0,2,2,0,0,0,0,0,0.0,0.0,4,0.36363636363636365,32.38008618287064,0.0,0.0,0,none,0,-1,-1.0,-1.0,0.0,11,1.0,1.0,1.0,0,284,0.9861111111111112,0.0,0.2272727272727273,0.5833333333333334,0.5833333333333334,0.5,0.0,12.231014237616376,0.0,11.0
285,23.75,23.75,0,23.75,23:45,11.003276852512217,5.5012778651142815,5.501998987397935,0,0,0,0,0,0,0,0,0,0,0.0,0.0,4,0.36363636363636365,0.0,0.0,0.0,0,none,0,-1,-1.0,-1.0,0.0,11,1.0,1.0,1.0,0,285,0.9895833333333334,0.0,0.25,0.5833333333333334,0.5833333333333334,0.3333333333333333,0.0,12.231014237616376,0.0,11.0
286,23.833333333333332,23.833333333333332,0,23.833333333333332,23:49,11.002626889529498,5.5010244179194245,5.501602471610074,1,0,1,1,0,1,0,0,0,0,0.0,0.0,5,0.45454545454545453,23.047044423258487,0.0,0.0,0,none,0,-1,-1.0,-1.0,0.0,11,1.0,1.0,1.0,0,286,0.9930555555555555,0.0,0.28030303030303033,0.6666666666666666,0.6666666666666666,0.3333333333333333,0.0,14.151601272887916,0.0,11.0
287,23.916666666666668,23.916666666666668,0,23.916666666666668,23:55,11.002100141830912,5.5008190112139035,5.501281130617009,1,1,0,1,1,0,1,1,0,0,0.0,0.0,5,0.45454545454545453,26.220801083518722,0.0,0.0,0,none,0,-1,-1.0,-1.0,0.0,11,1.0,1.0,1.0,0,287,0.9965277777777778,0.0,0.30303030303030304,0.5833333333333334,0.5833333333333334,0.3333333333333333,0.0,13.976245737501033,0.0,11.0
288,24.0,24.0,1,0.0,00:00,11.00008198637012,5.5000508316227625,5.500031154747357,1,1,0,1,1,0,1,1,0,0,0.0,0.0,5,0.45454545454545453,45.00335239306055,0.0,0.0,0,none,0,-1,-1.0,-1.0,0.0,11,1.0,1.0,1.0,0,0,0.0,0.0,0.3181818181818182,0.5833333333333334,0.5833333333333334,0.4166666666666667,0.0,15.943603898499829,0.0,11.0
289,24.083333333333332,24.083333333333332,1,0.08333333333333215,00:04,11.000106230721423,5.50006586317033,5.500040367551093,0,0,0,0,0,0,0,0,0,0,0.0,0.0,5,0.45454545454545453,0.0,0.0,0.0,0,none,0,-1,-1.0,-1.0,0.0,11,1.0,1.0,1.0,0,1,0.003472222222222173,0.0,0.3333333333333333,0.5833333333333334,0.5833333333333334,0.4166666666666667,0.0,15.943603898499829,0.0,11.0
290,24.166666666666668,24.166666666666668,1,0.16666666666666785,00:10,11.000137271539305,5.500085108559844,5.500052162979461,0,0,0,0,0,0,0,0,0,0,0.0,0.0,5,0.45454545454545453,0.0,0.0,0.0,0,none,0,-1,-1.0,-1.0,0.0,11,1.0,1.0,1.0,0,2,0.0069444444444444935,0.0,0.34848484848484845,0.5833333333333334,0.5833333333333334,0.4166666666666667,0.0,15.943603898499829,0.0,11.0
291,24.25,24.25,1,0.25,00:15,11.000176902014061,5.5001096795899755,5.500067222424086,0,0,0,0,0,0,3,2,1,0,0.0,0.0,2,0.18181818181818182,0.0,0.0,0.0,0,none,0,-1,-1.0,-1.0,0.0,11,1.0,1.0,1.0,0,3,0.010416666666666666,0.0,0.3409090909090909,0.5833333333333334,0.5833333333333334,0.6666666666666666,0.0,15.943603898499829,0.0,11.0
292,24.333333333333332,24.333333333333332,1,0.33333333333333215,00:19,11.000227356278621,5.500140961456445,5.500086394822176,0,0,0,0,0,0,0,0,0,0,0.0,0.0,2,0.18181818181818182,0.0,0.0,0.0,0,none,0,-1,-1.0,-1.0,0.0,11,1.0,1.0,1.0,0,4,0.01388888888888884,0.0,0.32575757575757575,0.5,0.5,0.6666666666666666,0.0,13.404202461161839,0.0,11.0
293,24.416666666666668,24.416666666666668,1,0.41666666666666785,00:25,11.000291409044976,5.50018067453398,5.500110734510996,1,0,1,1,0,1,1,1,0,0,0.0,0.0,2,0.18181818181818182,27.561118249802878,0.0,0.0,0,none,0,-1,-1.0,-1.0,0.0,11,1.0,1.0,1.0,0,5,0.01736111111111116,0.0,0.32575757575757575,0.5,0.5,0.5,0.0,12.851033527709275,0.0,11.0
294,24.5,24.5,1,0.5,00:30,11.000372495477256,5.500230948709127,5.500141546768129,2,1,1,2,1,1,0,0,0,0,0.0,0.0,4,0.36363636363636365,31.040116014014203,0.0,0.0,0,none,0,-1,-1.0,-1.0,0.0,11,1.0,1.0,1.0,0,6,0.020833333333333332,0.0,0.3409090909090909,0.6666666666666666,0.6666666666666666,0.5,0.0,15.437709862210456,0.0,11.0
295,24.583333333333332,24.583333333333332,1,0.5833333333333321,00:34,11.000474854853564,5.5002944124684205,5.500180442385144,1,1,0,1,1,0,0,0,0,0,0.0,0.0,5,0.45454545454545453,25.703804190094846,0.0,0.0,0,none,0,-1,-1.0,-1.0,0.0,11,1.0,1.0,1.0,0,7,0.024305555555555507,0.0,0.3636363636363636,0.75,0.75,0.5,0.0,17.57969354471836,0.0,11.0
296,24.666666666666668,24.666666666666668,1,0.6666666666666679,00:40,11.000603702062527,5.500374299253697,5.50022940280883,1,0,1,1,0,1,0,0,0,0,0.0,0.0,6,0.5454545454545454,31.215700677176077,0.0,0.0,0,none,0,-1,-1.0,-1.0,0.0,11,1.0,1.0,1.0,0,8,0.02777777777777783,0.0,0.37878787878787884,0.6666666666666666,0.6666666666666666,0.5,0.0,17.482661419243815,0.0,11.0
297,24.75,24.75,1,0.75,00:45,11.000765431513953,5.500474573928727,5.500290857585226,0,0,0,0,0,0,0,0,0,0,0.0,0.0,6,0.5454545454545454,0.0,0.0,0.0,0,none,0,-1,-1.0,-1.0,0.0,11,1.0,1.0,1.0,0,9,0.03125,0.0,0.39393939393939387,0.6666666666666666,0.6666666666666666,0.5,0.0,17.482661419243815,0.0,11.0
298,24.833333333333332,24.833333333333332,1,0.8333333333333321,00:49,11.000967858612453,5.500600082556764,5.50036777605569,0,0,0,0,0,0,1,1,0,0,0.0,0.0,5,0.45454545454545453,0.0,0.0,0.0,0,none,0,-1,-1.0,-1.0,0.0,11,1.0,1.0,1.0,0,10,0.034722222222222175,0.0,0.393939393939394,0.5833333333333334,0.5833333333333334,0.5833333333333334,0.0,15.562074383972273,0.0,11.0
299,24.916666666666668,24.916666666666668,1,0.9166666666666679,00:55,11.00122050454246,5.500756729063854,5.500463775478606,0,0,0,0,0,0,2,0,2,0,0.0,0.0,3,0.2727272727272727,0.0,0.0,0.0,0,none,0,-1,-1.0,-1.0,0.0,11,1.0,1.0,1.0,0,11,0.038194444444444496,0.0,0.37878787878787884,0.5,0.5,0.6666666666666666,0.0,13.37700762701238,0.0,11.0
300,25.0,25.0,1,1.0,01:00,11.001534930734644,5.5009516827530724,5.500583247981572,0,0,0,0,0,0,0,0,0,0,0.0,0.0,3,0.2727272727272727,0.0,0.0,0.0,0,none,0,-1,-1.0,-1.0,0.0,11,1.0,1.0,1.0,0,12,0.041666666666666664,0.0,0.3636363636363636,0.4166666666666667,0.4166666666666667,0.5833333333333334,0.0,9.626728260924,0.0,11.0
301,25.083333333333332,25.083333333333332,1,1.0833333333333321,01:04,11.001925130016067,5.501193621034091,5.500731508981977,1,0,1,1,0,1,1,1,0,0,0.0,0.0,3,0.2727272727272727,20.92985995427397,0.0,0.0,0,none,0,-1,-1.0,-1.0,0.0,11,1.0,1.0,1.0,0,13,0.04513888888888884,0.0,0.34848484848484845,0.5,0.5,0.6666666666666666,0.0,11.370883257113498,0.0,11.0
302,25.166666666666668,25.166666666666668,1,1.1666666666666679,01:10,11.002407982075074,5.501493012132404,5.500914969942669,1,1,0,1,1,0,1,1,0,0,0.0,0.0,3,0.2727272727272727,38.49316558048813,0.0,0.0,0,none,0,-1,-1.0,-1.0,0.0,11,1.0,1.0,1.0,0,14,0.04861111111111116,0.0,0.3333333333333333,0.5833333333333334,0.5833333333333334,0.75,0.0,14.578647055487508,0.0,11.0
303,25.25,25.25,1,1.25,01:15,11.003003781478727,5.501862442933056,5.501141338545671,0,0,0,0,0,0,1,0,1,0,0.0,0.0,2,0.18181818181818182,0.0,0.0,0.0,0,none,0,-1,-1.0,-1.0,0.0,11,1.0,1.0,1.0,0,15,0.052083333333333336,0.0,0.3333333333333333,0.5833333333333334,0.5833333333333334,0.5833333333333334,0.0,14.578647055487508,0.0,11.0
304,25.333333333333332,25.333333333333332,1,1.3333333333333321,01:19,11.003736847043271,5.502316997482579,5.501419849560692,1,0,1,1,0,1,0,0,0,0,0.0,0.0,3,0.2727272727272727,19.423729607372245,0.0,0.0,0,none,0,-1,-1.0,-1.0,0.0,11,1.0,1.0,1.0,0,16,0.055555555555555504,0.0,0.3409090909090909,0.6666666666666666,0.6666666666666666,0.5833333333333334,0.0,16.197291189435195,0.0,11.0
305,25.416666666666668,25.416666666666668,1,1.4166666666666679,01:25,11.004636221850088,5.502874692005684,5.501761529844404,1,1,0,1,1,0,0,0,0,0,0.0,0.0,4,0.36363636363636365,17.255391002614296,0.0,0.0,0,none,0,-1,-1.0,-1.0,0.0,11,1.0,1.0,1.0,0,17,0.059027777777777825,0.0,0.356060606060606,0.6666666666666666,0.6666666666666666,0.5,0.0,15.338480585502813,0.0,11.0
306,25.5,25.5,1,1.5,01:30,11.005736473589717,5.503556972573228,5.50217950101649,1,1,0,1,1,0,1,0,1,0,0.0,0.0,4,0.36363636363636365,17.199296160112937,0.0,0.0,0,none,0,-1,-1.0,-1.0,0.0,11,1.0,1.0,1.0,0,18,0.0625,0.0,0.356060606060606,0.5833333333333334,0.5833333333333334,0.5833333333333334,0.0,14.185078931011041,0.0,11.0
307,25.583333333333332,25.583333333333332,1,1.5833333333333321,01:34,11.007078605168505,5.5043892817663895,5.502689323402116,2,0,2,2,0,2,0,0,0,0,0.0,0.0,6,0.5454545454545454,28.112860808074455,0.0,0.0,0,none,0,-1,-1.0,-1.0,0.0,11,1.0,1.0,1.0,0,19,0.06597222222222217,0.0,0.3636363636363636,0.6666666666666666,0.6666666666666666,0.5833333333333334,0.0,14.385833649176009,0.0,11.0
308,25.666666666666668,25.666666666666668,1,1.6666666666666679,01:40,11.008711085586196,5.505401700798184,5.503309384788012,3,1,2,3,1,2,1,0,1,0,0.0,0.0,8,0.7272727272727273,33.49537223667663,0.0,0.0,0,none,0,-1,-1.0,-1.0,0.0,11,1.0,1.0,1.0,0,20,0.06944444444444449,0.0,0.37878787878787873,0.8333333333333334,0.8333333333333334,0.6666666666666666,0.0,14.575806279134389,0.0,11.0
309,25.75,25.75,1,1.75,01:45,11.010691010942473,5.5066296735548965,5.504061337387577,0,0,0,0,0,0,1,1,0,0,0.0,0.0,7,0.6363636363636364,0.0,0.0,0.0,0,none,0,-1,-1.0,-1.0,0.0,11,1.0,1.0,1.0,0,21,0.07291666666666667,0.0,0.3863636363636364,0.8333333333333334,0.8333333333333334,0.75,0.0,14.575806279134389,0.0,11.0
310,25.833333333333332,25.833333333333332,1,1.8333333333333321,01:49,11.013085405007352,5.5081148188834455,5.504970586123907,1,1,0,1,1,0,2,2,0,0,0.0,0.0,6,0.5454545454545454,40.036699086047044,0.0,0.0,0,none,0,-1,-1.0,-1.0,0.0,11,1.0,1.0,1.0,0,22,0.07638888888888884,0.0,0.39393939393939387,0.9166666666666666,0.9166666666666666,0.8333333333333334,0.0,17.91219786963831,0.0,11.0
311,25.916666666666668,25.916666666666668,1,1.9166666666666679,01:55,11.015972668041416,5.509905837152156,5.506066830889259,0,0,0,0,0,0,0,0,0,0,0.0,0.0,6,0.5454545454545454,0.0,0.0,0.0,0,none,0,-1,-1.0,-1.0,0.0,11,1.0,1.0,1.0,0,23,0.07986111111111116,0.0,0.4166666666666667,0.9166666666666666,0.9166666666666666,0.6666666666666666,0.0,17.91219786963831,0.0,11.0
312,26.0,26.0,1,2.0,02:00,11.019444181421887,5.512059516628226,5.507384664793661,0,0,0,0,0,0,2,0,2,0,0.0,0.0,4,0.36363636363636365,0.0,0.0,0.0,0,none,0,-1,-1.0,-1.0,0.0,11,1.0,1.0,1.0,0,24,0.08333333333333333,0.0,0.42424242424242425,0.9166666666666666,0.9166666666666666,0.8333333333333334,0.0,17.91219786963831,0.0,11.0
313,26.083333333333332,26.083333333333332,1,2.083333333333332,02:04,11.023606074063139,5.514641844523217,5.508964229539922,0,0,0,0,0,0,0,0,0,0,0.0,0.0,4,0.36363636363636365,0.0,0.0,0.0,0,none,0,-1,-1.0,-1.0,0.0,11,1.0,1.0,1.0,0,25,0.08680555555555551,0.0,0.4318181818181818,0.8333333333333334,0.8333333333333334,0.75,0.0,16.16804287344881,0.0,11.0
314,26.166666666666668,26.166666666666668,1,2.166666666666668,02:10,11.02858115455895,5.517729226638116,5.510851927920833,0,0,0,0,0,0,0,0,0,0,0.0,0.0,4,0.36363636363636365,0.0,0.0,0.0,0,none,0,-1,-1.0,-1.0,0.0,11,1.0,1.0,1.0,0,26,0.09027777777777783,0.0,0.4393939393939394,0.75,0.75,0.6666666666666666,0.0,12.960279075074801,0.0,11.0
315,26.25,26.25,1,2.25,02:15,11.03451101036479,5.5214098183757105,5.5131011919890796,2,1,1,2,1,1,1,0,1,0,0.0,0.0,5,0.45454545454545453,30.699064167898285,0.0,0.0,0,none,0,-1,-1.0,-1.0,0.0,11,1.0,1.0,1.0,0,27,0.09375,0.0,0.4621212121212121,0.9166666666666666,0.9166666666666666,0.6666666666666666,0.0,15.518534422399659,0.0,11.0
316,26.333333333333332,26.333333333333332,1,2.333333333333332,02:19,11.041558272131947,5.525784968468751,5.515773303663196,0,0,0,0,0,0,1,0,1,0,0.0,0.0,4,0.36363636363636365,0.0,0.0,0.0,0,none,0,-1,-1.0,-1.0,0.0,11,1.0,1.0,1.0,0,28,0.09722222222222217,0.0,0.4696969696969697,0.8333333333333334,0.8333333333333334,0.75,0.0,13.89989028845197,0.0,11.0
317,26.416666666666668,26.416666666666668,1,2.416666666666668,02:25,11.049909037458988,5.530970775092245,5.518938262366743,0,0,0,0,0,0,0,0,0,0,0.0,0.0,4,0.36363636363636365,0.0,0.0,0.0,0,none,0,-1,-1.0,-1.0,0.0,11,1.0,1.0,1.0,0,29,0.10069444444444449,0.0,0.4696969696969697,0.75,0.75,0.75,0.0,12.461941038234114,0.0,11.0
318,26.5,26.5,1,2.5,02:30,11.059775443807403,5.537099752089127,5.522675691718276,0,0,0,0,0,0,1,1,0,0,0.0,0.0,3,0.2727272727272727,0.0,0.0,0.0,0,none,0,-1,-1.0,-1.0,0.0,11,1.0,1.0,1.0,0,30,0.10416666666666667,0.0,0.4621212121212121,0.6666666666666666,0.6666666666666666,0.75,0.0,11.028666358224703,0.0,11.0
319,26.583333333333332,26.583333333333332,1,2.583333333333332,02:34,11.071398375117802,5.5443226008501485,5.5270757742676535,0,0,0,0,0,0,1,1,0,0,0.0,0.0,2,0.18181818181818182,0.0,0.0,0.0,0,none,0,-1,-1.0,-1.0,0.0,11,1.0,1.0,1.0,0,31,0.10763888888888884,0.0,0.4318181818181818,0.5,0.5,0.8333333333333334,0.0,8.685927957551831,0.0,11.0
320,26.666666666666668,26.666666666666668,1,2.666666666666668,02:40,11.085050280758281,5.552810080969729,5.532240199788553,0,0,0,0,0,0,1,1,0,0,0.0,0.0,1,0.09090909090909091,0.0,0.0,0.0,0,none,0,-1,-1.0,-1.0,0.0,11,1.0,1.0,1.0,0,32,0.11111111111111116,0.0,0.37878787878787884,0.25,0.25,0.8333333333333334,0.0,5.894646937828777,0.0,11.0
321,26.75,26.75,1,2.75,02:45,11.101038078854435,5.562754970176136,5.538283108678299,0,0,0,0,0,0,0,0,0,0,0.0,0.0,1,0.09090909090909091,0.0,0.0,0.0,0,none,0,-1,-1.0,-1.0,0.0,11,1.0,1.0,1.0,0,33,0.11458333333333333,0.0,0.3333333333333333,0.25,0.25,0.75,0.0,5.894646937828777,0.0,11.0
322,26.833333333333332,26.833333333333332,1,2.833333333333332,02:49,11.119706108831988,5.574374101241199,5.545332007590789,0,0,0,0,0,0,0,0,0,0,0.0,0.0,1,0.09090909090909091,0.0,0.0,0.0,0,none,0,-1,-1.0,-1.0,0.0,11,1.0,1.0,1.0,0,34,0.11805555555555551,0.0,0.29545454545454547,0.16666666666666666,0.16666666666666666,0.5833333333333334,0.0,2.5582553473248573,0.0,11.0
323,26.916666666666668,26.916666666666668,1,2.916666666666668,02:55,11.141439090215899,5.587910460652416,5.553528629563483,1,0,1,1,0,1,1,0,1,0,0.0,0.0,1,0.09090909090909091,30.174878964943986,0.0,0.0,0,none,0,-1,-1.0,-1.0,0.0,11,1.0,1.0,1.0,0,35,0.12152777777777783,0.0,0.25757575757575757,0.25,0.25,0.6666666666666666,0.0,5.072828594403522,0.0,11.0
324,27.0,27.0,1,3.0,03:00,11.166665036471228,5.60363533082227,5.563029705648958,0,0,0,0,0,0,0,0,0,0,0.0,0.0,1,0.09090909090909091,0.0,0.0,0.0,0,none,0,-1,-1.0,-1.0,0.0,11,1.0,1.0,1.0,0,36,0.125,0.0,0.23484848484848486,0.25,0.25,0.5,0.0,5.072828594403522,0.0,11.0
325,27.083333333333332,27.083333333333332,1,3.083333333333332,03:04,11.195858064071931,5.621850454560361,5.57400760951157,1,0,1,1,0,1,0,0,0,0,0.0,0.0,2,0.18181818181818182,34.33035870081571,0.0,0.0,0,none,0,-1,-1.0,-1.0,0.0,11,1.0,1.0,1.0,0,37,0.12847222222222218,0.0,0.2196969696969697,0.3333333333333333,0.3333333333333333,0.5,0.0,7.933691819471498,0.0,11.0
326,27.166666666666668,27.166666666666668,1,3.166666666666668,03:10,11.22954102820767,5.642890197482154,5.5866508307255165,3,2,1,3,2,1,0,0,0,0,0.0,0.0,5,0.45454545454545453,22.38449558596557,0.0,0.0,0,none,0,-1,-1.0,-1.0,0.0,11,1.0,1.0,1.0,0,38,0.1319444444444445,0.0,0.22727272727272727,0.5833333333333334,0.5833333333333334,0.5,0.0,9.799066451635296,0.0,11.0
327,27.25,27.25,1,3.25,03:15,11.268287907786952,5.667123681003905,5.601164226783047,1,0,1,1,0,1,0,0,0,0,0.0,0.0,6,0.5454545454545454,29.170814018144682,0.0,0.0,0,none,0,-1,-1.0,-1.0,0.0,11,1.0,1.0,1.0,0,39,0.13541666666666666,0.0,0.23484848484848483,0.5,0.5,0.4166666666666667,0.0,9.671712272489161,0.0,11.0
328,27.333333333333332,27.333333333333332,1,3.333333333333332,03:19,11.312725853902098,5.6949568555891945,5.617768998312903,1,0,1,1,0,1,0,0,0,0,0.0,0.0,7,0.6363636363636364,41.00849245912797,0.0,0.0,0,none,0,-1,-1.0,-1.0,0.0,11,1.0,1.0,1.0,0,40,0.13888888888888884,0.0,0.25757575757575757,0.5833333333333334,0.5833333333333334,0.3333333333333333,0.0,13.08908664408316,0.0,11.0
329,27.416666666666668,27.416666666666668,1,3.416666666666668,03:25,11.363536807958473,5.72683448095971,5.636702326998764,2,2,0,2,2,0,0,0,0,0,0.0,0.0,9,0.8181818181818182,33.358814341178146,0.0,0.0,0,none,0,-1,-1.0,-1.0,0.0,11,1.0,1.0,1.0,0,41,0.14236111111111116,0.0,0.29545454545454547,0.75,0.75,0.3333333333333333,0.0,15.868987839181338,0.0,11.0
330,27.5,27.5,1,3.5,03:30,11.421458588538663,5.76324197702404,5.658216611514622,0,0,0,0,0,0,2,0,2,0,0.0,0.0,7,0.6363636363636364,0.0,0.0,0.0,0,none,0,-1,-1.0,-1.0,0.0,11,1.0,1.0,1.0,0,42,0.14583333333333334,0.0,0.32575757575757575,0.75,0.75,0.4166666666666667,0.0,15.868987839181338,0.0,11.0
331,27.583333333333332,27.583333333333332,1,3.583333333333332,03:34,11.487285340100797,5.8047071062417555,5.682578233859042,1,0,1,1,0,1,1,1,0,0,0.0,0.0,7,0.6363636363636364,30.13873806093348,0.0,0.0,0,none,0,-1,-1.0,-1.0,0.0,11,1.0,1.0,1.0,0,43,0.1493055555555555,0.0,0.3636363636363636,0.8333333333333334,0.8333333333333334,0.4166666666666667,0.0,18.38054934425913,0.0,11.0
332,27.666666666666668,27.666666666666668,1,3.666666666666668,03:40,11.561867232150437,5.851801444918895,5.710065787231542,1,0,1,1,0,1,2,1,1,0,0.0,0.0,6,0.5454545454545454,35.20955911265944,0.0,0.0,0,none,0,-1,-1.0,-1.0,0.0,11,1.0,1.0,1.0,0,44,0.15277777777777782,0.0,0.40151515151515155,0.9166666666666666,0.9166666666666666,0.5,0.0,21.314679270314084,0.0,11.0
333,27.75,27.75,1,3.75,03:45,11.646109294941454,5.905141597380265,5.740967697561189,0,0,0,0,0,0,1,0,1,0,0.0,0.0,5,0.45454545454545453,0.0,0.0,0.0,0,none,0,-1,-1.0,-1.0,0.0,11,1.0,1.0,1.0,0,45,0.15625,0.0,0.4318181818181818,0.9166666666666666,0.9166666666666666,0.5833333333333334,0.0,21.314679270314084,0.0,11.0
334,27.833333333333332,27.833333333333332,1,3.833333333333332,03:49,11.740969277423115,5.9653901029062455,5.77557917451687,1,0,1,1,0,1,0,0,0,0,0.0,0.0,6,0.5454545454545454,24.3832501738041,0.0,0.0,0,none,0,-1,-1.0,-1.0,0.0,11,1.0,1.0,1.0,0,46,0.15972222222222218,0.0,0.4696969696969697,1.0,1.0,0.5833333333333334,0.0,23.34661678479776,0.0,11.0
335,27.916666666666668,27.916666666666668,1,3.916666666666668,03:55,11.847454415420112,6.033255980554623,5.814198434865489,1,1,0,1,1,0,0,0,0,0,0.0,0.0,7,0.6363636363636364,32.44801593991137,0.0,0.0,0,none,0,-1,-1.0,-1.0,0.0,11,1.0,1.0,1.0,0,47,0.1631944444444445,0.0,0.5151515151515151,1.0,1.0,0.5,0.0,23.536044866045042,0.0,11.0
336,28.0,28.0,1,4.0,04:00,11.966617003253864,6.109494851299408,5.8571221519544565,0,0,0,0,0,0,2,2,0,0,0.0,0.0,5,0.45454545454545453,0.0,0.0,0.0,0,none,0,-1,-1.0,-1.0,0.0,11,1.0,1.0,1.0,0,48,0.16666666666666666,0.0,0.5454545454545455,1.0,1.0,0.6666666666666666,0.0,23.536044866045042,0.0,11.0
337,28.083333333333332,28.083333333333332,1,4.083333333333332,04:04,12.09954867049691,6.194908570107195,5.904640100389715,1,1,0,1,1,0,1,0,1,0,0.0,0.0,5,0.45454545454545453,28.8964326414659,0.0,0.0,0,none,0,-1,-1.0,-1.0,0.0,11,1.0,1.0,1.0,0,49,0.17013888888888884,0.0,0.5681818181818181,1.0,1.0,0.75,0.0,23.08321769443256,0.0,11.0
338,28.166666666666668,28.166666666666668,1,4.166666666666668,04:10,12.247373277560241,6.290344292475276,5.957028985084965,0,0,0,0,0,0,1,0,1,0,0.0,0.0,4,0.36363636363636365,0.0,0.0,0.0,0,none,0,-1,-1.0,-1.0,0.0,11,1.0,1.0,1.0,0,50,0.17361111111111116,0.0,0.5606060606060607,0.75,0.75,0.8333333333333334,0.0,21.21784306226876,0.0,11.0
339,28.25,28.25,1,4.25,04:15,12.411238359545287,6.396692890485549,6.014545469059738,0,0,0,0,0,0,1,0,1,0,0.0,0.0,3,0.2727272727272727,0.0,0.0,0.0,0,none,0,-1,-1.0,-1.0,0.0,11,1.0,1.0,1.0,0,51,0.17708333333333334,0.0,0.5378787878787878,0.6666666666666666,0.6666666666666666,0.9166666666666666,0.0,18.786941894090035,0.0,11.0
340,28.333333333333332,28.333333333333332,1,4.333333333333332,04:19,12.592305067367626,6.514886622608012,6.077418444759614,2,1,1,2,1,1,1,0,1,0,0.0,0.0,4,0.36363636363636365,33.550029115158,0.0,0.0,0,none,0,-1,-1.0,-1.0,0.0,11,1.0,1.0,1.0,0,52,0.1805555555555555,0.0,0.5151515151515151,0.75,0.75,1.0,0.0,18.165403282092537,0.0,11.0
341,28.416666666666668,28.416666666666668,1,4.416666666666668,04:25,12.791736578604722,6.645895949497363,6.145840629107359,2,2,0,2,2,0,0,0,0,0,0.0,0.0,6,0.5454545454545454,34.76439177437639,0.0,0.0,0,none,0,-1,-1.0,-1.0,0.0,11,1.0,1.0,1.0,0,53,0.18402777777777782,0.0,0.49242424242424243,0.75,0.75,1.0,0.0,18.28253473485906,0.0,11.0
342,28.5,28.5,1,4.5,04:30,13.01068497775341,6.790725375245666,6.219959602507744,2,1,1,2,1,1,1,1,0,0,0.0,0.0,7,0.6363636363636364,38.585464511164176,0.0,0.0,0,none,0,-1,-1.0,-1.0,0.0,11,1.0,1.0,1.0,0,54,0.1875,0.0,0.4924242424242424,0.9166666666666666,0.9166666666666666,0.9166666666666666,0.0,21.497990110789406,0.0,11.0
343,28.583333333333332,28.583333333333332,1,4.583333333333332,04:34,13.25027663640336,6.950408180603695,6.299868455799665,2,1,1,2,1,1,1,1,0,0,0.0,0.0,8,0.7272727272727273,33.628160532672744,0.0,0.0,0,none,0,-1,-1.0,-1.0,0.0,11,1.0,1.0,1.0,0,55,0.19097222222222218,0.0,0.5,1.0,1.0,0.9166666666666666,0.0,21.78877531676768,0.0,11.0
344,28.666666666666668,28.666666666666668,1,4.666666666666668,04:40,13.511596157908453,7.1259999024562894,6.385596255452164,2,1,1,2,1,1,0,0,0,0,0.0,0.0,10,0.9090909090909091,31.265618518373238,0.0,0.0,0,none,0,-1,-1.0,-1.0,0.0,11,1.0,1.0,1.0,0,56,0.1944444444444445,0.0,0.5303030303030303,1.0833333333333333,1.0833333333333333,0.75,0.0,21.46011360057716,0.0,11.0
345,28.75,28.75,1,4.75,04:45,13.795668988004156,7.318570403520486,6.47709858448367,0,0,0,0,0,0,0,0,0,0,0.0,0.0,10,0.9090909090909091,0.0,0.0,0.0,0,none,0,-1,-1.0,-1.0,0.0,11,1.0,1.0,1.0,0,57,0.19791666666666666,0.0,0.5681818181818182,1.0833333333333333,1.0833333333333333,0.6666666666666666,0.0,21.46011360057716,0.0,11.0
346,28.833333333333332,28.833333333333332,1,4.833333333333332,04:49,14.103442831869671,7.529194369309711,6.57424846255996,0,0,0,0,0,0,0,0,0,0,0.0,0.0,10,0.9090909090909091,0.0,0.0,0.0,0,none,0,-1,-1.0,-1.0,0.0,11,1.0,1.0,1.0,0,58,0.20138888888888884,0.0,0.5984848484848485,1.0,1.0,0.6666666666666666,0.0,19.428176086093483,0.0,11.0
347,28.916666666666668,28.916666666666668,1,4.916666666666668,04:55,14.435768058628607,7.758940067625667,6.67682799100294,0,0,0,0,0,0,1,1,0,0,0.0,0.0,9,0.8181818181818182,0.0,0.0,0.0,0,none,0,-1,-1.0,-1.0,0.0,11,1.0,1.0,1.0,0,59,0.20486111111111116,0.0,0.6136363636363636,0.9166666666666666,0.9166666666666666,0.75,0.0,16.72417475776754,0.0,11.0
348,29.0,29.0,1,5.0,05:00,14.793377315351826,8.008856211174379,6.784521104177447,1,1,0,1,1,0,2,1,1,0,0.0,0.0,8,0.7272727272727273,26.425909495387295,0.0,0.0,0,none,0,-1,-1.0,-1.0,0.0,11,1.0,1.0,1.0,0,60,0.20833333333333334,0.0,0.6363636363636364,1.0,1.0,0.75,0.0,18.926333882383148,0.0,11.0
349,29.083333333333332,29.083333333333332,1,5.083333333333332,05:04,15.176864613283552,8.279956778461814,6.896907834821737,0,0,0,0,0,0,2,2,0,0,0.0,0.0,6,0.5454545454545454,0.0,0.0,0.0,0,none,0,-1,-1.0,-1.0,0.0,11,1.0,1.0,1.0,0,61,0.2118055555555555,0.0,0.6439393939393939,0.9166666666666666,0.9166666666666666,0.8333333333333334,0.0,16.518297828927654,0.0,11.0
350,29.166666666666668,29.166666666666668,1,5.166666666666668,05:10,15.586664188169646,8.573203674031838,7.013460514137807,1,1,0,1,1,0,3,1,2,0,0.0,0.0,4,0.36363636363636365,35.270291268569096,0.0,0.0,0,none,0,-1,-1.0,-1.0,0.0,11,1.0,1.0,1.0,0,62,0.21527777777777782,0.0,0.6439393939393939,1.0,1.0,1.0,0.0,19.45748876797508,0.0,11.0
351,29.25,29.25,1,5.25,05:15,16.023029473063175,8.88948714835656,7.133542324706616,3,2,1,3,2,1,1,0,1,0,0.0,0.0,6,0.5454545454545454,31.00615668924981,0.0,0.0,0,none,0,-1,-1.0,-1.0,0.0,11,1.0,1.0,1.0,0,63,0.21875,0.0,0.6666666666666666,1.25,1.25,1.0,0.0,22.041335158745895,0.0,11.0
352,29.333333333333332,29.333333333333332,1,5.333333333333332,05:19,16.486012554603974,9.229603951951692,7.256408602652283,0,0,0,0,0,0,1,1,0,0,0.0,0.0,5,0.45454545454545453,0.0,0.0,0.0,0,none,0,-1,-1.0,-1.0,0.0,11,1.0,1.0,1.0,0,64,0.22222222222222218,0.0,0.6742424242424243,1.0833333333333333,1.0833333333333333,1.0,0.0,19.2454993991494,0.0,11.0
353,29.416666666666668,29.416666666666668,1,5.416666666666668,05:25,16.975444511287378,9.594233268726793,7.3812112425605845,1,1,0,1,1,0,0,0,0,0,0.0,0.0,6,0.5454545454545454,39.09083926862807,0.0,0.0,0,none,0,-1,-1.0,-1.0,0.0,11,1.0,1.0,1.0,0,65,0.2256944444444445,0.0,0.6742424242424242,1.0,1.0,1.0,0.0,19.606036690337035,0.0,11.0
354,29.5,29.5,1,5.5,05:30,17.490917053446246,9.983910560626,7.507006492820245,3,2,1,3,2,1,1,1,0,0,0.0,0.0,8,0.7272727272727273,29.037302059663006,0.0,0.0,0,none,0,-1,-1.0,-1.0,0.0,11,1.0,1.0,1.0,0,66,0.22916666666666666,0.0,0.6818181818181818,1.0833333333333333,1.0833333333333333,1.0,0.0,18.810356486045272,0.0,11.0
355,29.583333333333332,29.583333333333332,1,5.583333333333332,05:34,18.03176589842134,10.39899955876687,7.63276633965447,0,0,0,0,0,0,1,1,0,0,0.0,0.0,7,0.6363636363636364,0.0,0.0,0.0,0,none,0,-1,-1.0,-1.0,0.0,11,1.0,1.0,1.0,0,67,0.23263888888888884,0.0,0.6742424242424243,0.9166666666666666,0.9166666666666666,1.0,0.0,16.00800977498921,0.0,11.0
356,29.666666666666668,29.666666666666668,1,5.666666666666668,05:40,18.597056319640426,10.839662753923824,7.757393565716604,1,0,1,1,0,1,0,0,0,0,0.0,0.0,8,0.7272727272727273,16.867720289058862,0.0,0.0,0,none,0,-1,-1.0,-1.0,0.0,11,1.0,1.0,1.0,0,68,0.23611111111111116,0.0,0.6590909090909091,0.8333333333333334,0.8333333333333334,1.0,0.0,14.808184922546346,0.0,11.0
357,29.75,29.75,1,5.75,05:45,19.185571304165776,11.305830868451876,7.879740435713901,2,1,1,2,1,1,0,0,0,0,0.0,0.0,10,0.9090909090909091,22.72668830582254,0.0,0.0,0,none,0,-1,-1.0,-1.0,0.0,11,1.0,1.0,1.0,0,69,0.23958333333333334,0.0,0.6590909090909091,1.0,1.0,1.0,0.0,16.702075614698224,0.0,11.0
358,29.833333333333332,29.833333333333332,1,5.833333333333332,05:49,19.795802738980807,11.797171928386625,7.9986308105941815,3,2,1,3,2,1,2,2,0,0,0.0,0.0,11,1.0,26.503583662641375,0.0,0.0,0,none,0,-1,-1.0,-1.0,0.0,11,1.0,1.0,1.0,0,70,0.2430555555555555,0.0,0.6666666666666666,1.25,1.25,1.1666666666666667,0.0,18.910707586585005,0.0,11.0
359,29.916666666666668,29.916666666666668,1,5.916666666666668,05:55,20.425946021372972,12.31306069293245,8.112885328440523,0,0,0,0,0,0,0,0,0,0,0.0,0.0,11,1.0,0.0,0.0,0.0,0,none,0,-1,-1.0,-1.0,0.0,11,1.0,1.0,1.0,0,71,0.24652777777777782,0.0,0.6818181818181818,1.25,1.25,1.0833333333333333,0.0,18.910707586585005,0.0,11.0
360,30.0,30.0,1,6.0,06:00,21.073898452991536,12.852549332068135,8.221349120923401,1,0,1,1,0,1,4,1,3,0,0.0,0.0,8,0.7272727272727273,38.52299171537863,0.0,0.0,0,none,0,-1,-1.0,-1.0,0.0,11,1.0,1.0,1.0,0,72,0.25,0.0,0.6818181818181818,1.25,1.25,1.25,0.0,19.91879777158428,0.0,11.0
361,30.083333333333332,30.083333333333332,1,6.083333333333332,06:04,21.737261730557623,13.414340363725726,8.322921366831897,1,0,1,1,0,1,3,2,1,0,0.0,0.0,6,0.5454545454545454,26.259136407706343,0.0,0.0,0,none,0,-1,-1.0,-1.0,0.0,11,1.0,1.0,1.0,0,73,0.25347222222222215,0.0,0.6818181818181818,1.3333333333333333,1.3333333333333333,1.3333333333333333,0.0,22.107059138893145,0.0,11.0
362,30.166666666666668,30.166666666666668,1,6.166666666666668,06:10,22.413348789126825,13.996762961383732,8.416585827743093,1,1,0,1,1,0,0,0,0,0,0.0,0.0,7,0.6363636363636364,37.64629589438882,0.0,0.0,0,none,0,-1,-1.0,-1.0,0.0,11,1.0,1.0,1.0,0,74,0.2569444444444445,0.0,0.7045454545454546,1.3333333333333333,1.3333333333333333,1.0833333333333333,0.0,22.305059524378123,0.0,11.0
363,30.25,30.25,1,6.25,06:15,23.099195186920248,14.597753812116144,8.501441374804104,0,0,0,0,0,0,0,0,0,0,0.0,0.0,7,0.6363636363636364,0.0,0.0,0.0,0,none,0,-1,-1.0,-1.0,0.0,11,1.0,1.0,1.0,0,75,0.2604166666666667,0.0,0.712121212121212,1.0833333333333333,1.0833333333333333,1.0,0.0,19.721213133607304,0.0,11.0
364,30.333333333333332,30.333333333333332,1,6.333333333333332,06:19,23.79157514503051,15.214843735523216,8.576731409507294,1,1,0,1,1,0,4,3,1,0,0.0,0.0,4,0.36363636363636365,42.80558265216253,0.0,0.0,0,none,0,-1,-1.0,-1.0,0.0,11,1.0,1.0,1.0,0,76,0.26388888888888884,0.0,0.7045454545454545,1.1666666666666667,1.1666666666666667,1.25,0.0,23.288345021287512,0.0,11.0
365,30.416666666666668,30.416666666666668,1,6.416666666666668,06:25,24.487022272072142,15.845151257710995,8.641871014361147,0,0,0,0,0,0,0,0,0,0,0.0,0.0,4,0.36363636363636365,0.0,0.0,0.0,0,none,0,-1,-1.0,-1.0,0.0,11,1.0,1.0,1.0,0,77,0.26736111111111116,0.0,0.6893939393939394,1.0833333333333333,1.0833333333333333,1.25,0.0,20.030775082235177,0.0,11.0
366,30.5,30.5,1,6.5,06:30,25.18185491467317,16.48538426517569,8.696470649497481,0,0,0,0,0,0,0,0,0,0,0.0,0.0,4,0.36363636363636365,0.0,0.0,0.0,0,none,0,-1,-1.0,-1.0,0.0,11,1.0,1.0,1.0,0,78,0.2708333333333333,0.0,0.6590909090909091,0.8333333333333334,0.8333333333333334,1.1666666666666667,0.0,17.610999910596593,0.0,11.0
367,30.583333333333332,30.583333333333332,1,6.583333333333332,06:34,25.87220598144596,17.131850736701498,8.74035524474446,2,0,2,2,0,2,1,0,1,0,0.0,0.0,5,0.45454545454545453,24.387992596246825,0.0,0.0,0,none,0,-1,-1.0,-1.0,0.0,11,1.0,1.0,1.0,0,79,0.2743055555555555,0.0,0.6439393939393939,1.0,1.0,1.1666666666666667,0.0,19.643332626950492,0.0,11.0
368,30.666666666666668,30.666666666666668,1,6.666666666666668,06:40,26.55405699280673,17.780479365401785,8.773577627404945,1,0,1,1,0,1,1,0,1,0,0.0,0.0,5,0.45454545454545453,37.08381785409924,0.0,0.0,0,none,0,-1,-1.0,-1.0,0.0,11,1.0,1.0,1.0,0,80,0.27777777777777785,0.0,0.6212121212121212,1.0,1.0,1.25,0.0,21.328007424037192,0.0,11.0
369,30.75,30.75,1,6.75,06:45,27.223276013981916,18.426850639071922,8.796425374909996,1,0,1,1,0,1,0,0,0,0,0.0,0.0,6,0.5454545454545454,37.2734903618232,0.0,0.0,0,none,0,-1,-1.0,-1.0,0.0,11,1.0,1.0,1.0,0,81,0.28125,0.0,0.5909090909090909,0.9166666666666666,0.9166666666666666,1.25,0.0,22.540240928703913,0.0,11.0
370,30.833333333333332,30.833333333333332,1,6.833333333333332,06:49,27.87565903610472,19.06623864967703,8.809420386427695,3,2,1,3,2,1,1,1,0,0,0.0,0.0,8,0.7272727272727273,36.92727242644124,0.0,0.0,0,none,0,-1,-1.0,-1.0,0.0,11,1.0,1.0,1.0,0,82,0.28472222222222215,0.0,0.5681818181818182,0.9166666666666666,0.9166666666666666,1.1666666666666667,0.0,23.40888165902057,0.0,11.0
371,30.916666666666668,30.916666666666668,1,6.916666666666668,06:55,28.506974282872847,19.69366356014148,8.813310722731366,1,1,0,1,1,0,0,0,0,0,0.0,0.0,9,0.8181818181818182,25.503317376627205,0.0,0.0,0,none,0,-1,-1.0,-1.0,0.0,11,1.0,1.0,1.0,0,83,0.2881944444444445,0.0,0.553030303030303,1.0,1.0,1.1666666666666667,0.0,25.534158107072837,0.0,11.0
372,31.0,31.0,1,7.0,07:00,29.1130088401957,20.303954280090416,8.809054560105285,4,2,2,3,1,2,1,0,1,1,0.0,0.0,11,1.0,28.155277998305326,0.0,0.0,0,none,0,-1,-1.0,-1.0,0.0,11,1.0,1.0,1.0,0,84,0.2916666666666667,0.08333333333333333,0.5757575757575757,1.25,1.1666666666666667,0.9166666666666666,0.0,24.670181963983396,0.0,11.0
373,31.083333333333332,31.083333333333332,1,7.083333333333332,07:04,29.689616935891436,20.891820506302672,8.797796429588766,2,1,1,2,2,0,2,1,1,1,0.0,0.0,11,1.0,24.375359283113838,2.5,0.0,0,none,0,-1,-1.0,-1.0,0.0,11,1.0,1.0,1.0,0,85,0.29513888888888884,0.16666666666666666,0.6136363636363636,1.3333333333333333,1.25,0.8333333333333334,0.0,24.51320053693402,0.20833333333333334,11.0
374,31.166666666666668,31.166666666666668,1,7.166666666666668,07:10,30.232769137920037,21.451932885329732,8.780836252590307,3,1,2,0,0,0,0,0,0,4,1.25,5.0,11,1.0,0.0,0.0,0.0,0,none,0,-1,-1.0,-1.0,0.0,11,1.0,1.0,1.0,0,86,0.29861111111111116,0.5,0.6439393939393939,1.5,1.1666666666666667,0.8333333333333334,0.10416666666666667,21.376009212401616,0.20833333333333334,11.0
375,31.25,31.25,1,7.25,07:15,30.73860169473985,21.979009673661682,8.759592021078165,3,2,1,0,0,0,0,0,0,7,3.5714285714285716,10.0,11,1.0,0.0,0.0,0.0,0,none,0,-1,-1.0,-1.0,0.0,11,1.0,1.0,1.0,0,87,0.3020833333333333,1.0833333333333333,0.6742424242424243,1.75,1.1666666666666667,0.8333333333333334,0.40178571428571425,21.376009212401616,0.20833333333333334,11.0
376,31.333333333333332,31.333333333333332,1,7.333333333333332,07:19,31.203465211722794,22.467907924336398,8.735557287386397,1,1,0,2,0,2,2,1,1,6,5.833333333333333,10.0,11,1.0,25.240854713417946,12.5,0.0,0,none,0,-1,-1.0,-1.0,0.0,11,1.0,1.0,1.0,0,88,0.3055555555555555,1.5833333333333333,0.7272727272727272,1.75,1.25,0.6666666666666666,0.8878968253968255,19.912281884172902,1.25,11.0
377,31.416666666666668,31.416666666666668,1,7.416666666666668,07:25,31.623971844371184,22.9137169369745,8.710254907396683,4,4,0,4,2,2,4,2,2,6,2.5,10.0,11,1.0,30.776612921662885,12.5,0.0,0,none,0,-1,-1.0,-1.0,0.0,11,1.0,1.0,1.0,0,89,0.30902777777777785,2.0833333333333335,0.7803030303030303,2.0833333333333335,1.5833333333333333,1.0,1.0962301587301588,22.476999627644812,2.2916666666666665,11.0
378,31.5,31.5,1,7.5,07:30,31.997040193149484,23.311851488333524,8.68518870481596,3,2,1,1,1,0,1,1,0,8,3.75,10.0,11,1.0,15.88213476453587,15.0,0.0,0,none,0,-1,-1.0,-1.0,0.0,11,1.0,1.0,1.0,0,90,0.3125,2.75,0.8333333333333334,2.3333333333333335,1.6666666666666667,1.0833333333333333,1.4087301587301588,23.8005108580228,3.5416666666666665,11.0
379,31.583333333333332,31.583333333333332,1,7.583333333333332,07:34,32.31993710643412,23.658142227397708,8.66179487903641,3,2,1,4,4,0,4,2,2,7,3.5714285714285716,10.0,11,1.0,27.031547871913936,11.25,1.25,0,none,0,-1,-1.0,-1.0,0.0,11,1.0,1.0,1.0,0,91,0.31597222222222215,3.3333333333333335,0.8787878787878788,2.4166666666666665,1.8333333333333333,1.3333333333333333,1.7063492063492065,24.020807130995056,4.479166666666667,11.0
380,31.666666666666668,31.666666666666668,1,7.666666666666668,07:40,32.590315637283716,23.948920583849123,8.641395053434593,2,0,2,0,0,0,0,0,0,9,6.666666666666667,15.0,11,1.0,0.0,0.0,0.0,0,none,0,-1,-1.0,-1.0,0.0,11,1.0,1.0,1.0,0,92,0.3194444444444445,4.083333333333333,0.9242424242424242,2.5,1.75,1.25,2.2619047619047623,20.93048897648679,4.479166666666667,11.0
381,31.75,31.75,1,7.75,07:45,32.80624845586041,24.181095608048782,8.62515284781163,2,1,1,1,1,0,1,0,1,10,8.5,15.0,11,1.0,33.162526332889264,20.0,15.0,0,none,0,-1,-1.0,-1.0,0.0,11,1.0,1.0,1.0,0,93,0.3229166666666667,4.916666666666667,0.962121212121212,2.5833333333333335,1.75,1.3333333333333333,2.9702380952380953,20.587908640742295,6.145833333333333,11.0
382,31.833333333333332,31.833333333333332,1,7.833333333333332,07:49,32.96625609134107,24.352220335784285,8.614035755556788,4,1,3,3,2,1,3,2,1,11,6.818181818181818,15.0,11,1.0,26.975067341329705,20.0,13.333333333333334,0,none,0,-1,-1.0,-1.0,0.0,11,1.0,1.0,1.0,0,94,0.32638888888888884,5.833333333333333,0.9848484848484849,2.6666666666666665,1.75,1.5,3.5384199134199137,19.758558216982998,7.8125,11.0
383,31.916666666666668,31.916666666666668,1,7.916666666666668,07:55,33.0693294635577,24.460545547952474,8.608783915605228,2,2,0,1,0,1,1,1,0,12,9.166666666666666,20.0,11,1.0,48.358215671801204,20.0,10.0,0,none,0,-1,-1.0,-1.0,0.0,11,1.0,1.0,1.0,0,95,0.32986111111111116,6.833333333333333,1.0,2.75,1.75,1.5833333333333333,4.3023088023088025,21.663133074914168,9.479166666666666,11.0
384,32.0,32.0,1,8.0,08:00,33.11494626351003,24.505059164561004,8.609887098949025,2,1,1,4,2,2,4,2,2,10,8.0,15.0,11,1.0,31.559370673324814,22.5,12.5,0,none,0,-1,-1.0,-1.0,0.0,11,1.0,1.0,1.0,0,96,0.3333333333333333,7.583333333333333,1.0,2.5833333333333335,1.8333333333333333,1.8333333333333333,4.9689754689754695,21.94680746449912,11.354166666666666,11.0
385,32.083333333333336,32.083333333333336,1,8.083333333333336,08:05,33.10308085105868,24.48550995942837,8.617570891630306,1,0,1,1,1,0,1,1,0,10,11.0,20.0,11,1.0,36.02781346280116,20.0,10.0,0,none,0,-1,-1.0,-1.0,0.0,11,1.0,1.0,1.0,0,97,0.33680555555555564,8.333333333333334,1.0,2.5,1.75,1.75,5.885642135642136,22.917845312806403,12.8125,11.0
386,32.166666666666664,32.166666666666664,1,8.166666666666664,08:09,33.03420745500948,24.402414787887224,8.631792667122253,3,2,1,0,0,0,0,0,0,13,12.307692307692308,25.0,11,1.0,0.0,0.0,0.0,0,none,0,-1,-1.0,-1.0,0.0,11,1.0,1.0,1.0,0,98,0.3402777777777777,9.083333333333334,1.0,2.5,1.75,1.75,6.807116494616494,22.917845312806403,12.8125,11.0
387,32.25,32.25,1,8.25,08:15,32.909296582700236,24.25704906246724,8.652247520232999,1,1,0,1,0,1,1,1,0,13,15.0,25.0,11,1.0,18.77172820740808,30.0,20.0,0,none,0,-1,-1.0,-1.0,0.0,11,1.0,1.0,1.0,0,99,0.34375,9.583333333333334,1.0,2.3333333333333335,1.8333333333333333,1.8333333333333333,7.759497446997448,24.482155996757072,15.3125,11.0
388,32.333333333333336,32.333333333333336,1,8.333333333333336,08:20,32.72980467023149,24.051420766661572,8.678383903569918,1,0,1,3,1,2,3,2,1,11,15.454545454545455,30.0,11,1.0,29.66513591108922,30.0,16.666666666666668,0,none,0,-1,-1.0,-1.0,0.0,11,1.0,1.0,1.0,0,100,0.3472222222222223,10.0,1.0,2.3333333333333335,1.9166666666666667,1.9166666666666667,8.561265123765123,24.850846096563014,16.770833333333332,11.0
389,32.416666666666664,32.416666666666664,1,8.416666666666664,08:24,32.4976571277268,23.788228839436016,8.70942828829078,4,2,2,2,1,1,2,2,0,13,12.307692307692308,30.0,11,1.0,32.35831215259334,32.5,22.5,0,none,0,-1,-1.0,-1.0,0.0,11,1.0,1.0,1.0,0,101,0.35069444444444436,10.583333333333334,1.0,2.3333333333333335,1.75,1.75,9.378572816072817,24.982654365807218,18.4375,11.0
390,32.5,32.5,1,8.5,08:30,32.215225053589485,23.470807268775776,8.744417784813711,0,0,0,1,1,0,1,1,0,12,15.833333333333334,30.0,11,1.0,29.826404681563776,35.0,25.0,0,none,0,-1,-1.0,-1.0,0.0,11,1.0,1.0,1.0,0,102,0.3541666666666667,10.916666666666666,1.0,2.0833333333333335,1.75,1.75,10.38551726051726,26.14467685889288,20.104166666666668,11.0
391,32.583333333333336,32.583333333333336,1,8.583333333333336,08:35,31.88529600489135,23.103056678994534,8.782239325896816,0,0,0,2,1,1,2,0,2,10,18.0,30.0,11,1.0,33.06212853880973,35.0,25.0,0,none,0,-1,-1.0,-1.0,0.0,11,1.0,1.0,1.0,0,103,0.357638888888889,11.166666666666666,1.0,1.8333333333333333,1.5833333333333333,1.5833333333333333,11.587898212898212,26.647225247800858,22.083333333333332,11.0
392,32.666666666666664,32.666666666666664,1,8.666666666666664,08:39,31.511039315232892,22.68936556475991,8.821673750472984,4,4,0,1,0,1,1,0,1,13,15.0,30.0,11,1.0,27.042305563835455,35.0,30.0,0,none,0,-1,-1.0,-1.0,0.0,11,1.0,1.0,1.0,0,104,0.361111111111111,11.5,1.0,2.0,1.6666666666666667,1.6666666666666667,12.282342657342658,28.90075071145381,25.0,11.0
393,32.75,32.75,1,8.75,08:45,31.09596654438335,22.234523600145966,8.861442944237385,1,1,0,3,2,1,3,1,2,11,14.090909090909092,30.0,11,1.0,33.07459521507155,35.0,20.0,0,none,0,-1,-1.0,-1.0,0.0,11,1.0,1.0,1.0,0,105,0.3645833333333333,11.583333333333334,1.0,1.9166666666666667,1.8333333333333333,1.8333333333333333,12.748251748251748,28.893423118302337,26.25,11.0
394,32.833333333333336,32.833333333333336,1,8.833333333333336,08:50,30.64388772380226,21.743629623876984,8.900258099925276,3,2,1,1,1,0,1,0,1,13,13.461538461538462,30.0,11,1.0,17.74888096495094,35.0,35.0,0,none,0,-1,-1.0,-1.0,0.0,11,1.0,1.0,1.0,0,106,0.36805555555555564,11.75,1.0,1.8333333333333333,1.6666666666666667,1.6666666666666667,13.301864801864802,28.12457425360411,27.5,11.0
395,32.916666666666664,32.916666666666664,1,8.916666666666664,08:54,30.158864127210023,21.221996968102584,8.93686715910744,3,1,2,0,0,0,0,0,0,16,15.0,35.0,11,1.0,0.0,0.0,0.0,0,none,0,-1,-1.0,-1.0,0.0,11,1.0,1.0,1.0,0,107,0.3715277777777777,12.083333333333334,1.0,1.9166666666666667,1.5833333333333333,1.5833333333333333,13.787975912975911,24.09472294762067,25.833333333333332,11.0
396,33.0,33.0,1,9.0,09:00,29.645158344583038,20.6750587588802,8.970099585702838,2,2,0,3,1,2,3,2,1,15,14.0,35.0,11,1.0,38.579027227313894,36.666666666666664,31.666666666666668,0,none,0,-1,-1.0,-1.0,0.0,11,1.0,1.0,1.0,0,108,0.375,12.5,1.0,1.9166666666666667,1.5,1.5,14.287975912975911,24.679694327119762,27.01388888888889,11.0
397,33.083333333333336,33.083333333333336,1,9.083333333333336,09:05,29.1071824706093,20.108275678599686,8.998906792009613,1,0,1,0,0,0,0,0,0,16,17.8125,40.0,11,1.0,0.0,0.0,0.0,0,none,0,-1,-1.0,-1.0,0.0,11,1.0,1.0,1.0,0,109,0.3784722222222223,13.0,1.0,1.9166666666666667,1.4166666666666667,1.4166666666666667,14.855684246309245,21.677376538552995,25.347222222222225,11.0
398,33.166666666666664,33.166666666666664,1,9.166666666666664,09:09,28.54944523450868,19.527048455065156,9.022396779443524,1,1,0,5,4,1,5,3,2,12,15.416666666666666,30.0,11,1.0,26.412754428743057,36.0,34.0,0,none,0,-1,-1.0,-1.0,0.0,11,1.0,1.0,1.0,0,110,0.38194444444444436,12.916666666666666,1.0,1.75,1.8333333333333333,1.8333333333333333,15.114765442890445,23.87843940761492,28.347222222222225,11.0
399,33.25,33.25,1,9.25,09:15,27.97649889740076,18.936637043846602,9.039861853554159,2,2,0,0,0,0,0,0,0,14,17.5,35.0,11,1.0,0.0,0.0,0.0,0,none,0,-1,-1.0,-1.0,0.0,11,1.0,1.0,1.0,0,111,0.3854166666666667,13.0,1.0,1.8333333333333333,1.75,1.75,15.323098776223778,22.31412872366425,25.847222222222225,11.0
400,33.333333333333336,33.333333333333336,1,9.333333333333336,09:20,27.392886726700688,18.342088117568867,9.05079860913182,2,1,1,2,2,0,2,2,0,14,17.142857142857142,30.0,11,1.0,26.668293085990136,37.5,35.0,0,none,0,-1,-1.0,-1.0,0.0,11,1.0,1.0,1.0,0,112,0.388888888888889,13.25,1.0,1.9166666666666667,1.6666666666666667,1.6666666666666667,15.463791416916417,22.064391821572656,26.472222222222225,11.0
401,33.416666666666664,33.416666666666664,1,9.416666666666664,09:24,26.803091825334036,17.748172087371692,9.054919737962344,0,0,0,1,1,0,1,0,1,13,21.153846153846153,35.0,11,1.0,35.27851312266851,35.0,35.0,0,none,0,-1,-1.0,-1.0,0.0,11,1.0,1.0,1.0,0,113,0.392361111111111,13.25,1.0,1.5833333333333333,1.5833333333333333,1.5833333333333333,16.200970904095904,22.307741902412257,26.680555555555557,11.0
402,33.5,33.5,1,9.5,09:30,26.21148804821528,17.15933047764443,9.05215757057085,0,0,0,0,0,0,0,0,0,13,26.153846153846153,40.0,11,1.0,0.0,0.0,0.0,0,none,0,-1,-1.0,-1.0,0.0,11,1.0,1.0,1.0,0,114,0.3958333333333333,13.333333333333334,1.0,1.5833333333333333,1.5,1.5,17.06101363913864,19.822208178948603,23.76388888888889,11.0
403,33.583333333333336,33.583333333333336,1,9.583333333333336,09:35,25.62229368103432,16.579634074411178,9.042659606623143,2,1,1,3,1,2,3,3,0,12,22.916666666666668,40.0,11,1.0,30.32211583515443,43.333333333333336,31.666666666666668,0,none,0,-1,-1.0,-1.0,0.0,11,1.0,1.0,1.0,0,115,0.39930555555555564,13.5,1.0,1.75,1.5833333333333333,1.5833333333333333,17.47073586136086,19.59387378697733,24.458333333333332,11.0
404,33.666666666666664,33.666666666666664,1,9.666666666666664,09:39,25.03952848876275,16.012751887827882,9.026776600934866,2,0,2,3,2,1,3,1,2,11,18.636363636363637,40.0,11,1.0,33.87624020695938,43.333333333333336,43.333333333333336,0,none,0,-1,-1.0,-1.0,0.0,11,1.0,1.0,1.0,0,116,0.4027777777777777,13.333333333333334,1.0,1.5833333333333333,1.75,1.75,17.773766164391166,20.163368340570994,25.152777777777775,11.0
405,33.75,33.75,1,9.75,09:45,24.466974665405278,15.461930625056299,9.005044040348979,1,1,0,3,2,1,3,2,1,9,15.555555555555555,30.0,11,1.0,35.89095997487089,40.0,35.0,0,none,0,-1,-1.0,-1.0,0.0,11,1.0,1.0,1.0,0,117,0.40625,13.166666666666666,1.0,1.5833333333333333,1.75,1.75,17.895820036445034,20.398065403887603,25.569444444444443,11.0
406,33.833333333333336,33.833333333333336,1,9.833333333333336,09:50,23.908142134435682,14.929984073073737,8.978158061361945,1,1,0,0,0,0,0,0,0,10,18.5,35.0,11,1.0,0.0,0.0,0.0,0,none,0,-1,-1.0,-1.0,0.0,11,1.0,1.0,1.0,0,118,0.4097222222222223,12.916666666666666,1.0,1.4166666666666667,1.6666666666666667,1.6666666666666667,18.31569183131683,18.91899199014169,22.652777777777775,11.0
407,33.916666666666664,33.916666666666664,1,9.916666666666664,09:54,23.366238563149302,14.419291550051335,8.946947013097967,1,1,0,1,1,0,1,1,0,10,19.5,40.0,11,1.0,15.0,40.0,35.0,0,none,0,-1,-1.0,-1.0,0.0,11,1.0,1.0,1.0,0,119,0.41319444444444436,12.416666666666666,1.0,1.25,1.75,1.75,18.69069183131683,20.16899199014169,25.98611111111111,11.0
408,34.0,34.0,1,10.0,10:00,22.844144365874875,13.931804403464822,8.912339962410053,3,1,2,1,1,0,1,0,1,12,16.666666666666668,40.0,11,1.0,31.569377484366992,45.0,40.0,0,none,0,-1,-1.0,-1.0,0.0,11,1.0,1.0,1.0,0,120,0.4166666666666667,12.166666666666666,1.0,1.3333333333333333,1.5833333333333333,1.5833333333333333,18.912914053539055,19.584854511562785,26.680555555555554,11.0
409,34.083333333333336,34.083333333333336,1,10.083333333333336,10:05,22.344392882550007,13.46905941424478,8.875333468305227,1,1,0,2,1,1,2,1,1,11,15.454545454545455,30.0,11,1.0,30.621384649011006,45.0,40.0,0,none,0,-1,-1.0,-1.0,0.0,11,1.0,1.0,1.0,0,121,0.420138888888889,11.75,1.0,1.3333333333333333,1.75,1.75,18.71641784141784,22.136636565647034,30.430555555555554,11.0
410,34.166666666666664,34.166666666666664,1,10.166666666666664,10:09,21.869155832367486,13.032197906976009,8.836957925391477,1,1,0,2,1,1,2,2,0,10,15.5,30.0,11,1.0,37.48945625397092,35.0,42.5,0,none,0,-1,-1.0,-1.0,0.0,11,1.0,1.0,1.0,0,122,0.423611111111111,11.583333333333334,1.0,1.3333333333333333,1.5,1.5,18.723362285862283,23.059695051082688,30.347222222222218,11.0
411,34.25,34.25,1,10.25,10:15,21.420234058650554,12.621989361614977,8.798244697035576,0,0,0,3,1,2,3,3,0,7,15.0,25.0,11,1.0,32.68963719042284,33.333333333333336,43.333333333333336,0,none,0,-1,-1.0,-1.0,0.0,11,1.0,1.0,1.0,0,123,0.4270833333333333,11.0,1.0,1.1666666666666667,1.75,1.75,18.51502895252895,25.783831483617927,33.125,11.0
412,34.333333333333336,34.333333333333336,1,10.333333333333336,10:20,20.999053502196038,12.238858365423964,8.760195136772074,0,0,0,1,1,0,1,0,1,6,18.333333333333332,25.0,11,1.0,27.756164191067214,30.0,45.0,0,none,0,-1,-1.0,-1.0,0.0,11,1.0,1.0,1.0,0,124,0.43055555555555564,10.333333333333334,1.0,1.0,1.6666666666666667,1.6666666666666667,18.614235301735302,25.874487409041013,32.5,11.0
413,34.416666666666664,34.416666666666664,1,10.416666666666664,10:24,20.606666267184465,11.882913826299545,8.72375244088492,1,1,0,1,1,0,1,1,0,6,18.333333333333332,25.0,11,1.0,37.838417900871846,30.0,35.0,0,none,0,-1,-1.0,-1.0,0.0,11,1.0,1.0,1.0,0,125,0.4340277777777777,9.75,1.0,1.0833333333333333,1.6666666666666667,1.6666666666666667,18.379192566692566,26.087812807224626,32.083333333333336,11.0
414,34.5,34.5,1,10.5,10:30,20.243756577299482,11.55397948099992,8.689777096299562,1,1,0,2,1,1,2,0,2,5,16.0,30.0,11,1.0,24.549098467794785,30.0,42.5,0,none,0,-1,-1.0,-1.0,0.0,11,1.0,1.0,1.0,0,126,0.4375,9.083333333333334,1.0,1.1666666666666667,1.8333333333333333,1.8333333333333333,17.53303872053872,28.133571012874196,34.583333333333336,11.0
415,34.583333333333336,34.583333333333336,1,10.583333333333336,10:35,19.91065136057534,11.25162486428817,8.65902649628717,0,0,0,1,0,1,1,1,0,4,17.5,30.0,11,1.0,27.059771144991295,35.0,45.0,0,none,0,-1,-1.0,-1.0,0.0,11,1.0,1.0,1.0,0,127,0.4409722222222223,8.416666666666666,1.0,1.0,1.6666666666666667,1.6666666666666667,17.08164983164983,27.861708955360598,33.88888888888889,11.0
416,34.666666666666664,34.666666666666664,1,10.666666666666664,10:39,19.60733515011341,10.975196048358079,8.632139101755332,0,0,0,0,0,0,0,0,0,4,22.5,35.0,11,1.0,0.0,0.0,0.0,0,none,0,-1,-1.0,-1.0,0.0,11,1.0,1.0,1.0,0,128,0.44444444444444436,7.833333333333333,1.0,0.8333333333333334,1.4166666666666667,1.4166666666666667,17.403619528619526,25.038688938113978,30.277777777777782,11.0
417,34.75,34.75,1,10.75,10:45,19.333468944368136,10.723845607532295,8.60962333683584,0,0,0,3,3,0,3,3,0,1,15.0,15.0,11,1.0,36.61383366575183,31.666666666666668,36.666666666666664,0,none,0,-1,-1.0,-1.0,0.0,11,1.0,1.0,1.0,0,129,0.4479166666666667,7.166666666666667,1.0,0.75,1.4166666666666667,1.4166666666666667,17.357323232323232,25.09892841235406,29.583333333333332,11.0
418,34.833333333333336,34.833333333333336,1,10.833333333333336,10:50,19.08841263518216,10.496561403697475,8.591851231484684,1,0,1,2,1,1,2,1,1,0,0.0,0.0,11,1.0,34.06272902614376,10.0,32.5,0,none,0,-1,-1.0,-1.0,0.0,11,1.0,1.0,1.0,0,130,0.451388888888889,6.333333333333333,1.0,0.75,1.5833333333333333,1.5833333333333333,15.815656565656566,27.937489164532707,30.416666666666668,11.0
419,34.916666666666664,34.916666666666664,1,10.916666666666664,10:54,18.87125058396051,10.292193917243164,8.579056666717346,2,2,0,2,2,0,2,1,1,0,0.0,0.0,11,1.0,29.35006634859109,0.0,32.5,0,none,0,-1,-1.0,-1.0,0.0,11,1.0,1.0,1.0,0,131,0.454861111111111,5.5,1.0,0.8333333333333334,1.6666666666666667,1.6666666666666667,14.190656565656566,29.133328026915297,27.083333333333332,11.0
420,35.0,35.0,1,11.0,11:00,18.68081990598018,10.109481961899167,8.571337944081012,1,0,1,1,0,1,2,0,2,0,0.0,0.0,10,0.9090909090909091,40.41691849216582,0.0,32.5,0,none,0,-1,-1.0,-1.0,0.0,11,1.0,1.0,1.0,0,132,0.4583333333333333,4.5,0.9924242424242425,0.6666666666666666,1.6666666666666667,1.75,12.801767676767675,29.870623110898535,23.333333333333332,11.0
421,35.083333333333336,35.083333333333336,1,11.083333333333336,11:05,18.51574100938189,9.947076716859607,8.568664292522284,2,1,1,2,1,1,2,1,1,0,0.0,0.0,10,0.9090909090909091,26.698671547541235,0.0,32.5,0,none,0,-1,-1.0,-1.0,0.0,11,1.0,1.0,1.0,0,133,0.46180555555555564,3.5833333333333335,0.9848484848484849,0.75,1.6666666666666667,1.75,11.513888888888888,29.54373035244272,19.583333333333332,11.0
422,35.166666666666664,35.166666666666664,1,11.166666666666664,11:09,18.374449928351616,9.803564084452127,8.57088584389949,2,2,0,1,1,0,0,0,0,1,0.0,0.0,11,1.0,24.968567444867794,0.0,0.0,0,none,0,-1,-1.0,-1.0,0.0,11,1.0,1.0,1.0,0,134,0.4652777777777777,2.8333333333333335,0.9848484848484849,0.8333333333333334,1.5833333333333333,1.5833333333333333,10.222222222222223,28.500322951684126,16.666666666666668,11.0
423,35.25,35.25,1,11.25,11:15,18.25523198878499,9.677485436192194,8.577746552592794,0,0,0,1,1,0,2,1,1,0,0.0,0.0,10,0.9090909090909091,24.19262860797292,5.0,17.5,0,none,0,-1,-1.0,-1.0,0.0,11,1.0,1.0,1.0,0,135,0.46875,2.25,0.9772727272727274,0.8333333333333334,1.4166666666666667,1.5,8.972222222222223,27.792238903146636,14.305555555555557,11.0
424,35.333333333333336,35.333333333333336,1,11.333333333333336,11:20,18.156256348724312,9.567356845303241,8.588899503421072,2,2,0,2,2,0,1,1,0,0,0.0,0.0,11,1.0,34.85702804358212,0.0,40.0,0,none,0,-1,-1.0,-1.0,0.0,11,1.0,1.0,1.0,0,136,0.4722222222222223,1.75,0.9772727272727274,1.0,1.5,1.5,7.4444444444444455,28.383977557522872,11.805555555555557,11.0
425,35.416666666666664,35.416666666666664,1,11.416666666666664,11:24,18.075610964452643,9.471686921513756,8.603924042938887,1,1,0,1,1,0,1,1,0,0,0.0,0.0,11,1.0,39.61890297891975,0.0,0.0,0,none,0,-1,-1.0,-1.0,0.0,11,1.0,1.0,1.0,0,137,0.47569444444444436,1.25,0.9772727272727274,1.0,1.5,1.5,5.916666666666667,28.53235131402687,9.305555555555555,11.0
426,35.5,35.5,1,11.5,11:30,18.011337545728793,9.388993366620257,8.622344179108536,0,0,0,0,0,0,2,1,1,0,0.0,0.0,9,0.8181818181818182,0.0,0.0,0.0,0,none,0,-1,-1.0,-1.0,0.0,11,1.0,1.0,1.0,0,138,0.4791666666666667,0.8333333333333334,0.9621212121212123,0.9166666666666666,1.3333333333333333,1.5,4.583333333333333,26.486593108377303,6.805555555555556,11.0
427,35.583333333333336,35.583333333333336,1,11.583333333333336,11:35,17.961466079692393,9.317818359768712,8.643647719923681,1,1,0,1,1,0,2,2,0,0,0.0,0.0,8,0.7272727272727273,44.173569092299914,0.0,10.0,0,none,0,-1,-1.0,-1.0,0.0,11,1.0,1.0,1.0,0,139,0.482638888888889,0.5,0.9393939393939394,1.0,1.3333333333333333,1.5833333333333333,3.125,27.91274293731969,3.8888888888888893,11.0
428,35.666666666666664,35.666666666666664,1,11.666666666666664,11:39,17.924048521947235,9.25674286264822,8.667305659299014,0,0,0,0,0,0,3,3,0,0,0.0,0.0,5,0.45454545454545453,0.0,0.0,8.333333333333334,0,none,0,-1,-1.0,-1.0,0.0,11,1.0,1.0,1.0,0,140,0.486111111111111,0.16666666666666666,0.893939393939394,1.0,1.3333333333333333,1.8333333333333333,1.25,27.91274293731969,3.8888888888888893,11.0
429,35.75,35.75,1,11.75,11:45,17.897191274787914,9.204399909759529,8.692791365028386,1,0,1,1,0,1,1,0,1,0,0.0,0.0,5,0.45454545454545453,23.85228653576873,0.0,0.0,0,none,0,-1,-1.0,-1.0,0.0,11,1.0,1.0,1.0,0,141,0.4895833333333333,0.08333333333333333,0.8484848484848485,1.0833333333333333,1.1666666666666667,1.6666666666666667,0.0,26.849280676487762,1.25,11.0
430,35.833333333333336,35.833333333333336,1,11.833333333333336,11:50,17.879086096068907,9.1594869203623,8.719599175706607,2,1,1,2,1,1,0,0,0,0,0.0,0.0,7,0.6363636363636364,30.257929604225502,0.0,0.0,0,none,0,-1,-1.0,-1.0,0.0,11,1.0,1.0,1.0,0,142,0.49305555555555564,0.08333333333333333,0.8181818181818182,1.1666666666666667,1.1666666666666667,1.5,0.0,26.532214057994576,0.4166666666666667,11.0
431,35.916666666666664,35.916666666666664,1,11.916666666666664,11:54,17.868039107484766,9.12077703904663,8.747262068438136,0,0,0,0,0,0,1,1,0,0,0.0,0.0,6,0.5454545454545454,0.0,0.0,0.0,0,none,0,-1,-1.0,-1.0,0.0,11,1.0,1.0,1.0,0,143,0.4965277777777777,0.08333333333333333,0.7803030303030303,1.0,1.0,1.4166666666666667,0.0,24.086375195611982,0.4166666666666667,11.0
432,36.0,36.0,1,12.0,12:00,17.86249759774826,9.0871294831504,8.775368114597859,1,1,0,1,1,0,1,1,0,0,0.0,0.0,6,1.0,26.224678505702503,0.0,0.0,1,capacity_drop,1,1,12.0,14.0,120.0,6,1.0,1.0,1.0,1,144,0.5,0.08333333333333333,0.7878787878787877,1.0,1.0,1.3333333333333333,0.0,22.90368853007337,0.4166666666666667,10.583333333333334
433,36.083333333333336,36.083333333333336,1,12.083333333333336,12:05,17.86107434408185,9.057498849062302,8.803575495019548,0,0,0,0,0,0,1,1,0,0,0.0,0.0,5,0.8333333333333334,0.0,0.0,0.0,1,capacity_drop,1,1,12.0,14.0,115.0,6,1.0,1.0,1.0,1,145,0.5034722222222223,0.08333333333333333,0.7815656565656566,0.8333333333333334,0.8333333333333334,1.25,0.0,20.678799234444938,0.4166666666666667,10.166666666666666
434,36.166666666666664,36.166666666666664,1,12.166666666666664,12:09,17.86256920438291,9.030943306994764,8.831625897388147,1,1,0,1,1,0,1,0,1,0,0.0,0.0,5,0.8333333333333334,24.60625229246436,0.0,0.0,1,capacity_drop,1,1,12.0,14.0,110.0,6,1.0,1.0,1.0,1,146,0.5069444444444443,0.0,0.7676767676767677,0.75,0.8333333333333334,1.3333333333333333,0.0,20.648606305077983,0.4166666666666667,9.75
435,36.25,36.25,1,12.25,12:15,17.86598776222676,9.006631595875712,8.859356166351047,1,1,0,1,1,0,0,0,0,0,0.0,0.0,6,1.0,27.21785889739463,0.0,0.0,1,capacity_drop,1,1,12.0,14.0,105.0,6,1.0,1.0,1.0,1,147,0.5104166666666666,0.0,0.7752525252525252,0.8333333333333334,0.8333333333333334,1.1666666666666667,0.0,20.900708829196457,0.0,9.333333333333334
436,36.333333333333336,36.333333333333336,1,12.333333333333336,12:20,17.870556837404763,8.98384871705027,8.886708120354493,0,0,0,0,0,0,2,1,1,0,0.0,0.0,4,0.6666666666666666,0.0,0.0,0.0,1,capacity_drop,1,1,12.0,14.0,100.0,6,1.0,1.0,1.0,1,148,0.513888888888889,0.0,0.7474747474747474,0.6666666666666666,0.6666666666666666,1.25,0.0,17.995956492231283,0.0,8.916666666666666
437,36.416666666666664,36.416666666666664,1,12.416666666666664,12:24,17.87573670585183,8.962000217697103,8.913736488154726,0,0,0,0,0,0,1,1,0,0,0.0,0.0,3,0.5,0.0,0.0,0.0,1,capacity_drop,1,1,12.0,14.0,95.0,6,1.0,1.0,1.0,1,149,0.517361111111111,0.0,0.7058080808080809,0.5833333333333334,0.5833333333333334,1.25,0.0,14.69438124398797,0.0,8.5
438,36.5,36.5,1,12.5,12:30,17.88122990450794,8.94061495225397,8.94061495225397,1,0,1,1,0,1,1,1,0,0,0.0,0.0,3,0.5,16.616106801725067,0.0,0.0,1,capacity_drop,1,1,12.0,14.0,90.0,6,1.0,1.0,1.0,1,150,0.5208333333333334,0.0,0.6792929292929294,0.6666666666666666,0.6666666666666666,1.1666666666666667,0.0,16.07905681079839,0.0,8.083333333333334
439,36.583333333333336,36.583333333333336,1,12.583333333333336,12:35,17.886986528804712,8.919346212609192,8.96764031619552,1,1,0,1,1,0,1,1,0,0,0.0,0.0,3,0.5,20.77789094810761,0.0,0.0,1,capacity_drop,1,1,12.0,14.0,85.0,6,1.0,1.0,1.0,1,151,0.5243055555555557,0.0,0.6603535353535354,0.6666666666666666,0.6666666666666666,1.0833333333333333,0.0,14.129416965449034,0.0,7.666666666666667
440,36.666666666666664,36.666666666666664,1,12.666666666666664,12:39,17.893205962998053,8.897971125204322,8.995234837793733,0,0,0,0,0,0,0,0,0,0,0.0,0.0,3,0.5,0.0,0.0,0.0,1,capacity_drop,1,1,12.0,14.0,80.0,6,1.0,1.0,1.0,1,152,0.5277777777777777,0.0,0.6641414141414141,0.6666666666666666,0.6666666666666666,0.8333333333333334,0.0,14.129416965449034,0.0,7.25
441,36.75,36.75,1,12.75,12:45,17.900335016416467,8.876388225381456,9.02394679103501,1,0,1,1,0,1,1,1,0,0,0.0,0.0,3,0.5,31.61795179500339,0.0,0.0,1,capacity_drop,1,1,12.0,14.0,75.0,6,1.0,1.0,1.0,1,153,0.53125,0.0,0.6679292929292929,0.6666666666666666,0.6666666666666666,0.8333333333333334,0.0,14.776555737051922,0.0,6.833333333333333
442,36.833333333333336,36.833333333333336,1,12.833333333333336,12:50,17.909062471795444,8.85461313622465,9.054449335570794,1,0,1,1,0,1,1,0,1,0,0.0,0.0,3,0.5,42.187693063396075,0.0,0.0,1,capacity_drop,1,1,12.0,14.0,70.0,6,1.0,1.0,1.0,1,154,0.5347222222222223,0.0,0.6565656565656566,0.5833333333333334,0.5833333333333334,0.9166666666666666,0.0,15.770702691982804,0.0,6.416666666666667
443,36.916666666666664,36.916666666666664,1,12.916666666666664,12:54,17.920310085157453,8.832772300794858,9.087537784362596,2,0,2,2,0,2,0,0,0,0,0.0,0.0,5,0.8333333333333334,24.658699637096532,0.0,0.0,1,capacity_drop,1,1,12.0,14.0,65.0,6,1.0,1.0,1.0,1,155,0.5381944444444443,0.0,0.6805555555555555,0.75,0.75,0.8333333333333334,0.0,17.825594328407515,0.0,6.0
444,37.0,37.0,1,13.0,13:00,17.935220110106556,8.811094743120563,9.124125366985993,0,0,0,0,0,0,1,1,0,0,0.0,0.0,4,0.6666666666666666,0.0,0.0,0.0,1,capacity_drop,1,1,12.0,14.0,60.0,6,1.0,1.0,1.0,1,156,0.5416666666666666,0.0,0.6527777777777778,0.6666666666666666,0.6666666666666666,0.8333333333333334,0.0,15.640204452932304,0.0,6.0
445,37.083333333333336,37.083333333333336,1,13.083333333333336,13:05,17.955139452865332,8.78990186470857,9.165237588156762,0,0,0,0,0,0,0,0,0,0,0.0,0.0,4,0.6666666666666666,0.0,0.0,0.0,1,capacity_drop,1,1,12.0,14.0,55.0,6,1.0,1.0,1.0,1,157,0.545138888888889,0.0,0.638888888888889,0.6666666666666666,0.6666666666666666,0.75,0.0,15.640204452932304,0.0,6.0
446,37.166666666666664,37.166666666666664,1,13.166666666666664,13:09,17.981600597810417,8.769595319809286,9.212005278001131,1,1,0,1,1,0,0,0,0,0,0.0,0.0,5,0.8333333333333334,15.0,0.0,0.0,1,capacity_drop,1,1,12.0,14.0,50.0,6,1.0,1.0,1.0,1,158,0.548611111111111,0.0,0.638888888888889,0.6666666666666666,0.6666666666666666,0.6666666666666666,0.0,14.839683428560276,0.0,6.0
447,37.25,37.25,1,13.25,13:15,18.01629947657129,8.750643054272226,9.265656422299063,2,1,1,1,1,0,0,0,0,1,0.0,0.0,6,1.0,33.523180837398,0.0,0.0,1,capacity_drop,1,1,12.0,14.0,45.0,6,1.0,1.0,1.0,1,159,0.5520833333333334,0.08333333333333333,0.6388888888888888,0.75,0.6666666666666666,0.6666666666666666,0.0,15.365126923560558,0.0,6.0
448,37.333333333333336,37.333333333333336,1,13.333333333333336,13:20,18.061070486838766,8.73356363948125,9.327506847357515,0,0,0,1,0,1,2,0,2,0,0.0,0.0,5,0.8333333333333334,33.00045163888017,5.0,0.0,1,capacity_drop,1,1,12.0,14.0,40.0,6,1.0,1.0,1.0,1,160,0.5555555555555557,0.08333333333333333,0.6527777777777778,0.75,0.75,0.6666666666666666,0.0,18.115164560133906,0.4166666666666667,6.0
449,37.416666666666664,37.416666666666664,1,13.416666666666664,13:24,18.11785889975643,8.71890908425559,9.398949815500842,0,0,0,0,0,0,2,1,1,0,0.0,0.0,3,0.5,0.0,0.0,0.0,1,capacity_drop,1,1,12.0,14.0,35.0,6,1.0,1.0,1.0,1,161,0.5590277777777777,0.08333333333333333,0.6527777777777778,0.75,0.75,0.75,0.0,18.115164560133906,0.4166666666666667,6.0
450,37.5,37.5,1,13.5,13:30,18.188690926982243,8.707246363114217,9.481444563868026,2,0,2,2,0,2,0,0,0,0,0.0,0.0,5,0.8333333333333334,29.149014195012253,0.0,0.0,1,capacity_drop,1,1,12.0,14.0,30.0,6,1.0,1.0,1.0,1,162,0.5625,0.08333333333333333,0.6805555555555555,0.8333333333333334,0.8333333333333334,0.6666666666666666,0.0,19.159573509574503,0.4166666666666667,6.0
451,37.583333333333336,37.583333333333336,1,13.583333333333336,13:35,18.275641750014422,8.699137957899083,9.576503792115341,1,0,1,1,0,1,1,0,1,0,0.0,0.0,5,0.8333333333333334,35.67455104628919,0.0,0.0,1,capacity_drop,1,1,12.0,14.0,25.0,6,1.0,1.0,1.0,1,163,0.5659722222222223,0.08333333333333333,0.7083333333333334,0.8333333333333334,0.8333333333333334,0.6666666666666666,0.0,20.400961851089633,0.4166666666666667,6.0
452,37.666666666666664,37.666666666666664,1,13.666666666666664,13:39,18.380801844936265,8.695121769942759,9.685680074993506,1,1,0,1,1,0,0,0,0,0,0.0,0.0,6,1.0,33.08600656546077,0.0,0.0,1,capacity_drop,1,1,12.0,14.0,20.0,6,1.0,1.0,1.0,1,164,0.5694444444444443,0.08333333333333333,0.75,0.9166666666666666,0.9166666666666666,0.6666666666666666,0.0,23.15812906487803,0.4166666666666667,6.0
453,37.75,37.75,1,13.75,13:45,18.506241965056223,8.69569081974589,9.810551145310333,0,0,0,0,0,0,0,0,0,0,0.0,0.0,6,1.0,0.0,0.0,0.0,1,capacity_drop,1,1,12.0,14.0,15.0,6,1.0,1.0,1.0,1,165,0.5729166666666666,0.08333333333333333,0.7916666666666666,0.8333333333333334,0.8333333333333334,0.5833333333333334,0.0,20.52329974862775,0.4166666666666667,6.0
454,37.833333333333336,37.833333333333336,1,13.833333333333336,13:50,18.653977171652162,8.701273207980098,9.952703963672064,1,1,0,1,1,0,1,1,0,0,0.0,0.0,6,1.0,31.907360331153544,0.0,0.0,1,capacity_drop,1,1,12.0,14.0,10.0,6,1.0,1.0,1.0,1,166,0.576388888888889,0.08333333333333333,0.8333333333333334,0.8333333333333334,0.8333333333333334,0.5833333333333334,0.0,19.666605354274207,0.4166666666666667,6.0
455,37.916666666666664,37.916666666666664,1,13.916666666666664,13:54,18.825930328755895,8.71221286254684,10.113717466209055,0,0,0,0,0,0,2,0,2,0,0.0,0.0,4,0.6666666666666666,0.0,0.0,2.5,1,capacity_drop,1,1,12.0,14.0,5.0,6,1.0,1.0,1.0,1,167,0.579861111111111,0.08333333333333333,0.8194444444444443,0.6666666666666666,0.6666666666666666,0.75,0.0,17.611713717849494,0.4166666666666667,6.0
456,38.0,38.0,1,14.0,14:00,19.023895501153813,8.72875163798738,10.295143863166434,1,0,1,1,0,1,0,0,0,0,0.0,0.0,5,0.45454545454545453,32.47354290002096,0.0,0.0,0,none,0,-1,-1.0,-1.0,0.0,11,1.0,1.0,1.0,0,168,0.5833333333333334,0.08333333333333333,0.8017676767676768,0.75,0.75,0.6666666666666666,0.0,20.317842292851243,0.4166666666666667,6.416666666666667
457,38.083333333333336,38.083333333333336,1,14.083333333333336,14:05,19.249501714982948,8.751013362054195,10.498488352928753,0,0,0,0,0,0,1,0,1,0,0.0,0.0,4,0.36363636363636365,0.0,0.0,0.0,0,none,0,-1,-1.0,-1.0,0.0,11,1.0,1.0,1.0,0,169,0.5868055555555557,0.08333333333333333,0.7765151515151515,0.75,0.75,0.75,0.0,20.317842292851243,0.4166666666666667,6.833333333333333
458,38.166666666666664,38.166666666666664,1,14.166666666666664,14:09,19.504177556859954,8.778990435911853,10.725187120948101,1,0,1,1,0,1,0,0,0,0,0.0,0.0,5,0.45454545454545453,42.33959965984521,0.0,0.0,0,none,0,-1,-1.0,-1.0,0.0,11,1.0,1.0,1.0,0,170,0.5902777777777777,0.08333333333333333,0.7449494949494949,0.75,0.75,0.75,0.0,22.59614226450501,0.4166666666666667,7.25
459,38.25,38.25,1,14.25,14:15,19.789117099729374,8.812533585538368,10.976583514191006,0,0,0,0,0,0,2,1,1,0,0.0,0.0,3,0.2727272727272727,0.0,0.0,0.0,0,none,0,-1,-1.0,-1.0,0.0,11,1.0,1.0,1.0,0,171,0.59375,0.0,0.6843434343434344,0.5833333333333334,0.6666666666666666,0.9166666666666666,0.0,19.80254386138851,0.4166666666666667,7.666666666666667
460,38.333333333333336,38.333333333333336,1,14.333333333333336,14:20,20.10524765085704,8.851345329119534,11.253902321737508,0,0,0,0,0,0,0,0,0,0,0.0,0.0,3,0.2727272727272727,0.0,0.0,0.0,0,none,0,-1,-1.0,-1.0,0.0,11,1.0,1.0,1.0,0,172,0.5972222222222223,0.0,0.6376262626262627,0.5833333333333334,0.5833333333333334,0.75,0.0,17.05250622481516,0.0,8.083333333333334
461,38.416666666666664,38.416666666666664,1,14.416666666666664,14:24,20.453199818904228,8.894977665895407,11.55822215300882,2,0,2,2,0,2,1,1,0,0,0.0,0.0,4,0.36363636363636365,26.71254791293166,0.0,0.0,0,none,0,-1,-1.0,-1.0,0.0,11,1.0,1.0,1.0,0,173,0.6006944444444443,0.0,0.6262626262626263,0.75,0.75,0.6666666666666666,0.0,19.278551884226133,0.0,8.5
462,38.5,38.5,1,14.5,14:30,20.833280392079033,8.942834404306268,11.890445987772763,0,0,0,0,0,0,0,0,0,0,0.0,0.0,4,0.36363636363636365,0.0,0.0,0.0,0,none,0,-1,-1.0,-1.0,0.0,11,1.0,1.0,1.0,0,174,0.6041666666666666,0.0,0.587121212121212,0.5833333333333334,0.5833333333333334,0.6666666666666666,0.0,16.849467367975112,0.0,8.916666666666666
463,38.583333333333336,38.583333333333336,1,14.583333333333336,14:35,21.245448507288465,8.994178430904247,12.251270076384218,3,1,2,3,1,2,1,0,1,0,0.0,0.0,6,0.5454545454545454,30.728092494150655,0.0,0.0,0,none,0,-1,-1.0,-1.0,0.0,11,1.0,1.0,1.0,0,175,0.607638888888889,0.0,0.5631313131313131,0.75,0.75,0.6666666666666666,0.0,16.437262488630235,0.0,9.333333333333334
464,38.666666666666664,38.666666666666664,1,14.666666666666664,14:39,21.68929557038578,9.048144077343084,12.641151493042695,3,0,3,3,0,3,0,0,0,0,0.0,0.0,9,0.8181818181818182,30.076970388949167,0.0,0.0,0,none,0,-1,-1.0,-1.0,0.0,11,1.0,1.0,1.0,0,176,0.611111111111111,0.0,0.547979797979798,0.9166666666666666,0.9166666666666666,0.6666666666666666,0.0,16.186509473920932,0.0,9.75
465,38.75,38.75,1,14.75,14:45,22.164029359491966,9.103754573509828,13.060274785982138,2,2,0,2,2,0,0,0,0,0,0.0,0.0,11,1.0,32.753790212073156,0.0,0.0,0,none,0,-1,-1.0,-1.0,0.0,11,1.0,1.0,1.0,0,177,0.6145833333333334,0.0,0.547979797979798,1.0833333333333333,1.0833333333333333,0.6666666666666666,0.0,18.915991991593696,0.0,10.166666666666666
466,38.833333333333336,38.833333333333336,1,14.833333333333336,14:50,22.668462706575408,9.159944384996713,13.508518321578695,0,0,0,0,0,0,1,0,1,0,0.0,0.0,10,0.9090909090909091,0.0,0.0,0.0,0,none,0,-1,-1.0,-1.0,0.0,11,1.0,1.0,1.0,0,178,0.6180555555555557,0.0,0.5404040404040403,1.0,1.0,0.6666666666666666,0.0,16.2570452973309,0.0,10.583333333333334
467,38.916666666666664,38.916666666666664,1,14.916666666666664,14:54,23.201007106769815,9.215586028918846,13.985421077850969,4,2,2,3,1,2,2,0,2,1,0.0,0.0,11,1.0,32.992765615831765,0.0,0.0,0,none,0,-1,-1.0,-1.0,0.0,11,1.0,1.0,1.0,0,179,0.6215277777777777,0.08333333333333333,0.5681818181818182,1.3333333333333333,1.25,0.6666666666666666,0.0,19.006442431983547,0.0,11.0
468,39.0,39.0,1,15.0,15:00,23.759671550263715,9.26952075156188,14.490150798701835,0,0,0,0,0,0,0,0,0,1,5.0,5.0,11,1.0,0.0,0.0,0.0,0,none,0,-1,-1.0,-1.0,0.0,11,1.0,1.0,1.0,0,180,0.625,0.16666666666666666,0.6136363636363636,1.25,1.1666666666666667,0.6666666666666666,0.4166666666666667,16.300313856981802,0.0,11.0
469,39.083333333333336,39.083333333333336,1,15.083333333333336,15:05,24.34206680820536,9.320592243964095,15.021474564241263,1,0,1,2,1,1,2,1,1,0,0.0,0.0,11,1.0,28.786517240379656,5.0,0.0,0,none,0,-1,-1.0,-1.0,0.0,11,1.0,1.0,1.0,0,181,0.6284722222222223,0.16666666666666666,0.6666666666666666,1.3333333333333333,1.3333333333333333,0.75,0.4166666666666667,18.699190293680108,0.4166666666666667,11.0
470,39.166666666666664,39.166666666666664,1,15.166666666666664,15:09,24.945415332384425,9.367682377874381,15.577732954510044,5,2,3,1,0,1,1,0,1,4,0.0,0.0,11,1.0,26.06289264264681,0.0,0.0,0,none,0,-1,-1.0,-1.0,0.0,11,1.0,1.0,1.0,0,182,0.6319444444444443,0.5,0.712121212121212,1.6666666666666667,1.3333333333333333,0.8333333333333334,0.4166666666666667,17.342798042246905,0.4166666666666667,11.0
471,39.25,39.25,1,15.25,15:15,25.566566849190355,9.409747775764568,16.156819073425787,1,0,1,3,2,1,3,1,2,2,2.5,5.0,11,1.0,31.7807928035114,5.0,0.0,0,none,0,-1,-1.0,-1.0,0.0,11,1.0,1.0,1.0,0,183,0.6354166666666666,0.6666666666666666,0.7727272727272726,1.75,1.5833333333333333,0.9166666666666666,0.625,19.99119744253952,0.8333333333333334,11.0
472,39.333333333333336,39.333333333333336,1,15.333333333333336,15:20,26.202019642504617,9.44585589590243,16.756163746602187,0,0,0,1,0,1,1,0,1,1,5.0,5.0,11,1.0,46.41160222412627,10.0,0.0,0,none,0,-1,-1.0,-1.0,0.0,11,1.0,1.0,1.0,0,184,0.638888888888889,0.75,0.8333333333333334,1.75,1.6666666666666667,1.0,1.0416666666666667,23.85883096121671,1.6666666666666667,11.0
473,39.416666666666664,39.416666666666664,1,15.416666666666664,15:24,26.847947429031734,9.475219227424237,17.372728201607497,2,0,2,2,0,2,2,1,1,1,0.0,0.0,11,1.0,30.090413443463305,5.0,0.0,0,none,0,-1,-1.0,-1.0,0.0,11,1.0,1.0,1.0,0,185,0.642361111111111,0.8333333333333334,0.8863636363636364,1.75,1.6666666666666667,1.0833333333333333,1.0416666666666667,24.140319755427683,2.0833333333333335,11.0
474,39.5,39.5,1,15.5,15:30,27.500231634640805,9.497226159997263,18.003005474643544,5,1,4,2,0,2,2,1,1,4,0.0,0.0,11,1.0,24.966235050757597,2.5,0.0,0,none,0,-1,-1.0,-1.0,0.0,11,1.0,1.0,1.0,0,186,0.6458333333333334,1.1666666666666667,0.9393939393939393,2.1666666666666665,1.8333333333333333,1.25,1.0416666666666667,26.220839342990814,2.2916666666666665,11.0
475,39.583333333333336,39.583333333333336,1,15.583333333333336,15:35,28.154498783354047,9.511467125030162,18.643031658323885,2,2,0,1,0,1,1,0,1,5,3.0,5.0,11,1.0,34.45874465992005,5.0,0.0,0,none,0,-1,-1.0,-1.0,0.0,11,1.0,1.0,1.0,0,187,0.6493055555555557,1.5833333333333333,0.9772727272727272,2.0833333333333335,1.6666666666666667,1.25,1.2916666666666667,26.5317270234716,2.7083333333333335,11.0
476,39.666666666666664,39.666666666666664,1,15.666666666666664,15:39,28.80616261366367,9.517754704692791,19.28840790897088,2,0,2,2,0,2,2,1,1,5,4.0,10.0,11,1.0,31.304969585158563,10.0,5.0,0,none,0,-1,-1.0,-1.0,0.0,11,1.0,1.0,1.0,0,188,0.6527777777777777,2.0,0.9924242424242423,2.0,1.5833333333333333,1.4166666666666667,1.625,26.634060289822383,3.5416666666666665,11.0
477,39.75,39.75,1,15.75,15:45,29.450470442021608,9.516136572142347,19.93433386987926,3,2,1,2,2,0,2,2,0,6,3.3333333333333335,10.0,11,1.0,25.346479623856904,12.5,5.0,0,none,0,-1,-1.0,-1.0,0.0,11,1.0,1.0,1.0,0,189,0.65625,2.5,0.9924242424242423,2.0833333333333335,1.5833333333333333,1.5833333333333333,1.9027777777777777,26.016784407471025,4.583333333333333,11.0
478,39.833333333333336,39.833333333333336,1,15.833333333333336,15:50,30.082553202885293,9.506900358507847,20.575652844377444,1,0,1,1,1,0,1,0,1,6,5.833333333333333,10.0,11,1.0,35.877437947716196,15.0,0.0,0,none,0,-1,-1.0,-1.0,0.0,11,1.0,1.0,1.0,0,190,0.6597222222222223,3.0,1.0,2.1666666666666665,1.6666666666666667,1.5833333333333333,2.388888888888889,29.006570903114042,5.833333333333333,11.0
479,39.916666666666664,39.916666666666664,1,15.916666666666664,15:54,30.69747851091476,9.490569832664995,21.206908678249764,0,0,0,1,0,1,1,0,1,5,10.0,15.0,11,1.0,42.33404457888071,15.0,0.0,0,none,0,-1,-1.0,-1.0,0.0,11,1.0,1.0,1.0,0,191,0.6631944444444443,3.3333333333333335,1.0,1.8333333333333333,1.5,1.5,3.222222222222222,29.78501081670146,7.083333333333333,11.0
480,40.0,40.0,1,16.0,16:00,31.290306016074027,9.467892118126867,21.822413897947158,3,1,2,2,1,1,2,0,2,6,6.666666666666667,15.0,11,1.0,30.030070650862577,17.5,7.5,0,none,0,-1,-1.0,-1.0,0.0,11,1.0,1.0,1.0,0,192,0.6666666666666666,3.75,1.0,2.0833333333333335,1.6666666666666667,1.6666666666666667,3.361111111111111,32.28751670427334,8.541666666666666,11.0
481,40.083333333333336,40.083333333333336,1,16.083333333333336,16:05,31.856144258679898,9.43981604348049,22.416328215199407,3,0,3,2,1,1,2,0,2,7,4.285714285714286,15.0,11,1.0,27.057941268699444,20.0,7.5,0,none,0,-1,-1.0,-1.0,0.0,11,1.0,1.0,1.0,0,193,0.670138888888889,4.333333333333333,1.0,2.25,1.6666666666666667,1.6666666666666667,3.7182539682539684,32.14346870663332,9.791666666666666,11.0
482,40.166666666666664,40.166666666666664,1,16.166666666666664,16:09,32.390208180879874,9.40746211180715,22.98274606907272,0,0,0,3,1,2,3,1,2,4,6.25,10.0,11,1.0,33.495300492916606,13.333333333333334,10.0,0,none,0,-1,-1.0,-1.0,0.0,11,1.0,1.0,1.0,0,194,0.673611111111111,4.333333333333333,1.0,1.8333333333333333,1.8333333333333333,1.8333333333333333,4.239087301587301,32.762836027489136,10.902777777777779,11.0
483,40.25,40.25,1,16.25,16:15,32.88787641539791,9.372084961443933,23.515791453953977,4,0,4,1,0,1,1,1,0,7,4.285714285714286,10.0,11,1.0,30.34044800475371,15.0,10.0,0,none,0,-1,-1.0,-1.0,0.0,11,1.0,1.0,1.0,0,195,0.6770833333333334,4.75,1.0,2.0833333333333335,1.6666666666666667,1.6666666666666667,4.387896825396825,32.64280729425933,11.736111111111112,11.0
484,40.333333333333336,40.333333333333336,1,16.333333333333336,16:20,33.34474745313816,9.335029555223215,24.009717897914946,1,1,0,0,0,0,0,0,0,8,8.125,15.0,11,1.0,0.0,0.0,0.0,0,none,0,-1,-1.0,-1.0,0.0,11,1.0,1.0,1.0,0,196,0.6805555555555557,5.333333333333333,1.0,2.1666666666666665,1.5833333333333333,1.5833333333333333,4.648313492063492,28.775173775582136,10.902777777777779,11.0
485,40.416666666666664,40.416666666666664,1,16.416666666666664,16:24,33.75669378948209,9.297682658011649,24.459011131470444,5,1,4,1,0,1,1,0,1,12,7.083333333333333,20.0,11,1.0,33.5532178178957,20.0,10.0,0,none,0,-1,-1.0,-1.0,0.0,11,1.0,1.0,1.0,0,197,0.6840277777777777,6.25,1.0,2.4166666666666665,1.5,1.5,5.23859126984127,29.063740806784836,12.152777777777779,11.0
486,40.5,40.5,1,16.5,16:30,34.11991316553358,9.26142142433202,24.85849174120156,2,0,2,3,0,3,3,2,1,11,7.2727272727272725,15.0,11,1.0,35.06280448583378,21.666666666666668,18.333333333333332,0,none,0,-1,-1.0,-1.0,0.0,11,1.0,1.0,1.0,0,198,0.6875,6.833333333333333,1.0,2.1666666666666665,1.5833333333333333,1.5833333333333333,5.844651875901875,29.905121593041187,13.75,11.0
487,40.583333333333336,40.583333333333336,1,16.583333333333336,16:35,34.43097605539088,9.22756110299512,25.20341495239576,3,0,3,2,0,2,2,1,1,12,7.916666666666667,20.0,11,1.0,30.611008224204507,20.0,17.5,0,none,0,-1,-1.0,-1.0,0.0,11,1.0,1.0,1.0,0,199,0.6909722222222223,7.416666666666667,1.0,2.25,1.6666666666666667,1.6666666666666667,6.2543740981240985,29.58447689006489,15.0,11.0
488,40.666666666666664,40.666666666666664,1,16.666666666666664,16:39,34.68686860349537,9.197303961535981,25.489564641959387,3,1,2,1,0,1,1,0,1,14,9.285714285714286,20.0,11,1.0,40.562486417713494,25.0,15.0,0,none,0,-1,-1.0,-1.0,0.0,11,1.0,1.0,1.0,0,200,0.6944444444444443,8.166666666666666,1.0,2.3333333333333335,1.5833333333333333,1.5833333333333333,6.694850288600288,30.355936626111134,16.25,11.0
489,40.75,40.75,1,16.75,16:45,34.88503028647547,9.171691531932606,25.713338754542864,2,2,0,2,1,1,2,0,2,14,11.071428571428571,20.0,11,1.0,26.624715281111968,22.5,15.0,0,none,0,-1,-1.0,-1.0,0.0,11,1.0,1.0,1.0,0,201,0.6979166666666666,8.833333333333334,1.0,2.25,1.5833333333333333,1.5833333333333333,7.339691558441559,30.46245626421572,17.083333333333332,11.0
490,40.833333333333336,40.833333333333336,1,16.833333333333336,16:50,35.02338566044037,9.151562177882349,25.87182348255802,4,0,4,2,0,2,2,1,1,16,10.9375,25.0,11,1.0,37.624799836846904,25.0,12.5,0,none,0,-1,-1.0,-1.0,0.0,11,1.0,1.0,1.0,0,202,0.701388888888889,9.666666666666666,1.0,2.5,1.6666666666666667,1.6666666666666667,7.76503878066378,30.608069754976615,17.916666666666668,11.0
491,40.916666666666664,40.916666666666664,1,16.916666666666664,16:54,35.10036965568598,9.13751578565321,25.96285387003277,1,1,0,0,0,0,0,0,0,17,15.0,30.0,11,1.0,0.0,0.0,0.0,0,none,0,-1,-1.0,-1.0,0.0,11,1.0,1.0,1.0,0,203,0.704861111111111,10.666666666666666,1.0,2.5833333333333335,1.5833333333333333,1.5833333333333333,8.181705447330447,27.080232706736556,16.666666666666668,11.0
492,41.0,41.0,1,17.0,17:00,35.11494599413609,9.129887093561539,25.985058900574554,1,0,1,2,1,1,2,0,2,16,16.875,30.0,11,1.0,27.27896456389232,35.0,20.0,0,none,0,-1,-1.0,-1.0,0.0,11,1.0,1.0,1.0,0,204,0.7083333333333334,11.5,1.0,2.4166666666666665,1.5833333333333333,1.5833333333333333,9.032399891774892,26.8509738661557,18.125,11.0
493,41.083333333333336,41.083333333333336,1,17.083333333333336,17:05,35.06661842807186,9.128728812929902,25.93788961514196,1,1,0,1,0,1,1,0,1,16,19.6875,35.0,11,1.0,39.5276222164683,35.0,25.0,0,none,0,-1,-1.0,-1.0,0.0,11,1.0,1.0,1.0,0,205,0.7118055555555557,12.25,1.0,2.25,1.5,1.5,10.315882034632034,27.890113945136438,19.375,11.0
494,41.166666666666664,41.166666666666664,1,17.166666666666664,17:09,34.95543462901268,9.13380527382459,25.821629355188087,1,0,1,2,0,2,2,0,2,15,21.333333333333332,35.0,11,1.0,16.67527491017167,37.5,20.0,0,none,0,-1,-1.0,-1.0,0.0,11,1.0,1.0,1.0,0,206,0.7152777777777777,13.166666666666666,1.0,2.3333333333333335,1.4166666666666667,1.4166666666666667,11.572826479076477,26.488445146574364,21.388888888888886,11.0
495,41.25,41.25,1,17.25,17:15,34.78198268999153,9.144596873207066,25.637385816784462,1,0,1,2,0,2,2,1,1,14,22.5,35.0,11,1.0,34.7099323820108,40.0,22.5,0,none,0,-1,-1.0,-1.0,0.0,11,1.0,1.0,1.0,0,207,0.71875,13.75,1.0,2.0833333333333335,1.5,1.5,13.090683621933621,26.852568844679123,23.472222222222218,11.0
496,41.333333333333336,41.333333333333336,1,17.333333333333336,17:20,34.54738033977343,9.16031513471171,25.38706520506172,2,0,2,1,0,1,1,0,1,15,23.0,40.0,11,1.0,40.8743834617967,40.0,20.0,0,none,0,-1,-1.0,-1.0,0.0,11,1.0,1.0,1.0,0,208,0.7222222222222223,14.333333333333334,1.0,2.1666666666666665,1.5833333333333333,1.5833333333333333,14.330266955266955,30.258767466495513,26.805555555555554,11.0
497,41.416666666666664,41.416666666666664,1,17.416666666666664,17:24,34.2532571006037,9.179927732138495,25.073329368465203,1,0,1,2,1,1,2,0,2,14,23.571428571428573,40.0,11,1.0,28.05158221337451,45.0,30.0,0,none,0,-1,-1.0,-1.0,0.0,11,1.0,1.0,1.0,0,209,0.7256944444444443,14.5,1.0,1.8333333333333333,1.6666666666666667,1.6666666666666667,15.704274891774892,29.800297832785414,28.888888888888886,11.0
498,41.5,41.5,1,17.5,17:30,33.90172974870734,9.202192406228747,24.699537342478592,5,1,4,4,2,2,4,0,4,15,15.333333333333334,40.0,11,1.0,27.659598486934463,42.5,31.25,0,none,0,-1,-1.0,-1.0,0.0,11,1.0,1.0,1.0,0,210,0.7291666666666666,14.833333333333334,1.0,2.0833333333333335,1.75,1.75,16.375992063492063,29.183363999543804,30.625,11.0
499,41.583333333333336,41.583333333333336,1,17.583333333333336,17:35,33.49537155599346,9.225698337528634,24.269673218464824,0,0,0,1,0,1,1,1,0,14,18.571428571428573,45.0,11,1.0,29.779457555463367,45.0,35.0,0,none,0,-1,-1.0,-1.0,0.0,11,1.0,1.0,1.0,0,211,0.732638888888889,15.0,1.0,1.8333333333333333,1.6666666666666667,1.6666666666666667,17.26388888888889,29.11406811048204,32.708333333333336,11.0
500,41.666666666666664,41.666666666666664,1,17.666666666666664,17:39,33.03717589948521,9.248913244897908,23.788262654587303,5,2,3,0,0,0,0,0,0,19,17.36842105263158,50.0,11,1.0,0.0,0.0,0.0,0,none,0,-1,-1.0,-1.0,0.0,11,1.0,1.0,1.0,0,212,0.736111111111111,15.416666666666666,1.0,2.0,1.5833333333333333,1.5833333333333333,17.937447786131997,25.733860909005916,30.625,11.0
501,41.75,41.75,1,17.75,17:45,32.53051491944552,9.27023427284599,23.260280646599533,1,0,1,1,0,1,1,0,1,19,19.473684210526315,50.0,11,1.0,19.810666297178173,55.0,35.0,0,none,0,-1,-1.0,-1.0,0.0,11,1.0,1.0,1.0,0,213,0.7395833333333334,15.833333333333334,1.0,1.9166666666666667,1.5,1.5,18.637635756056806,25.1660234936781,33.333333333333336,11.0
502,41.833333333333336,41.833333333333336,1,17.833333333333336,17:50,31.979093985931605,9.288040619622178,22.691053366309426,2,2,0,2,1,1,2,0,2,19,18.94736842105263,45.0,11,1.0,37.42003119617839,52.5,42.5,0,none,0,-1,-1.0,-1.0,0.0,11,1.0,1.0,1.0,0,214,0.7430555555555557,16.083333333333332,1.0,1.75,1.5,1.5,19.305124791144525,25.148959440289058,35.625,11.0
503,41.916666666666664,41.916666666666664,1,17.916666666666664,17:54,31.386902794955205,9.300745844635307,22.086156950319896,1,0,1,3,1,2,3,2,1,17,18.823529411764707,35.0,11,1.0,22.57927194176433,45.0,43.333333333333336,0,none,0,-1,-1.0,-1.0,0.0,11,1.0,1.0,1.0,0,215,0.7465277777777777,16.083333333333332,1.0,1.75,1.75,1.75,19.62375224212492,27.030565435436085,39.375,11.0
504,42.0,42.0,1,18.0,18:00,30.758163958405603,9.306847875653567,21.451316082752037,2,0,2,2,0,2,2,1,1,17,19.11764705882353,35.0,11,1.0,33.15240786244444,40.0,42.5,0,none,0,-1,-1.0,-1.0,0.0,11,1.0,1.0,1.0,0,216,0.75,16.166666666666668,1.0,1.8333333333333333,1.75,1.75,19.81063949702688,27.520019043648762,39.791666666666664,11.0
505,42.083333333333336,42.083333333333336,1,18.083333333333336,18:05,30.097279975765876,9.304974905556122,20.792305070209753,2,0,2,3,0,3,3,0,3,16,18.75,35.0,11,1.0,25.454760140459786,36.666666666666664,46.666666666666664,0,none,0,-1,-1.0,-1.0,0.0,11,1.0,1.0,1.0,0,217,0.7534722222222223,16.166666666666668,1.0,1.9166666666666667,1.9166666666666667,1.9166666666666667,19.73251449702688,26.34728053731472,39.93055555555555,11.0
506,42.166666666666664,42.166666666666664,1,18.166666666666664,18:09,29.40877948029537,9.293925612955576,20.114853867339793,4,2,2,2,1,1,2,0,2,18,16.666666666666668,40.0,11,1.0,20.644788441547597,40.0,40.0,0,none,0,-1,-1.0,-1.0,0.0,11,1.0,1.0,1.0,0,218,0.7569444444444443,16.416666666666668,1.0,2.1666666666666665,1.9166666666666667,1.9166666666666667,19.343625608137994,26.678073331596043,40.138888888888886,11.0
507,42.25,42.25,1,18.25,18:15,28.697263638153192,9.272702445050424,19.424561193102768,2,0,2,0,0,0,0,0,0,20,19.5,45.0,11,1.0,0.0,0.0,0.0,0,none,0,-1,-1.0,-1.0,0.0,11,1.0,1.0,1.0,0,219,0.7604166666666666,16.916666666666668,1.0,2.25,1.75,1.75,19.093625608137994,23.785578966428478,36.80555555555555,11.0
508,42.333333333333336,42.333333333333336,1,18.333333333333336,18:20,27.96735354676904,9.240537046453095,18.726816500315945,2,0,2,2,0,2,2,0,2,20,20.0,40.0,11,1.0,23.554010931337732,45.0,40.0,0,none,0,-1,-1.0,-1.0,0.0,11,1.0,1.0,1.0,0,220,0.763888888888889,17.333333333333332,1.0,2.25,1.8333333333333333,1.8333333333333333,18.843625608137994,22.342214588890233,37.22222222222222,11.0
509,42.416666666666664,42.416666666666664,1,18.416666666666664,18:24,27.223639429946502,9.196907285107601,18.0267321448389,0,0,0,2,1,1,2,2,0,18,22.77777777777778,45.0,11,1.0,34.40624534852084,45.0,52.5,0,none,0,-1,-1.0,-1.0,0.0,11,1.0,1.0,1.0,0,221,0.767361111111111,17.666666666666668,1.0,2.1666666666666665,1.8333333333333333,1.8333333333333333,18.777488042000424,22.87176985015243,37.22222222222222,11.0
510,42.5,42.5,1,18.5,18:30,26.47063236343379,9.14154569638572,17.32908666704807,1,0,1,0,0,0,0,0,0,19,26.31578947368421,50.0,11,1.0,0.0,0.0,0.0,0,none,0,-1,-1.0,-1.0,0.0,11,1.0,1.0,1.0,0,222,0.7708333333333334,18.0,1.0,1.8333333333333333,1.5,1.5,19.692692720363,20.566803309574556,33.68055555555555,11.0
511,42.583333333333336,42.583333333333336,1,18.583333333333336,18:35,25.712719188060767,9.074439520771781,16.638279667288987,0,0,0,6,3,3,6,1,5,13,23.46153846153846,35.0,11,1.0,28.294970405215945,48.333333333333336,41.666666666666664,0,none,0,-1,-1.0,-1.0,0.0,11,1.0,1.0,1.0,0,223,0.7743055555555557,17.916666666666668,1.0,1.8333333333333333,1.9166666666666667,1.9166666666666667,20.100201877872156,20.443096047053935,33.958333333333336,11.0
512,42.666666666666664,42.666666666666664,1,18.666666666666664,18:39,24.95412118033064,8.995822833054309,15.958298347276333,0,0,0,1,0,1,1,0,1,12,27.5,40.0,11,1.0,46.72935017646688,40.0,35.0,0,none,0,-1,-1.0,-1.0,0.0,11,1.0,1.0,1.0,0,224,0.7777777777777777,17.333333333333332,1.0,1.4166666666666667,2.0,2.0,20.94450012348619,24.33720856175951,37.291666666666664,11.0
513,42.75,42.75,1,18.75,18:45,24.198856955072106,8.90616153835985,15.292695416712256,0,0,0,1,0,1,1,0,1,11,31.363636363636363,40.0,11,1.0,37.657827348843604,45.0,40.0,0,none,0,-1,-1.0,-1.0,0.0,11,1.0,1.0,1.0,0,225,0.78125,16.666666666666668,1.0,1.3333333333333333,2.0,2.0,21.935329469578694,25.824471982731627,36.458333333333336,11.0
514,42.833333333333336,42.833333333333336,1,18.833333333333336,18:50,23.450709973998705,8.806132232833583,14.64457774116512,1,0,1,2,0,2,2,1,1,10,31.0,40.0,11,1.0,26.94566136128573,45.0,47.5,0,none,0,-1,-1.0,-1.0,0.0,11,1.0,1.0,1.0,0,226,0.7847222222222223,15.916666666666666,1.0,1.25,2.0,2.0,22.939715434490978,24.95160782982391,35.833333333333336,11.0
515,42.916666666666664,42.916666666666664,1,18.916666666666664,18:54,22.71320093041412,8.69659608814216,14.016604842271962,0,0,0,2,1,1,2,1,1,8,33.75,45.0,11,1.0,32.50064211920015,45.0,42.5,0,none,0,-1,-1.0,-1.0,0.0,11,1.0,1.0,1.0,0,227,0.7881944444444443,15.166666666666666,1.0,1.1666666666666667,1.9166666666666667,1.9166666666666667,24.183587983510588,25.778388677943557,35.833333333333336,11.0
516,43.0,43.0,1,19.0,19:00,21.989565176425764,8.57856901683194,13.410996159593822,2,2,0,0,0,0,0,0,0,10,31.0,50.0,11,1.0,0.0,0.0,0.0,0,none,0,-1,-1.0,-1.0,0.0,11,1.0,1.0,1.0,0,228,0.7916666666666666,14.583333333333334,1.0,1.1666666666666667,1.75,1.75,25.17378406194196,23.015688022739855,32.5,11.0
517,43.083333333333336,43.083333333333336,1,19.083333333333336,19:05,21.28273525733151,8.453189411037265,12.829545846294245,0,0,0,1,0,1,1,0,1,9,33.888888888888886,55.0,11,1.0,39.74165611624602,55.0,50.0,0,none,0,-1,-1.0,-1.0,0.0,11,1.0,1.0,1.0,0,229,0.795138888888889,14.0,1.0,1.0,1.5833333333333333,1.5833333333333333,26.43535813601603,24.206262687388705,34.02777777777778,11.0
518,43.166666666666664,43.166666666666664,1,19.166666666666664,19:09,20.595328520590208,8.321684724343905,12.273643796246303,1,1,0,2,1,1,2,0,2,8,29.375,55.0,11,1.0,32.17132885351193,57.5,50.0,0,none,0,-1,-1.0,-1.0,0.0,11,1.0,1.0,1.0,0,230,0.798611111111111,13.166666666666666,1.0,0.75,1.5833333333333333,1.5833333333333333,27.494385913793806,25.16680772171907,35.486111111111114,11.0
519,43.25,43.25,1,19.25,19:15,19.9296396760039,8.185338092596583,11.744301583407319,1,0,1,3,0,3,3,2,1,6,17.5,45.0,11,1.0,22.75620903633318,56.666666666666664,48.333333333333336,0,none,0,-1,-1.0,-1.0,0.0,11,1.0,1.0,1.0,0,231,0.8020833333333334,12.0,1.0,0.6666666666666666,1.8333333333333333,1.8333333333333333,27.32771924712714,27.06315847474684,40.208333333333336,11.0
520,43.333333333333336,43.333333333333336,1,19.333333333333336,19:20,19.287638101157803,8.04545607283965,11.242182028318155,1,0,1,0,0,0,0,0,0,7,19.285714285714285,50.0,11,1.0,0.0,0.0,0.0,0,none,0,-1,-1.0,-1.0,0.0,11,1.0,1.0,1.0,0,232,0.8055555555555557,10.916666666666666,1.0,0.5833333333333334,1.6666666666666667,1.6666666666666667,27.268195437603328,25.10032423046869,36.458333333333336,11.0
521,43.416666666666664,43.416666666666664,1,19.416666666666664,19:24,18.670969613200672,7.903338430365608,10.767631182835064,0,0,0,3,1,2,3,0,3,4,13.75,25.0,11,1.0,34.28350662365953,38.333333333333336,45.0,0,none,0,-1,-1.0,-1.0,0.0,11,1.0,1.0,1.0,0,233,0.8090277777777777,9.75,1.0,0.5833333333333334,1.75,1.75,26.515880622788515,25.090096003396912,35.90277777777778,11.0
522,43.5,43.5,1,19.5,19:30,18.080962365783023,7.760250732515361,10.320711633267662,1,0,1,1,1,0,1,0,1,4,11.25,20.0,11,1.0,35.640497007869406,30.0,40.0,0,none,0,-1,-1.0,-1.0,0.0,11,1.0,1.0,1.0,0,234,0.8125,8.5,1.0,0.5833333333333334,1.8333333333333333,1.8333333333333333,25.260398166648162,28.060137420719368,38.40277777777778,11.0
523,43.583333333333336,43.583333333333336,1,19.583333333333336,19:35,17.51863647912623,7.617400324809055,9.901236154317173,0,0,0,1,1,0,1,1,0,3,13.333333333333334,20.0,11,1.0,27.874916011533685,25.0,45.0,0,none,0,-1,-1.0,-1.0,0.0,11,1.0,1.0,1.0,0,235,0.8159722222222223,7.666666666666667,1.0,0.5833333333333334,1.4166666666666667,1.4166666666666667,24.416381072631072,28.02513288791251,36.458333333333336,11.0
524,43.666666666666664,43.666666666666664,1,19.666666666666664,19:39,16.984716972152892,7.475916079896802,9.50880089225609,2,0,2,3,0,3,3,1,2,2,0.0,0.0,11,1.0,32.75876862146007,18.333333333333332,58.333333333333336,0,none,0,-1,-1.0,-1.0,0.0,11,1.0,1.0,1.0,0,236,0.8194444444444443,6.833333333333333,1.0,0.75,1.5833333333333333,1.5833333333333333,22.124714405964408,26.860917758328608,34.65277777777778,11.0
525,43.75,43.75,1,19.75,19:45,16.479649538420226,7.336832131294739,9.142817407125486,0,0,0,2,0,2,2,0,2,0,0.0,0.0,11,1.0,31.574795568982573,5.0,55.0,0,none,0,-1,-1.0,-1.0,0.0,11,1.0,1.0,1.0,0,237,0.8229166666666666,5.916666666666667,1.0,0.75,1.6666666666666667,1.6666666666666667,19.51107804232804,26.353998443340192,31.319444444444446,11.0
526,43.833333333333336,43.833333333333336,1,19.833333333333336,19:50,16.003618691996333,7.201075639059791,8.802543052936542,0,0,0,0,0,0,1,0,1,0,0.0,0.0,10,0.9090909090909091,0.0,0.0,55.0,0,none,0,-1,-1.0,-1.0,0.0,11,1.0,1.0,1.0,0,238,0.826388888888889,5.083333333333333,0.9924242424242425,0.6666666666666666,1.5,1.5833333333333333,16.927744708994705,24.108526663233047,27.569444444444446,11.0
527,43.916666666666664,43.916666666666664,1,19.916666666666664,19:54,15.556567804863064,7.069458488968011,8.487109315895054,1,0,1,1,0,1,1,0,1,0,0.0,0.0,10,0.9090909090909091,42.85746592455453,0.0,35.0,0,none,0,-1,-1.0,-1.0,0.0,11,1.0,1.0,1.0,0,239,0.829861111111111,4.416666666666667,0.9848484848484849,0.75,1.4166666666666667,1.5,14.115244708994709,24.971595313679245,23.819444444444446,11.0
528,44.0,44.0,1,20.0,20:00,15.138220563138113,6.942672704205335,8.195547858932777,0,0,0,0,0,0,0,0,0,0,0.0,0.0,10,0.9090909090909091,0.0,0.0,0.0,0,none,0,-1,-1.0,-1.0,0.0,11,1.0,1.0,1.0,0,240,0.8333333333333334,3.5833333333333335,0.9772727272727274,0.5833333333333334,1.4166666666666667,1.5,11.531911375661375,24.971595313679245,23.819444444444446,11.0
529,44.083333333333336,44.083333333333336,1,20.083333333333336,20:05,14.748103384393705,6.821289251198996,7.926814133194708,0,0,0,0,0,0,4,2,2,0,0.0,0.0,6,0.5454545454545454,0.0,0.0,31.25,0,none,0,-1,-1.0,-1.0,0.0,11,1.0,1.0,1.0,0,241,0.8368055555555557,2.8333333333333335,0.9393939393939394,0.5833333333333334,1.3333333333333333,1.75,8.707837301587302,21.65979063732541,19.23611111111111,11.0
530,44.166666666666664,44.166666666666664,1,20.166666666666664,20:09,14.385568361469645,6.705759849625697,7.679808511843948,0,0,0,0,0,0,1,1,0,0,0.0,0.0,5,0.45454545454545453,0.0,0.0,30.0,0,none,0,-1,-1.0,-1.0,0.0,11,1.0,1.0,1.0,0,242,0.8402777777777777,2.1666666666666665,0.893939393939394,0.5,1.1666666666666667,1.6666666666666667,6.259920634920635,18.97884656619941,14.444444444444445,11.0
531,44.25,44.25,1,20.25,20:15,14.04981632818525,6.596421350111682,7.453394978073567,0,0,0,0,0,0,1,0,1,0,0.0,0.0,4,0.36363636363636365,0.0,0.0,5.0,0,none,0,-1,-1.0,-1.0,0.0,11,1.0,1.0,1.0,0,243,0.84375,1.6666666666666667,0.8409090909090909,0.4166666666666667,0.9166666666666666,1.5,4.801587301587301,17.08249581317165,9.722222222222223,11.0
532,44.333333333333336,44.333333333333336,1,20.333333333333336,20:20,13.739919677927565,6.493502219886451,7.2464174580411145,0,0,0,0,0,0,2,0,2,0,0.0,0.0,2,0.18181818181818182,0.0,0.0,15.0,0,none,0,-1,-1.0,-1.0,0.0,11,1.0,1.0,1.0,0,244,0.8472222222222223,1.0833333333333333,0.7727272727272728,0.3333333333333333,0.9166666666666666,1.6666666666666667,3.1944444444444446,17.08249581317165,9.722222222222221,11.0
533,44.416666666666664,44.416666666666664,1,20.416666666666664,20:24,13.454844605892891,6.397130674047501,7.057713931845389,0,0,0,0,0,0,1,0,1,0,0.0,0.0,1,0.09090909090909091,0.0,0.0,10.0,0,none,0,-1,-1.0,-1.0,0.0,11,1.0,1.0,1.0,0,245,0.8506944444444443,0.75,0.6969696969696969,0.3333333333333333,0.6666666666666666,1.5,2.048611111111111,14.22553692786669,6.527777777777778,11.0
534,44.5,44.5,1,20.5,20:30,13.193472488465396,6.3073440049750635,6.8861284834903325,0,0,0,0,0,0,0,0,0,0,0.0,0.0,1,0.09090909090909091,0.0,0.0,0.0,0,none,0,-1,-1.0,-1.0,0.0,11,1.0,1.0,1.0,0,246,0.8541666666666666,0.4166666666666667,0.6212121212121212,0.25,0.5833333333333334,1.4166666666666667,1.1111111111111112,11.255495510544238,4.027777777777778,11.0
535,44.583333333333336,44.583333333333336,1,20.583333333333336,20:35,12.954620157558587,6.2240986913491545,6.730521466209432,0,0,0,0,0,0,0,0,0,0,0.0,0.0,1,0.09090909090909091,0.0,0.0,0.0,0,none,0,-1,-1.0,-1.0,0.0,11,1.0,1.0,1.0,0,247,0.857638888888889,0.16666666666666666,0.5454545454545455,0.25,0.5,1.3333333333333333,0.0,8.932585842916431,1.9444444444444444,11.0
536,44.666666666666664,44.666666666666664,1,20.666666666666664,20:39,12.73705887253806,6.147280907651473,6.589777964886588,1,1,0,1,1,0,1,0,1,0,0.0,0.0,1,0.09090909090909091,36.41565854161581,0.0,0.0,0,none,0,-1,-1.0,-1.0,0.0,11,1.0,1.0,1.0,0,248,0.861111111111111,0.0,0.46969696969696967,0.16666666666666666,0.3333333333333333,1.1666666666666667,0.0,9.237326669596078,0.4166666666666667,11.0
537,44.75,44.75,1,20.75,20:45,12.539531836511904,6.076717101595184,6.462814734916719,0,0,0,0,0,0,0,0,0,0,0.0,0.0,1,0.09090909090909091,0.0,0.0,0.0,0,none,0,-1,-1.0,-1.0,0.0,11,1.0,1.0,1.0,0,249,0.8645833333333334,0.0,0.393939393939394,0.16666666666666666,0.16666666666666666,1.0,0.0,6.606093705514195,0.0,11.0
538,44.833333333333336,44.833333333333336,1,20.833333333333336,20:50,12.360770146367816,6.012184357506109,6.348585788861707,0,0,0,0,0,0,0,0,0,0,0.0,0.0,1,0.09090909090909091,0.0,0.0,0.0,0,none,0,-1,-1.0,-1.0,0.0,11,1.0,1.0,1.0,0,250,0.8680555555555557,0.0,0.32575757575757575,0.16666666666666666,0.16666666666666666,0.9166666666666666,0.0,6.606093705514195,0.0,11.0
539,44.916666666666664,44.916666666666664,1,20.916666666666664,20:54,12.19950710614545,5.953420315551108,6.246086790594342,0,0,0,0,0,0,0,0,0,0,0.0,0.0,1,0.09090909090909091,0.0,0.0,0.0,0,none,0,-1,-1.0,-1.0,0.0,11,1.0,1.0,1.0,0,251,0.8715277777777777,0.0,0.2575757575757576,0.08333333333333333,0.08333333333333333,0.8333333333333334,0.0,3.0346382118013175,0.0,11.0
540,45.0,45.0,1,21.0,21:00,12.054490870500668,5.90013246759247,6.1543584029081995,1,1,0,1,1,0,0,0,0,0,0.0,0.0,2,0.18181818181818182,22.208917646310773,0.0,0.0,0,none,0,-1,-1.0,-1.0,0.0,11,1.0,1.0,1.0,0,252,0.875,0.0,0.196969696969697,0.16666666666666666,0.16666666666666666,0.8333333333333334,0.0,4.885381348993882,0.0,11.0
541,45.083333333333336,45.083333333333336,1,21.083333333333336,21:05,11.924495418634834,5.8520066985316905,6.072488720103144,0,0,0,0,0,0,0,0,0,0,0.0,0.0,2,0.18181818181818182,0.0,0.0,0.0,0,none,0,-1,-1.0,-1.0,0.0,11,1.0,1.0,1.0,0,253,0.8784722222222223,0.0,0.16666666666666666,0.16666666666666666,0.16666666666666666,0.5,0.0,4.885381348993882,0.0,11.0
542,45.166666666666664,45.166666666666664,1,21.166666666666664,21:09,11.80832988876633,5.808714985953212,5.999614902813118,0,0,0,0,0,0,0,0,0,0,0.0,0.0,2,0.18181818181818182,0.0,0.0,0.0,0,none,0,-1,-1.0,-1.0,0.0,11,1.0,1.0,1.0,0,254,0.8819444444444443,0.0,0.14393939393939395,0.16666666666666666,0.16666666666666666,0.4166666666666667,0.0,4.885381348993882,0.0,11.0
543,45.25,45.25,1,21.25,21:15,11.704846328794464,5.769922209790192,5.934924119004272,0,0,0,0,0,0,0,0,0,0,0.0,0.0,2,0.18181818181818182,0.0,0.0,0.0,0,none,0,-1,-1.0,-1.0,0.0,11,1.0,1.0,1.0,0,255,0.8854166666666666,0.0,0.12878787878787878,0.16666666666666666,0.16666666666666666,0.3333333333333333,0.0,4.885381348993882,0.0,11.0
544,45.333333333333336,45.333333333333336,1,21.333333333333336,21:20,11.612945940157196,5.735292057105526,5.87765388305167,0,0,0,0,0,0,1,1,0,0,0.0,0.0,1,0.09090909090909091,0.0,0.0,0.0,0,none,0,-1,-1.0,-1.0,0.0,11,1.0,1.0,1.0,0,256,0.888888888888889,0.0,0.12121212121212122,0.16666666666666666,0.16666666666666666,0.25,0.0,4.885381348993882,0.0,11.0
545,45.416666666666664,45.416666666666664,1,21.416666666666664,21:24,11.53158390904278,5.7044920347447965,5.827091874297984,0,0,0,0,0,0,1,1,0,0,0.0,0.0,0,0.0,0.0,0.0,0.0,0,none,0,-1,-1.0,-1.0,0.0,11,1.0,1.0,1.0,0,257,0.892361111111111,0.0,0.11363636363636365,0.16666666666666666,0.16666666666666666,0.25,0.0,4.885381348993882,0.0,11.0
546,45.5,45.5,1,21.5,21:30,11.459772932212921,5.677197624680009,5.782575307532912,1,1,0,1,1,0,0,0,0,0,0.0,0.0,1,0.09090909090909091,20.51643346001213,0.0,0.0,0,none,0,-1,-1.0,-1.0,0.0,11,1.0,1.0,1.0,0,258,0.8958333333333334,0.0,0.11363636363636365,0.25,0.25,0.25,0.0,6.595084137328226,0.0,11.0
547,45.583333333333336,45.583333333333336,1,21.583333333333336,21:35,11.396585553947567,5.6530956336399365,5.74348992030763,0,0,0,0,0,0,0,0,0,0,0.0,0.0,1,0.09090909090909091,0.0,0.0,0.0,0,none,0,-1,-1.0,-1.0,0.0,11,1.0,1.0,1.0,0,259,0.8993055555555557,0.0,0.11363636363636363,0.25,0.25,0.25,0.0,6.595084137328226,0.0,11.0
548,45.666666666666664,45.666666666666664,1,21.666666666666664,21:39,11.34115543631557,5.631886800580896,5.709268635734675,0,0,0,0,0,0,0,0,0,0,0.0,0.0,1,0.09090909090909091,0.0,0.0,0.0,0,none,0,-1,-1.0,-1.0,0.0,11,1.0,1.0,1.0,0,260,0.9027777777777777,0.0,0.11363636363636365,0.16666666666666666,0.16666666666666666,0.16666666666666666,0.0,3.5604459255269085,0.0,11.0
549,45.75,45.75,1,21.75,21:45,11.292677687450254,5.613287733252455,5.6793899541977995,2,1,1,2,1,1,0,0,0,0,0.0,0.0,3,0.2727272727272727,33.48586864031152,0.0,0.0,0,none,0,-1,-1.0,-1.0,0.0,11,1.0,1.0,1.0,0,261,0.90625,0.0,0.12878787878787878,0.3333333333333333,0.3333333333333333,0.16666666666666666,0.0,6.350934978886202,0.0,11.0
550,45.833333333333336,45.833333333333336,1,21.833333333333336,21:50,11.250408372138352,5.597032249165731,5.65337612297262,2,0,2,2,0,2,0,0,0,0,0.0,0.0,5,0.45454545454545453,35.09033655460581,0.0,0.0,0,none,0,-1,-1.0,-1.0,0.0,11,1.0,1.0,1.0,0,262,0.9097222222222223,0.0,0.1590909090909091,0.5,0.5,0.16666666666666666,0.0,9.27512969177002,0.0,11.0
551,45.916666666666664,45.916666666666664,1,21.916666666666664,21:54,11.213663326211062,5.582872197297954,5.630791128913109,0,0,0,0,0,0,1,1,0,0,0.0,0.0,4,0.36363636363636365,0.0,0.0,0.0,0,none,0,-1,-1.0,-1.0,0.0,11,1.0,1.0,1.0,0,263,0.9131944444444443,0.0,0.1818181818181818,0.5,0.5,0.25,0.0,9.27512969177002,0.0,11.0
552,46.0,46.0,1,22.0,22:00,11.181816391359748,5.570577835466623,5.611238555893125,1,1,0,1,1,0,0,0,0,0,0.0,0.0,5,0.45454545454545453,29.51281152132776,0.0,0.0,0,none,0,-1,-1.0,-1.0,0.0,11,1.0,1.0,1.0,0,264,0.9166666666666666,0.0,0.20454545454545456,0.5,0.5,0.25,0.0,9.883787514688102,0.0,11.0
553,46.083333333333336,46.083333333333336,1,22.083333333333336,22:05,11.15429718048388,5.559937835039233,5.594359345444647,3,2,1,3,2,1,0,0,0,0,0.0,0.0,8,0.7272727272727273,39.72746041299188,0.0,0.0,0,none,0,-1,-1.0,-1.0,0.0,11,1.0,1.0,1.0,0,265,0.920138888888889,0.0,0.25,0.75,0.75,0.25,0.0,13.194409215770756,0.0,11.0
554,46.166666666666664,46.166666666666664,1,22.166666666666664,22:09,11.130588475898081,5.55075898001428,5.579829495883802,0,0,0,0,0,0,0,0,0,0,0.0,0.0,8,0.7272727272727273,0.0,0.0,0.0,0,none,0,-1,-1.0,-1.0,0.0,11,1.0,1.0,1.0,0,266,0.923611111111111,0.0,0.29545454545454547,0.75,0.75,0.25,0.0,13.194409215770756,0.0,11.0
555,46.25,46.25,1,22.25,22:15,11.110223354037712,5.542865621956315,5.567357732081398,1,1,0,1,1,0,1,0,1,0,0.0,0.0,8,0.7272727272727273,27.882317302111183,0.0,0.0,0,none,0,-1,-1.0,-1.0,0.0,11,1.0,1.0,1.0,0,267,0.9270833333333334,0.0,0.3409090909090909,0.8333333333333334,0.8333333333333334,0.3333333333333333,0.0,15.517935657613357,0.0,11.0
556,46.333333333333336,46.333333333333336,1,22.333333333333336,22:20,11.092782121037228,5.5360989461655326,5.5566831748716945,0,0,0,0,0,0,0,0,0,0,0.0,0.0,8,0.7272727272727273,0.0,0.0,0.0,0,none,0,-1,-1.0,-1.0,0.0,11,1.0,1.0,1.0,0,268,0.9305555555555557,0.0,0.393939393939394,0.8333333333333334,0.8333333333333334,0.25,0.0,15.517935657613357,0.0,11.0
557,46.416666666666664,46.416666666666664,1,22.416666666666664,22:24,11.077889134007714,5.530316098118494,5.54757303588922,0,0,0,0,0,0,2,1,1,0,0.0,0.0,6,0.5454545454545454,0.0,0.0,0.0,0,none,0,-1,-1.0,-1.0,0.0,11,1.0,1.0,1.0,0,269,0.9340277777777777,0.0,0.4393939393939394,0.8333333333333334,0.8333333333333334,0.3333333333333333,0.0,15.517935657613357,0.0,11.0
558,46.5,46.5,1,22.5,22:30,11.065209573266051,5.525389212876043,5.539820360390008,1,0,1,1,0,1,2,1,1,0,0.0,0.0,5,0.45454545454545453,34.65297870210932,0.0,0.0,0,none,0,-1,-1.0,-1.0,0.0,11,1.0,1.0,1.0,0,270,0.9375,0.0,0.4696969696969697,0.8333333333333334,0.8333333333333334,0.5,0.0,16.69598109445479,0.0,11.0
559,46.583333333333336,46.583333333333336,1,22.583333333333336,22:35,11.054446221386895,5.521204384006137,5.533241837380758,1,1,0,1,1,0,0,0,0,0,0.0,0.0,6,0.5454545454545454,36.093702182475845,0.0,0.0,0,none,0,-1,-1.0,-1.0,0.0,11,1.0,1.0,1.0,0,271,0.9409722222222223,0.0,0.5075757575757576,0.9166666666666666,0.9166666666666666,0.5,0.0,19.70378960966111,0.0,11.0
560,46.666666666666664,46.666666666666664,1,22.666666666666664,22:39,11.045336295939368,5.51766060275124,5.527675693188129,0,0,0,0,0,0,1,1,0,0,0.0,0.0,5,0.45454545454545453,0.0,0.0,0.0,0,none,0,-1,-1.0,-1.0,0.0,11,1.0,1.0,1.0,0,272,0.9444444444444443,0.0,0.537878787878788,0.9166666666666666,0.9166666666666666,0.5833333333333334,0.0,19.70378960966111,0.0,11.0
561,46.75,46.75,1,22.75,22:45,11.037648374275019,5.514668692777917,5.522979681497103,0,0,0,0,0,0,1,1,0,0,0.0,0.0,4,0.36363636363636365,0.0,0.0,0.0,0,none,0,-1,-1.0,-1.0,0.0,11,1.0,1.0,1.0,0,273,0.9479166666666666,0.0,0.5454545454545454,0.75,0.75,0.6666666666666666,0.0,16.913300556301817,0.0,11.0
562,46.833333333333336,46.833333333333336,1,22.833333333333336,22:50,11.03117944085892,5.512150260939815,5.519029179919106,0,0,0,0,0,0,2,1,1,0,0.0,0.0,2,0.18181818181818182,0.0,0.0,0.0,0,none,0,-1,-1.0,-1.0,0.0,11,1.0,1.0,1.0,0,274,0.951388888888889,0.0,0.5227272727272727,0.5833333333333334,0.5833333333333334,0.8333333333333334,0.0,13.989105843417997,0.0,11.0
563,46.916666666666664,46.916666666666664,1,22.916666666666664,22:54,11.025752080455069,5.510036680094674,5.515715400360395,0,0,0,0,0,0,0,0,0,0,0.0,0.0,2,0.18181818181818182,0.0,0.0,0.0,0,none,0,-1,-1.0,-1.0,0.0,11,1.0,1.0,1.0,0,275,0.954861111111111,0.0,0.5075757575757576,0.5833333333333334,0.5833333333333334,0.75,0.0,13.989105843417997,0.0,11.0
564,47.0,47.0,1,23.0,23:00,11.021211834035757,5.508268116149105,5.512943717886652,0,0,0,0,0,0,0,0,0,0,0.0,0.0,2,0.18181818181818182,0.0,0.0,0.0,0,none,0,-1,-1.0,-1.0,0.0,11,1.0,1.0,1.0,0,276,0.9583333333333334,0.0,0.48484848484848486,0.5,0.5,0.75,0.0,11.529704883307351,0.0,11.0
565,47.083333333333336,47.083333333333336,1,23.083333333333336,23:05,11.017424728600275,5.5067926081511045,5.510632120449171,0,0,0,0,0,0,1,0,1,0,0.0,0.0,1,0.09090909090909091,0.0,0.0,0.0,0,none,0,-1,-1.0,-1.0,0.0,11,1.0,1.0,1.0,0,277,0.9618055555555557,0.0,0.4318181818181818,0.25,0.25,0.8333333333333334,0.0,8.219083182224695,0.0,11.0
566,47.166666666666664,47.166666666666664,1,23.166666666666664,23:09,11.014274987158913,5.505565207387003,5.508709779771911,0,0,0,0,0,0,0,0,0,0,0.0,0.0,1,0.09090909090909091,0.0,0.0,0.0,0,none,0,-1,-1.0,-1.0,0.0,11,1.0,1.0,1.0,0,278,0.9652777777777777,0.0,0.37878787878787884,0.25,0.25,0.8333333333333334,0.0,8.219083182224695,0.0,11.0
567,47.25,47.25,1,23.25,23:15,11.011662920942175,5.5045471790343425,5.507115741907833,0,0,0,0,0,0,1,1,0,0,0.0,0.0,0,0.0,0.0,0.0,0.0,0,none,0,-1,-1.0,-1.0,0.0,11,1.0,1.0,1.0,0,279,0.96875,0.0,0.3181818181818182,0.16666666666666666,0.16666666666666666,0.8333333333333334,0.0,5.895556740382098,0.0,11.0
568,47.333333333333336,47.333333333333336,1,23.333333333333336,23:20,11.00950300239716,5.503705267937626,5.505797734459534,0,0,0,0,0,0,0,0,0,0,0.0,0.0,0,0.0,0.0,0.0,0.0,0,none,0,-1,-1.0,-1.0,0.0,11,1.0,1.0,1.0,0,280,0.9722222222222223,0.0,0.25757575757575757,0.16666666666666666,0.16666666666666666,0.8333333333333334,0.0,5.895556740382098,0.0,11.0
569,47.416666666666664,47.416666666666664,1,23.416666666666664,23:24,11.007722114686809,5.503011028468728,5.504711086218081,0,0,0,0,0,0,0,0,0,0,0.0,0.0,0,0.0,0.0,0.0,0.0,0,none,0,-1,-1.0,-1.0,0.0,11,1.0,1.0,1.0,0,281,0.9756944444444443,0.0,0.21212121212121213,0.16666666666666666,0.16666666666666666,0.6666666666666666,0.0,5.895556740382098,0.0,11.0
570,47.5,47.5,1,23.5,23:30,11.006257971159055,5.502440217165992,5.503817753993062,0,0,0,0,0,0,0,0,0,0,0.0,0.0,0,0.0,0.0,0.0,0.0,0,none,0,-1,-1.0,-1.0,0.0,11,1.0,1.0,1.0,0,282,0.9791666666666666,0.0,0.17424242424242423,0.08333333333333333,0.08333333333333333,0.5,0.0,3.0078085152063205,0.0,11.0
571,47.583333333333336,47.583333333333336,1,23.583333333333336,23:35,11.005057696542984,5.501972245873942,5.503085450669041,2,1,1,2,1,1,0,0,0,0,0.0,0.0,2,0.18181818181818182,22.95565709516368,0.0,0.0,0,none,0,-1,-1.0,-1.0,0.0,11,1.0,1.0,1.0,0,283,0.982638888888889,0.0,0.14393939393939395,0.16666666666666666,0.16666666666666666,0.5,0.0,1.9129714245969733,0.0,11.0
572,47.666666666666664,47.666666666666664,1,23.666666666666664,23:39,11.004076560396394,5.5015896923886345,5.502486868007759,1,0,1,1,0,1,0,0,0,0,0.0,0.0,3,0.2727272727272727,34.22070652825452,0.0,0.0,0,none,0,-1,-1.0,-1.0,0.0,11,1.0,1.0,1.0,0,284,0.986111111111111,0.0,0.12878787878787878,0.25,0.25,0.4166666666666667,0.0,4.764696968618183,0.0,11.0
573,47.75,47.75,1,23.75,23:45,11.003276852512217,5.5012778651142815,5.501998987397935,2,2,0,2,2,0,0,0,0,0,0.0,0.0,5,0.45454545454545453,29.58270218870447,0.0,0.0,0,none,0,-1,-1.0,-1.0,0.0,11,1.0,1.0,1.0,0,285,0.9895833333333334,0.0,0.13636363636363638,0.4166666666666667,0.4166666666666667,0.3333333333333333,0.0,7.229922151010222,0.0,11.0
574,47.833333333333336,47.833333333333336,1,23.833333333333336,23:50,11.002626889529498,5.5010244179194245,5.501602471610074,2,1,1,2,1,1,0,0,0,0,0.0,0.0,7,0.6363636363636364,25.568731409410027,0.0,0.0,0,none,0,-1,-1.0,-1.0,0.0,11,1.0,1.0,1.0,0,286,0.9930555555555557,0.0,0.17424242424242423,0.5833333333333334,0.5833333333333334,0.16666666666666666,0.0,9.360649768461057,0.0,11.0
575,47.916666666666664,47.916666666666664,1,23.916666666666664,23:54,11.002100141830912,5.5008190112139035,5.501281130617009,1,1,0,1,1,0,0,0,0,0,0.0,0.0,8,0.7272727272727273,22.09540007944232,0.0,0.0,0,none,0,-1,-1.0,-1.0,0.0,11,1.0,1.0,1.0,0,287,0.9965277777777777,0.0,0.2196969696969697,0.6666666666666666,0.6666666666666666,0.16666666666666666,0.0,11.201933108414584,0.0,11.0
576,48.0,48.0,2,0.0,00:00,11.00008198637012,5.5000508316227625,5.500031154747357,0,0,0,0,0,0,2,1,1,0,0.0,0.0,6,0.5454545454545454,0.0,0.0,0.0,0,none,0,-1,-1.0,-1.0,0.0,11,1.0,1.0,1.0,0,0,0.0,0.0,0.25,0.6666666666666666,0.6666666666666666,0.3333333333333333,0.0,11.201933108414584,0.0,11.0
577,48.083333333333336,48.083333333333336,2,0.0833333333333357,00:05,11.000106230721423,5.50006586317033,5.500040367551093,0,0,0,0,0,0,0,0,0,0,0.0,0.0,6,0.5454545454545454,0.0,0.0,0.0,0,none,0,-1,-1.0,-1.0,0.0,11,1.0,1.0,1.0,0,1,0.003472222222222321,0.0,0.2878787878787879,0.6666666666666666,0.6666666666666666,0.25,0.0,11.201933108414584,0.0,11.0
578,48.166666666666664,48.166666666666664,2,0.1666666666666643,00:09,11.000137271539305,5.500085108559844,5.500052162979461,0,0,0,0,0,0,1,1,0,0,0.0,0.0,5,0.45454545454545453,0.0,0.0,0.0,0,none,0,-1,-1.0,-1.0,0.0,11,1.0,1.0,1.0,0,2,0.006944444444444346,0.0,0.3181818181818182,0.6666666666666666,0.6666666666666666,0.3333333333333333,0.0,11.201933108414584,0.0,11.0
579,48.25,48.25,2,0.25,00:15,11.000176902014061,5.5001096795899755,5.500067222424086,1,1,0,1,1,0,1,0,1,0,0.0,0.0,5,0.45454545454545453,38.330415148350376,0.0,0.0,0,none,0,-1,-1.0,-1.0,0.0,11,1.0,1.0,1.0,0,3,0.010416666666666666,0.0,0.356060606060606,0.75,0.75,0.3333333333333333,0.0,14.396134370777114,0.0,11.0
580,48.333333333333336,48.333333333333336,2,0.3333333333333357,00:20,11.000227356278621,5.500140961456445,5.500086394822176,1,1,0,1,1,0,3,2,1,0,0.0,0.0,3,0.2727272727272727,31.929780754387817,0.0,0.0,0,none,0,-1,-1.0,-1.0,0.0,11,1.0,1.0,1.0,0,4,0.013888888888888987,0.0,0.37878787878787873,0.8333333333333334,0.8333333333333334,0.5833333333333334,0.0,17.056949433642767,0.0,11.0
581,48.416666666666664,48.416666666666664,2,0.4166666666666643,00:24,11.000291409044976,5.50018067453398,5.500110734510996,1,1,0,1,1,0,1,1,0,0,0.0,0.0,3,0.2727272727272727,30.036768641027603,0.0,0.0,0,none,0,-1,-1.0,-1.0,0.0,11,1.0,1.0,1.0,0,5,0.01736111111111101,0.0,0.40151515151515144,0.9166666666666666,0.9166666666666666,0.6666666666666666,0.0,19.560013487061735,0.0,11.0
582,48.5,48.5,2,0.5,00:30,11.000372495477256,5.500230948709127,5.500141546768129,0,0,0,0,0,0,0,0,0,0,0.0,0.0,3,0.2727272727272727,0.0,0.0,0.0,0,none,0,-1,-1.0,-1.0,0.0,11,1.0,1.0,1.0,0,6,0.020833333333333332,0.0,0.42424242424242425,0.9166666666666666,0.9166666666666666,0.6666666666666666,0.0,19.560013487061735,0.0,11.0
583,48.583333333333336,48.583333333333336,2,0.5833333333333357,00:35,11.000474854853564,5.5002944124684205,5.500180442385144,0,0,0,0,0,0,0,0,0,0,0.0,0.0,3,0.2727272727272727,0.0,0.0,0.0,0,none,0,-1,-1.0,-1.0,0.0,11,1.0,1.0,1.0,0,7,0.024305555555555653,0.0,0.4318181818181818,0.75,0.75,0.6666666666666666,0.0,17.64704206246476,0.0,11.0
584,48.666666666666664,48.666666666666664,2,0.6666666666666643,00:39,11.000603702062527,5.500374299253697,5.50022940280883,0,0,0,0,0,0,0,0,0,0,0.0,0.0,3,0.2727272727272727,0.0,0.0,0.0,0,none,0,-1,-1.0,-1.0,0.0,11,1.0,1.0,1.0,0,8,0.02777777777777768,0.0,0.4318181818181818,0.6666666666666666,0.6666666666666666,0.6666666666666666,0.0,14.795316518443551,0.0,11.0
585,48.75,48.75,2,0.75,00:45,11.000765431513953,5.500474573928727,5.500290857585226,1,0,1,1,0,1,0,0,0,0,0.0,0.0,4,0.36363636363636365,20.010224884203527,0.0,0.0,0,none,0,-1,-1.0,-1.0,0.0,11,1.0,1.0,1.0,0,9,0.03125,0.0,0.42424242424242414,0.5833333333333334,0.5833333333333334,0.6666666666666666,0.0,13.997610076401806,0.0,11.0
586,48.833333333333336,48.833333333333336,2,0.8333333333333357,00:50,11.000967858612453,5.500600082556764,5.50036777605569,2,2,0,2,2,0,0,0,0,0,0.0,0.0,6,0.5454545454545454,31.40793247624227,0.0,0.0,0,none,0,-1,-1.0,-1.0,0.0,11,1.0,1.0,1.0,0,10,0.03472222222222232,0.0,0.4166666666666667,0.5833333333333334,0.5833333333333334,0.6666666666666666,0.0,14.484210165304491,0.0,11.0
587,48.916666666666664,48.916666666666664,2,0.9166666666666643,00:54,11.00122050454246,5.500756729063854,5.500463775478606,0,0,0,0,0,0,2,2,0,0,0.0,0.0,4,0.36363636363636365,0.0,0.0,0.0,0,none,0,-1,-1.0,-1.0,0.0,11,1.0,1.0,1.0,0,11,0.03819444444444434,0.0,0.3863636363636363,0.5,0.5,0.8333333333333334,0.0,12.642926825350967,0.0,11.0
588,49.0,49.0,2,1.0,01:00,11.001534930734644,5.5009516827530724,5.500583247981572,1,1,0,1,1,0,1,1,0,0,0.0,0.0,4,0.36363636363636365,36.00661800957842,0.0,0.0,0,none,0,-1,-1.0,-1.0,0.0,11,1.0,1.0,1.0,0,12,0.041666666666666664,0.0,0.37121212121212116,0.5833333333333334,0.5833333333333334,0.75,0.0,15.64347832614917,0.0,11.0
589,49.083333333333336,49.083333333333336,2,1.0833333333333357,01:05,11.001925130016067,5.501193621034091,5.500731508981977,0,0,0,0,0,0,0,0,0,0,0.0,0.0,4,0.36363636363636365,0.0,0.0,0.0,0,none,0,-1,-1.0,-1.0,0.0,11,1.0,1.0,1.0,0,13,0.045138888888888985,0.0,0.356060606060606,0.5833333333333334,0.5833333333333334,0.75,0.0,15.64347832614917,0.0,11.0
590,49.166666666666664,49.166666666666664,2,1.1666666666666643,01:09,11.002407982075074,5.501493012132404,5.500914969942669,4,3,1,4,3,1,1,0,1,0,0.0,0.0,7,0.6363636363636364,24.085224128652072,0.0,0.0,0,none,0,-1,-1.0,-1.0,0.0,11,1.0,1.0,1.0,0,14,0.048611111111111015,0.0,0.37121212121212116,0.9166666666666666,0.9166666666666666,0.75,0.0,17.650580336870174,0.0,11.0
591,49.25,49.25,2,1.25,01:15,11.003003781478727,5.501862442933056,5.501141338545671,2,0,2,2,0,2,0,0,0,0,0.0,0.0,9,0.8181818181818182,26.11436384917746,0.0,0.0,0,none,0,-1,-1.0,-1.0,0.0,11,1.0,1.0,1.0,0,15,0.052083333333333336,0.0,0.40151515151515155,1.0,1.0,0.6666666666666666,0.0,16.632576061939098,0.0,11.0
592,49.333333333333336,49.333333333333336,2,1.3333333333333357,01:20,11.003736847043271,5.502316997482579,5.501419849560692,0,0,0,0,0,0,1,1,0,0,0.0,0.0,8,0.7272727272727273,0.0,0.0,0.0,0,none,0,-1,-1.0,-1.0,0.0,11,1.0,1.0,1.0,0,16,0.05555555555555566,0.0,0.4393939393939394,0.9166666666666666,0.9166666666666666,0.5,0.0,13.971760999073446,0.0,11.0
593,49.416666666666664,49.416666666666664,2,1.4166666666666643,01:24,11.004636221850088,5.502874692005684,5.501761529844404,0,0,0,0,0,0,0,0,0,0,0.0,0.0,8,0.7272727272727273,0.0,0.0,0.0,0,none,0,-1,-1.0,-1.0,0.0,11,1.0,1.0,1.0,0,17,0.05902777777777768,0.0,0.4772727272727273,0.8333333333333334,0.8333333333333334,0.4166666666666667,0.0,11.468696945654479,0.0,11.0
594,49.5,49.5,2,1.5,01:30,11.005736473589717,5.503556972573228,5.50217950101649,1,1,0,1,1,0,3,3,0,0,0.0,0.0,6,0.5454545454545454,35.46822334569596,0.0,0.0,0,none,0,-1,-1.0,-1.0,0.0,11,1.0,1.0,1.0,0,18,0.0625,0.0,0.5,0.9166666666666666,0.9166666666666666,0.6666666666666666,0.0,14.424382224462477,0.0,11.0
595,49.583333333333336,49.583333333333336,2,1.5833333333333357,01:35,11.007078605168505,5.5043892817663895,5.502689323402116,1,0,1,1,0,1,1,0,1,0,0.0,0.0,6,0.5454545454545454,36.62023591809776,0.0,0.0,0,none,0,-1,-1.0,-1.0,0.0,11,1.0,1.0,1.0,0,19,0.06597222222222232,0.0,0.5227272727272727,1.0,1.0,0.75,0.0,17.476068550970624,0.0,11.0
596,49.666666666666664,49.666666666666664,2,1.6666666666666643,01:39,11.008711085586196,5.505401700798184,5.503309384788012,0,0,0,0,0,0,2,1,1,0,0.0,0.0,4,0.36363636363636365,0.0,0.0,0.0,0,none,0,-1,-1.0,-1.0,0.0,11,1.0,1.0,1.0,0,20,0.06944444444444435,0.0,0.5303030303030303,1.0,1.0,0.9166666666666666,0.0,17.476068550970624,0.0,11.0
597,49.75,49.75,2,1.75,01:45,11.010691010942473,5.5066296735548965,5.504061337387577,0,0,0,0,0,0,0,0,0,0,0.0,0.0,4,0.36363636363636365,0.0,0.0,0.0,0,none,0,-1,-1.0,-1.0,0.0,11,1.0,1.0,1.0,0,21,0.07291666666666667,0.0,0.5303030303030304,0.9166666666666666,0.9166666666666666,0.9166666666666666,0.0,15.80854981062033,0.0,11.0
598,49.833333333333336,49.833333333333336,2,1.8333333333333357,01:50,11.013085405007352,5.5081148188834455,5.504970586123907,0,0,0,0,0,0,1,0,1,0,0.0,0.0,3,0.2727272727272727,0.0,0.0,0.0,0,none,0,-1,-1.0,-1.0,0.0,11,1.0,1.0,1.0,0,22,0.07638888888888899,0.0,0.5075757575757576,0.75,0.75,1.0,0.0,13.191222104266807,0.0,11.0
599,49.916666666666664,49.916666666666664,2,1.9166666666666643,01:54,11.015972668041416,5.509905837152156,5.506066830889259,1,1,0,1,1,0,1,1,0,0,0.0,0.0,3,0.2727272727272727,32.39805292732542,0.0,0.0,0,none,0,-1,-1.0,-1.0,0.0,11,1.0,1.0,1.0,0,23,0.07986111111111101,0.0,0.5,0.8333333333333334,0.8333333333333334,0.9166666666666666,0.0,15.891059848210594,0.0,11.0
600,50.0,50.0,2,2.0,02:00,11.019444181421887,5.512059516628226,5.507384664793661,2,1,1,2,1,1,0,0,0,0,0.0,0.0,5,0.45454545454545453,42.317945915375205,0.0,0.0,0,none,0,-1,-1.0,-1.0,0.0,11,1.0,1.0,1.0,0,24,0.08333333333333333,0.0,0.5075757575757576,0.9166666666666666,0.9166666666666666,0.8333333333333334,0.0,16.417003840360326,0.0,11.0
601,50.083333333333336,50.083333333333336,2,2.0833333333333357,02:05,11.023606074063139,5.514641844523217,5.508964229539922,2,1,1,2,1,1,0,0,0,0,0.0,0.0,7,0.6363636363636364,40.53668985143265,0.0,0.0,0,none,0,-1,-1.0,-1.0,0.0,11,1.0,1.0,1.0,0,25,0.08680555555555565,0.0,0.5303030303030303,1.0833333333333333,1.0833333333333333,0.8333333333333334,0.0,19.79506132797971,0.0,11.0
602,50.166666666666664,50.166666666666664,2,2.1666666666666643,02:09,11.02858115455895,5.517729226638116,5.510851927920833,1,0,1,1,0,1,1,1,0,0,0.0,0.0,7,0.6363636363636364,15.0,0.0,0.0,0,none,0,-1,-1.0,-1.0,0.0,11,1.0,1.0,1.0,0,26,0.09027777777777768,0.0,0.5303030303030303,0.8333333333333334,0.8333333333333334,0.8333333333333334,0.0,19.037959317258707,0.0,11.0
603,50.25,50.25,2,2.25,02:15,11.03451101036479,5.5214098183757105,5.5131011919890796,0,0,0,0,0,0,1,0,1,0,0.0,0.0,6,0.5454545454545454,0.0,0.0,0.0,0,none,0,-1,-1.0,-1.0,0.0,11,1.0,1.0,1.0,0,27,0.09375,0.0,0.5075757575757576,0.6666666666666666,0.6666666666666666,0.9166666666666666,0.0,16.86176232982725,0.0,11.0
604,50.333333333333336,50.333333333333336,2,2.3333333333333357,02:20,11.041558272131947,5.525784968468751,5.515773303663196,1,1,0,1,1,0,0,0,0,0,0.0,0.0,7,0.6363636363636364,39.58292577587362,0.0,0.0,0,none,0,-1,-1.0,-1.0,0.0,11,1.0,1.0,1.0,0,28,0.09722222222222232,0.0,0.5,0.75,0.75,0.8333333333333334,0.0,20.16033947781672,0.0,11.0
605,50.416666666666664,50.416666666666664,2,2.4166666666666643,02:24,11.049909037458988,5.530970775092245,5.518938262366743,0,0,0,0,0,0,1,0,1,0,0.0,0.0,6,0.5454545454545454,0.0,0.0,0.0,0,none,0,-1,-1.0,-1.0,0.0,11,1.0,1.0,1.0,0,29,0.10069444444444435,0.0,0.48484848484848486,0.75,0.75,0.9166666666666666,0.0,20.16033947781672,0.0,11.0
606,50.5,50.5,2,2.5,02:30,11.059775443807403,5.537099752089127,5.522675691718276,1,0,1,1,0,1,1,1,0,0,0.0,0.0,6,0.5454545454545454,26.601926407601404,0.0,0.0,0,none,0,-1,-1.0,-1.0,0.0,11,1.0,1.0,1.0,0,30,0.10416666666666667,0.0,0.4848484848484848,0.75,0.75,0.75,0.0,19.421481399642172,0.0,11.0
607,50.583333333333336,50.583333333333336,2,2.5833333333333357,02:35,11.071398375117802,5.5443226008501485,5.5270757742676535,0,0,0,0,0,0,0,0,0,0,0.0,0.0,6,0.5454545454545454,0.0,0.0,0.0,0,none,0,-1,-1.0,-1.0,0.0,11,1.0,1.0,1.0,0,31,0.10763888888888899,0.0,0.48484848484848486,0.6666666666666666,0.6666666666666666,0.6666666666666666,0.0,16.369795073134025,0.0,11.0
608,50.666666666666664,50.666666666666664,2,2.6666666666666643,02:39,11.085050280758281,5.552810080969729,5.532240199788553,1,1,0,1,1,0,1,1,0,0,0.0,0.0,6,0.5454545454545454,33.91235635723651,0.0,0.0,0,none,0,-1,-1.0,-1.0,0.0,11,1.0,1.0,1.0,0,32,0.11111111111111101,0.0,0.5,0.75,0.75,0.5833333333333334,0.0,19.1958247695704,0.0,11.0
609,50.75,50.75,2,2.75,02:45,11.101038078854435,5.562754970176136,5.538283108678299,0,0,0,0,0,0,1,0,1,0,0.0,0.0,5,0.45454545454545453,0.0,0.0,0.0,0,none,0,-1,-1.0,-1.0,0.0,11,1.0,1.0,1.0,0,33,0.11458333333333333,0.0,0.5075757575757576,0.75,0.75,0.6666666666666666,0.0,19.1958247695704,0.0,11.0
610,50.833333333333336,50.833333333333336,2,2.8333333333333357,02:50,11.11970610883199,5.5743741012412,5.5453320075907895,0,0,0,0,0,0,2,1,1,0,0.0,0.0,3,0.2727272727272727,0.0,0.0,0.0,0,none,0,-1,-1.0,-1.0,0.0,11,1.0,1.0,1.0,0,34,0.11805555555555565,0.0,0.5075757575757576,0.75,0.75,0.75,0.0,19.1958247695704,0.0,11.0
611,50.916666666666664,50.916666666666664,2,2.9166666666666643,02:54,11.141439090215897,5.587910460652415,5.553528629563482,1,1,0,1,1,0,0,0,0,0,0.0,0.0,4,0.36363636363636365,28.705768472739706,0.0,0.0,0,none,0,-1,-1.0,-1.0,0.0,11,1.0,1.0,1.0,0,35,0.12152777777777768,0.0,0.5151515151515151,0.75,0.75,0.6666666666666666,0.0,18.888134398354925,0.0,11.0
612,51.0,51.0,2,3.0,03:00,11.166665036471228,5.60363533082227,5.563029705648958,1,1,0,1,1,0,2,1,1,0,0.0,0.0,3,0.2727272727272727,27.812676588061976,0.0,0.0,0,none,0,-1,-1.0,-1.0,0.0,11,1.0,1.0,1.0,0,36,0.125,0.0,0.5,0.6666666666666666,0.6666666666666666,0.8333333333333334,0.0,17.679361954412155,0.0,11.0
613,51.083333333333336,51.083333333333336,2,3.0833333333333357,03:05,11.195858064071933,5.621850454560362,5.574007609511571,0,0,0,0,0,0,0,0,0,0,0.0,0.0,3,0.2727272727272727,0.0,0.0,0.0,0,none,0,-1,-1.0,-1.0,0.0,11,1.0,1.0,1.0,0,37,0.12847222222222232,0.0,0.46969696969696967,0.5,0.5,0.8333333333333334,0.0,14.30130446679277,0.0,11.0
614,51.166666666666664,51.166666666666664,2,3.1666666666666643,03:09,11.229541028207668,5.642890197482153,5.586650830725516,1,0,1,1,0,1,0,0,0,0,0.0,0.0,4,0.36363636363636365,22.840301176937672,0.0,0.0,0,none,0,-1,-1.0,-1.0,0.0,11,1.0,1.0,1.0,0,38,0.13194444444444434,0.0,0.44696969696969696,0.5,0.5,0.75,0.0,14.95466289820424,0.0,11.0
615,51.25,51.25,2,3.25,03:15,11.268287907786952,5.667123681003905,5.601164226783047,0,0,0,0,0,0,1,1,0,0,0.0,0.0,3,0.2727272727272727,0.0,0.0,0.0,0,none,0,-1,-1.0,-1.0,0.0,11,1.0,1.0,1.0,0,39,0.13541666666666666,0.0,0.42424242424242414,0.5,0.5,0.75,0.0,14.95466289820424,0.0,11.0
616,51.333333333333336,51.333333333333336,2,3.3333333333333357,03:20,11.3127258539021,5.694956855589195,5.617768998312904,0,0,0,0,0,0,0,0,0,0,0.0,0.0,3,0.2727272727272727,0.0,0.0,0.0,0,none,0,-1,-1.0,-1.0,0.0,11,1.0,1.0,1.0,0,40,0.13888888888888898,0.0,0.393939393939394,0.4166666666666667,0.4166666666666667,0.75,0.0,11.656085750214771,0.0,11.0
617,51.416666666666664,51.416666666666664,2,3.4166666666666643,03:24,11.363536807958472,5.726834480959709,5.636702326998763,0,0,0,0,0,0,1,1,0,0,0.0,0.0,2,0.18181818181818182,0.0,0.0,0.0,0,none,0,-1,-1.0,-1.0,0.0,11,1.0,1.0,1.0,0,41,0.14236111111111102,0.0,0.3636363636363636,0.4166666666666667,0.4166666666666667,0.75,0.0,11.656085750214771,0.0,11.0
618,51.5,51.5,2,3.5,03:30,11.421458588538663,5.76324197702404,5.658216611514622,0,0,0,0,0,0,1,1,0,0,0.0,0.0,1,0.09090909090909091,0.0,0.0,0.0,0,none,0,-1,-1.0,-1.0,0.0,11,1.0,1.0,1.0,0,42,0.14583333333333334,0.0,0.32575757575757575,0.3333333333333333,0.3333333333333333,0.75,0.0,9.439258549581323,0.0,11.0
619,51.583333333333336,51.583333333333336,2,3.5833333333333357,03:35,11.4872853401008,5.804707106241757,5.682578233859044,0,0,0,0,0,0,1,0,1,0,0.0,0.0,0,0.0,0.0,0.0,0.0,0,none,0,-1,-1.0,-1.0,0.0,11,1.0,1.0,1.0,0,43,0.14930555555555566,0.0,0.2803030303030303,0.3333333333333333,0.3333333333333333,0.8333333333333334,0.0,9.439258549581323,0.0,11.0
620,51.666666666666664,51.666666666666664,2,3.6666666666666643,03:39,11.561867232150433,5.851801444918893,5.710065787231541,4,3,1,4,3,1,0,0,0,0,0.0,0.0,4,0.36363636363636365,36.05220732040472,0.0,0.0,0,none,0,-1,-1.0,-1.0,0.0,11,1.0,1.0,1.0,0,44,0.15277777777777768,0.0,0.2651515151515152,0.5833333333333334,0.5833333333333334,0.75,0.0,9.617579463178672,0.0,11.0
621,51.75,51.75,2,3.75,03:45,11.646109294941454,5.905141597380265,5.740967697561189,0,0,0,0,0,0,0,0,0,0,0.0,0.0,4,0.36363636363636365,0.0,0.0,0.0,0,none,0,-1,-1.0,-1.0,0.0,11,1.0,1.0,1.0,0,45,0.15625,0.0,0.25757575757575757,0.5833333333333334,0.5833333333333334,0.6666666666666666,0.0,9.617579463178672,0.0,11.0
622,51.833333333333336,51.833333333333336,2,3.8333333333333357,03:50,11.740969277423119,5.965390102906249,5.77557917451687,0,0,0,0,0,0,0,0,0,0,0.0,0.0,4,0.36363636363636365,0.0,0.0,0.0,0,none,0,-1,-1.0,-1.0,0.0,11,1.0,1.0,1.0,0,46,0.15972222222222232,0.0,0.26515151515151514,0.5833333333333334,0.5833333333333334,0.5,0.0,9.617579463178672,0.0,11.0
623,51.916666666666664,51.916666666666664,2,3.9166666666666643,03:54,11.847454415420106,6.03325598055462,5.814198434865486,0,0,0,0,0,0,0,0,0,0,0.0,0.0,4,0.36363636363636365,0.0,0.0,0.0,0,none,0,-1,-1.0,-1.0,0.0,11,1.0,1.0,1.0,0,47,0.16319444444444434,0.0,0.26515151515151514,0.5,0.5,0.5,0.0,7.225432090450364,0.0,11.0
624,52.0,52.0,2,4.0,04:00,11.966617003253864,6.109494851299408,5.8571221519544565,0,0,0,0,0,0,0,0,0,0,0.0,0.0,4,0.36363636363636365,0.0,0.0,0.0,0,none,0,-1,-1.0,-1.0,0.0,11,1.0,1.0,1.0,0,48,0.16666666666666666,0.0,0.27272727272727276,0.4166666666666667,0.4166666666666667,0.3333333333333333,0.0,4.907709041445199,0.0,11.0
625,52.083333333333336,52.083333333333336,2,4.083333333333336,04:05,12.099548670496915,6.194908570107198,5.9046401003897175,1,0,1,1,0,1,0,0,0,0,0.0,0.0,5,0.45454545454545453,22.67691062451901,0.0,0.0,0,none,0,-1,-1.0,-1.0,0.0,11,1.0,1.0,1.0,0,49,0.17013888888888898,0.0,0.2878787878787879,0.5,0.5,0.3333333333333333,0.0,6.79745159348845,0.0,11.0
626,52.166666666666664,52.166666666666664,2,4.166666666666664,04:09,12.247373277560236,6.2903442924752735,5.957028985084962,0,0,0,0,0,0,0,0,0,0,0.0,0.0,5,0.45454545454545453,0.0,0.0,0.0,0,none,0,-1,-1.0,-1.0,0.0,11,1.0,1.0,1.0,0,50,0.17361111111111102,0.0,0.29545454545454547,0.4166666666666667,0.4166666666666667,0.3333333333333333,0.0,4.894093162076977,0.0,11.0
627,52.25,52.25,2,4.25,04:15,12.411238359545287,6.396692890485549,6.014545469059738,0,0,0,0,0,0,2,2,0,0,0.0,0.0,3,0.2727272727272727,0.0,0.0,0.0,0,none,0,-1,-1.0,-1.0,0.0,11,1.0,1.0,1.0,0,51,0.17708333333333334,0.0,0.29545454545454547,0.4166666666666667,0.4166666666666667,0.4166666666666667,0.0,4.894093162076977,0.0,11.0
628,52.333333333333336,52.333333333333336,2,4.333333333333336,04:20,12.592305067367635,6.514886622608017,6.077418444759617,0,0,0,0,0,0,2,1,1,0,0.0,0.0,1,0.09090909090909091,0.0,0.0,0.0,0,none,0,-1,-1.0,-1.0,0.0,11,1.0,1.0,1.0,0,52,0.18055555555555566,0.0,0.28030303030303033,0.4166666666666667,0.4166666666666667,0.5833333333333334,0.0,4.894093162076977,0.0,11.0
629,52.416666666666664,52.416666666666664,2,4.416666666666664,04:24,12.791736578604713,6.645895949497357,6.145840629107356,1,1,0,1,1,0,0,0,0,0,0.0,0.0,2,0.18181818181818182,40.21293567995207,0.0,0.0,0,none,0,-1,-1.0,-1.0,0.0,11,1.0,1.0,1.0,0,53,0.18402777777777768,0.0,0.28030303030303033,0.5,0.5,0.5,0.0,8.245171135406316,0.0,11.0
630,52.5,52.5,2,4.5,04:30,13.01068497775341,6.790725375245666,6.219959602507744,3,2,1,3,2,1,1,0,1,0,0.0,0.0,4,0.36363636363636365,29.988794599846177,0.0,0.0,0,none,0,-1,-1.0,-1.0,0.0,11,1.0,1.0,1.0,0,54,0.1875,0.0,0.30303030303030304,0.75,0.75,0.5,0.0,10.744237352060166,0.0,11.0
631,52.583333333333336,52.583333333333336,2,4.583333333333336,04:35,13.25027663640337,6.950408180603702,6.299868455799668,0,0,0,0,0,0,0,0,0,0,0.0,0.0,4,0.36363636363636365,0.0,0.0,0.0,0,none,0,-1,-1.0,-1.0,0.0,11,1.0,1.0,1.0,0,55,0.19097222222222232,0.0,0.3333333333333333,0.75,0.75,0.4166666666666667,0.0,10.744237352060166,0.0,11.0
632,52.666666666666664,52.666666666666664,2,4.666666666666664,04:39,13.511596157908443,7.125999902456282,6.38559625545216,1,1,0,1,1,0,0,0,0,0,0.0,0.0,5,0.45454545454545453,37.98667426420148,0.0,0.0,0,none,0,-1,-1.0,-1.0,0.0,11,1.0,1.0,1.0,0,56,0.19444444444444434,0.0,0.3409090909090909,0.5,0.5,0.4166666666666667,0.0,10.905442930709896,0.0,11.0
633,52.75,52.75,2,4.75,04:45,13.795668988004156,7.318570403520486,6.47709858448367,0,0,0,0,0,0,0,0,0,0,0.0,0.0,5,0.45454545454545453,0.0,0.0,0.0,0,none,0,-1,-1.0,-1.0,0.0,11,1.0,1.0,1.0,0,57,0.19791666666666666,0.0,0.34848484848484845,0.5,0.5,0.4166666666666667,0.0,10.905442930709896,0.0,11.0
634,52.833333333333336,52.833333333333336,2,4.833333333333336,04:50,14.103442831869685,7.52919436930972,6.574248462559965,0,0,0,0,0,0,0,0,0,0,0.0,0.0,5,0.45454545454545453,0.0,0.0,0.0,0,none,0,-1,-1.0,-1.0,0.0,11,1.0,1.0,1.0,0,58,0.20138888888888898,0.0,0.356060606060606,0.5,0.5,0.4166666666666667,0.0,10.905442930709896,0.0,11.0
635,52.916666666666664,52.916666666666664,2,4.916666666666664,04:54,14.435768058628593,7.758940067625658,6.676827991002935,1,1,0,1,1,0,0,0,0,0,0.0,0.0,6,0.5454545454545454,15.0,0.0,0.0,0,none,0,-1,-1.0,-1.0,0.0,11,1.0,1.0,1.0,0,59,0.20486111111111102,0.0,0.37121212121212116,0.5833333333333334,0.5833333333333334,0.4166666666666667,0.0,12.155442930709896,0.0,11.0
636,53.0,53.0,2,5.0,05:00,14.793377315351826,8.008856211174379,6.784521104177447,1,0,1,1,0,1,2,2,0,0,0.0,0.0,5,0.45454545454545453,31.08388687559989,0.0,0.0,0,none,0,-1,-1.0,-1.0,0.0,11,1.0,1.0,1.0,0,60,0.20833333333333334,0.0,0.37878787878787884,0.6666666666666666,0.6666666666666666,0.5833333333333334,0.0,14.745766837009887,0.0,11.0
637,53.083333333333336,53.083333333333336,2,5.083333333333336,05:05,15.176864613283568,8.279956778461827,6.896907834821741,1,0,1,1,0,1,0,0,0,0,0.0,0.0,6,0.5454545454545454,33.48429476672336,0.0,0.0,0,none,0,-1,-1.0,-1.0,0.0,11,1.0,1.0,1.0,0,61,0.21180555555555566,0.0,0.3863636363636363,0.6666666666666666,0.6666666666666666,0.5833333333333334,0.0,15.646382182193582,0.0,11.0
638,53.166666666666664,53.166666666666664,2,5.166666666666664,05:09,15.586664188169628,8.573203674031825,7.013460514137804,1,0,1,1,0,1,3,2,1,0,0.0,0.0,4,0.36363636363636365,20.08883522257177,0.0,0.0,0,none,0,-1,-1.0,-1.0,0.0,11,1.0,1.0,1.0,0,62,0.21527777777777768,0.0,0.37878787878787884,0.75,0.75,0.8333333333333334,0.0,17.320451784074564,0.0,11.0
639,53.25,53.25,2,5.25,05:15,16.023029473063175,8.88948714835656,7.133542324706616,0,0,0,0,0,0,0,0,0,0,0.0,0.0,4,0.36363636363636365,0.0,0.0,0.0,0,none,0,-1,-1.0,-1.0,0.0,11,1.0,1.0,1.0,0,63,0.21875,0.0,0.3863636363636364,0.75,0.75,0.6666666666666666,0.0,17.320451784074564,0.0,11.0
640,53.333333333333336,53.333333333333336,2,5.333333333333336,05:20,16.486012554603995,9.229603951951706,7.2564086026522885,0,0,0,0,0,0,1,1,0,0,0.0,0.0,3,0.2727272727272727,0.0,0.0,0.0,0,none,0,-1,-1.0,-1.0,0.0,11,1.0,1.0,1.0,0,64,0.22222222222222232,0.0,0.40151515151515144,0.75,0.75,0.5833333333333334,0.0,17.320451784074564,0.0,11.0
641,53.416666666666664,53.416666666666664,2,5.416666666666664,05:24,16.975444511287357,9.594233268726777,7.381211242560579,1,0,1,1,0,1,0,0,0,0,0.0,0.0,4,0.36363636363636365,28.79591207087621,0.0,0.0,0,none,0,-1,-1.0,-1.0,0.0,11,1.0,1.0,1.0,0,65,0.22569444444444434,0.0,0.4166666666666667,0.75,0.75,0.5833333333333334,0.0,16.369033149984908,0.0,11.0
642,53.5,53.5,2,5.5,05:30,17.490917053446246,9.983910560626,7.507006492820245,2,1,1,2,1,1,0,0,0,0,0.0,0.0,6,0.5454545454545454,25.276623282892544,0.0,0.0,0,none,0,-1,-1.0,-1.0,0.0,11,1.0,1.0,1.0,0,66,0.22916666666666666,0.0,0.4318181818181818,0.6666666666666666,0.6666666666666666,0.5,0.0,15.976352206905439,0.0,11.0
643,53.583333333333336,53.583333333333336,2,5.583333333333336,05:35,18.031765898421366,10.39899955876689,7.6327663396544745,1,0,1,1,0,1,2,0,2,0,0.0,0.0,5,0.45454545454545453,25.16446115708655,0.0,0.0,0,none,0,-1,-1.0,-1.0,0.0,11,1.0,1.0,1.0,0,67,0.23263888888888898,0.0,0.43939393939393945,0.75,0.75,0.6666666666666666,0.0,18.07339063666265,0.0,11.0
644,53.666666666666664,53.666666666666664,2,5.666666666666664,05:39,18.5970563196404,10.839662753923804,7.7573935657165975,0,0,0,0,0,0,1,0,1,0,0.0,0.0,4,0.36363636363636365,0.0,0.0,0.0,0,none,0,-1,-1.0,-1.0,0.0,11,1.0,1.0,1.0,0,68,0.23611111111111102,0.0,0.4318181818181818,0.6666666666666666,0.6666666666666666,0.75,0.0,14.907834447979193,0.0,11.0
645,53.75,53.75,2,5.75,05:45,19.185571304165776,11.305830868451876,7.879740435713901,0,0,0,0,0,0,0,0,0,0,0.0,0.0,4,0.36363636363636365,0.0,0.0,0.0,0,none,0,-1,-1.0,-1.0,0.0,11,1.0,1.0,1.0,0,69,0.23958333333333334,0.0,0.42424242424242425,0.6666666666666666,0.6666666666666666,0.75,0.0,14.907834447979193,0.0,11.0
646,53.833333333333336,53.833333333333336,2,5.833333333333336,05:50,19.795802738980836,11.79717192838665,7.998630810594187,3,3,0,3,3,0,0,0,0,0,0.0,0.0,7,0.6363636363636364,22.195166489345223,0.0,0.0,0,none,0,-1,-1.0,-1.0,0.0,11,1.0,1.0,1.0,0,70,0.24305555555555566,0.0,0.4393939393939394,0.9166666666666666,0.9166666666666666,0.75,0.0,16.75743165542463,0.0,11.0
647,53.916666666666664,53.916666666666664,2,5.916666666666664,05:54,20.425946021372948,12.31306069293243,8.112885328440518,0,0,0,0,0,0,2,1,1,0,0.0,0.0,5,0.45454545454545453,0.0,0.0,0.0,0,none,0,-1,-1.0,-1.0,0.0,11,1.0,1.0,1.0,0,71,0.24652777777777768,0.0,0.4318181818181818,0.8333333333333334,0.8333333333333334,0.9166666666666666,0.0,15.50743165542463,0.0,11.0
648,54.0,54.0,2,6.0,06:00,21.073898452991536,12.852549332068135,8.221349120923401,0,0,0,0,0,0,1,0,1,0,0.0,0.0,4,0.36363636363636365,0.0,0.0,0.0,0,none,0,-1,-1.0,-1.0,0.0,11,1.0,1.0,1.0,0,72,0.25,0.0,0.42424242424242425,0.75,0.75,0.8333333333333334,0.0,12.917107749124638,0.0,11.0
649,54.083333333333336,54.083333333333336,2,6.083333333333336,06:05,21.737261730557652,13.41434036372575,8.322921366831903,1,0,1,1,0,1,2,1,1,0,0.0,0.0,3,0.2727272727272727,31.73408356618489,0.0,0.0,0,none,0,-1,-1.0,-1.0,0.0,11,1.0,1.0,1.0,0,73,0.2534722222222223,0.0,0.40151515151515155,0.75,0.75,1.0,0.0,12.771256815746431,0.0,11.0
650,54.166666666666664,54.166666666666664,2,6.166666666666664,06:09,22.413348789126797,13.996762961383707,8.41658582774309,2,2,0,2,2,0,0,0,0,0,0.0,0.0,5,0.45454545454545453,22.698707823576473,0.0,0.0,0,none,0,-1,-1.0,-1.0,0.0,11,1.0,1.0,1.0,0,74,0.25694444444444436,0.0,0.409090909090909,0.8333333333333334,0.8333333333333334,0.75,0.0,12.988746199163492,0.0,11.0
651,54.25,54.25,2,6.25,06:15,23.099195186920248,14.597753812116144,8.501441374804104,1,1,0,1,1,0,0,0,0,0,0.0,0.0,6,0.5454545454545454,37.93691027178639,0.0,0.0,0,none,0,-1,-1.0,-1.0,0.0,11,1.0,1.0,1.0,0,75,0.2604166666666667,0.0,0.42424242424242425,0.9166666666666666,0.9166666666666666,0.75,0.0,16.150155388479025,0.0,11.0
652,54.333333333333336,54.333333333333336,2,6.333333333333336,06:20,23.79157514503054,15.214843735523242,8.576731409507296,1,1,0,1,1,0,2,2,0,0,0.0,0.0,5,0.45454545454545453,28.897986383783312,0.0,0.0,0,none,0,-1,-1.0,-1.0,0.0,11,1.0,1.0,1.0,0,76,0.263888888888889,0.0,0.4393939393939394,1.0,1.0,0.8333333333333334,0.0,18.558320920460968,0.0,11.0
653,54.416666666666664,54.416666666666664,2,6.416666666666664,06:24,24.487022272072114,15.845151257710969,8.641871014361145,3,3,0,3,3,0,0,0,0,0,0.0,0.0,8,0.7272727272727273,22.610924267641206,0.0,0.0,0,none,0,-1,-1.0,-1.0,0.0,11,1.0,1.0,1.0,0,77,0.267361111111111,0.0,0.46969696969696967,1.1666666666666667,1.1666666666666667,0.8333333333333334,0.0,18.04290527019138,0.0,11.0
654,54.5,54.5,2,6.5,06:30,25.18185491467317,16.48538426517569,8.696470649497481,3,3,0,3,3,0,1,1,0,0,0.0,0.0,10,0.9090909090909091,27.644140568138155,0.0,0.0,0,none,0,-1,-1.0,-1.0,0.0,11,1.0,1.0,1.0,0,78,0.2708333333333333,0.0,0.5,1.25,1.25,0.9166666666666666,0.0,18.240198377295183,0.0,11.0
655,54.583333333333336,54.583333333333336,2,6.583333333333336,06:35,25.87220598144599,17.131850736701526,8.740355244744464,3,2,1,1,1,0,0,0,0,2,0.0,0.0,11,1.0,17.710236407494783,0.0,0.0,0,none,0,-1,-1.0,-1.0,0.0,11,1.0,1.0,1.0,0,79,0.27430555555555564,0.16666666666666666,0.5454545454545454,1.4166666666666667,1.25,0.75,0.0,17.619012981495867,0.0,11.0
656,54.666666666666664,54.666666666666664,2,6.666666666666664,06:39,26.5540569928067,17.780479365401757,8.773577627404944,5,2,3,1,0,1,1,0,1,6,0.8333333333333334,5.0,11,1.0,33.145193827946485,5.0,0.0,0,none,0,-1,-1.0,-1.0,0.0,11,1.0,1.0,1.0,0,80,0.2777777777777777,0.6666666666666666,0.5984848484848485,1.8333333333333333,1.3333333333333333,0.75,0.06944444444444445,20.381112467158076,0.4166666666666667,11.0
657,54.75,54.75,2,6.75,06:45,27.223276013981916,18.426850639071922,8.796425374909996,0,0,0,1,1,0,1,1,0,5,5.0,5.0,11,1.0,17.537520031670304,10.0,0.0,0,none,0,-1,-1.0,-1.0,0.0,11,1.0,1.0,1.0,0,81,0.28125,1.0833333333333333,0.6515151515151515,1.8333333333333333,1.4166666666666667,0.8333333333333334,0.4861111111111111,21.842572469797272,1.25,11.0
658,54.833333333333336,54.833333333333336,2,6.833333333333336,06:50,27.87565903610475,19.066238649677057,8.809420386427695,2,1,1,4,2,2,4,4,0,3,3.3333333333333335,10.0,11,1.0,33.58984305346482,10.0,0.0,0,none,0,-1,-1.0,-1.0,0.0,11,1.0,1.0,1.0,0,82,0.2847222222222223,1.3333333333333333,0.6818181818181818,1.75,1.5,1.1666666666666667,0.7638888888888888,22.792128850140568,2.0833333333333335,11.0
659,54.916666666666664,54.916666666666664,2,6.916666666666664,06:54,28.506974282872825,19.69366356014146,8.813310722731364,1,0,1,3,1,2,3,3,0,1,0.0,0.0,11,1.0,31.220966452334427,8.333333333333334,0.0,0,none,0,-1,-1.0,-1.0,0.0,11,1.0,1.0,1.0,0,83,0.28819444444444436,1.4166666666666667,0.7272727272727272,1.8333333333333333,1.75,1.25,0.7638888888888888,25.39387605450177,2.777777777777778,11.0
660,55.0,55.0,2,7.0,07:00,29.1130088401957,20.303954280090416,8.809054560105285,1,0,1,1,0,1,1,1,0,1,0.0,0.0,11,1.0,31.956329188279252,5.0,0.0,0,none,0,-1,-1.0,-1.0,0.0,11,1.0,1.0,1.0,0,84,0.2916666666666667,1.5,0.7803030303030303,1.9166666666666667,1.8333333333333333,1.25,0.7638888888888888,28.056903486858374,3.1944444444444446,11.0
661,55.083333333333336,55.083333333333336,2,7.083333333333336,07:05,29.689616935891465,20.891820506302697,8.797796429588768,3,3,0,2,1,1,2,2,0,2,0.0,0.0,11,1.0,32.51092764712164,2.5,5.0,0,none,0,-1,-1.0,-1.0,0.0,11,1.0,1.0,1.0,0,85,0.295138888888889,1.6666666666666667,0.8409090909090908,2.0833333333333335,1.9166666666666667,1.25,0.7638888888888888,28.1216404936031,3.402777777777778,11.0
662,55.166666666666664,55.166666666666664,2,7.166666666666664,07:09,30.232769137920016,21.45193288532971,8.780836252590307,2,2,0,0,0,0,0,0,0,4,2.5,5.0,11,1.0,0.0,0.0,0.0,0,none,0,-1,-1.0,-1.0,0.0,11,1.0,1.0,1.0,0,86,0.298611111111111,2.0,0.8863636363636364,2.0833333333333335,1.75,1.25,0.9722222222222222,26.230081508305062,3.402777777777778,11.0
663,55.25,55.25,2,7.25,07:15,30.73860169473985,21.979009673661682,8.759592021078165,1,1,0,1,1,0,1,0,1,4,5.0,10.0,11,1.0,36.07622948395831,10.0,5.0,0,none,0,-1,-1.0,-1.0,0.0,11,1.0,1.0,1.0,0,87,0.3020833333333333,2.3333333333333335,0.9242424242424242,2.0833333333333335,1.75,1.3333333333333333,1.3888888888888886,26.075024775986062,4.236111111111112,11.0
664,55.333333333333336,55.333333333333336,2,7.333333333333336,07:20,31.20346521172281,22.467907924336416,8.735557287386396,1,0,1,2,2,0,2,0,2,3,5.0,10.0,11,1.0,26.665201107025396,12.5,7.5,0,none,0,-1,-1.0,-1.0,0.0,11,1.0,1.0,1.0,0,88,0.30555555555555564,2.5833333333333335,0.9696969696969697,2.0833333333333335,1.8333333333333333,1.3333333333333333,1.8055555555555554,25.88895933625623,5.277777777777778,11.0
665,55.416666666666664,55.416666666666664,2,7.416666666666664,07:24,31.623971844371166,22.91371693697448,8.710254907396685,2,1,1,2,2,0,2,1,1,3,1.6666666666666667,5.0,11,1.0,31.578051462326158,12.5,10.0,0,none,0,-1,-1.0,-1.0,0.0,11,1.0,1.0,1.0,0,89,0.3090277777777777,2.8333333333333335,0.9924242424242425,2.0,1.75,1.5,1.9444444444444444,26.636219935813312,6.319444444444444,11.0
666,55.5,55.5,2,7.5,07:30,31.997040193149484,23.311851488333524,8.68518870481596,2,1,1,2,1,1,2,2,0,3,1.6666666666666667,5.0,11,1.0,22.174008451139947,7.5,7.5,0,none,0,-1,-1.0,-1.0,0.0,11,1.0,1.0,1.0,0,90,0.3125,3.0833333333333335,1.0,1.9166666666666667,1.6666666666666667,1.5833333333333333,2.0833333333333335,26.180375592730126,6.944444444444444,11.0
667,55.583333333333336,55.583333333333336,2,7.583333333333336,07:35,32.319937106434125,23.658142227397715,8.661794879036409,1,0,1,1,0,1,1,0,1,3,3.3333333333333335,5.0,11,1.0,24.326576194808453,10.0,5.0,0,none,0,-1,-1.0,-1.0,0.0,11,1.0,1.0,1.0,0,91,0.3159722222222223,3.1666666666666665,1.0,1.75,1.6666666666666667,1.6666666666666667,2.361111111111111,26.73173724167293,7.777777777777778,11.0
668,55.666666666666664,55.666666666666664,2,7.666666666666664,07:39,32.5903156372837,23.94892058384911,8.641395053434593,1,1,0,4,2,2,4,2,2,0,0.0,0.0,11,1.0,31.187664457739903,6.25,7.5,0,none,0,-1,-1.0,-1.0,0.0,11,1.0,1.0,1.0,0,92,0.31944444444444436,2.6666666666666665,1.0,1.4166666666666667,1.9166666666666667,1.9166666666666667,2.2916666666666665,26.56860979415572,7.881944444444444,11.0
669,55.75,55.75,2,7.75,07:45,32.80624845586041,24.181095608048782,8.62515284781163,1,0,1,0,0,0,0,0,0,1,0.0,0.0,11,1.0,0.0,0.0,0.0,0,none,0,-1,-1.0,-1.0,0.0,11,1.0,1.0,1.0,0,93,0.3229166666666667,2.3333333333333335,1.0,1.5,1.8333333333333333,1.8333333333333333,1.875,25.107149791516523,7.048611111111111,11.0
670,55.833333333333336,55.833333333333336,2,7.833333333333336,07:50,32.96625609134107,24.352220335784285,8.614035755556788,2,2,0,1,0,1,1,1,0,2,0.0,0.0,11,1.0,31.639294343323343,5.0,5.0,0,none,0,-1,-1.0,-1.0,0.0,11,1.0,1.0,1.0,0,94,0.326388888888889,2.25,1.0,1.5,1.5833333333333333,1.5833333333333333,1.597222222222222,24.944604065671403,6.631944444444444,11.0
671,55.916666666666664,55.916666666666664,2,7.916666666666664,07:54,33.0693294635577,24.460545547952474,8.608783915605228,2,1,1,3,3,0,3,3,0,1,0.0,0.0,11,1.0,32.917842097416134,3.3333333333333335,13.333333333333334,0,none,0,-1,-1.0,-1.0,0.0,11,1.0,1.0,1.0,0,95,0.329861111111111,2.25,1.0,1.5833333333333333,1.5833333333333333,1.5833333333333333,1.597222222222222,25.08601036942821,6.215277777777779,11.0
672,56.0,56.0,2,8.0,08:00,33.11494626351003,24.505059164561004,8.609887098949025,2,1,1,3,1,2,3,1,2,0,0.0,0.0,11,1.0,35.496134991561476,1.6666666666666667,10.0,0,none,0,-1,-1.0,-1.0,0.0,11,1.0,1.0,1.0,0,96,0.3333333333333333,2.1666666666666665,1.0,1.6666666666666667,1.75,1.75,1.597222222222222,25.380994186368397,5.9375,11.0
673,56.083333333333336,56.083333333333336,2,8.083333333333336,08:05,33.10308085105868,24.48550995942837,8.617570891630306,0,0,0,0,0,0,0,0,0,0,0.0,0.0,11,1.0,0.0,0.0,0.0,0,none,0,-1,-1.0,-1.0,0.0,11,1.0,1.0,1.0,0,97,0.33680555555555564,2.0,1.0,1.4166666666666667,1.5833333333333333,1.5833333333333333,1.597222222222222,22.67175021577493,5.729166666666667,11.0
674,56.166666666666664,56.166666666666664,2,8.166666666666664,08:09,33.03420745500948,24.402414787887224,8.631792667122253,2,2,0,2,2,0,2,2,0,0,0.0,0.0,11,1.0,28.94986881778451,0.0,5.0,0,none,0,-1,-1.0,-1.0,0.0,11,1.0,1.0,1.0,0,98,0.3402777777777777,1.6666666666666667,1.0,1.4166666666666667,1.75,1.75,1.3888888888888886,25.084239283923637,5.729166666666667,11.0
675,56.25,56.25,2,8.25,08:15,32.909296582700236,24.25704906246724,8.652247520232999,2,2,0,2,2,0,2,0,2,0,0.0,0.0,11,1.0,37.05046777424728,0.0,7.5,0,none,0,-1,-1.0,-1.0,0.0,11,1.0,1.0,1.0,0,99,0.34375,1.3333333333333333,1.0,1.5,1.8333333333333333,1.8333333333333333,0.9722222222222223,25.16542580811438,4.895833333333333,11.0
676,56.333333333333336,56.333333333333336,2,8.333333333333336,08:20,32.72980467023149,24.051420766661572,8.678383903569918,2,2,0,0,0,0,0,0,0,2,0.0,0.0,11,1.0,0.0,0.0,0.0,0,none,0,-1,-1.0,-1.0,0.0,11,1.0,1.0,1.0,0,100,0.3472222222222223,1.25,1.0,1.5833333333333333,1.6666666666666667,1.6666666666666667,0.5555555555555556,22.94332571586227,3.8541666666666665,11.0
677,56.416666666666664,56.416666666666664,2,8.416666666666664,08:24,32.4976571277268,23.788228839436016,8.70942828829078,3,3,0,3,3,0,3,2,1,2,0.0,0.0,11,1.0,27.58393790369618,3.3333333333333335,5.0,0,none,0,-1,-1.0,-1.0,0.0,11,1.0,1.0,1.0,0,101,0.35069444444444436,1.1666666666666667,1.0,1.6666666666666667,1.75,1.75,0.4166666666666667,22.61048291930977,3.0902777777777772,11.0
678,56.5,56.5,2,8.5,08:30,32.215225053589485,23.470807268775776,8.744417784813711,2,2,0,0,0,0,0,0,0,4,2.5,5.0,11,1.0,0.0,0.0,0.0,0,none,0,-1,-1.0,-1.0,0.0,11,1.0,1.0,1.0,0,102,0.3541666666666667,1.25,1.0,1.6666666666666667,1.5833333333333333,1.5833333333333333,0.48611111111111116,20.76264888171477,2.4652777777777777,11.0
679,56.583333333333336,56.583333333333336,2,8.583333333333336,08:35,31.88529600489135,23.103056678994534,8.782239325896816,1,1,0,1,1,0,1,1,0,4,5.0,10.0,11,1.0,23.958481978223617,10.0,0.0,0,none,0,-1,-1.0,-1.0,0.0,11,1.0,1.0,1.0,0,103,0.357638888888889,1.3333333333333333,1.0,1.6666666666666667,1.5833333333333333,1.5833333333333333,0.625,20.731974363666037,2.465277777777778,11.0
680,56.666666666666664,56.666666666666664,2,8.666666666666664,08:39,31.511039315232892,22.68936556475991,8.821673750472984,2,2,0,4,4,0,4,2,2,2,0.0,0.0,11,1.0,31.28474602439144,10.0,1.25,0,none,0,-1,-1.0,-1.0,0.0,11,1.0,1.0,1.0,0,104,0.361111111111111,1.5,1.0,1.75,1.5833333333333333,1.5833333333333333,0.625,20.74006449422033,2.777777777777778,11.0
681,56.75,56.75,2,8.75,08:45,31.09596654438335,22.234523600145966,8.861442944237385,3,3,0,1,1,0,1,1,0,4,1.25,5.0,11,1.0,37.14288184804491,5.0,0.0,0,none,0,-1,-1.0,-1.0,0.0,11,1.0,1.0,1.0,0,105,0.3645833333333333,1.75,1.0,1.9166666666666667,1.6666666666666667,1.6666666666666667,0.7291666666666666,23.83530464822407,3.1944444444444446,11.0
682,56.833333333333336,56.833333333333336,2,8.833333333333336,08:50,30.64388772380226,21.743629623876984,8.900258099925276,2,1,1,2,2,0,2,2,0,4,2.5,5.0,11,1.0,32.91572837762362,7.5,2.5,0,none,0,-1,-1.0,-1.0,0.0,11,1.0,1.0,1.0,0,106,0.36805555555555564,1.9166666666666667,1.0,1.9166666666666667,1.75,1.75,0.9375,23.941674151082427,3.402777777777778,11.0
683,56.916666666666664,56.916666666666664,2,8.916666666666664,08:54,30.158864127210023,21.221996968102584,8.93686715910744,1,1,0,1,1,0,1,1,0,4,5.0,10.0,11,1.0,43.532551377346564,10.0,0.0,0,none,0,-1,-1.0,-1.0,0.0,11,1.0,1.0,1.0,0,107,0.3715277777777777,2.1666666666666665,1.0,1.8333333333333333,1.5833333333333333,1.5833333333333333,1.3541666666666667,24.826233257743297,3.9583333333333335,11.0
684,57.0,57.0,2,9.0,09:00,29.645158344583038,20.6750587588802,8.970099585702838,2,2,0,3,2,1,3,3,0,3,1.6666666666666667,5.0,11,1.0,30.699310186345684,11.666666666666666,5.0,0,none,0,-1,-1.0,-1.0,0.0,11,1.0,1.0,1.0,0,108,0.375,2.4166666666666665,1.0,1.8333333333333333,1.5833333333333333,1.5833333333333333,1.4930555555555556,24.42649785730865,4.791666666666667,11.0
685,57.083333333333336,57.083333333333336,2,9.083333333333336,09:05,29.1071824706093,20.108275678599686,8.998906792009613,1,1,0,0,0,0,0,0,0,4,5.0,10.0,11,1.0,0.0,0.0,0.0,0,none,0,-1,-1.0,-1.0,0.0,11,1.0,1.0,1.0,0,109,0.3784722222222223,2.75,1.0,1.9166666666666667,1.5833333333333333,1.5833333333333333,1.9097222222222223,24.42649785730865,4.791666666666667,11.0
686,57.166666666666664,57.166666666666664,2,9.166666666666664,09:09,28.54944523450868,19.527048455065156,9.022396779443524,3,3,0,2,2,0,2,2,0,5,3.0,10.0,11,1.0,37.23083380949645,12.5,10.0,0,none,0,-1,-1.0,-1.0,0.0,11,1.0,1.0,1.0,0,110,0.38194444444444436,3.1666666666666665,1.0,2.0,1.5833333333333333,1.5833333333333333,2.1597222222222223,25.116578273284645,5.833333333333333,11.0
687,57.25,57.25,2,9.25,09:15,27.97649889740076,18.936637043846602,9.039861853554159,1,1,0,3,3,0,3,3,0,3,3.3333333333333335,5.0,11,1.0,25.823518039225693,10.0,10.0,0,none,0,-1,-1.0,-1.0,0.0,11,1.0,1.0,1.0,0,111,0.3854166666666667,3.4166666666666665,1.0,1.9166666666666667,1.6666666666666667,1.6666666666666667,2.4375,24.180999128699515,6.666666666666667,11.0
688,57.333333333333336,57.333333333333336,2,9.333333333333336,09:20,27.392886726700688,18.342088117568867,9.05079860913182,3,3,0,0,0,0,0,0,0,6,4.166666666666667,10.0,11,1.0,0.0,0.0,0.0,0,none,0,-1,-1.0,-1.0,0.0,11,1.0,1.0,1.0,0,112,0.388888888888889,3.75,1.0,2.0,1.6666666666666667,1.6666666666666667,2.7847222222222228,24.18099912869951,6.666666666666667,11.0
689,57.416666666666664,57.416666666666664,2,9.416666666666664,09:24,26.803091825334036,17.748172087371692,9.054919737962344,1,1,0,1,1,0,1,1,0,6,6.666666666666667,15.0,11,1.0,44.66324710125235,15.0,5.0,0,none,0,-1,-1.0,-1.0,0.0,11,1.0,1.0,1.0,0,113,0.392361111111111,4.083333333333333,1.0,1.8333333333333333,1.5,1.5,3.340277777777778,25.60427489516253,7.638888888888888,11.0
690,57.5,57.5,2,9.5,09:30,26.21148804821528,17.15933047764443,9.05215757057085,0,0,0,2,2,0,2,1,1,4,8.75,10.0,11,1.0,35.69364566596278,17.5,10.0,0,none,0,-1,-1.0,-1.0,0.0,11,1.0,1.0,1.0,0,114,0.3958333333333333,4.083333333333333,1.0,1.6666666666666667,1.6666666666666667,1.6666666666666667,3.861111111111111,28.578745367326093,9.097222222222221,11.0
691,57.583333333333336,57.583333333333336,2,9.583333333333336,09:35,25.62229368103432,16.579634074411178,9.042659606623143,4,2,2,1,1,0,1,1,0,7,5.714285714285714,15.0,11,1.0,17.3847225628136,15.0,5.0,0,none,0,-1,-1.0,-1.0,0.0,11,1.0,1.0,1.0,0,115,0.39930555555555564,4.333333333333333,1.0,1.9166666666666667,1.6666666666666667,1.6666666666666667,3.920634920634921,28.03093208270859,9.513888888888888,11.0
692,57.666666666666664,57.666666666666664,2,9.666666666666664,09:39,25.03952848876275,16.012751887827882,9.026776600934866,2,1,1,3,3,0,3,3,0,6,3.3333333333333335,5.0,11,1.0,30.853841365065858,18.333333333333332,10.0,0,none,0,-1,-1.0,-1.0,0.0,11,1.0,1.0,1.0,0,116,0.4027777777777777,4.666666666666667,1.0,1.9166666666666667,1.5833333333333333,1.5833333333333333,4.198412698412699,27.995023361098124,10.208333333333332,11.0
693,57.75,57.75,2,9.75,09:45,24.466974665405278,15.461930625056299,9.005044040348979,0,0,0,1,0,1,1,1,0,5,8.0,10.0,11,1.0,30.767850813357803,10.0,10.0,0,none,0,-1,-1.0,-1.0,0.0,11,1.0,1.0,1.0,0,117,0.40625,4.75,1.0,1.6666666666666667,1.5833333333333333,1.5833333333333333,4.760912698412699,27.463770774874202,10.625,11.0
694,57.833333333333336,57.833333333333336,2,9.833333333333336,09:50,23.908142134435682,14.929984073073737,8.978158061361945,2,1,1,3,2,1,3,3,0,4,5.0,10.0,11,1.0,34.74517511638374,15.0,13.333333333333334,0,none,0,-1,-1.0,-1.0,0.0,11,1.0,1.0,1.0,0,118,0.4097222222222223,4.75,1.0,1.6666666666666667,1.6666666666666667,1.6666666666666667,4.969246031746032,27.616224669770876,11.25,11.0
695,57.916666666666664,57.916666666666664,2,9.916666666666664,09:54,23.366238563149302,14.419291550051335,8.946947013097967,0,0,0,1,0,1,1,1,0,3,8.333333333333334,15.0,11,1.0,21.577144723084167,15.0,15.0,0,none,0,-1,-1.0,-1.0,0.0,11,1.0,1.0,1.0,0,119,0.41319444444444436,4.666666666666667,1.0,1.5833333333333333,1.6666666666666667,1.6666666666666667,5.247023809523809,25.78660744858234,11.666666666666666,11.0
696,58.0,58.0,2,10.0,10:00,22.844144365874875,13.931804403464822,8.912339962410053,0,0,0,0,0,0,0,0,0,3,13.333333333333334,20.0,11,1.0,0.0,0.0,0.0,0,none,0,-1,-1.0,-1.0,0.0,11,1.0,1.0,1.0,0,120,0.4166666666666667,4.666666666666667,1.0,1.4166666666666667,1.4166666666666667,1.4166666666666667,6.219246031746032,23.228331599720203,10.694444444444443,11.0
697,58.083333333333336,58.083333333333336,2,10.083333333333336,10:05,22.344392882550007,13.46905941424478,8.875333468305227,0,0,0,2,1,1,2,2,0,1,15.0,15.0,11,1.0,40.201190850115125,20.0,15.0,0,none,0,-1,-1.0,-1.0,0.0,11,1.0,1.0,1.0,0,121,0.420138888888889,4.416666666666667,1.0,1.3333333333333333,1.5833333333333333,1.5833333333333333,7.052579365079365,26.5784308372298,12.361111111111109,11.0
698,58.166666666666664,58.166666666666664,2,10.166666666666664,10:09,21.869155832367486,13.032197906976009,8.836957925391477,1,0,1,2,1,1,2,2,0,0,0.0,0.0,11,1.0,18.853520820438657,10.0,17.5,0,none,0,-1,-1.0,-1.0,0.0,11,1.0,1.0,1.0,0,122,0.423611111111111,4.0,1.0,1.1666666666666667,1.5833333333333333,1.5833333333333333,6.802579365079365,25.046988088141646,12.152777777777777,11.0
699,58.25,58.25,2,10.25,10:15,21.420234058650554,12.621989361614977,8.798244697035576,2,2,0,1,1,0,1,1,0,1,0.0,0.0,11,1.0,37.558396025506646,0.0,20.0,0,none,0,-1,-1.0,-1.0,0.0,11,1.0,1.0,1.0,0,123,0.4270833333333333,3.8333333333333335,1.0,1.25,1.4166666666666667,1.4166666666666667,6.524801587301586,26.024894586998396,11.319444444444443,11.0
700,58.333333333333336,58.333333333333336,2,10.333333333333336,10:20,20.999053502196038,12.238858365423964,8.760195136772074,0,0,0,1,1,0,2,0,2,0,0.0,0.0,10,0.9090909090909091,22.595780299509308,5.0,12.5,0,none,0,-1,-1.0,-1.0,0.0,11,1.0,1.0,1.0,0,124,0.43055555555555564,3.3333333333333335,0.9924242424242423,1.0,1.5,1.5833333333333333,6.177579365079365,27.90787627862417,11.736111111111109,11.0
701,58.416666666666664,58.416666666666664,2,10.416666666666664,10:24,20.606666267184465,11.882913826299545,8.72375244088492,0,0,0,0,0,0,4,2,2,0,0.0,0.0,6,0.5454545454545454,0.0,0.0,12.5,0,none,0,-1,-1.0,-1.0,0.0,11,1.0,1.0,1.0,0,125,0.4340277777777777,2.8333333333333335,0.9545454545454545,0.9166666666666666,1.4166666666666667,1.8333333333333333,5.62202380952381,24.18593902018647,10.48611111111111,11.0
702,58.5,58.5,2,10.5,10:30,20.243756577299482,11.55397948099992,8.689777096299562,0,0,0,0,0,0,1,1,0,0,0.0,0.0,5,0.45454545454545453,0.0,0.0,15.0,0,none,0,-1,-1.0,-1.0,0.0,11,1.0,1.0,1.0,0,126,0.4375,2.5,0.9090909090909091,0.9166666666666666,1.25,1.75,4.892857142857143,21.21146854802291,9.027777777777777,11.0
703,58.583333333333336,58.583333333333336,2,10.583333333333336,10:35,19.91065136057534,11.25162486428817,8.65902649628717,2,2,0,2,2,0,1,1,0,0,0.0,0.0,6,0.5454545454545454,30.39736509717569,0.0,20.0,0,none,0,-1,-1.0,-1.0,0.0,11,1.0,1.0,1.0,0,127,0.4409722222222223,1.9166666666666667,0.8712121212121211,0.75,1.3333333333333333,1.75,4.416666666666667,22.295855425886415,7.777777777777778,11.0
704,58.666666666666664,58.666666666666664,2,10.666666666666664,10:39,19.60733515011341,10.975196048358079,8.632139101755332,1,0,1,1,0,1,0,0,0,0,0.0,0.0,7,0.6363636363636364,42.02042069986999,0.0,0.0,0,none,0,-1,-1.0,-1.0,0.0,11,1.0,1.0,1.0,0,128,0.44444444444444436,1.4166666666666667,0.8409090909090908,0.6666666666666666,1.1666666666666667,1.5,4.138888888888888,23.226403703786758,6.25,11.0
705,58.75,58.75,2,10.75,10:45,19.333468944368136,10.723845607532295,8.60962333683584,0,0,0,0,0,0,2,2,0,0,0.0,0.0,5,0.45454545454545453,0.0,0.0,15.0,0,none,0,-1,-1.0,-1.0,0.0,11,1.0,1.0,1.0,0,129,0.4479166666666667,1.0,0.7954545454545454,0.6666666666666666,1.0833333333333333,1.5833333333333333,3.4722222222222228,20.662416136006943,5.416666666666667,11.0
706,58.833333333333336,58.833333333333336,2,10.833333333333336,10:50,19.08841263518216,10.496561403697475,8.591851231484684,0,0,0,0,0,0,0,0,0,0,0.0,0.0,5,0.45454545454545453,0.0,0.0,0.0,0,none,0,-1,-1.0,-1.0,0.0,11,1.0,1.0,1.0,0,130,0.451388888888889,0.6666666666666666,0.7499999999999999,0.5,0.8333333333333334,1.3333333333333333,3.055555555555556,17.7669848763083,4.166666666666667,11.0
707,58.916666666666664,58.916666666666664,2,10.916666666666664,10:54,18.87125058396051,10.292193917243164,8.579056666717346,2,1,1,2,1,1,2,1,1,0,0.0,0.0,5,0.45454545454545453,21.225604761252242,0.0,7.5,0,none,0,-1,-1.0,-1.0,0.0,11,1.0,1.0,1.0,0,131,0.454861111111111,0.4166666666666667,0.7045454545454546,0.6666666666666666,0.9166666666666666,1.4166666666666667,2.361111111111111,17.737689879488972,2.9166666666666665,11.0
708,59.0,59.0,2,11.0,11:00,18.68081990598018,10.109481961899167,8.571337944081012,1,1,0,1,1,0,0,0,0,0,0.0,0.0,6,0.5454545454545454,31.643032331798615,0.0,0.0,0,none,0,-1,-1.0,-1.0,0.0,11,1.0,1.0,1.0,0,132,0.4583333333333333,0.16666666666666666,0.6666666666666666,0.75,1.0,1.4166666666666667,1.25,20.37460924047219,2.9166666666666665,11.0
709,59.083333333333336,59.083333333333336,2,11.083333333333336,11:05,18.51574100938189,9.947076716859607,8.568664292522284,0,0,0,0,0,0,1,1,0,0,0.0,0.0,5,0.45454545454545453,0.0,0.0,0.0,0,none,0,-1,-1.0,-1.0,0.0,11,1.0,1.0,1.0,0,133,0.46180555555555564,0.08333333333333333,0.6212121212121212,0.75,0.8333333333333334,1.3333333333333333,0.0,17.024510002962597,1.25,11.0
710,59.166666666666664,59.166666666666664,2,11.166666666666664,11:09,18.374449928351616,9.803564084452127,8.57088584389949,0,0,0,0,0,0,1,0,1,0,0.0,0.0,4,0.36363636363636365,0.0,0.0,0.0,0,none,0,-1,-1.0,-1.0,0.0,11,1.0,1.0,1.0,0,134,0.4652777777777777,0.08333333333333333,0.5681818181818182,0.6666666666666666,0.6666666666666666,1.25,0.0,15.453383267926041,0.4166666666666667,11.0
711,59.25,59.25,2,11.25,11:15,18.25523198878499,9.677485436192194,8.577746552592794,0,0,0,0,0,0,1,1,0,0,0.0,0.0,3,0.2727272727272727,0.0,0.0,0.0,0,none,0,-1,-1.0,-1.0,0.0,11,1.0,1.0,1.0,0,135,0.46875,0.0,0.5075757575757576,0.5,0.5833333333333334,1.25,0.0,12.323516932467152,0.4166666666666667,11.0
712,59.333333333333336,59.333333333333336,2,11.333333333333336,11:20,18.156256348724312,9.567356845303241,8.588899503421072,0,0,0,0,0,0,0,0,0,0,0.0,0.0,3,0.2727272727272727,0.0,0.0,0.0,0,none,0,-1,-1.0,-1.0,0.0,11,1.0,1.0,1.0,0,136,0.4722222222222223,0.0,0.45454545454545453,0.5,0.5,1.0833333333333333,0.0,10.440535240841378,0.0,11.0
713,59.416666666666664,59.416666666666664,2,11.416666666666664,11:24,18.075610964452643,9.471686921513756,8.603924042938887,0,0,0,0,0,0,2,1,1,0,0.0,0.0,1,0.09090909090909091,0.0,0.0,0.0,0,none,0,-1,-1.0,-1.0,0.0,11,1.0,1.0,1.0,0,137,0.47569444444444436,0.0,0.4166666666666667,0.5,0.5,0.9166666666666666,0.0,10.440535240841378,0.0,11.0
714,59.5,59.5,2,11.5,11:30,18.011337545728793,9.388993366620257,8.622344179108536,1,1,0,1,1,0,0,0,0,0,0.0,0.0,2,0.18181818181818182,25.514561025640933,0.0,0.0,0,none,0,-1,-1.0,-1.0,0.0,11,1.0,1.0,1.0,0,138,0.4791666666666667,0.0,0.39393939393939387,0.5833333333333334,0.5833333333333334,0.8333333333333334,0.0,12.566748659644787,0.0,11.0
715,59.583333333333336,59.583333333333336,2,11.583333333333336,11:35,17.961466079692393,9.317818359768712,8.643647719923681,0,0,0,0,0,0,1,1,0,0,0.0,0.0,1,0.09090909090909091,0.0,0.0,0.0,0,none,0,-1,-1.0,-1.0,0.0,11,1.0,1.0,1.0,0,139,0.482638888888889,0.0,0.356060606060606,0.4166666666666667,0.4166666666666667,0.8333333333333334,0.0,10.033634901546815,0.0,11.0
716,59.666666666666664,59.666666666666664,2,11.666666666666664,11:39,17.924048521947235,9.25674286264822,8.667305659299014,0,0,0,0,0,0,0,0,0,0,0.0,0.0,1,0.09090909090909091,0.0,0.0,0.0,0,none,0,-1,-1.0,-1.0,0.0,11,1.0,1.0,1.0,0,140,0.486111111111111,0.0,0.3106060606060606,0.3333333333333333,0.3333333333333333,0.8333333333333334,0.0,6.53193317655765,0.0,11.0
717,59.75,59.75,2,11.75,11:45,17.897191274787914,9.204399909759529,8.692791365028386,0,0,0,0,0,0,0,0,0,0,0.0,0.0,1,0.09090909090909091,0.0,0.0,0.0,0,none,0,-1,-1.0,-1.0,0.0,11,1.0,1.0,1.0,0,141,0.4895833333333333,0.0,0.2803030303030303,0.3333333333333333,0.3333333333333333,0.6666666666666666,0.0,6.53193317655765,0.0,11.0
718,59.833333333333336,59.833333333333336,2,11.833333333333336,11:50,17.879086096068907,9.1594869203623,8.719599175706607,1,0,1,1,0,1,0,0,0,0,0.0,0.0,2,0.18181818181818182,35.603856600021174,0.0,0.0,0,none,0,-1,-1.0,-1.0,0.0,11,1.0,1.0,1.0,0,142,0.49305555555555564,0.0,0.2575757575757576,0.4166666666666667,0.4166666666666667,0.6666666666666666,0.0,9.498921226559414,0.0,11.0
719,59.916666666666664,59.916666666666664,2,11.916666666666664,11:54,17.868039107484766,9.12077703904663,8.747262068438136,1,1,0,1,1,0,0,0,0,0,0.0,0.0,3,0.2727272727272727,18.832756461368366,0.0,0.0,0,none,0,-1,-1.0,-1.0,0.0,11,1.0,1.0,1.0,0,143,0.4965277777777777,0.0,0.24242424242424243,0.3333333333333333,0.3333333333333333,0.5,0.0,9.29951720156909,0.0,11.0
720,60.0,60.0,2,12.0,12:00,17.86249759774826,9.0871294831504,8.775368114597859,2,2,0,2,2,0,1,1,0,0,0.0,0.0,4,0.36363636363636365,32.137306244244016,0.0,0.0,0,none,0,-1,-1.0,-1.0,0.0,11,1.0,1.0,1.0,0,144,0.5,0.0,0.22727272727272727,0.4166666666666667,0.4166666666666667,0.5833333333333334,0.0,9.340706694272873,0.0,11.0
721,60.083333333333336,60.083333333333336,2,12.083333333333336,12:05,17.86107434408185,9.057498849062302,8.803575495019548,1,0,1,1,0,1,0,0,0,0,0.0,0.0,5,0.45454545454545453,22.034212119502882,0.0,0.0,0,none,0,-1,-1.0,-1.0,0.0,11,1.0,1.0,1.0,0,145,0.5034722222222223,0.0,0.2272727272727273,0.5,0.5,0.5,0.0,11.176891037564781,0.0,11.0
722,60.166666666666664,60.166666666666664,2,12.166666666666664,12:09,17.86256920438291,9.030943306994764,8.831625897388147,1,1,0,1,1,0,0,0,0,0,0.0,0.0,6,0.5454545454545454,43.6618166777498,0.0,0.0,0,none,0,-1,-1.0,-1.0,0.0,11,1.0,1.0,1.0,0,146,0.5069444444444443,0.0,0.24242424242424243,0.5833333333333334,0.5833333333333334,0.4166666666666667,0.0,14.8153757607106,0.0,11.0
723,60.25,60.25,2,12.25,12:15,17.86598776222676,9.006631595875712,8.859356166351047,2,1,1,2,1,1,1,1,0,0,0.0,0.0,7,0.6363636363636364,29.555246876253822,0.0,0.0,0,none,0,-1,-1.0,-1.0,0.0,11,1.0,1.0,1.0,0,147,0.5104166666666666,0.0,0.2727272727272727,0.75,0.75,0.4166666666666667,0.0,17.278313000398416,0.0,11.0
724,60.333333333333336,60.333333333333336,2,12.333333333333336,12:20,17.870556837404763,8.98384871705027,8.886708120354493,0,0,0,0,0,0,0,0,0,0,0.0,0.0,7,0.6363636363636364,0.0,0.0,0.0,0,none,0,-1,-1.0,-1.0,0.0,11,1.0,1.0,1.0,0,148,0.513888888888889,0.0,0.30303030303030304,0.75,0.75,0.4166666666666667,0.0,17.278313000398416,0.0,11.0
725,60.416666666666664,60.416666666666664,2,12.416666666666664,12:24,17.87573670585183,8.962000217697103,8.913736488154726,1,1,0,1,1,0,0,0,0,0,0.0,0.0,8,0.7272727272727273,33.18287348445283,0.0,0.0,0,none,0,-1,-1.0,-1.0,0.0,11,1.0,1.0,1.0,0,149,0.517361111111111,0.0,0.356060606060606,0.8333333333333334,0.8333333333333334,0.25,0.0,20.043552457436153,0.0,11.0
726,60.5,60.5,2,12.5,12:30,17.88122990450794,8.94061495225397,8.94061495225397,1,0,1,1,0,1,3,1,2,0,0.0,0.0,6,0.5454545454545454,31.032422190751305,0.0,0.0,0,none,0,-1,-1.0,-1.0,0.0,11,1.0,1.0,1.0,0,150,0.5208333333333334,0.0,0.3863636363636364,0.8333333333333334,0.8333333333333334,0.5,0.0,20.503374221195347,0.0,11.0
727,60.583333333333336,60.583333333333336,2,12.583333333333336,12:35,17.886986528804712,8.919346212609192,8.96764031619552,1,0,1,1,0,1,1,1,0,0,0.0,0.0,6,0.5454545454545454,19.179959690625324,0.0,0.0,0,none,0,-1,-1.0,-1.0,0.0,11,1.0,1.0,1.0,0,151,0.5243055555555557,0.0,0.42424242424242425,0.9166666666666666,0.9166666666666666,0.5,0.0,22.101704195414126,0.0,11.0
728,60.666666666666664,60.666666666666664,2,12.666666666666664,12:39,17.893205962998053,8.897971125204322,8.995234837793733,2,0,2,2,0,2,1,1,0,0,0.0,0.0,7,0.6363636363636364,31.788836621493985,0.0,0.0,0,none,0,-1,-1.0,-1.0,0.0,11,1.0,1.0,1.0,0,152,0.5277777777777777,0.0,0.46969696969696967,1.0833333333333333,1.0833333333333333,0.5833333333333334,0.0,24.750773913871956,0.0,11.0
729,60.75,60.75,2,12.75,12:45,17.900335016416467,8.876388225381456,9.02394679103501,1,0,1,1,0,1,0,0,0,0,0.0,0.0,8,0.7272727272727273,23.515149366957594,0.0,0.0,0,none,0,-1,-1.0,-1.0,0.0,11,1.0,1.0,1.0,0,153,0.53125,0.0,0.5227272727272727,1.1666666666666667,1.1666666666666667,0.5833333333333334,0.0,26.710369694451757,0.0,11.0
730,60.833333333333336,60.833333333333336,2,12.833333333333336,12:50,17.909062471795444,8.85461313622465,9.054449335570794,0,0,0,0,0,0,0,0,0,0,0.0,0.0,8,0.7272727272727273,0.0,0.0,0.0,0,none,0,-1,-1.0,-1.0,0.0,11,1.0,1.0,1.0,0,154,0.5347222222222223,0.0,0.5681818181818182,1.0833333333333333,1.0833333333333333,0.5833333333333334,0.0,23.743381644449993,0.0,11.0
731,60.916666666666664,60.916666666666664,2,12.916666666666664,12:54,17.920310085157453,8.832772300794858,9.087537784362596,0,0,0,0,0,0,3,1,2,0,0.0,0.0,5,0.45454545454545453,0.0,0.0,0.0,0,none,0,-1,-1.0,-1.0,0.0,11,1.0,1.0,1.0,0,155,0.5381944444444443,0.0,0.5833333333333334,1.0,1.0,0.8333333333333334,0.0,22.173985272669295,0.0,11.0
732,61.0,61.0,2,13.0,13:00,17.935220110106556,8.811094743120563,9.124125366985993,1,0,1,1,0,1,1,1,0,0,0.0,0.0,5,0.45454545454545453,31.721316453143405,0.0,0.0,0,none,0,-1,-1.0,-1.0,0.0,11,1.0,1.0,1.0,0,156,0.5416666666666666,0.0,0.5909090909090909,0.9166666666666666,0.9166666666666666,0.8333333333333334,0.0,22.139319456744246,0.0,11.0
733,61.083333333333336,61.083333333333336,2,13.083333333333336,13:05,17.955139452865332,8.78990186470857,9.165237588156762,2,2,0,2,2,0,1,0,1,0,0.0,0.0,6,0.5454545454545454,30.983153582729077,0.0,0.0,0,none,0,-1,-1.0,-1.0,0.0,11,1.0,1.0,1.0,0,157,0.545138888888889,0.0,0.5984848484848485,1.0,1.0,0.9166666666666666,0.0,22.88506457867976,0.0,11.0
734,61.166666666666664,61.166666666666664,2,13.166666666666664,13:09,17.981600597810417,8.769595319809286,9.212005278001131,0,0,0,0,0,0,2,0,2,0,0.0,0.0,4,0.36363636363636365,0.0,0.0,0.0,0,none,0,-1,-1.0,-1.0,0.0,11,1.0,1.0,1.0,0,158,0.548611111111111,0.0,0.5833333333333334,0.9166666666666666,0.9166666666666666,1.0833333333333333,0.0,19.24657985553394,0.0,11.0
735,61.25,61.25,2,13.25,13:15,18.01629947657129,8.750643054272226,9.265656422299063,1,1,0,1,1,0,0,0,0,0,0.0,0.0,5,0.45454545454545453,32.58915275675142,0.0,0.0,0,none,0,-1,-1.0,-1.0,0.0,11,1.0,1.0,1.0,0,159,0.5520833333333334,0.0,0.5681818181818182,0.8333333333333334,0.8333333333333334,1.0,0.0,19.49940534557541,0.0,11.0
736,61.333333333333336,61.333333333333336,2,13.333333333333336,13:20,18.061070486838766,8.73356363948125,9.327506847357515,0,0,0,0,0,0,1,0,1,0,0.0,0.0,4,0.36363636363636365,0.0,0.0,0.0,0,none,0,-1,-1.0,-1.0,0.0,11,1.0,1.0,1.0,0,160,0.5555555555555557,0.0,0.5454545454545454,0.8333333333333334,0.8333333333333334,1.0833333333333333,0.0,19.49940534557541,0.0,11.0
737,61.416666666666664,61.416666666666664,2,13.416666666666664,13:24,18.11785889975643,8.71890908425559,9.398949815500842,0,0,0,0,0,0,0,0,0,0,0.0,0.0,4,0.36363636363636365,0.0,0.0,0.0,0,none,0,-1,-1.0,-1.0,0.0,11,1.0,1.0,1.0,0,161,0.5590277777777777,0.0,0.5151515151515151,0.75,0.75,1.0833333333333333,0.0,16.734165888537675,0.0,11.0
738,61.5,61.5,2,13.5,13:30,18.188690926982243,8.707246363114217,9.481444563868026,2,0,2,2,0,2,0,0,0,0,0.0,0.0,6,0.5454545454545454,31.279639315117603,0.0,0.0,0,none,0,-1,-1.0,-1.0,0.0,11,1.0,1.0,1.0,0,162,0.5625,0.0,0.5151515151515151,0.8333333333333334,0.8333333333333334,0.8333333333333334,0.0,16.7547673155682,0.0,11.0
739,61.583333333333336,61.583333333333336,2,13.583333333333336,13:35,18.275641750014422,8.699137957899083,9.576503792115341,0,0,0,0,0,0,1,0,1,0,0.0,0.0,5,0.45454545454545453,0.0,0.0,0.0,0,none,0,-1,-1.0,-1.0,0.0,11,1.0,1.0,1.0,0,163,0.5659722222222223,0.0,0.5075757575757576,0.75,0.75,0.8333333333333334,0.0,15.156437341349422,0.0,11.0
740,61.666666666666664,61.666666666666664,2,13.666666666666664,13:39,18.380801844936265,8.695121769942759,9.685680074993506,1,1,0,1,1,0,2,2,0,0,0.0,0.0,4,0.36363636363636365,21.74532322199915,0.0,0.0,0,none,0,-1,-1.0,-1.0,0.0,11,1.0,1.0,1.0,0,164,0.5694444444444443,0.0,0.48484848484848486,0.6666666666666666,0.6666666666666666,0.9166666666666666,0.0,14.319477891391521,0.0,11.0
741,61.75,61.75,2,13.75,13:45,18.506241965056223,8.69569081974589,9.810551145310333,1,0,1,1,0,1,0,0,0,0,0.0,0.0,5,0.45454545454545453,35.05446157714182,0.0,0.0,0,none,0,-1,-1.0,-1.0,0.0,11,1.0,1.0,1.0,0,165,0.5729166666666666,0.0,0.4621212121212121,0.6666666666666666,0.6666666666666666,0.9166666666666666,0.0,15.281087242240206,0.0,11.0
742,61.833333333333336,61.833333333333336,2,13.833333333333336,13:50,18.653977171652162,8.701273207980098,9.952703963672064,1,0,1,1,0,1,1,1,0,0,0.0,0.0,5,0.45454545454545453,30.006254963181444,0.0,0.0,0,none,0,-1,-1.0,-1.0,0.0,11,1.0,1.0,1.0,0,166,0.576388888888889,0.0,0.43939393939393945,0.75,0.75,1.0,0.0,17.781608489171994,0.0,11.0
743,61.916666666666664,61.916666666666664,2,13.916666666666664,13:54,18.825930328755895,8.71221286254684,10.113717466209055,2,2,0,2,2,0,0,0,0,0,0.0,0.0,7,0.6363636363636364,25.357623594446746,0.0,0.0,0,none,0,-1,-1.0,-1.0,0.0,11,1.0,1.0,1.0,0,167,0.579861111111111,0.0,0.45454545454545453,0.9166666666666666,0.9166666666666666,0.75,0.0,19.894743788709224,0.0,11.0
744,62.0,62.0,2,14.0,14:00,19.023895501153813,8.72875163798738,10.295143863166434,0,0,0,0,0,0,1,0,1,0,0.0,0.0,6,0.5454545454545454,0.0,0.0,0.0,0,none,0,-1,-1.0,-1.0,0.0,11,1.0,1.0,1.0,0,168,0.5833333333333334,0.0,0.46212121212121215,0.8333333333333334,0.8333333333333334,0.75,0.0,17.251300750947273,0.0,11.0
745,62.083333333333336,62.083333333333336,2,14.083333333333336,14:05,19.249501714982948,8.751013362054195,10.498488352928753,2,0,2,2,0,2,2,1,1,0,0.0,0.0,6,0.5454545454545454,28.96912690102021,0.0,0.0,0,none,0,-1,-1.0,-1.0,0.0,11,1.0,1.0,1.0,0,169,0.5868055555555557,0.0,0.4621212121212121,0.8333333333333334,0.8333333333333334,0.8333333333333334,0.0,17.0834651941382,0.0,11.0
746,62.166666666666664,62.166666666666664,2,14.166666666666664,14:09,19.504177556859954,8.778990435911853,10.725187120948101,2,1,1,2,1,1,0,0,0,0,0.0,0.0,8,0.7272727272727273,33.83864944722593,0.0,0.0,0,none,0,-1,-1.0,-1.0,0.0,11,1.0,1.0,1.0,0,170,0.5902777777777777,0.0,0.49242424242424243,1.0,1.0,0.6666666666666666,0.0,19.903352648073692,0.0,11.0
747,62.25,62.25,2,14.25,14:15,19.789117099729374,8.812533585538368,10.976583514191006,0,0,0,0,0,0,0,0,0,0,0.0,0.0,8,0.7272727272727273,0.0,0.0,0.0,0,none,0,-1,-1.0,-1.0,0.0,11,1.0,1.0,1.0,0,171,0.59375,0.0,0.5151515151515151,0.9166666666666666,0.9166666666666666,0.6666666666666666,0.0,17.18758991834441,0.0,11.0
748,62.333333333333336,62.333333333333336,2,14.333333333333336,14:20,20.10524765085704,8.851345329119534,11.253902321737508,2,1,1,2,1,1,1,1,0,0,0.0,0.0,9,0.8181818181818182,29.047589864130988,0.0,0.0,0,none,0,-1,-1.0,-1.0,0.0,11,1.0,1.0,1.0,0,172,0.5972222222222223,0.0,0.5530303030303031,1.0833333333333333,1.0833333333333333,0.6666666666666666,0.0,19.608222407021994,0.0,11.0
749,62.416666666666664,62.416666666666664,2,14.416666666666664,14:24,20.453199818904228,8.894977665895407,11.55822215300882,1,0,1,1,0,1,3,1,2,0,0.0,0.0,7,0.6363636363636364,50.0,0.0,0.0,0,none,0,-1,-1.0,-1.0,0.0,11,1.0,1.0,1.0,0,173,0.6006944444444443,0.0,0.5757575757575758,1.1666666666666667,1.1666666666666667,0.9166666666666666,0.0,23.77488907368866,0.0,11.0
750,62.5,62.5,2,14.5,14:30,20.833280392079033,8.942834404306268,11.890445987772763,1,0,1,1,0,1,1,0,1,0,0.0,0.0,7,0.6363636363636364,36.48632135042723,0.0,0.0,0,none,0,-1,-1.0,-1.0,0.0,11,1.0,1.0,1.0,0,174,0.6041666666666666,0.0,0.5833333333333334,1.0833333333333333,1.0833333333333333,1.0,0.0,24.208779243297794,0.0,11.0
751,62.583333333333336,62.583333333333336,2,14.583333333333336,14:35,21.245448507288465,8.994178430904247,12.251270076384218,2,1,1,2,1,1,0,0,0,0,0.0,0.0,9,0.8181818181818182,24.569111400935668,0.0,0.0,0,none,0,-1,-1.0,-1.0,0.0,11,1.0,1.0,1.0,0,175,0.607638888888889,0.0,0.6136363636363636,1.25,1.25,0.9166666666666666,0.0,26.256205193375767,0.0,11.0
752,62.666666666666664,62.666666666666664,2,14.666666666666664,14:39,21.68929557038578,9.048144077343084,12.641151493042695,2,2,0,2,2,0,2,0,2,0,0.0,0.0,9,0.8181818181818182,32.781571783876274,0.0,0.0,0,none,0,-1,-1.0,-1.0,0.0,11,1.0,1.0,1.0,0,176,0.611111111111111,0.0,0.6515151515151515,1.3333333333333333,1.3333333333333333,0.9166666666666666,0.0,27.17589257353219,0.0,11.0
753,62.75,62.75,2,14.75,14:45,22.164029359491966,9.103754573509828,13.060274785982138,1,1,0,1,1,0,1,1,0,0,0.0,0.0,9,0.8181818181818182,19.352644418543484,0.0,0.0,0,none,0,-1,-1.0,-1.0,0.0,11,1.0,1.0,1.0,0,177,0.6145833333333334,0.0,0.6818181818181818,1.3333333333333333,1.3333333333333333,1.0,0.0,25.867407810315665,0.0,11.0
754,62.833333333333336,62.833333333333336,2,14.833333333333336,14:50,22.668462706575408,9.159944384996713,13.508518321578695,1,1,0,1,1,0,1,1,0,0,0.0,0.0,9,0.8181818181818182,27.992951956439033,0.0,0.0,0,none,0,-1,-1.0,-1.0,0.0,11,1.0,1.0,1.0,0,178,0.6180555555555557,0.0,0.712121212121212,1.3333333333333333,1.3333333333333333,1.0,0.0,25.699632559753795,0.0,11.0
755,62.916666666666664,62.916666666666664,2,14.916666666666664,14:54,23.201007106769815,9.215586028918846,13.985421077850969,1,0,1,1,0,1,1,0,1,0,0.0,0.0,9,0.8181818181818182,27.575721995402645,0.0,0.0,0,none,0,-1,-1.0,-1.0,0.0,11,1.0,1.0,1.0,0,179,0.6215277777777777,0.0,0.7272727272727274,1.25,1.25,1.0833333333333333,0.0,25.884474093166787,0.0,11.0
756,63.0,63.0,2,15.0,15:00,23.759671550263715,9.26952075156188,14.490150798701835,0,0,0,0,0,0,1,1,0,0,0.0,0.0,8,0.7272727272727273,0.0,0.0,0.0,0,none,0,-1,-1.0,-1.0,0.0,11,1.0,1.0,1.0,0,180,0.625,0.0,0.7424242424242425,1.25,1.25,1.0833333333333333,0.0,25.884474093166787,0.0,11.0
757,63.083333333333336,63.083333333333336,2,15.083333333333336,15:05,24.34206680820536,9.320592243964095,15.021474564241263,3,1,2,3,1,2,3,2,1,0,0.0,0.0,8,0.7272727272727273,34.562148590170146,0.0,0.0,0,none,0,-1,-1.0,-1.0,0.0,11,1.0,1.0,1.0,0,181,0.6284722222222223,0.0,0.7575757575757575,1.3333333333333333,1.3333333333333333,1.1666666666666667,0.0,26.35055923392928,0.0,11.0
758,63.166666666666664,63.166666666666664,2,15.166666666666664,15:09,24.945415332384425,9.367682377874381,15.577732954510044,1,1,0,1,1,0,1,0,1,0,0.0,0.0,8,0.7272727272727273,48.60608170985449,0.0,0.0,0,none,0,-1,-1.0,-1.0,0.0,11,1.0,1.0,1.0,0,182,0.6319444444444443,0.0,0.7575757575757577,1.25,1.25,1.25,0.0,27.581178589148333,0.0,11.0
759,63.25,63.25,2,15.25,15:15,25.566566849190355,9.409747775764568,16.156819073425787,1,0,1,1,0,1,1,0,1,0,0.0,0.0,8,0.7272727272727273,33.66436415435188,0.0,0.0,0,none,0,-1,-1.0,-1.0,0.0,11,1.0,1.0,1.0,0,183,0.6354166666666666,0.0,0.7575757575757577,1.3333333333333333,1.3333333333333333,1.3333333333333333,0.0,30.386542268677655,0.0,11.0
760,63.333333333333336,63.333333333333336,2,15.333333333333336,15:20,26.202019642504617,9.44585589590243,16.756163746602187,1,0,1,1,0,1,1,1,0,0,0.0,0.0,8,0.7272727272727273,28.729456076550054,0.0,0.0,0,none,0,-1,-1.0,-1.0,0.0,11,1.0,1.0,1.0,0,184,0.638888888888889,0.0,0.75,1.25,1.25,1.3333333333333333,0.0,30.360031119712573,0.0,11.0
761,63.416666666666664,63.416666666666664,2,15.416666666666664,15:24,26.847947429031734,9.475219227424237,17.372728201607497,1,1,0,1,1,0,2,1,1,0,0.0,0.0,7,0.6363636363636364,30.448884123788623,0.0,0.0,0,none,0,-1,-1.0,-1.0,0.0,11,1.0,1.0,1.0,0,185,0.642361111111111,0.0,0.75,1.25,1.25,1.25,0.0,28.730771463361624,0.0,11.0
762,63.5,63.5,2,15.5,15:30,27.500231634640805,9.497226159997263,18.003005474643544,0,0,0,0,0,0,0,0,0,0,0.0,0.0,7,0.6363636363636364,0.0,0.0,0.0,0,none,0,-1,-1.0,-1.0,0.0,11,1.0,1.0,1.0,0,186,0.6458333333333334,0.0,0.75,1.1666666666666667,1.1666666666666667,1.1666666666666667,0.0,25.690244684159357,0.0,11.0
763,63.583333333333336,63.583333333333336,2,15.583333333333336,15:35,28.154498783354047,9.511467125030162,18.643031658323885,2,0,2,2,0,2,0,0,0,0,0.0,0.0,9,0.8181818181818182,22.071446573399264,0.0,0.0,0,none,0,-1,-1.0,-1.0,0.0,11,1.0,1.0,1.0,0,187,0.6493055555555557,0.0,0.75,1.1666666666666667,1.1666666666666667,1.1666666666666667,0.0,25.482105948531323,0.0,11.0
764,63.666666666666664,63.666666666666664,2,15.666666666666664,15:39,28.80616261366367,9.517754704692791,19.28840790897088,1,0,1,1,0,1,1,0,1,0,0.0,0.0,9,0.8181818181818182,28.024778433127864,0.0,0.0,0,none,0,-1,-1.0,-1.0,0.0,11,1.0,1.0,1.0,0,188,0.6527777777777777,0.0,0.75,1.0833333333333333,1.0833333333333333,1.0833333333333333,0.0,25.085706502635627,0.0,11.0
765,63.75,63.75,2,15.75,15:45,29.450470442021608,9.516136572142347,19.93433386987926,2,0,2,2,0,2,2,1,1,0,0.0,0.0,9,0.8181818181818182,25.658535588733898,0.0,0.0,0,none,0,-1,-1.0,-1.0,0.0,11,1.0,1.0,1.0,0,189,0.65625,0.0,0.75,1.1666666666666667,1.1666666666666667,1.1666666666666667,0.0,25.611197433484822,0.0,11.0
766,63.833333333333336,63.833333333333336,2,15.833333333333336,15:50,30.082553202885293,9.506900358507847,20.575652844377444,2,0,2,2,0,2,2,0,2,0,0.0,0.0,9,0.8181818181818182,37.035896188889865,0.0,0.0,0,none,0,-1,-1.0,-1.0,0.0,11,1.0,1.0,1.0,0,190,0.6597222222222223,0.0,0.75,1.25,1.25,1.25,0.0,26.3647761195224,0.0,11.0
767,63.916666666666664,63.916666666666664,2,15.916666666666664,15:54,30.69747851091476,9.490569832664995,21.206908678249764,0,0,0,0,0,0,1,0,1,0,0.0,0.0,8,0.7272727272727273,0.0,0.0,0.0,0,none,0,-1,-1.0,-1.0,0.0,11,1.0,1.0,1.0,0,191,0.6631944444444443,0.0,0.7424242424242423,1.1666666666666667,1.1666666666666667,1.25,0.0,24.066799286572177,0.0,11.0
768,64.0,64.0,2,16.0,16:00,31.290306016074027,9.467892118126867,21.822413897947158,0,0,0,0,0,0,2,2,0,0,0.0,0.0,6,0.5454545454545454,0.0,0.0,0.0,0,none,0,-1,-1.0,-1.0,0.0,11,1.0,1.0,1.0,0,192,0.6666666666666666,0.0,0.7272727272727272,1.1666666666666667,1.1666666666666667,1.3333333333333333,0.0,24.066799286572177,0.0,11.0
769,64.08333333333333,64.08333333333333,2,16.08333333333333,16:04,31.85614425867985,9.43981604348049,22.41632821519936,0,0,0,0,0,0,1,0,1,0,0.0,0.0,5,0.45454545454545453,0.0,0.0,0.0,0,none,0,-1,-1.0,-1.0,0.0,11,1.0,1.0,1.0,0,193,0.6701388888888887,0.0,0.7045454545454546,0.9166666666666666,0.9166666666666666,1.1666666666666667,0.0,21.186620237391327,0.0,11.0
770,64.16666666666667,64.16666666666667,2,16.16666666666667,16:10,32.390208180879924,9.407462111807149,22.98274606907277,1,0,1,1,0,1,2,0,2,0,0.0,0.0,4,0.36363636363636365,30.853006984724637,0.0,0.0,0,none,0,-1,-1.0,-1.0,0.0,11,1.0,1.0,1.0,0,194,0.6736111111111113,0.0,0.6742424242424243,0.9166666666666666,0.9166666666666666,1.25,0.0,19.707197343630508,0.0,11.0
771,64.25,64.25,2,16.25,16:15,32.88787641539791,9.372084961443933,23.515791453953977,3,0,3,3,0,3,1,0,1,0,0.0,0.0,6,0.5454545454545454,23.436167666279278,0.0,0.0,0,none,0,-1,-1.0,-1.0,0.0,11,1.0,1.0,1.0,0,195,0.6770833333333334,0.0,0.6590909090909091,1.0833333333333333,1.0833333333333333,1.25,0.0,18.854847636291122,0.0,11.0
772,64.33333333333333,64.33333333333333,2,16.33333333333333,16:19,33.34474745313813,9.33502955522322,24.009717897914914,4,1,3,4,1,3,0,0,0,0,0.0,0.0,10,0.9090909090909091,28.99349763015379,0.0,0.0,0,none,0,-1,-1.0,-1.0,0.0,11,1.0,1.0,1.0,0,196,0.6805555555555554,0.0,0.6742424242424243,1.3333333333333333,1.3333333333333333,1.1666666666666667,0.0,18.876851099091436,0.0,11.0
773,64.41666666666667,64.41666666666667,2,16.41666666666667,16:25,33.75669378948213,9.297682658011649,24.45901113147048,0,0,0,0,0,0,1,0,1,0,0.0,0.0,9,0.8181818181818182,0.0,0.0,0.0,0,none,0,-1,-1.0,-1.0,0.0,11,1.0,1.0,1.0,0,197,0.684027777777778,0.0,0.6893939393939394,1.25,1.25,1.0833333333333333,0.0,16.339444088775718,0.0,11.0
774,64.5,64.5,2,16.5,16:30,34.11991316553358,9.26142142433202,24.85849174120156,2,0,2,2,0,2,0,0,0,0,0.0,0.0,11,1.0,26.474699318799765,0.0,0.0,0,none,0,-1,-1.0,-1.0,0.0,11,1.0,1.0,1.0,0,198,0.6875,0.0,0.7196969696969697,1.4166666666666667,1.4166666666666667,1.0833333333333333,0.0,18.54566903200903,0.0,11.0
775,64.58333333333333,64.58333333333333,2,16.58333333333333,16:34,34.430976055390865,9.227561102995125,25.20341495239574,0,0,0,0,0,0,2,0,2,0,0.0,0.0,9,0.8181818181818182,0.0,0.0,0.0,0,none,0,-1,-1.0,-1.0,0.0,11,1.0,1.0,1.0,0,199,0.690972222222222,0.0,0.7196969696969697,1.25,1.25,1.25,0.0,16.706381817559095,0.0,11.0
776,64.66666666666667,64.66666666666667,2,16.66666666666667,16:40,34.6868686034954,9.19730396153598,25.489564641959415,0,0,0,0,0,0,1,0,1,0,0.0,0.0,8,0.7272727272727273,0.0,0.0,0.0,0,none,0,-1,-1.0,-1.0,0.0,11,1.0,1.0,1.0,0,200,0.6944444444444446,0.0,0.712121212121212,1.1666666666666667,1.1666666666666667,1.25,0.0,14.370983614798439,0.0,11.0
777,64.75,64.75,2,16.75,16:45,34.88503028647547,9.171691531932606,25.713338754542864,1,0,1,1,0,1,2,0,2,0,0.0,0.0,7,0.6363636363636364,20.401865708063852,0.0,0.0,0,none,0,-1,-1.0,-1.0,0.0,11,1.0,1.0,1.0,0,201,0.6979166666666666,0.0,0.6969696969696969,1.0833333333333333,1.0833333333333333,1.25,0.0,13.932927791409265,0.0,11.0
778,64.83333333333333,64.83333333333333,2,16.83333333333333,16:49,35.02338566044036,9.15156217788235,25.87182348255801,3,1,2,3,1,2,2,1,1,0,0.0,0.0,8,0.7272727272727273,30.343239747240442,0.0,0.0,0,none,0,-1,-1.0,-1.0,0.0,11,1.0,1.0,1.0,0,202,0.7013888888888887,0.0,0.6893939393939394,1.1666666666666667,1.1666666666666667,1.25,0.0,13.375206421271812,0.0,11.0
779,64.91666666666667,64.91666666666667,2,16.91666666666667,16:55,35.10036965568598,9.13751578565321,25.962853870032774,1,0,1,1,0,1,3,0,3,0,0.0,0.0,6,0.5454545454545454,22.130899880900678,0.0,0.0,0,none,0,-1,-1.0,-1.0,0.0,11,1.0,1.0,1.0,0,203,0.7048611111111113,0.0,0.6742424242424243,1.25,1.25,1.4166666666666667,0.0,15.219448078013537,0.0,11.0
780,65.0,65.0,2,17.0,17:00,35.11494599413609,9.129887093561539,25.985058900574554,3,0,3,1,0,1,1,0,1,2,0.0,0.0,6,1.0,25.695043652885133,0.0,0.0,1,capacity_drop,1,2,17.0,19.0,120.0,6,1.0,1.0,1.0,1,204,0.7083333333333334,0.16666666666666666,0.712121212121212,1.5,1.3333333333333333,1.3333333333333333,0.0,17.360701715753965,0.0,10.583333333333334
781,65.08333333333333,65.08333333333333,2,17.08333333333333,17:04,35.06661842807187,9.128728812929904,25.937889615141966,0,0,0,0,0,0,0,0,0,2,5.0,5.0,6,1.0,0.0,0.0,0.0,1,capacity_drop,1,2,17.0,19.0,115.0,6,1.0,1.0,1.0,1,205,0.7118055555555554,0.3333333333333333,0.7575757575757575,1.5,1.3333333333333333,1.25,0.4166666666666667,17.360701715753965,0.0,10.166666666666666
782,65.16666666666667,65.16666666666667,2,17.16666666666667,17:10,34.955434629012665,9.13380527382459,25.821629355188072,1,0,1,1,0,1,1,0,1,2,5.0,10.0,6,1.0,23.525611411099895,10.0,0.0,1,capacity_drop,1,2,17.0,19.0,110.0,6,1.0,1.0,1.0,1,206,0.715277777777778,0.5,0.8106060606060606,1.5,1.3333333333333333,1.1666666666666667,0.8333333333333334,16.750085417951905,0.8333333333333334,9.75
783,65.25,65.25,2,17.25,17:15,34.78198268999153,9.144596873207066,25.637385816784462,0,0,0,0,0,0,0,0,0,2,10.0,15.0,6,1.0,0.0,0.0,0.0,1,capacity_drop,1,2,17.0,19.0,105.0,6,1.0,1.0,1.0,1,207,0.71875,0.6666666666666666,0.8484848484848485,1.25,1.0833333333333333,1.0833333333333333,1.6666666666666667,14.797071445761963,0.8333333333333334,9.333333333333334
784,65.33333333333333,65.33333333333333,2,17.33333333333333,17:19,34.547380339773454,9.160315134711709,25.387065205061745,1,0,1,2,0,2,2,0,2,1,0.0,0.0,6,1.0,32.410442300484576,15.0,0.0,1,capacity_drop,1,2,17.0,19.0,100.0,6,1.0,1.0,1.0,1,208,0.722222222222222,0.75,0.856060606060606,1.0,0.9166666666666666,1.25,1.6666666666666667,15.081816834956195,2.0833333333333335,8.916666666666666
785,65.41666666666667,65.41666666666667,2,17.41666666666667,17:25,34.253257100603676,9.179927732138497,25.073329368465178,3,2,1,2,1,1,2,1,1,2,0.0,0.0,6,1.0,28.298933823563296,2.5,0.0,1,capacity_drop,1,2,17.0,19.0,95.0,6,1.0,1.0,1.0,1,209,0.7256944444444446,0.9166666666666666,0.8712121212121211,1.25,1.0833333333333333,1.3333333333333333,1.6666666666666667,17.440061320253136,2.2916666666666665,8.5
786,65.5,65.5,2,17.5,17:30,33.90172974870734,9.202192406228747,24.699537342478592,4,1,3,1,1,0,1,0,1,5,1.0,5.0,6,1.0,18.00586943129909,5.0,0.0,1,capacity_drop,1,2,17.0,19.0,90.0,6,1.0,1.0,1.0,1,210,0.7291666666666666,1.3333333333333333,0.8712121212121211,1.4166666666666667,1.0,1.4166666666666667,1.75,16.734325496294748,2.7083333333333335,8.083333333333334
787,65.58333333333333,65.58333333333333,2,17.58333333333333,17:34,33.495371555993486,9.22569833752863,24.269673218464856,1,1,0,1,0,1,1,0,1,5,4.0,5.0,6,1.0,41.53421025709189,10.0,10.0,1,capacity_drop,1,2,17.0,19.0,85.0,6,1.0,1.0,1.0,1,211,0.7326388888888887,1.75,0.8863636363636364,1.5,1.0833333333333333,1.3333333333333333,2.0833333333333335,20.195509684385737,3.5416666666666665,7.666666666666667
788,65.66666666666667,65.66666666666667,2,17.66666666666667,17:40,33.03717589948518,9.248913244897913,23.788262654587264,1,0,1,0,0,0,0,0,0,6,7.5,10.0,6,1.0,0.0,0.0,0.0,1,capacity_drop,1,2,17.0,19.0,80.0,6,1.0,1.0,1.0,1,212,0.7361111111111113,2.25,0.9090909090909091,1.5833333333333333,1.0833333333333333,1.25,2.7083333333333335,20.195509684385737,3.5416666666666665,7.25
789,65.75,65.75,2,17.75,17:45,32.53051491944552,9.27023427284599,23.260280646599533,2,1,1,1,0,1,1,1,0,7,8.571428571428571,15.0,6,1.0,33.355460808748255,15.0,0.0,1,capacity_drop,1,2,17.0,19.0,75.0,6,1.0,1.0,1.0,1,213,0.7395833333333334,2.8333333333333335,0.9393939393939393,1.6666666666666667,1.0833333333333333,1.1666666666666667,3.4226190476190474,21.274975942776106,4.791666666666667,6.833333333333333
790,65.83333333333333,65.83333333333333,2,17.83333333333333,17:49,31.979093985931655,9.288040619622178,22.691053366309475,1,1,0,1,0,1,1,1,0,7,10.714285714285714,20.0,6,1.0,34.74332894274104,20.0,5.0,1,capacity_drop,1,2,17.0,19.0,70.0,6,1.0,1.0,1.0,1,214,0.7430555555555554,3.4166666666666665,0.962121212121212,1.5,0.9166666666666666,1.0833333333333333,4.315476190476191,21.641650042401153,6.458333333333333,6.416666666666667
791,65.91666666666667,65.91666666666667,2,17.91666666666667,17:55,31.386902794955155,9.300745844635307,22.086156950319847,5,2,3,2,1,1,2,0,2,10,6.0,20.0,6,1.0,33.01927779031986,25.0,15.0,1,capacity_drop,1,2,17.0,19.0,65.0,6,1.0,1.0,1.0,1,215,0.746527777777778,4.25,1.0,1.8333333333333333,1.0,1.0,4.815476190476191,22.549014868186088,8.541666666666666,6.0
792,66.0,66.0,2,18.0,18:00,30.758163958405603,9.306847875653567,21.451316082752037,0,0,0,0,0,0,0,0,0,10,11.0,25.0,6,1.0,0.0,0.0,0.0,1,capacity_drop,1,2,17.0,19.0,60.0,6,1.0,1.0,1.0,1,216,0.75,4.916666666666667,1.0,1.5833333333333333,0.9166666666666666,0.9166666666666666,5.732142857142857,20.407761230445658,8.541666666666666,6.0
793,66.08333333333333,66.08333333333333,2,18.08333333333333,18:04,30.09727997576594,9.304974905556126,20.792305070209814,1,0,1,1,1,0,1,0,1,10,13.0,25.0,6,1.0,21.577797668625934,30.0,5.0,1,capacity_drop,1,2,17.0,19.0,55.0,6,1.0,1.0,1.0,1,217,0.753472222222222,5.583333333333333,1.0,1.6666666666666667,1.0,1.0,6.398809523809523,22.20591103616449,11.041666666666666,6.0
794,66.16666666666667,66.16666666666667,2,18.16666666666667,18:10,29.408779480295305,9.293925612955572,20.114853867339733,1,1,0,0,0,0,0,0,0,11,16.363636363636363,30.0,6,1.0,0.0,0.0,0.0,1,capacity_drop,1,2,17.0,19.0,50.0,6,1.0,1.0,1.0,1,218,0.7569444444444446,6.333333333333333,1.0,1.6666666666666667,0.9166666666666666,0.9166666666666666,7.345779220779221,20.24544341857283,10.208333333333334,6.0
795,66.25,66.25,2,18.25,18:15,28.697263638153192,9.272702445050424,19.424561193102768,2,1,1,0,0,0,0,0,0,13,18.076923076923077,35.0,6,1.0,0.0,0.0,0.0,1,capacity_drop,1,2,17.0,19.0,45.0,6,1.0,1.0,1.0,1,219,0.7604166666666666,7.25,1.0,1.8333333333333333,0.9166666666666666,0.9166666666666666,8.018856143856143,20.24544341857283,10.208333333333334,6.0
796,66.33333333333333,66.33333333333333,2,18.33333333333333,18:19,27.967353546769104,9.240537046453097,18.72681650031601,2,0,2,2,1,1,2,0,2,13,17.307692307692307,35.0,6,1.0,36.585618044480654,37.5,12.5,1,capacity_drop,1,2,17.0,19.0,40.0,6,1.0,1.0,1.0,1,220,0.7638888888888887,8.25,1.0,1.9166666666666667,0.9166666666666666,0.9166666666666666,9.461163836163836,20.593374730572503,12.083333333333334,6.0
797,66.41666666666667,66.41666666666667,2,18.41666666666667,18:25,27.223639429946434,9.196907285107596,18.02673214483884,0,0,0,1,0,1,1,0,1,12,20.833333333333332,35.0,6,1.0,15.0,40.0,20.0,1,capacity_drop,1,2,17.0,19.0,35.0,6,1.0,1.0,1.0,1,221,0.7673611111111113,9.083333333333334,1.0,1.6666666666666667,0.8333333333333334,0.8333333333333334,11.197274947274947,19.48513024527556,15.208333333333334,6.0
798,66.5,66.5,2,18.5,18:30,26.47063236343379,9.14154569638572,17.32908666704807,1,1,0,3,2,1,3,2,1,10,20.0,35.0,6,1.0,32.31547492023093,36.666666666666664,26.666666666666668,1,capacity_drop,1,2,17.0,19.0,30.0,6,1.0,1.0,1.0,1,222,0.7708333333333334,9.5,1.0,1.4166666666666667,1.0,1.0,12.780608280608279,20.67759736935321,17.84722222222222,6.0
799,66.58333333333333,66.58333333333333,2,18.58333333333333,18:34,25.712719188060834,9.074439520771787,16.638279667289048,1,1,0,0,0,0,0,0,0,11,22.727272727272727,40.0,6,1.0,0.0,0.0,0.0,1,capacity_drop,1,2,17.0,19.0,25.0,6,1.0,1.0,1.0,1,223,0.7743055555555554,10.0,1.0,1.4166666666666667,0.9166666666666666,0.9166666666666666,14.341214341214341,17.216413181262222,17.01388888888889,6.0
800,66.66666666666667,66.66666666666667,2,18.66666666666667,18:40,24.954121180330578,8.995822833054303,15.958298347276274,2,1,1,1,1,0,1,0,1,12,21.666666666666668,45.0,6,1.0,34.86449728536061,45.0,40.0,1,capacity_drop,1,2,17.0,19.0,20.0,6,1.0,1.0,1.0,1,224,0.777777777777778,10.5,1.0,1.5,1.0,1.0,15.521769896769896,20.121787955042272,20.76388888888889,6.0
801,66.75,66.75,2,18.75,18:45,24.198856955072106,8.90616153835985,15.292695416712256,2,1,1,0,0,0,0,0,0,14,22.857142857142858,50.0,6,1.0,0.0,0.0,0.0,1,capacity_drop,1,2,17.0,19.0,15.0,6,1.0,1.0,1.0,1,225,0.78125,11.083333333333334,1.0,1.5,0.9166666666666666,0.9166666666666666,16.712246087246086,17.34216622097992,19.51388888888889,6.0
802,66.83333333333333,66.83333333333333,2,18.83333333333333,18:49,23.45070997399877,8.806132232833592,14.644577741165175,0,0,0,2,0,2,2,2,0,12,23.333333333333332,45.0,6,1.0,29.8729667962902,55.0,37.5,1,capacity_drop,1,2,17.0,19.0,10.0,6,1.0,1.0,1.0,1,226,0.784722222222222,11.5,1.0,1.4166666666666667,1.0,1.0,17.76383338883339,16.93630270877568,22.430555555555557,6.0
803,66.91666666666667,66.91666666666667,2,18.91666666666667,18:55,22.713200930414057,8.69659608814215,14.016604842271908,0,0,0,0,0,0,0,0,0,12,28.333333333333332,50.0,6,1.0,0.0,0.0,0.0,1,capacity_drop,1,2,17.0,19.0,5.0,6,1.0,1.0,1.0,1,227,0.7881944444444446,11.666666666666666,1.0,1.0,0.8333333333333334,0.8333333333333334,19.6249444999445,14.184696226249025,20.34722222222222,6.0
804,67.0,67.0,2,19.0,19:00,21.989565176425764,8.57856901683194,13.410996159593822,1,0,1,5,2,3,0,0,0,8,20.625,40.0,11,1.0,33.28652353869789,47.0,0.0,0,none,0,-1,-1.0,-1.0,0.0,11,1.0,1.0,1.0,0,228,0.7916666666666666,11.5,1.0,1.0833333333333333,1.25,0.8333333333333334,20.427027833277833,16.958573187807186,24.26388888888889,6.416666666666667
805,67.08333333333333,67.08333333333333,2,19.08333333333333,19:04,21.282735257331566,8.453189411037275,12.829545846294291,1,0,1,1,0,1,1,0,1,8,20.0,35.0,11,1.0,15.0,45.0,40.0,0,none,0,-1,-1.0,-1.0,0.0,11,1.0,1.0,1.0,0,229,0.7951388888888887,11.333333333333334,1.0,1.0833333333333333,1.25,0.8333333333333334,21.010361166611165,16.410423382088357,25.51388888888889,6.833333333333333
806,67.16666666666667,67.16666666666667,2,19.16666666666667,19:10,20.59532852059015,8.321684724343893,12.273643796246258,0,0,0,1,1,0,1,0,1,7,22.857142857142858,35.0,11,1.0,24.185086166076573,40.0,35.0,0,none,0,-1,-1.0,-1.0,0.0,11,1.0,1.0,1.0,0,230,0.7986111111111113,11.0,1.0,1.0,1.3333333333333333,0.9166666666666666,21.55148670773671,18.425847229261404,28.847222222222225,7.25
807,67.25,67.25,2,19.25,19:15,19.9296396760039,8.185338092596583,11.744301583407319,0,0,0,2,2,0,2,2,0,5,24.0,35.0,11,1.0,26.644104206610116,37.5,40.0,0,none,0,-1,-1.0,-1.0,0.0,11,1.0,1.0,1.0,0,231,0.8020833333333334,10.333333333333334,1.0,0.8333333333333334,1.5,1.0833333333333333,22.04507645132645,20.646189246478915,31.972222222222225,7.666666666666667
808,67.33333333333333,67.33333333333333,2,19.33333333333333,19:19,19.287638101157853,8.045456072839661,11.242182028318194,0,0,0,3,1,2,3,0,3,2,17.5,20.0,11,1.0,33.008127006061606,36.666666666666664,51.666666666666664,0,none,0,-1,-1.0,-1.0,0.0,11,1.0,1.0,1.0,0,232,0.8055555555555554,9.416666666666666,1.0,0.6666666666666666,1.5833333333333333,1.1666666666666667,22.06110209235209,20.348064993277326,31.902777777777775,8.083333333333334
809,67.41666666666667,67.41666666666667,2,19.41666666666667,19:25,18.67096961320062,7.903338430365595,10.767631182835023,1,0,1,1,0,1,1,0,1,2,10.0,20.0,11,1.0,33.189890474489644,25.0,40.0,0,none,0,-1,-1.0,-1.0,0.0,11,1.0,1.0,1.0,0,233,0.809027777777778,8.583333333333334,1.0,0.75,1.5833333333333333,1.1666666666666667,21.158324314574315,21.8638891994848,30.652777777777775,8.5
810,67.5,67.5,2,19.5,19:30,18.080962365783023,7.760250732515361,10.320711633267662,2,1,1,1,0,1,1,0,1,3,1.6666666666666667,5.0,11,1.0,27.467164539992975,25.0,45.0,0,none,0,-1,-1.0,-1.0,0.0,11,1.0,1.0,1.0,0,234,0.8125,8.0,1.0,0.8333333333333334,1.4166666666666667,1.0,19.630546536796537,21.45986333446497,29.680555555555554,8.916666666666666
811,67.58333333333333,67.58333333333333,2,19.58333333333333,19:34,17.51863647912628,7.617400324809069,9.90123615431721,1,1,0,3,1,2,3,2,1,1,0.0,0.0,11,1.0,25.092920086741398,6.666666666666667,48.333333333333336,0,none,0,-1,-1.0,-1.0,0.0,11,1.0,1.0,1.0,0,235,0.815972222222222,7.166666666666667,1.0,0.8333333333333334,1.6666666666666667,1.25,17.736607142857142,23.550940008360087,30.23611111111111,9.333333333333334
812,67.66666666666667,67.66666666666667,2,19.66666666666667,19:40,16.98471697215285,7.47591607989679,9.50880089225606,0,0,0,0,0,0,0,0,0,1,5.0,5.0,11,1.0,0.0,0.0,0.0,0,none,0,-1,-1.0,-1.0,0.0,11,1.0,1.0,1.0,0,236,0.8194444444444446,6.25,1.0,0.6666666666666666,1.5833333333333333,1.1666666666666667,16.347718253968253,20.645565234580033,26.48611111111111,9.75
813,67.75,67.75,2,19.75,19:45,16.479649538420226,7.336832131294739,9.142817407125486,0,0,0,1,1,0,2,2,0,0,0.0,0.0,10,0.9090909090909091,31.243681513886433,10.0,37.5,0,none,0,-1,-1.0,-1.0,0.0,11,1.0,1.0,1.0,0,237,0.8229166666666666,5.083333333333333,0.9924242424242425,0.5,1.6666666666666667,1.3333333333333333,14.442956349206348,23.249205360737236,27.319444444444443,10.166666666666666
814,67.83333333333333,67.83333333333333,2,19.83333333333333,19:49,16.003618691996373,7.201075639059804,8.80254305293657,0,0,0,0,0,0,1,1,0,0,0.0,0.0,9,0.8181818181818182,0.0,0.0,45.0,0,none,0,-1,-1.0,-1.0,0.0,11,1.0,1.0,1.0,0,238,0.8263888888888887,4.083333333333333,0.9772727272727274,0.5,1.5,1.25,12.498511904761903,20.759791461046387,22.73611111111111,10.583333333333334
815,67.91666666666667,67.91666666666667,2,19.91666666666667,19:55,15.556567804863029,7.069458488968,8.487109315895028,0,0,0,0,0,0,2,1,1,0,0.0,0.0,7,0.6363636363636364,0.0,0.0,35.0,0,none,0,-1,-1.0,-1.0,0.0,11,1.0,1.0,1.0,0,239,0.8298611111111113,3.0833333333333335,0.9469696969696969,0.5,1.5,1.4166666666666667,10.137400793650794,20.759791461046387,22.73611111111111,11.0
816,68.0,68.0,2,20.0,20:00,15.138220563138113,6.942672704205335,8.195547858932777,0,0,0,0,0,0,5,1,4,0,0.0,0.0,2,0.18181818181818182,0.0,0.0,20.0,0,none,0,-1,-1.0,-1.0,0.0,11,1.0,1.0,1.0,0,240,0.8333333333333334,2.4166666666666665,0.8787878787878789,0.4166666666666667,1.0833333333333333,1.8333333333333333,8.418650793650794,17.985914499488228,18.819444444444446,11.0
817,68.08333333333333,68.08333333333333,2,20.08333333333333,20:04,14.748103384393737,6.821289251199006,7.926814133194732,1,1,0,1,1,0,0,0,0,0,0.0,0.0,3,0.2727272727272727,28.388964508579253,0.0,0.0,0,none,0,-1,-1.0,-1.0,0.0,11,1.0,1.0,1.0,0,241,0.8368055555555554,1.75,0.8181818181818182,0.4166666666666667,1.0833333333333333,1.75,6.751984126984127,19.101661541869834,15.069444444444445,11.0
818,68.16666666666667,68.16666666666667,2,20.16666666666667,20:10,14.385568361469616,6.7057598496256885,7.679808511843927,0,0,0,0,0,0,1,0,1,0,0.0,0.0,2,0.18181818181818182,0.0,0.0,10.0,0,none,0,-1,-1.0,-1.0,0.0,11,1.0,1.0,1.0,0,242,0.840277777777778,1.1666666666666667,0.75,0.4166666666666667,1.0,1.75,4.847222222222222,17.086237694696788,11.736111111111112,11.0
819,68.25,68.25,2,20.25,20:15,14.04981632818525,6.596421350111682,7.453394978073567,2,0,2,2,0,2,0,0,0,0,0.0,0.0,4,0.36363636363636365,28.658129326144426,0.0,0.0,0,none,0,-1,-1.0,-1.0,0.0,11,1.0,1.0,1.0,0,243,0.84375,0.75,0.6969696969696969,0.5833333333333334,1.0,1.5833333333333333,2.847222222222222,17.254073121324648,8.611111111111112,11.0
820,68.33333333333333,68.33333333333333,2,20.33333333333333,20:19,13.739919677927592,6.49350221988646,7.246417458041132,0,0,0,0,0,0,1,1,0,0,0.0,0.0,3,0.2727272727272727,0.0,0.0,10.0,0,none,0,-1,-1.0,-1.0,0.0,11,1.0,1.0,1.0,0,244,0.847222222222222,0.5833333333333334,0.6363636363636364,0.5833333333333334,0.75,1.4166666666666667,1.388888888888889,14.503395870819512,5.555555555555556,11.0
821,68.41666666666667,68.41666666666667,2,20.41666666666667,20:25,13.45484460589287,6.397130674047494,7.057713931845375,0,0,0,0,0,0,0,0,0,0,0.0,0.0,3,0.2727272727272727,0.0,0.0,0.0,0,none,0,-1,-1.0,-1.0,0.0,11,1.0,1.0,1.0,0,245,0.8506944444444446,0.4166666666666667,0.5757575757575758,0.5,0.6666666666666666,1.3333333333333333,0.5555555555555556,11.73757166461204,3.4722222222222228,11.0
822,68.5,68.5,2,20.5,20:30,13.193472488465396,6.3073440049750635,6.8861284834903325,2,1,1,2,1,1,0,0,0,0,0.0,0.0,5,0.45454545454545453,28.951847195370604,0.0,0.0,0,none,0,-1,-1.0,-1.0,0.0,11,1.0,1.0,1.0,0,246,0.8541666666666666,0.16666666666666666,0.5303030303030303,0.5,0.75,1.25,0.4166666666666667,11.861295219226841,1.388888888888889,11.0
823,68.58333333333333,68.58333333333333,2,20.58333333333333,20:34,12.954620157558606,6.224098691349161,6.730521466209446,0,0,0,0,0,0,2,1,1,0,0.0,0.0,3,0.2727272727272727,0.0,0.0,0.0,0,none,0,-1,-1.0,-1.0,0.0,11,1.0,1.0,1.0,0,247,0.8576388888888887,0.08333333333333333,0.46969696969696967,0.4166666666666667,0.5,1.1666666666666667,0.4166666666666667,9.770218545331726,0.8333333333333334,11.0
824,68.66666666666667,68.66666666666667,2,20.66666666666667,20:40,12.737058872538045,6.147280907651467,6.5897779648865775,0,0,0,0,0,0,0,0,0,0,0.0,0.0,3,0.2727272727272727,0.0,0.0,0.0,0,none,0,-1,-1.0,-1.0,0.0,11,1.0,1.0,1.0,0,248,0.8611111111111113,0.0,0.4090909090909091,0.4166666666666667,0.5,1.1666666666666667,0.0,9.770218545331726,0.8333333333333334,11.0
825,68.75,68.75,2,20.75,20:45,12.539531836511904,6.076717101595184,6.462814734916719,0,0,0,0,0,0,0,0,0,0,0.0,0.0,3,0.2727272727272727,0.0,0.0,0.0,0,none,0,-1,-1.0,-1.0,0.0,11,1.0,1.0,1.0,0,249,0.8645833333333334,0.0,0.356060606060606,0.4166666666666667,0.4166666666666667,1.0,0.0,7.166578419174524,0.0,11.0
826,68.83333333333333,68.83333333333333,2,20.83333333333333,20:49,12.36077014636783,6.012184357506114,6.348585788861716,2,1,1,2,1,1,0,0,0,0,0.0,0.0,5,0.45454545454545453,30.79428532779969,0.0,0.0,0,none,0,-1,-1.0,-1.0,0.0,11,1.0,1.0,1.0,0,250,0.8680555555555554,0.0,0.32575757575757575,0.5833333333333334,0.5833333333333334,0.9166666666666666,0.0,9.732768863157832,0.0,11.0
827,68.91666666666667,68.91666666666667,2,20.91666666666667,20:55,12.199507106145438,5.953420315551104,6.246086790594334,1,1,0,1,1,0,2,1,1,0,0.0,0.0,4,0.36363636363636365,23.224552186630575,0.0,0.0,0,none,0,-1,-1.0,-1.0,0.0,11,1.0,1.0,1.0,0,251,0.871527777777778,0.0,0.30303030303030304,0.6666666666666666,0.6666666666666666,0.9166666666666666,0.0,11.668148212043713,0.0,11.0
828,69.0,69.0,2,21.0,21:00,12.054490870500668,5.90013246759247,6.1543584029081995,0,0,0,0,0,0,0,0,0,0,0.0,0.0,4,0.36363636363636365,0.0,0.0,0.0,0,none,0,-1,-1.0,-1.0,0.0,11,1.0,1.0,1.0,0,252,0.875,0.0,0.3181818181818182,0.6666666666666666,0.6666666666666666,0.5,0.0,11.668148212043713,0.0,11.0
829,69.08333333333333,69.08333333333333,2,21.08333333333333,21:04,11.924495418634844,5.852006698531694,6.072488720103149,1,1,0,1,1,0,1,0,1,0,0.0,0.0,4,0.36363636363636365,39.4307666178959,0.0,0.0,0,none,0,-1,-1.0,-1.0,0.0,11,1.0,1.0,1.0,0,253,0.878472222222222,0.0,0.32575757575757575,0.6666666666666666,0.6666666666666666,0.5833333333333334,0.0,12.588298387820101,0.0,11.0
830,69.16666666666667,69.16666666666667,2,21.16666666666667,21:10,11.80832988876632,5.808714985953208,5.999614902813112,0,0,0,0,0,0,0,0,0,0,0.0,0.0,4,0.36363636363636365,0.0,0.0,0.0,0,none,0,-1,-1.0,-1.0,0.0,11,1.0,1.0,1.0,0,254,0.8819444444444446,0.0,0.3409090909090909,0.6666666666666666,0.6666666666666666,0.5,0.0,12.588298387820101,0.0,11.0
831,69.25,69.25,2,21.25,21:15,11.704846328794464,5.769922209790192,5.934924119004272,1,0,1,1,0,1,0,0,0,0,0.0,0.0,5,0.45454545454545453,23.148334321901288,0.0,0.0,0,none,0,-1,-1.0,-1.0,0.0,11,1.0,1.0,1.0,0,255,0.8854166666666666,0.0,0.34848484848484845,0.5833333333333334,0.5833333333333334,0.5,0.0,12.129148804133171,0.0,11.0
832,69.33333333333333,69.33333333333333,2,21.33333333333333,21:19,11.612945940157203,5.735292057105529,5.877653883051676,0,0,0,0,0,0,1,1,0,0,0.0,0.0,4,0.36363636363636365,0.0,0.0,0.0,0,none,0,-1,-1.0,-1.0,0.0,11,1.0,1.0,1.0,0,256,0.8888888888888887,0.0,0.356060606060606,0.5833333333333334,0.5833333333333334,0.5,0.0,12.129148804133171,0.0,11.0
833,69.41666666666667,69.41666666666667,2,21.41666666666667,21:25,11.531583909042777,5.704492034744795,5.827091874297981,1,1,0,1,1,0,2,1,1,0,0.0,0.0,3,0.2727272727272727,15.0,0.0,0.0,0,none,0,-1,-1.0,-1.0,0.0,11,1.0,1.0,1.0,0,257,0.8923611111111113,0.0,0.356060606060606,0.6666666666666666,0.6666666666666666,0.6666666666666666,0.0,13.379148804133171,0.0,11.0
834,69.5,69.5,2,21.5,21:30,11.459772932212921,5.677197624680009,5.782575307532912,1,0,1,1,0,1,0,0,0,0,0.0,0.0,4,0.36363636363636365,16.779046365228496,0.0,0.0,0,none,0,-1,-1.0,-1.0,0.0,11,1.0,1.0,1.0,0,258,0.8958333333333334,0.0,0.34848484848484845,0.5833333333333334,0.5833333333333334,0.6666666666666666,0.0,12.364748734954665,0.0,11.0
835,69.58333333333333,69.58333333333333,2,21.58333333333333,21:34,11.39658555394757,5.653095633639938,5.743489920307632,0,0,0,0,0,0,0,0,0,0,0.0,0.0,4,0.36363636363636365,0.0,0.0,0.0,0,none,0,-1,-1.0,-1.0,0.0,11,1.0,1.0,1.0,0,259,0.8993055555555554,0.0,0.356060606060606,0.5833333333333334,0.5833333333333334,0.5,0.0,12.364748734954665,0.0,11.0
836,69.66666666666667,69.66666666666667,2,21.66666666666667,21:40,11.341155436315567,5.631886800580895,5.709268635734674,1,0,1,1,0,1,2,1,1,0,0.0,0.0,3,0.2727272727272727,33.26933112184306,0.0,0.0,0,none,0,-1,-1.0,-1.0,0.0,11,1.0,1.0,1.0,0,260,0.902777777777778,0.0,0.356060606060606,0.6666666666666666,0.6666666666666666,0.6666666666666666,0.0,15.13719299510825,0.0,11.0
837,69.75,69.75,2,21.75,21:45,11.292677687450254,5.613287733252455,5.6793899541977995,0,0,0,0,0,0,1,1,0,0,0.0,0.0,2,0.18181818181818182,0.0,0.0,0.0,0,none,0,-1,-1.0,-1.0,0.0,11,1.0,1.0,1.0,0,261,0.90625,0.0,0.34848484848484845,0.6666666666666666,0.6666666666666666,0.75,0.0,15.13719299510825,0.0,11.0
838,69.83333333333333,69.83333333333333,2,21.83333333333333,21:49,11.250408372138354,5.597032249165732,5.653376122972622,2,1,1,2,1,1,1,0,1,0,0.0,0.0,3,0.2727272727272727,36.34424110817903,0.0,0.0,0,none,0,-1,-1.0,-1.0,0.0,11,1.0,1.0,1.0,0,262,0.909722222222222,0.0,0.3333333333333333,0.6666666666666666,0.6666666666666666,0.8333333333333334,0.0,15.59968931013986,0.0,11.0
839,69.91666666666667,69.91666666666667,2,21.91666666666667,21:55,11.213663326211059,5.582872197297952,5.630791128913106,1,1,0,1,1,0,0,0,0,0,0.0,0.0,4,0.36363636363636365,34.57398558595766,0.0,0.0,0,none,0,-1,-1.0,-1.0,0.0,11,1.0,1.0,1.0,0,263,0.9131944444444446,0.0,0.3333333333333333,0.6666666666666666,0.6666666666666666,0.6666666666666666,0.0,16.545475426750453,0.0,11.0
840,70.0,70.0,2,22.0,22:00,11.181816391359748,5.570577835466623,5.611238555893125,1,1,0,1,1,0,0,0,0,0,0.0,0.0,5,0.45454545454545453,25.588519526863152,0.0,0.0,0,none,0,-1,-1.0,-1.0,0.0,11,1.0,1.0,1.0,0,264,0.9166666666666666,0.0,0.3409090909090909,0.75,0.75,0.6666666666666666,0.0,18.677852053989046,0.0,11.0
841,70.08333333333333,70.08333333333333,2,22.08333333333333,22:04,11.154297180483882,5.559937835039234,5.594359345444648,0,0,0,0,0,0,0,0,0,0,0.0,0.0,5,0.45454545454545453,0.0,0.0,0.0,0,none,0,-1,-1.0,-1.0,0.0,11,1.0,1.0,1.0,0,265,0.9201388888888887,0.0,0.34848484848484845,0.6666666666666666,0.6666666666666666,0.5833333333333334,0.0,15.391954835831056,0.0,11.0
842,70.16666666666667,70.16666666666667,2,22.16666666666667,22:10,11.13058847589808,5.550758980014279,5.579829495883801,2,1,1,2,1,1,0,0,0,0,0.0,0.0,7,0.6363636363636364,24.65068067185661,0.0,0.0,0,none,0,-1,-1.0,-1.0,0.0,11,1.0,1.0,1.0,0,266,0.9236111111111113,0.0,0.37121212121212116,0.8333333333333334,0.8333333333333334,0.5833333333333334,0.0,17.44617822515244,0.0,11.0
843,70.25,70.25,2,22.25,22:15,11.110223354037712,5.542865621956315,5.567357732081398,0,0,0,0,0,0,1,0,1,0,0.0,0.0,6,0.5454545454545454,0.0,0.0,0.0,0,none,0,-1,-1.0,-1.0,0.0,11,1.0,1.0,1.0,0,267,0.9270833333333334,0.0,0.37878787878787873,0.75,0.75,0.6666666666666666,0.0,15.517150364994,0.0,11.0
844,70.33333333333333,70.33333333333333,2,22.33333333333333,22:19,11.092782121037228,5.536098946165533,5.556683174871695,3,2,1,3,2,1,1,1,0,0,0.0,0.0,8,0.7272727272727273,23.855976478336615,0.0,0.0,0,none,0,-1,-1.0,-1.0,0.0,11,1.0,1.0,1.0,0,268,0.9305555555555554,0.0,0.4090909090909091,1.0,1.0,0.6666666666666666,0.0,17.505148404855387,0.0,11.0
845,70.41666666666667,70.41666666666667,2,22.41666666666667,22:25,11.077889134007714,5.530316098118495,5.5475730358892195,0,0,0,0,0,0,0,0,0,0,0.0,0.0,8,0.7272727272727273,0.0,0.0,0.0,0,none,0,-1,-1.0,-1.0,0.0,11,1.0,1.0,1.0,0,269,0.934027777777778,0.0,0.44696969696969696,0.9166666666666666,0.9166666666666666,0.5,0.0,16.255148404855387,0.0,11.0
846,70.5,70.5,2,22.5,22:30,11.065209573266051,5.525389212876043,5.539820360390008,1,0,1,1,0,1,2,2,0,0,0.0,0.0,7,0.6363636363636364,45.333526197849494,0.0,0.0,0,none,0,-1,-1.0,-1.0,0.0,11,1.0,1.0,1.0,0,270,0.9375,0.0,0.4696969696969697,0.9166666666666666,0.9166666666666666,0.6666666666666666,0.0,18.634688390907133,0.0,11.0
847,70.58333333333333,70.58333333333333,2,22.58333333333333,22:34,11.054446221386897,5.521204384006138,5.533241837380759,1,1,0,1,1,0,2,0,2,0,0.0,0.0,6,0.5454545454545454,29.519373931889056,0.0,0.0,0,none,0,-1,-1.0,-1.0,0.0,11,1.0,1.0,1.0,0,271,0.940972222222222,0.0,0.48484848484848486,1.0,1.0,0.8333333333333334,0.0,21.094636218564556,0.0,11.0
848,70.66666666666667,70.66666666666667,2,22.66666666666667,22:40,11.045336295939368,5.51766060275124,5.527675693188129,1,1,0,1,1,0,1,1,0,0,0.0,0.0,6,0.5454545454545454,27.170683615615985,0.0,0.0,0,none,0,-1,-1.0,-1.0,0.0,11,1.0,1.0,1.0,0,272,0.9444444444444446,0.0,0.5075757575757575,1.0,1.0,0.75,0.0,20.586415593045633,0.0,11.0
849,70.75,70.75,2,22.75,22:45,11.037648374275019,5.514668692777917,5.522979681497103,3,1,2,3,1,2,2,1,1,0,0.0,0.0,7,0.6363636363636364,28.067074579936207,0.0,0.0,0,none,0,-1,-1.0,-1.0,0.0,11,1.0,1.0,1.0,0,273,0.9479166666666666,0.0,0.5454545454545454,1.25,1.25,0.8333333333333334,0.0,22.925338474706987,0.0,11.0
850,70.83333333333333,70.83333333333333,2,22.83333333333333,22:49,11.03117944085892,5.512150260939815,5.519029179919106,0,0,0,0,0,0,1,1,0,0,0.0,0.0,6,0.5454545454545454,0.0,0.0,0.0,0,none,0,-1,-1.0,-1.0,0.0,11,1.0,1.0,1.0,0,274,0.9513888888888887,0.0,0.5681818181818182,1.0833333333333333,1.0833333333333333,0.8333333333333334,0.0,19.896651715692066,0.0,11.0
851,70.91666666666667,70.91666666666667,2,22.91666666666667,22:55,11.025752080455069,5.510036680094674,5.515715400360395,1,0,1,1,0,1,0,0,0,0,0.0,0.0,7,0.6363636363636364,29.713332739218437,0.0,0.0,0,none,0,-1,-1.0,-1.0,0.0,11,1.0,1.0,1.0,0,275,0.9548611111111113,0.0,0.5909090909090909,1.0833333333333333,1.0833333333333333,0.8333333333333334,0.0,19.49159731179713,0.0,11.0
852,71.0,71.0,2,23.0,23:00,11.021211834035757,5.508268116149105,5.512943717886652,1,1,0,1,1,0,0,0,0,0,0.0,0.0,8,0.7272727272727273,39.23628884998918,0.0,0.0,0,none,0,-1,-1.0,-1.0,0.0,11,1.0,1.0,1.0,0,276,0.9583333333333334,0.0,0.6136363636363636,1.0833333333333333,1.0833333333333333,0.8333333333333334,0.0,20.62891142205763,0.0,11.0
853,71.08333333333333,71.08333333333333,2,23.08333333333333,23:04,11.017424728600275,5.5067926081511045,5.510632120449171,2,1,1,2,1,1,1,1,0,0,0.0,0.0,9,0.8181818181818182,27.264900525468235,0.0,0.0,0,none,0,-1,-1.0,-1.0,0.0,11,1.0,1.0,1.0,0,277,0.9618055555555554,0.0,0.6439393939393939,1.25,1.25,0.9166666666666666,0.0,22.900986465846653,0.0,11.0
854,71.16666666666667,71.16666666666667,2,23.16666666666667,23:10,11.014274987158913,5.505565207387003,5.508709779771911,2,1,1,2,1,1,1,1,0,0,0.0,0.0,10,0.9090909090909091,32.43939247182394,0.0,0.0,0,none,0,-1,-1.0,-1.0,0.0,11,1.0,1.0,1.0,0,278,0.965277777777778,0.0,0.6666666666666666,1.25,1.25,1.0,0.0,23.550045782510598,0.0,11.0
855,71.25,71.25,2,23.25,23:15,11.011662920942175,5.5045471790343425,5.507115741907833,2,0,2,2,0,2,2,1,1,0,0.0,0.0,10,0.9090909090909091,23.42341233432284,0.0,0.0,0,none,0,-1,-1.0,-1.0,0.0,11,1.0,1.0,1.0,0,279,0.96875,0.0,0.6969696969696969,1.4166666666666667,1.4166666666666667,1.0833333333333333,0.0,25.501996810370837,0.0,11.0
856,71.33333333333333,71.33333333333333,2,23.33333333333333,23:19,11.00950300239716,5.503705267937626,5.505797734459534,0,0,0,0,0,0,2,0,2,0,0.0,0.0,8,0.7272727272727273,0.0,0.0,0.0,0,none,0,-1,-1.0,-1.0,0.0,11,1.0,1.0,1.0,0,280,0.972222222222222,0.0,0.6969696969696969,1.1666666666666667,1.1666666666666667,1.1666666666666667,0.0,23.51399877050945,0.0,11.0
857,71.41666666666667,71.41666666666667,2,23.41666666666667,23:25,11.007722114686809,5.503011028468728,5.504711086218081,1,1,0,1,1,0,1,0,1,0,0.0,0.0,8,0.7272727272727273,26.670261295992,0.0,0.0,0,none,0,-1,-1.0,-1.0,0.0,11,1.0,1.0,1.0,0,281,0.9756944444444446,0.0,0.6969696969696969,1.25,1.25,1.25,0.0,25.73652054517545,0.0,11.0
858,71.5,71.5,2,23.5,23:30,11.006257971159055,5.502440217165992,5.503817753993062,1,0,1,1,0,1,2,0,2,0,0.0,0.0,7,0.6363636363636364,24.89628183065237,0.0,0.0,0,none,0,-1,-1.0,-1.0,0.0,11,1.0,1.0,1.0,0,282,0.9791666666666666,0.0,0.6969696969696969,1.25,1.25,1.25,0.0,24.03341684790902,0.0,11.0
859,71.58333333333333,71.58333333333333,2,23.58333333333333,23:34,11.005057696542984,5.501972245873942,5.503085450669041,0,0,0,0,0,0,1,0,1,0,0.0,0.0,6,0.5454545454545454,0.0,0.0,0.0,0,none,0,-1,-1.0,-1.0,0.0,11,1.0,1.0,1.0,0,283,0.9826388888888887,0.0,0.6969696969696969,1.1666666666666667,1.1666666666666667,1.1666666666666667,0.0,21.573469020251597,0.0,11.0
860,71.66666666666667,71.66666666666667,2,23.66666666666667,23:40,11.004076560396394,5.5015896923886345,5.502486868007759,2,1,1,2,1,1,2,2,0,0,0.0,0.0,6,0.5454545454545454,26.919545847452326,0.0,0.0,0,none,0,-1,-1.0,-1.0,0.0,11,1.0,1.0,1.0,0,284,0.9861111111111113,0.0,0.6969696969696969,1.25,1.25,1.25,0.0,21.55254087290463,0.0,11.0
861,71.75,71.75,2,23.75,23:45,11.003276852512217,5.5012778651142815,5.501998987397935,2,2,0,2,2,0,0,0,0,0,0.0,0.0,8,0.7272727272727273,29.50112070375324,0.0,0.0,0,none,0,-1,-1.0,-1.0,0.0,11,1.0,1.0,1.0,0,285,0.9895833333333334,0.0,0.7045454545454546,1.1666666666666667,1.1666666666666667,1.0833333333333333,0.0,21.672044716556048,0.0,11.0
862,71.83333333333333,71.83333333333333,2,23.83333333333333,23:49,11.002626889529498,5.5010244179194245,5.501602471610074,0,0,0,0,0,0,1,0,1,0,0.0,0.0,7,0.6363636363636364,0.0,0.0,0.0,0,none,0,-1,-1.0,-1.0,0.0,11,1.0,1.0,1.0,0,286,0.9930555555555554,0.0,0.712121212121212,1.1666666666666667,1.1666666666666667,1.0833333333333333,0.0,21.672044716556048,0.0,11.0
863,71.91666666666667,71.91666666666667,2,23.91666666666667,23:55,11.002100141830912,5.5008190112139035,5.501281130617009,2,2,0,2,2,0,3,2,1,0,0.0,0.0,6,0.5454545454545454,37.37784808308265,0.0,0.0,0,none,0,-1,-1.0,-1.0,0.0,11,1.0,1.0,1.0,0,287,0.996527777777778,0.0,0.7045454545454546,1.25,1.25,1.3333333333333333,0.0,22.310754328544732,0.0,11.0
