step,hour,global_hour,day_index,hour_of_day,time_label,expected_passing_total,expected_passing_ab,expected_passing_ba,arrivals_total,arrivals_ab,arrivals_ba,starts_total,starts_ab,starts_ba,completions_total,completions_ab,completions_ba,queue_length,queue_wait_mean_minutes,queue_wait_max_minutes,active_plugs,utilization,started_service_mean_minutes,started_wait_mean_minutes,completed_wait_mean_minutes,disruption_active,disruption_type,disruption_type_code,disruption_day_index,disruption_start_hour,disruption_end_hour,disruption_remaining_minutes,effective_num_plugs,demand_multiplier_ab,demand_multiplier_ba,service_time_multiplier,scripted_disruption,step_in_day,day_progress,queue_length_rolling_1h,utilization_rolling_1h,arrivals_total_rolling_1h,starts_total_rolling_1h,completions_total_rolling_1h,queue_wait_mean_minutes_rolling_1h,started_service_mean_minutes_rolling_1h,started_wait_mean_minutes_rolling_1h,effective_num_plugs_rolling_1h
0,0.0,0.0,0,0.0,00:00,11.00008198637012,5.5000508316227625,5.500031154747357,1,1,0,1,1,0,0,0,0,0,0.0,0.0,1,0.08333333333333333,34.79076970107702,0.0,0.0,0,none,0,-1,-1.0,-1.0,0.0,12,1.0,1.0,1.0,0,0,0.0,0.0,0.08333333333333333,1.0,1.0,0.0,0.0,34.79076970107702,0.0,12.0
1,0.08333333333333333,0.08333333333333333,0,0.08333333333333333,00:05,11.000106230721423,5.50006586317033,5.500040367551093,1,1,0,1,1,0,0,0,0,0,0.0,0.0,2,0.16666666666666666,46.942710040408386,0.0,0.0,0,none,0,-1,-1.0,-1.0,0.0,12,1.0,1.0,1.0,0,1,0.003472222222222222,0.0,0.125,1.0,1.0,0.0,0.0,40.866739870742705,0.0,12.0
2,0.16666666666666666,0.16666666666666666,0,0.16666666666666666,00:10,11.000137271539305,5.500085108559844,5.500052162979461,1,0,1,1,0,1,0,0,0,0,0.0,0.0,3,0.25,25.949666733485483,0.0,0.0,0,none,0,-1,-1.0,-1.0,0.0,12,1.0,1.0,1.0,0,2,0.006944444444444444,0.0,0.16666666666666666,1.0,1.0,0.0,0.0,35.89438215832363,0.0,12.0
3,0.25,0.25,0,0.25,00:15,11.000176902014061,5.5001096795899755,5.500067222424086,0,0,0,0,0,0,0,0,0,0,0.0,0.0,3,0.25,0.0,0.0,0.0,0,none,0,-1,-1.0,-1.0,0.0,12,1.0,1.0,1.0,0,3,0.010416666666666666,0.0,0.1875,0.75,0.75,0.0,0.0,26.92078661874272,0.0,12.0
4,0.3333333333333333,0.3333333333333333,0,0.3333333333333333,00:20,11.000227356278621,5.500140961456445,5.500086394822176,1,0,1,1,0,1,0,0,0,0,0.0,0.0,4,0.3333333333333333,18.14545381022231,0.0,0.0,0,none,0,-1,-1.0,-1.0,0.0,12,1.0,1.0,1.0,0,4,0.013888888888888888,0.0,0.21666666666666665,0.8,0.8,0.0,0.0,25.16572005703864,0.0,12.0
5,0.4166666666666667,0.4166666666666667,0,0.4166666666666667,00:25,11.000291409044976,5.50018067453398,5.500110734510996,0,0,0,0,0,0,0,0,0,0,0.0,0.0,4,0.3333333333333333,0.0,0.0,0.0,0,none,0,-1,-1.0,-1.0,0.0,12,1.0,1.0,1.0,0,5,0.017361111111111112,0.0,0.23611111111111108,0.6666666666666666,0.6666666666666666,0.0,0.0,20.971433380865534,0.0,12.0
6,0.5,0.5,0,0.5,00:30,11.000372495477256,5.500230948709127,5.500141546768129,2,2,0,2,2,0,0,0,0,0,0.0,0.0,6,0.5,27.822768561706013,0.0,0.0,0,none,0,-1,-1.0,-1.0,0.0,12,1.0,1.0,1.0,0,6,0.020833333333333332,0.0,0.2738095238095238,0.8571428571428571,0.8571428571428571,0.0,0.0,21.95019554955703,0.0,12.0
7,0.5833333333333334,0.5833333333333334,0,0.5833333333333334,00:35,11.000474854853564,5.5002944124684205,5.500180442385144,0,0,0,0,0,0,1,1,0,0,0.0,0.0,5,0.4166666666666667,0.0,0.0,0.0,0,none,0,-1,-1.0,-1.0,0.0,12,1.0,1.0,1.0,0,7,0.024305555555555556,0.0,0.29166666666666663,0.75,0.75,0.125,0.0,19.2064211058624,0.0,12.0
8,0.6666666666666666,0.6666666666666666,0,0.6666666666666666,00:40,11.000603702062527,5.500374299253697,5.50022940280883,1,1,0,1,1,0,2,0,2,0,0.0,0.0,4,0.3333333333333333,32.25932673795521,0.0,0.0,0,none,0,-1,-1.0,-1.0,0.0,12,1.0,1.0,1.0,0,8,0.027777777777777776,0.0,0.2962962962962963,0.7777777777777778,0.7777777777777778,0.3333333333333333,0.0,20.656743953872713,0.0,12.0
9,0.75,0.75,0,0.75,00:45,11.000765431513953,5.500474573928727,5.500290857585226,2,0,2,2,0,2,0,0,0,0,0.0,0.0,6,0.5,40.54452569978879,0.0,0.0,0,none,0,-1,-1.0,-1.0,0.0,12,1.0,1.0,1.0,0,9,0.03125,0.0,0.31666666666666665,0.9,0.9,0.3,0.0,22.64552212846432,0.0,12.0
10,0.8333333333333334,0.8333333333333334,0,0.8333333333333334,00:50,11.000967858612453,5.500600082556764,5.50036777605569,3,0,3,3,0,3,0,0,0,0,0.0,0.0,9,0.75,25.114791098637824,0.0,0.0,0,none,0,-1,-1.0,-1.0,0.0,12,1.0,1.0,1.0,0,10,0.034722222222222224,0.0,0.356060606060606,1.0909090909090908,1.0909090909090908,0.2727272727272727,0.0,22.87000112575282,0.0,12.0
11,0.9166666666666666,0.9166666666666666,0,0.9166666666666666,00:55,11.00122050454246,5.500756729063854,5.500463775478606,0,0,0,0,0,0,2,2,0,0,0.0,0.0,7,0.5833333333333334,0.0,0.0,0.0,0,none,0,-1,-1.0,-1.0,0.0,12,1.0,1.0,1.0,0,11,0.03819444444444444,0.0,0.375,1.0,1.0,0.4166666666666667,0.0,20.964167698606754,0.0,12.0
12,1.0,1.0,0,1.0,01:00,11.001534930734644,5.5009516827530724,5.500583247981572,1,1,0,1,1,0,0,0,0,0,0.0,0.0,8,0.6666666666666666,26.496095395181595,0.0,0.0,0,none,0,-1,-1.0,-1.0,0.0,12,1.0,1.0,1.0,0,12,0.041666666666666664,0.0,0.42361111111111116,1.0,1.0,0.4166666666666667,0.0,20.272944839782134,0.0,12.0
13,1.0833333333333333,1.0833333333333333,0,1.0833333333333333,01:04,11.001925130016067,5.501193621034091,5.500731508981977,0,0,0,0,0,0,1,1,0,0,0.0,0.0,7,0.5833333333333334,0.0,0.0,0.0,0,none,0,-1,-1.0,-1.0,0.0,12,1.0,1.0,1.0,0,13,0.04513888888888889,0.0,0.4583333333333333,0.9166666666666666,0.9166666666666666,0.5,0.0,16.36105233641477,0.0,12.0
14,1.1666666666666667,1.1666666666666667,0,1.1666666666666667,01:10,11.002407982075074,5.501493012132404,5.500914969942669,0,0,0,0,0,0,0,0,0,0,0.0,0.0,7,0.5833333333333334,0.0,0.0,0.0,0,none,0,-1,-1.0,-1.0,0.0,12,1.0,1.0,1.0,0,14,0.04861111111111111,0.0,0.4861111111111111,0.8333333333333334,0.8333333333333334,0.5,0.0,14.198580108624311,0.0,12.0
15,1.25,1.25,0,1.25,01:15,11.003003781478727,5.501862442933056,5.501141338545671,0,0,0,0,0,0,3,1,2,0,0.0,0.0,4,0.3333333333333333,0.0,0.0,0.0,0,none,0,-1,-1.0,-1.0,0.0,12,1.0,1.0,1.0,0,15,0.052083333333333336,0.0,0.4930555555555556,0.8333333333333334,0.8333333333333334,0.75,0.0,14.198580108624311,0.0,12.0
16,1.3333333333333333,1.3333333333333333,0,1.3333333333333333,01:19,11.003736847043271,5.502316997482579,5.501419849560692,1,0,1,1,0,1,0,0,0,0,0.0,0.0,5,0.4166666666666667,30.316183124267074,0.0,0.0,0,none,0,-1,-1.0,-1.0,0.0,12,1.0,1.0,1.0,0,16,0.05555555555555555,0.0,0.5,0.8333333333333334,0.8333333333333334,0.75,0.0,15.212807551461376,0.0,12.0
17,1.4166666666666667,1.4166666666666667,0,1.4166666666666667,01:25,11.004636221850088,5.502874692005684,5.501761529844404,0,0,0,0,0,0,2,0,2,0,0.0,0.0,3,0.25,0.0,0.0,0.0,0,none,0,-1,-1.0,-1.0,0.0,12,1.0,1.0,1.0,0,17,0.05902777777777778,0.0,0.4930555555555555,0.8333333333333334,0.8333333333333334,0.9166666666666666,0.0,15.212807551461376,0.0,12.0
18,1.5,1.5,0,1.5,01:30,11.005736473589717,5.503556972573228,5.50217950101649,1,0,1,1,0,1,1,1,0,0,0.0,0.0,3,0.25,28.195153353911312,0.0,0.0,0,none,0,-1,-1.0,-1.0,0.0,12,1.0,1.0,1.0,0,18,0.0625,0.0,0.47222222222222215,0.75,0.75,1.0,0.0,15.243839617478486,0.0,12.0
19,1.5833333333333333,1.5833333333333333,0,1.5833333333333333,01:34,11.007078605168505,5.5043892817663895,5.502689323402116,0,0,0,0,0,0,1,0,1,0,0.0,0.0,2,0.16666666666666666,0.0,0.0,0.0,0,none,0,-1,-1.0,-1.0,0.0,12,1.0,1.0,1.0,0,19,0.06597222222222222,0.0,0.4513888888888889,0.75,0.75,1.0,0.0,15.243839617478486,0.0,12.0
20,1.6666666666666667,1.6666666666666667,0,1.6666666666666667,01:40,11.008711085586196,5.505401700798184,5.503309384788012,2,2,0,2,2,0,0,0,0,0,0.0,0.0,4,0.3333333333333333,28.898607240424308,0.0,0.0,0,none,0,-1,-1.0,-1.0,0.0,12,1.0,1.0,1.0,0,20,0.06944444444444445,0.0,0.45138888888888884,0.8333333333333334,0.8333333333333334,0.8333333333333334,0.0,14.963779659350907,0.0,12.0
21,1.75,1.75,0,1.75,01:45,11.010691010942473,5.5066296735548965,5.504061337387577,1,0,1,1,0,1,0,0,0,0,0.0,0.0,5,0.4166666666666667,39.1029629939642,0.0,0.0,0,none,0,-1,-1.0,-1.0,0.0,12,1.0,1.0,1.0,0,21,0.07291666666666667,0.0,0.4444444444444444,0.75,0.75,0.8333333333333334,0.0,14.843649433865528,0.0,12.0
22,1.8333333333333333,1.8333333333333333,0,1.8333333333333333,01:49,11.013085405007352,5.5081148188834455,5.504970586123907,1,1,0,1,1,0,0,0,0,0,0.0,0.0,6,0.5,34.90807509148298,0.0,0.0,0,none,0,-1,-1.0,-1.0,0.0,12,1.0,1.0,1.0,0,22,0.07638888888888888,0.0,0.4236111111111111,0.5833333333333334,0.5833333333333334,0.8333333333333334,0.0,15.659756433269289,0.0,12.0
23,1.9166666666666667,1.9166666666666667,0,1.9166666666666667,01:55,11.015972668041416,5.509905837152156,5.506066830889259,1,1,0,1,1,0,1,0,1,0,0.0,0.0,6,0.5,34.559998486923675,0.0,0.0,0,none,0,-1,-1.0,-1.0,0.0,12,1.0,1.0,1.0,0,23,0.07986111111111112,0.0,0.4166666666666667,0.6666666666666666,0.6666666666666666,0.75,0.0,18.539756307179594,0.0,12.0
24,2.0,2.0,0,2.0,02:00,11.019444181421887,5.512059516628226,5.507384664793661,2,2,0,2,2,0,2,1,1,0,0.0,0.0,6,0.5,19.781876469874327,0.0,0.0,0,none,0,-1,-1.0,-1.0,0.0,12,1.0,1.0,1.0,0,24,0.08333333333333333,0.0,0.40277777777777773,0.75,0.75,0.9166666666666666,0.0,17.98023806340399,0.0,12.0
25,2.0833333333333335,2.0833333333333335,0,2.0833333333333335,02:05,11.023606074063139,5.514641844523217,5.508964229539922,2,0,2,2,0,2,0,0,0,0,0.0,0.0,8,0.6666666666666666,23.975002408542935,0.0,0.0,0,none,0,-1,-1.0,-1.0,0.0,12,1.0,1.0,1.0,0,25,0.08680555555555557,0.0,0.40972222222222215,0.9166666666666666,0.9166666666666666,0.8333333333333334,0.0,19.97815493078257,0.0,12.0
26,2.1666666666666665,2.1666666666666665,0,2.1666666666666665,02:09,11.02858115455895,5.517729226638116,5.510851927920833,0,0,0,0,0,0,0,0,0,0,0.0,0.0,8,0.6666666666666666,0.0,0.0,0.0,0,none,0,-1,-1.0,-1.0,0.0,12,1.0,1.0,1.0,0,26,0.09027777777777778,0.0,0.4166666666666667,0.9166666666666666,0.9166666666666666,0.8333333333333334,0.0,19.97815493078257,0.0,12.0
27,2.25,2.25,0,2.25,02:15,11.03451101036479,5.5214098183757105,5.5131011919890796,0,0,0,0,0,0,0,0,0,0,0.0,0.0,8,0.6666666666666666,0.0,0.0,0.0,0,none,0,-1,-1.0,-1.0,0.0,12,1.0,1.0,1.0,0,27,0.09375,0.0,0.4444444444444444,0.9166666666666666,0.9166666666666666,0.5833333333333334,0.0,19.97815493078257,0.0,12.0
28,2.3333333333333335,2.3333333333333335,0,2.3333333333333335,02:20,11.041558272131947,5.525784968468751,5.515773303663196,1,1,0,1,1,0,1,1,0,0,0.0,0.0,8,0.6666666666666666,25.555846337595728,0.0,0.0,0,none,0,-1,-1.0,-1.0,0.0,12,1.0,1.0,1.0,0,28,0.09722222222222222,0.0,0.46527777777777773,0.9166666666666666,0.9166666666666666,0.6666666666666666,0.0,19.581460198559956,0.0,12.0
29,2.4166666666666665,2.4166666666666665,0,2.4166666666666665,02:24,11.049909037458988,5.530970775092245,5.518938262366743,0,0,0,0,0,0,5,3,2,0,0.0,0.0,3,0.25,0.0,0.0,0.0,0,none,0,-1,-1.0,-1.0,0.0,12,1.0,1.0,1.0,0,29,0.10069444444444443,0.0,0.46527777777777773,0.9166666666666666,0.9166666666666666,0.9166666666666666,0.0,19.581460198559956,0.0,12.0
30,2.5,2.5,0,2.5,02:30,11.059775443807403,5.537099752089127,5.522675691718276,0,0,0,0,0,0,1,1,0,0,0.0,0.0,2,0.16666666666666666,0.0,0.0,0.0,0,none,0,-1,-1.0,-1.0,0.0,12,1.0,1.0,1.0,0,30,0.10416666666666667,0.0,0.4583333333333333,0.8333333333333334,0.8333333333333334,0.9166666666666666,0.0,17.231864085734014,0.0,12.0
31,2.5833333333333335,2.5833333333333335,0,2.5833333333333335,02:35,11.071398375117802,5.5443226008501485,5.5270757742676535,1,0,1,1,0,1,0,0,0,0,0.0,0.0,3,0.25,32.173347190843344,0.0,0.0,0,none,0,-1,-1.0,-1.0,0.0,12,1.0,1.0,1.0,0,31,0.1076388888888889,0.0,0.46527777777777773,0.9166666666666666,0.9166666666666666,0.8333333333333334,0.0,19.912976351637624,0.0,12.0
32,2.6666666666666665,2.6666666666666665,0,2.6666666666666665,02:39,11.085050280758281,5.552810080969729,5.532240199788553,0,0,0,0,0,0,1,0,1,0,0.0,0.0,2,0.16666666666666666,0.0,0.0,0.0,0,none,0,-1,-1.0,-1.0,0.0,12,1.0,1.0,1.0,0,32,0.1111111111111111,0.0,0.4513888888888889,0.75,0.75,0.9166666666666666,0.0,17.504759081602263,0.0,12.0
33,2.75,2.75,0,2.75,02:45,11.101038078854435,5.562754970176136,5.538283108678299,0,0,0,0,0,0,0,0,0,0,0.0,0.0,2,0.16666666666666666,0.0,0.0,0.0,0,none,0,-1,-1.0,-1.0,0.0,12,1.0,1.0,1.0,0,33,0.11458333333333333,0.0,0.4305555555555555,0.6666666666666666,0.6666666666666666,0.9166666666666666,0.0,14.24617883210525,0.0,12.0
34,2.8333333333333335,2.8333333333333335,0,2.8333333333333335,02:50,11.11970610883199,5.5743741012412,5.5453320075907895,0,0,0,0,0,0,1,1,0,0,0.0,0.0,1,0.08333333333333333,0.0,0.0,0.0,0,none,0,-1,-1.0,-1.0,0.0,12,1.0,1.0,1.0,0,34,0.11805555555555557,0.0,0.3958333333333333,0.5833333333333334,0.5833333333333334,1.0,0.0,11.337172574481665,0.0,12.0
35,2.9166666666666665,2.9166666666666665,0,2.9166666666666665,02:54,11.141439090215897,5.587910460652415,5.553528629563482,0,0,0,0,0,0,0,0,0,0,0.0,0.0,1,0.08333333333333333,0.0,0.0,0.0,0,none,0,-1,-1.0,-1.0,0.0,12,1.0,1.0,1.0,0,35,0.12152777777777778,0.0,0.3611111111111111,0.5,0.5,0.9166666666666666,0.0,8.45717270057136,0.0,12.0
36,3.0,3.0,0,3.0,03:00,11.166665036471228,5.60363533082227,5.563029705648958,0,0,0,0,0,0,0,0,0,0,0.0,0.0,1,0.08333333333333333,0.0,0.0,0.0,0,none,0,-1,-1.0,-1.0,0.0,12,1.0,1.0,1.0,0,36,0.125,0.0,0.3263888888888889,0.3333333333333333,0.3333333333333333,0.75,0.0,6.808682994748501,0.0,12.0
37,3.0833333333333335,3.0833333333333335,0,3.0833333333333335,03:05,11.195858064071933,5.621850454560362,5.574007609511571,1,0,1,1,0,1,0,0,0,0,0.0,0.0,2,0.16666666666666666,18.588352248245766,0.0,0.0,0,none,0,-1,-1.0,-1.0,0.0,12,1.0,1.0,1.0,0,37,0.12847222222222224,0.0,0.2847222222222222,0.25,0.25,0.75,0.0,6.359795481390403,0.0,12.0
38,3.1666666666666665,3.1666666666666665,0,3.1666666666666665,03:09,11.229541028207668,5.642890197482153,5.586650830725516,0,0,0,0,0,0,1,0,1,0,0.0,0.0,1,0.08333333333333333,0.0,0.0,0.0,0,none,0,-1,-1.0,-1.0,0.0,12,1.0,1.0,1.0,0,38,0.13194444444444445,0.0,0.23611111111111113,0.25,0.25,0.8333333333333334,0.0,6.359795481390403,0.0,12.0
39,3.25,3.25,0,3.25,03:15,11.268287907786952,5.667123681003905,5.601164226783047,1,0,1,1,0,1,0,0,0,0,0.0,0.0,2,0.16666666666666666,43.72998399532762,0.0,0.0,0,none,0,-1,-1.0,-1.0,0.0,12,1.0,1.0,1.0,0,39,0.13541666666666666,0.0,0.19444444444444442,0.3333333333333333,0.3333333333333333,0.8333333333333334,0.0,10.003960814334372,0.0,12.0
40,3.3333333333333335,3.3333333333333335,0,3.3333333333333335,03:20,11.312725853902098,5.6949568555891945,5.617768998312903,1,0,1,1,0,1,0,0,0,0,0.0,0.0,3,0.25,31.10021507858503,0.0,0.0,0,none,0,-1,-1.0,-1.0,0.0,12,1.0,1.0,1.0,0,40,0.1388888888888889,0.0,0.1597222222222222,0.3333333333333333,0.3333333333333333,0.75,0.0,10.465991542750146,0.0,12.0
41,3.4166666666666665,3.4166666666666665,0,3.4166666666666665,03:24,11.363536807958473,5.72683448095971,5.636702326998764,2,0,2,2,0,2,1,0,1,0,0.0,0.0,4,0.3333333333333333,21.537565310222497,0.0,0.0,0,none,0,-1,-1.0,-1.0,0.0,12,1.0,1.0,1.0,0,41,0.1423611111111111,0.0,0.16666666666666666,0.5,0.5,0.4166666666666667,0.0,12.260788651935355,0.0,12.0
42,3.5,3.5,0,3.5,03:30,11.421458588538663,5.76324197702404,5.658216611514622,2,1,1,2,1,1,0,0,0,0,0.0,0.0,6,0.5,36.973982812148066,0.0,0.0,0,none,0,-1,-1.0,-1.0,0.0,12,1.0,1.0,1.0,0,42,0.14583333333333334,0.0,0.19444444444444442,0.6666666666666666,0.6666666666666666,0.3333333333333333,0.0,15.341953886281027,0.0,12.0
43,3.5833333333333335,3.5833333333333335,0,3.5833333333333335,03:35,11.487285340100799,5.804707106241756,5.682578233859043,1,0,1,1,0,1,0,0,0,0,0.0,0.0,7,0.5833333333333334,16.44164021026704,0.0,0.0,0,none,0,-1,-1.0,-1.0,0.0,12,1.0,1.0,1.0,0,43,0.14930555555555555,0.0,0.2222222222222222,0.6666666666666666,0.6666666666666666,0.3333333333333333,0.0,14.030978304566334,0.0,12.0
44,3.6666666666666665,3.6666666666666665,0,3.6666666666666665,03:39,11.561867232150437,5.851801444918895,5.710065787231542,1,1,0,1,1,0,1,0,1,0,0.0,0.0,7,0.5833333333333334,25.419124759498573,0.0,0.0,0,none,0,-1,-1.0,-1.0,0.0,12,1.0,1.0,1.0,0,44,0.15277777777777776,0.0,0.2569444444444444,0.75,0.75,0.3333333333333333,0.0,16.149238701191216,0.0,12.0
45,3.75,3.75,0,3.75,03:45,11.646109294941454,5.905141597380265,5.740967697561189,0,0,0,0,0,0,0,0,0,0,0.0,0.0,7,0.5833333333333334,0.0,0.0,0.0,0,none,0,-1,-1.0,-1.0,0.0,12,1.0,1.0,1.0,0,45,0.15625,0.0,0.2916666666666667,0.75,0.75,0.3333333333333333,0.0,16.149238701191216,0.0,12.0
46,3.8333333333333335,3.8333333333333335,0,3.8333333333333335,03:50,11.740969277423117,5.965390102906246,5.775579174516871,1,1,0,1,1,0,0,0,0,0,0.0,0.0,8,0.6666666666666666,39.4673621344894,0.0,0.0,0,none,0,-1,-1.0,-1.0,0.0,12,1.0,1.0,1.0,0,46,0.15972222222222224,0.0,0.34027777777777773,0.8333333333333334,0.8333333333333334,0.25,0.0,19.438185545732,0.0,12.0
47,3.9166666666666665,3.9166666666666665,0,3.9166666666666665,03:54,11.84745441542011,6.033255980554622,5.814198434865488,0,0,0,0,0,0,3,0,3,0,0.0,0.0,5,0.4166666666666667,0.0,0.0,0.0,0,none,0,-1,-1.0,-1.0,0.0,12,1.0,1.0,1.0,0,47,0.16319444444444445,0.0,0.3680555555555555,0.8333333333333334,0.8333333333333334,0.5,0.0,19.438185545732,0.0,12.0
48,4.0,4.0,0,4.0,04:00,11.966617003253864,6.109494851299408,5.8571221519544565,3,2,1,3,2,1,1,0,1,0,0.0,0.0,7,0.5833333333333334,26.103325465907005,0.0,0.0,0,none,0,-1,-1.0,-1.0,0.0,12,1.0,1.0,1.0,0,48,0.16666666666666666,0.0,0.40972222222222227,1.0833333333333333,1.0833333333333333,0.5833333333333334,0.0,21.613462667890914,0.0,12.0
49,4.083333333333333,4.083333333333333,0,4.083333333333333,04:04,12.099548670496912,6.194908570107196,5.904640100389716,1,1,0,1,1,0,1,0,1,0,0.0,0.0,7,0.5833333333333334,40.3097853497961,0.0,0.0,0,none,0,-1,-1.0,-1.0,0.0,12,1.0,1.0,1.0,0,49,0.17013888888888887,0.0,0.4444444444444444,1.0833333333333333,1.0833333333333333,0.6666666666666666,0.0,23.423582093020112,0.0,12.0
50,4.166666666666667,4.166666666666667,0,4.166666666666667,04:10,12.24737327756024,6.290344292475275,5.957028985084964,0,0,0,0,0,0,1,1,0,0,0.0,0.0,6,0.5,0.0,0.0,0.0,0,none,0,-1,-1.0,-1.0,0.0,12,1.0,1.0,1.0,0,50,0.17361111111111113,0.0,0.4791666666666667,1.0833333333333333,1.0833333333333333,0.6666666666666666,0.0,23.423582093020112,0.0,12.0
51,4.25,4.25,0,4.25,04:15,12.411238359545287,6.396692890485549,6.014545469059738,0,0,0,0,0,0,1,1,0,0,0.0,0.0,5,0.4166666666666667,0.0,0.0,0.0,0,none,0,-1,-1.0,-1.0,0.0,12,1.0,1.0,1.0,0,51,0.17708333333333334,0.0,0.5,1.0,1.0,0.75,0.0,19.779416760076142,0.0,12.0
52,4.333333333333333,4.333333333333333,0,4.333333333333333,04:19,12.592305067367628,6.514886622608013,6.077418444759615,0,0,0,0,0,0,1,1,0,0,0.0,0.0,4,0.3333333333333333,0.0,0.0,0.0,0,none,0,-1,-1.0,-1.0,0.0,12,1.0,1.0,1.0,0,52,0.18055555555555555,0.0,0.5069444444444444,0.9166666666666666,0.9166666666666666,0.8333333333333334,0.0,17.187732170194057,0.0,12.0
53,4.416666666666667,4.416666666666667,0,4.416666666666667,04:25,12.79173657860472,6.645895949497362,6.145840629107358,0,0,0,0,0,0,1,0,1,0,0.0,0.0,3,0.25,0.0,0.0,0.0,0,none,0,-1,-1.0,-1.0,0.0,12,1.0,1.0,1.0,0,53,0.1840277777777778,0.0,0.5,0.75,0.75,0.8333333333333334,0.0,15.39293506100885,0.0,12.0
54,4.5,4.5,0,4.5,04:30,13.01068497775341,6.790725375245666,6.219959602507744,0,0,0,0,0,0,1,1,0,0,0.0,0.0,2,0.16666666666666666,0.0,0.0,0.0,0,none,0,-1,-1.0,-1.0,0.0,12,1.0,1.0,1.0,0,54,0.1875,0.0,0.47222222222222227,0.5833333333333334,0.5833333333333334,0.9166666666666666,0.0,12.311769826663175,0.0,12.0
55,4.583333333333333,4.583333333333333,0,4.583333333333333,04:34,13.250276636403363,6.950408180603698,6.299868455799666,1,1,0,1,1,0,0,0,0,0,0.0,0.0,3,0.25,40.13654003827843,0.0,0.0,0,none,0,-1,-1.0,-1.0,0.0,12,1.0,1.0,1.0,0,55,0.1909722222222222,0.0,0.4444444444444444,0.5833333333333334,0.5833333333333334,0.9166666666666666,0.0,14.28634481233079,0.0,12.0
56,4.666666666666667,4.666666666666667,0,4.666666666666667,04:40,13.511596157908452,7.125999902456289,6.385596255452163,1,0,1,1,0,1,1,1,0,0,0.0,0.0,3,0.25,15.580840636072992,0.0,0.0,0,none,0,-1,-1.0,-1.0,0.0,12,1.0,1.0,1.0,0,56,0.19444444444444445,0.0,0.4166666666666667,0.5833333333333334,0.5833333333333334,0.9166666666666666,0.0,13.466487802045327,0.0,12.0
57,4.75,4.75,0,4.75,04:45,13.795668988004156,7.318570403520486,6.47709858448367,2,0,2,2,0,2,0,0,0,0,0.0,0.0,5,0.4166666666666667,26.056614668804762,0.0,0.0,0,none,0,-1,-1.0,-1.0,0.0,12,1.0,1.0,1.0,0,57,0.19791666666666666,0.0,0.40277777777777785,0.75,0.75,0.9166666666666666,0.0,15.637872357779058,0.0,12.0
58,4.833333333333333,4.833333333333333,0,4.833333333333333,04:49,14.103442831869675,7.529194369309713,6.574248462559962,2,2,0,2,2,0,1,1,0,0,0.0,0.0,6,0.5,19.375073710307415,0.0,0.0,0,none,0,-1,-1.0,-1.0,0.0,12,1.0,1.0,1.0,0,58,0.20138888888888887,0.0,0.38888888888888884,0.8333333333333334,0.8333333333333334,1.0,0.0,13.963514989097225,0.0,12.0
59,4.916666666666667,4.916666666666667,0,4.916666666666667,04:55,14.435768058628604,7.758940067625665,6.676827991002939,0,0,0,0,0,0,0,0,0,0,0.0,0.0,6,0.5,0.0,0.0,0.0,0,none,0,-1,-1.0,-1.0,0.0,12,1.0,1.0,1.0,0,59,0.20486111111111113,0.0,0.3958333333333333,0.8333333333333334,0.8333333333333334,0.75,0.0,13.963514989097225,0.0,12.0
60,5.0,5.0,0,5.0,05:00,14.793377315351826,8.008856211174379,6.784521104177447,1,1,0,1,1,0,1,0,1,0,0.0,0.0,6,0.5,21.932400277558955,0.0,0.0,0,none,0,-1,-1.0,-1.0,0.0,12,1.0,1.0,1.0,0,60,0.20833333333333334,0.0,0.38888888888888884,0.6666666666666666,0.6666666666666666,0.75,0.0,13.615937890068222,0.0,12.0
61,5.083333333333333,5.083333333333333,0,5.083333333333333,05:04,15.176864613283556,8.279956778461818,6.896907834821737,1,1,0,1,1,0,1,1,0,0,0.0,0.0,6,0.5,15.0,0.0,0.0,0,none,0,-1,-1.0,-1.0,0.0,12,1.0,1.0,1.0,0,61,0.21180555555555555,0.0,0.3819444444444445,0.6666666666666666,0.6666666666666666,0.75,0.0,11.506789110918547,0.0,12.0
62,5.166666666666667,5.166666666666667,0,5.166666666666667,05:10,15.586664188169642,8.573203674031834,7.013460514137808,1,0,1,1,0,1,1,0,1,0,0.0,0.0,6,0.5,35.21407241671234,0.0,0.0,0,none,0,-1,-1.0,-1.0,0.0,12,1.0,1.0,1.0,0,62,0.2152777777777778,0.0,0.3819444444444445,0.75,0.75,0.75,0.0,14.441295145644574,0.0,12.0
63,5.25,5.25,0,5.25,05:15,16.023029473063175,8.88948714835656,7.133542324706616,0,0,0,0,0,0,2,1,1,0,0.0,0.0,4,0.3333333333333333,0.0,0.0,0.0,0,none,0,-1,-1.0,-1.0,0.0,12,1.0,1.0,1.0,0,63,0.21875,0.0,0.375,0.75,0.75,0.8333333333333334,0.0,14.441295145644574,0.0,12.0
64,5.333333333333333,5.333333333333333,0,5.333333333333333,05:19,16.48601255460398,9.229603951951697,7.256408602652284,1,0,1,1,0,1,2,2,0,0,0.0,0.0,3,0.25,28.981489409112022,0.0,0.0,0,none,0,-1,-1.0,-1.0,0.0,12,1.0,1.0,1.0,0,64,0.2222222222222222,0.0,0.3680555555555556,0.8333333333333334,0.8333333333333334,0.9166666666666666,0.0,16.856419263070574,0.0,12.0
65,5.416666666666667,5.416666666666667,0,5.416666666666667,05:25,16.97544451128737,9.59423326872679,7.381211242560582,0,0,0,0,0,0,1,1,0,0,0.0,0.0,2,0.16666666666666666,0.0,0.0,0.0,0,none,0,-1,-1.0,-1.0,0.0,12,1.0,1.0,1.0,0,65,0.22569444444444445,0.0,0.3611111111111111,0.8333333333333334,0.8333333333333334,0.9166666666666666,0.0,16.856419263070574,0.0,12.0
66,5.5,5.5,0,5.5,05:30,17.490917053446246,9.983910560626,7.507006492820245,2,0,2,2,0,2,0,0,0,0,0.0,0.0,4,0.3333333333333333,32.53411389128516,0.0,0.0,0,none,0,-1,-1.0,-1.0,0.0,12,1.0,1.0,1.0,0,66,0.22916666666666666,0.0,0.375,1.0,1.0,0.8333333333333334,0.0,19.567595420677673,0.0,12.0
67,5.583333333333333,5.583333333333333,0,5.583333333333333,05:34,18.031765898421348,10.398999558766876,7.632766339654471,2,2,0,2,2,0,0,0,0,0,0.0,0.0,6,0.5,25.175432010130642,0.0,0.0,0,none,0,-1,-1.0,-1.0,0.0,12,1.0,1.0,1.0,0,67,0.23263888888888887,0.0,0.3958333333333333,1.0833333333333333,1.0833333333333333,0.8333333333333334,0.0,18.32083641833202,0.0,12.0
68,5.666666666666667,5.666666666666667,0,5.666666666666667,05:40,18.597056319640423,10.83966275392382,7.757393565716602,0,0,0,0,0,0,0,0,0,0,0.0,0.0,6,0.5,0.0,0.0,0.0,0,none,0,-1,-1.0,-1.0,0.0,12,1.0,1.0,1.0,0,68,0.23611111111111113,0.0,0.4166666666666667,1.0,1.0,0.75,0.0,17.022433031992605,0.0,12.0
69,5.75,5.75,0,5.75,05:45,19.185571304165776,11.305830868451876,7.879740435713901,2,1,1,2,1,1,0,0,0,0,0.0,0.0,8,0.6666666666666666,36.17507486437871,0.0,0.0,0,none,0,-1,-1.0,-1.0,0.0,12,1.0,1.0,1.0,0,69,0.23958333333333334,0.0,0.43749999999999994,1.0,1.0,0.75,0.0,17.86563804829044,0.0,12.0
70,5.833333333333333,5.833333333333333,0,5.833333333333333,05:49,19.795802738980814,11.797171928386632,7.998630810594182,1,1,0,1,1,0,2,0,2,0,0.0,0.0,7,0.5833333333333334,50.0,0.0,0.0,0,none,0,-1,-1.0,-1.0,0.0,12,1.0,1.0,1.0,0,70,0.24305555555555555,0.0,0.4444444444444444,0.9166666666666666,0.9166666666666666,0.8333333333333334,0.0,20.417715239098154,0.0,12.0
71,5.916666666666667,5.916666666666667,0,5.916666666666667,05:55,20.425946021372965,12.313060692932444,8.112885328440521,0,0,0,0,0,0,1,1,0,0,0.0,0.0,6,0.5,0.0,0.0,0.0,0,none,0,-1,-1.0,-1.0,0.0,12,1.0,1.0,1.0,0,71,0.2465277777777778,0.0,0.4444444444444444,0.9166666666666666,0.9166666666666666,0.9166666666666666,0.0,20.417715239098154,0.0,12.0
72,6.0,6.0,0,6.0,06:00,21.073898452991536,12.852549332068135,8.221349120923401,2,2,0,2,2,0,0,0,0,0,0.0,0.0,8,0.6666666666666666,24.915351001026067,0.0,0.0,0,none,0,-1,-1.0,-1.0,0.0,12,1.0,1.0,1.0,0,72,0.25,0.0,0.45833333333333326,1.0,1.0,0.8333333333333334,0.0,20.666294466053746,0.0,12.0
73,6.083333333333333,6.083333333333333,0,6.083333333333333,06:04,21.73726173055763,13.41434036372573,8.3229213668319,0,0,0,0,0,0,2,0,2,0,0.0,0.0,6,0.5,0.0,0.0,0.0,0,none,0,-1,-1.0,-1.0,0.0,12,1.0,1.0,1.0,0,73,0.2534722222222222,0.0,0.45833333333333326,0.9166666666666666,0.9166666666666666,0.9166666666666666,0.0,19.416294466053746,0.0,12.0
74,6.166666666666667,6.166666666666667,0,6.166666666666667,06:10,22.413348789126818,13.996762961383725,8.416585827743093,1,0,1,1,0,1,1,1,0,0,0.0,0.0,6,0.5,43.14949390478826,0.0,0.0,0,none,0,-1,-1.0,-1.0,0.0,12,1.0,1.0,1.0,0,74,0.2569444444444445,0.0,0.45833333333333326,0.9166666666666666,0.9166666666666666,0.9166666666666666,0.0,20.077579590060072,0.0,12.0
75,6.25,6.25,0,6.25,06:15,23.099195186920248,14.597753812116144,8.501441374804104,0,0,0,0,0,0,1,1,0,0,0.0,0.0,5,0.4166666666666667,0.0,0.0,0.0,0,none,0,-1,-1.0,-1.0,0.0,12,1.0,1.0,1.0,0,75,0.2604166666666667,0.0,0.46527777777777773,0.9166666666666666,0.9166666666666666,0.8333333333333334,0.0,20.077579590060072,0.0,12.0
76,6.333333333333333,6.333333333333333,0,6.333333333333333,06:19,23.791575145030517,15.214843735523223,8.576731409507294,0,0,0,0,0,0,0,0,0,0,0.0,0.0,5,0.4166666666666667,0.0,0.0,0.0,0,none,0,-1,-1.0,-1.0,0.0,12,1.0,1.0,1.0,0,76,0.2638888888888889,0.0,0.4791666666666667,0.8333333333333334,0.8333333333333334,0.6666666666666666,0.0,17.66245547263407,0.0,12.0
77,6.416666666666667,6.416666666666667,0,6.416666666666667,06:25,24.487022272072135,15.845151257710988,8.641871014361147,3,1,2,3,1,2,1,1,0,0,0.0,0.0,7,0.5833333333333334,34.425432720544826,0.0,0.0,0,none,0,-1,-1.0,-1.0,0.0,12,1.0,1.0,1.0,0,77,0.2673611111111111,0.0,0.5138888888888888,1.0833333333333333,1.0833333333333333,0.6666666666666666,0.0,20.531241532679473,0.0,12.0
78,6.5,6.5,0,6.5,06:30,25.18185491467317,16.48538426517569,8.696470649497481,0,0,0,0,0,0,1,1,0,0,0.0,0.0,6,0.5,0.0,0.0,0.0,0,none,0,-1,-1.0,-1.0,0.0,12,1.0,1.0,1.0,0,78,0.2708333333333333,0.0,0.5277777777777778,0.9166666666666666,0.9166666666666666,0.75,0.0,17.820065375072375,0.0,12.0
79,6.583333333333333,6.583333333333333,0,6.583333333333333,06:34,25.872205981445973,17.13185073670151,8.740355244744462,0,0,0,0,0,0,1,0,1,0,0.0,0.0,5,0.4166666666666667,0.0,0.0,0.0,0,none,0,-1,-1.0,-1.0,0.0,12,1.0,1.0,1.0,0,79,0.2743055555555555,0.0,0.5208333333333334,0.75,0.75,0.8333333333333334,0.0,15.722112707561488,0.0,12.0
80,6.666666666666667,6.666666666666667,0,6.666666666666667,06:40,26.55405699280672,17.780479365401774,8.773577627404945,3,2,1,3,2,1,1,1,0,0,0.0,0.0,7,0.5833333333333334,38.206948710668065,0.0,0.0,0,none,0,-1,-1.0,-1.0,0.0,12,1.0,1.0,1.0,0,80,0.2777777777777778,0.0,0.5277777777777778,1.0,1.0,0.9166666666666666,0.0,18.906025100117162,0.0,12.0
81,6.75,6.75,0,6.75,06:45,27.223276013981916,18.426850639071922,8.796425374909996,1,1,0,1,1,0,0,0,0,0,0.0,0.0,8,0.6666666666666666,28.772279993794502,0.0,0.0,0,none,0,-1,-1.0,-1.0,0.0,12,1.0,1.0,1.0,0,81,0.28125,0.0,0.5277777777777778,0.9166666666666666,0.9166666666666666,0.9166666666666666,0.0,18.289125527568476,0.0,12.0
82,6.833333333333333,6.833333333333333,0,6.833333333333333,06:49,27.87565903610473,19.066238649677036,8.809420386427693,1,1,0,1,1,0,0,0,0,0,0.0,0.0,9,0.75,31.915921759569557,0.0,0.0,0,none,0,-1,-1.0,-1.0,0.0,12,1.0,1.0,1.0,0,82,0.2847222222222222,0.0,0.5416666666666666,0.9166666666666666,0.9166666666666666,0.75,0.0,16.782119007532604,0.0,12.0
83,6.916666666666667,6.916666666666667,0,6.916666666666667,06:55,28.50697428287284,19.693663560141477,8.813310722731362,1,1,0,1,1,0,2,0,2,0,0.0,0.0,8,0.6666666666666666,30.624505762801725,0.0,0.0,0,none,0,-1,-1.0,-1.0,0.0,12,1.0,1.0,1.0,0,83,0.2881944444444445,0.0,0.5555555555555555,1.0,1.0,0.8333333333333334,0.0,19.33416115443275,0.0,12.0
84,7.0,7.0,0,7.0,07:00,29.1130088401957,20.303954280090416,8.809054560105285,1,1,0,1,1,0,0,0,0,0,0.0,0.0,9,0.75,36.14822702126864,0.0,0.0,0,none,0,-1,-1.0,-1.0,0.0,12,1.0,1.0,1.0,0,84,0.2916666666666667,0.0,0.5625,0.9166666666666666,0.9166666666666666,0.8333333333333334,0.0,20.27023415611963,0.0,12.0
85,7.083333333333333,7.083333333333333,0,7.083333333333333,07:04,29.68961693589145,20.891820506302683,8.797796429588766,4,3,1,4,3,1,2,1,1,0,0.0,0.0,11,0.9166666666666666,27.1963791570524,0.0,0.0,0,none,0,-1,-1.0,-1.0,0.0,12,1.0,1.0,1.0,0,85,0.2951388888888889,0.0,0.5972222222222222,1.25,1.25,0.8333333333333334,0.0,22.536599085874,0.0,12.0
86,7.166666666666667,7.166666666666667,0,7.166666666666667,07:10,30.232769137920034,21.45193288532973,8.780836252590305,3,3,0,1,1,0,0,0,0,2,0.0,0.0,12,1.0,17.918036313760574,0.0,0.0,0,none,0,-1,-1.0,-1.0,0.0,12,1.0,1.0,1.0,0,86,0.2986111111111111,0.16666666666666666,0.6388888888888888,1.4166666666666667,1.25,0.75,0.0,20.433977619955026,0.0,12.0
87,7.25,7.25,0,7.25,07:15,30.73860169473985,21.979009673661682,8.759592021078165,2,2,0,1,1,0,1,1,0,3,1.6666666666666667,5.0,12,1.0,50.0,5.0,0.0,0,none,0,-1,-1.0,-1.0,0.0,12,1.0,1.0,1.0,0,87,0.3020833333333333,0.4166666666666667,0.6875,1.5833333333333333,1.3333333333333333,0.75,0.1388888888888889,24.60064428662169,0.4166666666666667,12.0
88,7.333333333333333,7.333333333333333,0,7.333333333333333,07:19,31.203465211722794,22.467907924336398,8.735557287386397,3,3,0,3,3,0,3,2,1,3,0.0,0.0,12,1.0,24.02796384554235,6.666666666666667,0.0,0,none,0,-1,-1.0,-1.0,0.0,12,1.0,1.0,1.0,0,88,0.3055555555555555,0.6666666666666666,0.736111111111111,1.8333333333333333,1.5833333333333333,1.0,0.1388888888888889,26.602974607083553,0.9722222222222223,12.0
89,7.416666666666667,7.416666666666667,0,7.416666666666667,07:25,31.623971844371177,22.91371693697449,8.710254907396685,1,1,0,2,2,0,2,2,0,2,2.5,5.0,12,1.0,24.431842312022745,5.0,0.0,0,none,0,-1,-1.0,-1.0,0.0,12,1.0,1.0,1.0,0,89,0.3090277777777778,0.8333333333333334,0.7708333333333334,1.6666666666666667,1.5,1.0833333333333333,0.34722222222222227,25.77017540637338,1.388888888888889,12.0
90,7.5,7.5,0,7.5,07:30,31.997040193149484,23.311851488333524,8.68518870481596,3,3,0,2,2,0,2,2,0,3,0.0,0.0,12,1.0,33.66281344900572,7.5,0.0,0,none,0,-1,-1.0,-1.0,0.0,12,1.0,1.0,1.0,0,90,0.3125,1.0833333333333333,0.8125,1.9166666666666667,1.6666666666666667,1.1666666666666667,0.34722222222222227,28.57540986045719,2.013888888888889,12.0
91,7.583333333333333,7.583333333333333,0,7.583333333333333,07:34,32.319937106434125,23.658142227397715,8.661794879036409,2,1,1,2,2,0,2,1,1,3,1.6666666666666667,5.0,12,1.0,30.83240337298141,5.0,0.0,0,none,0,-1,-1.0,-1.0,0.0,12,1.0,1.0,1.0,0,91,0.3159722222222222,1.3333333333333333,0.861111111111111,2.0833333333333335,1.8333333333333333,1.25,0.48611111111111116,31.144776808205638,2.430555555555556,12.0
92,7.666666666666667,7.666666666666667,0,7.666666666666667,07:40,32.590315637283716,23.948920583849123,8.641395053434593,0,0,0,1,1,0,1,1,0,2,5.0,5.0,12,1.0,24.794105552007313,10.0,0.0,0,none,0,-1,-1.0,-1.0,0.0,12,1.0,1.0,1.0,0,92,0.3194444444444445,1.5,0.8958333333333334,1.8333333333333333,1.6666666666666667,1.25,0.9027777777777778,30.027039878317243,3.2638888888888893,12.0
93,7.75,7.75,0,7.75,07:45,32.80624845586041,24.181095608048782,8.62515284781163,3,2,1,3,2,1,3,3,0,2,0.0,0.0,12,1.0,21.56965562137077,6.666666666666667,3.3333333333333335,0,none,0,-1,-1.0,-1.0,0.0,12,1.0,1.0,1.0,0,93,0.3229166666666667,1.6666666666666667,0.923611111111111,2.0,1.8333333333333333,1.5,0.9027777777777778,29.426821180615264,3.8194444444444446,12.0
94,7.833333333333333,7.833333333333333,0,7.833333333333333,07:49,32.96625609134107,24.352220335784285,8.614035755556788,1,1,0,2,1,1,2,2,0,1,0.0,0.0,12,1.0,29.373787000039087,5.0,7.5,0,none,0,-1,-1.0,-1.0,0.0,12,1.0,1.0,1.0,0,94,0.3263888888888889,1.75,0.9444444444444443,2.0,1.9166666666666667,1.6666666666666667,0.9027777777777778,29.21497661732106,4.236111111111112,12.0
95,7.916666666666667,7.916666666666667,0,7.916666666666667,07:55,33.0693294635577,24.460545547952474,8.608783915605228,1,1,0,1,1,0,1,1,0,1,0.0,0.0,12,1.0,30.5303995078145,5.0,5.0,0,none,0,-1,-1.0,-1.0,0.0,12,1.0,1.0,1.0,0,95,0.3298611111111111,1.8333333333333333,0.9722222222222223,2.0,1.9166666666666667,1.5833333333333333,0.9027777777777778,29.207134429405457,4.652777777777778,12.0
96,8.0,8.0,0,8.0,08:00,33.11494626351003,24.505059164561004,8.609887098949025,1,1,0,0,0,0,1,1,0,2,2.5,5.0,11,1.8333333333333333,0.0,0.0,5.0,1,capacity_drop,1,0,8.0,10.0,120.0,6,1.0,1.0,1.0,1,96,0.3333333333333333,2.0,1.0625,2.0,1.8333333333333333,1.6666666666666667,1.1111111111111112,26.194782177633073,4.652777777777778,11.5
97,8.083333333333334,8.083333333333334,0,8.083333333333334,08:05,33.10308085105868,24.48550995942837,8.617570891630306,2,1,1,0,0,0,3,3,0,4,3.75,10.0,8,1.3333333333333333,0.0,0.0,5.0,1,capacity_drop,1,0,8.0,10.0,115.0,6,1.0,1.0,1.0,1,97,0.3368055555555556,2.3333333333333335,1.097222222222222,1.8333333333333333,1.5,1.75,1.4236111111111114,23.928417247878702,4.652777777777778,11.0
98,8.166666666666666,8.166666666666666,0,8.166666666666666,08:09,33.03420745500948,24.402414787887224,8.631792667122253,0,0,0,2,2,0,4,3,1,2,5.0,5.0,6,1.0,26.08820400422333,12.5,7.5,1,capacity_drop,1,0,8.0,10.0,110.0,6,1.0,1.0,1.0,1,98,0.34027777777777773,2.3333333333333335,1.097222222222222,1.5833333333333333,1.5833333333333333,2.0833333333333335,1.840277777777778,24.60926455541727,5.6944444444444455,10.5
99,8.25,8.25,0,8.25,08:15,32.909296582700236,24.25704906246724,8.652247520232999,0,0,0,1,1,0,1,1,0,1,10.0,10.0,6,1.0,18.875711498427798,10.0,10.0,1,capacity_drop,1,0,8.0,10.0,105.0,6,1.0,1.0,1.0,1,99,0.34375,2.1666666666666665,1.097222222222222,1.4166666666666667,1.5833333333333333,2.0833333333333335,2.534722222222222,22.01557384695292,6.111111111111112,10.0
100,8.333333333333334,8.333333333333334,0,8.333333333333334,08:20,32.729804670231495,24.05142076666158,8.678383903569916,0,0,0,1,0,1,1,1,0,0,0.0,0.0,6,1.0,27.972610364112477,15.0,5.0,1,capacity_drop,1,0,8.0,10.0,100.0,6,1.0,1.0,1.0,1,100,0.34722222222222227,1.9166666666666667,1.097222222222222,1.1666666666666667,1.4166666666666667,1.9166666666666667,2.534722222222222,22.344294390167097,6.8055555555555545,9.5
101,8.416666666666666,8.416666666666666,0,8.416666666666666,08:24,32.4976571277268,23.788228839436012,8.709428288290784,3,2,1,1,1,0,1,0,1,2,0.0,0.0,6,1.0,22.048119933613187,0.0,5.0,1,capacity_drop,1,0,8.0,10.0,95.0,6,1.0,1.0,1.0,1,101,0.3506944444444444,1.9166666666666667,1.097222222222222,1.3333333333333333,1.3333333333333333,1.8333333333333333,2.326388888888889,22.145650858632965,6.388888888888888,9.0
102,8.5,8.5,0,8.5,08:30,32.215225053589485,23.470807268775776,8.744417784813711,5,3,2,1,0,1,1,1,0,6,0.8333333333333334,5.0,6,1.0,37.92977262090329,5.0,5.0,1,capacity_drop,1,0,8.0,10.0,90.0,6,1.0,1.0,1.0,1,102,0.3541666666666667,2.1666666666666665,1.097222222222222,1.5,1.25,1.75,2.3958333333333335,22.50123078962443,6.1805555555555545,8.5
103,8.583333333333334,8.583333333333334,0,8.583333333333334,08:35,31.885296004891355,23.10305667899454,8.782239325896814,2,1,1,2,2,0,2,2,0,6,3.3333333333333335,5.0,6,1.0,22.975874001749244,7.5,10.0,1,capacity_drop,1,0,8.0,10.0,85.0,6,1.0,1.0,1.0,1,103,0.3576388888888889,2.4166666666666665,1.097222222222222,1.5,1.25,1.75,2.5347222222222223,21.846520008688415,6.388888888888888,8.0
104,8.666666666666666,8.666666666666666,0,8.666666666666666,08:39,31.511039315232885,22.6893655647599,8.821673750472984,0,0,0,0,0,0,0,0,0,6,8.333333333333334,10.0,6,1.0,0.0,0.0,0.0,1,capacity_drop,1,0,8.0,10.0,80.0,6,1.0,1.0,1.0,1,104,0.3611111111111111,2.75,1.097222222222222,1.5,1.1666666666666667,1.6666666666666667,2.8125,19.78034454602114,5.5555555555555545,7.5
105,8.75,8.75,0,8.75,08:45,31.09596654438335,22.234523600145966,8.861442944237385,0,0,0,1,1,0,1,1,0,5,13.0,15.0,6,1.0,21.078087751167736,15.0,15.0,1,capacity_drop,1,0,8.0,10.0,75.0,6,1.0,1.0,1.0,1,105,0.3645833333333333,3.0,1.097222222222222,1.25,1.0,1.5,3.8958333333333335,19.739380556837556,6.25,7.0
106,8.833333333333334,8.833333333333334,0,8.833333333333334,08:50,30.643887723802273,21.743629623876995,8.900258099925276,1,1,0,2,1,1,2,1,1,4,12.5,20.0,6,1.0,40.88681606998378,20.0,7.5,1,capacity_drop,1,0,8.0,10.0,70.0,6,1.0,1.0,1.0,1,106,0.3680555555555556,3.25,1.097222222222222,1.25,1.0,1.5,4.9375,20.69879964599961,7.5,6.5
107,8.916666666666666,8.916666666666666,0,8.916666666666666,08:54,30.15886412721001,21.22199696810257,8.93686715910744,1,1,0,1,0,1,1,1,0,4,11.25,20.0,6,1.0,31.75191613024742,25.0,5.0,1,capacity_drop,1,0,8.0,10.0,65.0,6,1.0,1.0,1.0,1,107,0.37152777777777773,3.5,1.097222222222222,1.25,1.0,1.5,5.875,20.80059269786902,9.166666666666666,6.0
108,9.0,9.0,0,9.0,09:00,29.645158344583038,20.6750587588802,8.970099585702838,2,1,1,0,0,0,0,0,0,6,10.833333333333334,25.0,6,1.0,0.0,0.0,0.0,1,capacity_drop,1,0,8.0,10.0,60.0,6,1.0,1.0,1.0,1,108,0.375,3.8333333333333335,1.027777777777778,1.3333333333333333,1.0,1.4166666666666667,6.569444444444444,20.80059269786902,9.166666666666666,6.0
109,9.083333333333334,9.083333333333334,0,9.083333333333334,09:05,29.10718247060931,20.1082756785997,8.998906792009612,0,0,0,1,1,0,1,1,0,5,13.0,30.0,6,1.0,24.79345645117598,30.0,10.0,1,capacity_drop,1,0,8.0,10.0,55.0,6,1.0,1.0,1.0,1,109,0.37847222222222227,3.9166666666666665,1.0,1.1666666666666667,1.0833333333333333,1.25,7.340277777777778,22.866714068800352,11.666666666666666,6.0
110,9.166666666666666,9.166666666666666,0,9.166666666666666,09:09,28.549445234508667,19.527048455065145,9.022396779443524,2,2,0,2,1,1,2,1,1,5,7.0,15.0,6,1.0,25.117319942829877,27.5,10.0,1,capacity_drop,1,0,8.0,10.0,50.0,6,1.0,1.0,1.0,1,110,0.3819444444444444,4.166666666666667,1.0,1.3333333333333333,1.0833333333333333,1.0833333333333333,7.506944444444444,22.78580706368423,12.916666666666666,6.0
111,9.25,9.25,0,9.25,09:15,27.97649889740076,18.936637043846602,9.039861853554159,4,4,0,0,0,0,0,0,0,9,6.666666666666667,20.0,6,1.0,0.0,0.0,0.0,1,capacity_drop,1,0,8.0,10.0,45.0,6,1.0,1.0,1.0,1,111,0.3854166666666667,4.833333333333333,1.0,1.6666666666666667,1.0,1.0,7.229166666666667,21.212831105481918,12.083333333333334,6.0
112,9.333333333333334,9.333333333333334,0,9.333333333333334,09:20,27.392886726700702,18.34208811756888,9.05079860913182,2,0,2,0,0,0,0,0,0,11,9.545454545454545,25.0,6,1.0,0.0,0.0,0.0,1,capacity_drop,1,0,8.0,10.0,40.0,6,1.0,1.0,1.0,1,112,0.3888888888888889,5.75,1.0,1.8333333333333333,0.9166666666666666,0.9166666666666666,8.024621212121213,18.881780241805878,10.833333333333334,6.0
113,9.416666666666666,9.416666666666666,0,9.416666666666666,09:24,26.803091825334022,17.748172087371678,9.054919737962342,0,0,0,0,0,0,0,0,0,11,14.545454545454545,30.0,6,1.0,0.0,0.0,0.0,1,capacity_drop,1,0,8.0,10.0,35.0,6,1.0,1.0,1.0,1,113,0.3923611111111111,6.5,1.0,1.5833333333333333,0.8333333333333334,0.8333333333333334,9.236742424242424,17.04443691400478,10.833333333333334,6.0
114,9.5,9.5,0,9.5,09:30,26.21148804821528,17.15933047764443,9.05215757057085,2,1,1,3,2,1,3,1,2,10,12.0,20.0,6,1.0,29.880717434206776,31.666666666666668,25.0,1,capacity_drop,1,0,8.0,10.0,30.0,6,1.0,1.0,1.0,1,114,0.3958333333333333,6.833333333333333,1.0,1.3333333333333333,1.0,1.0,10.167297979797981,16.3736823151134,13.055555555555555,6.0
115,9.583333333333334,9.583333333333334,0,9.583333333333334,09:35,25.62229368103433,16.57963407441119,9.042659606623141,3,3,0,1,1,0,1,1,0,12,12.083333333333334,25.0,6,1.0,18.329783520264613,25.0,20.0,1,capacity_drop,1,0,8.0,10.0,25.0,6,1.0,1.0,1.0,1,115,0.3993055555555556,7.333333333333333,1.0,1.4166666666666667,0.9166666666666666,0.9166666666666666,10.896464646464645,15.986508108323015,14.513888888888888,6.0
116,9.666666666666666,9.666666666666666,0,9.666666666666666,09:39,25.039528488762734,16.012751887827868,9.026776600934868,1,1,0,2,2,0,2,1,1,11,13.636363636363637,25.0,6,1.0,26.92078603954606,27.5,27.5,1,capacity_drop,1,0,8.0,10.0,20.0,6,1.0,1.0,1.0,1,116,0.40277777777777773,7.75,1.0,1.5,1.0833333333333333,1.0833333333333333,11.33838383838384,18.229906944951853,16.805555555555554,6.0
117,9.75,9.75,0,9.75,09:45,24.466974665405278,15.461930625056299,9.005044040348979,1,1,0,0,0,0,0,0,0,12,17.083333333333332,30.0,6,1.0,0.0,0.0,0.0,1,capacity_drop,1,0,8.0,10.0,15.0,6,1.0,1.0,1.0,1,117,0.40625,8.333333333333334,1.0,1.5833333333333333,1.0,1.0,11.678661616161618,16.473399632354543,15.555555555555555,6.0
118,9.833333333333334,9.833333333333334,0,9.833333333333334,09:50,23.908142134435693,14.929984073073747,8.978158061361945,3,2,1,0,0,0,0,0,0,15,17.666666666666668,35.0,6,1.0,0.0,0.0,0.0,1,capacity_drop,1,0,8.0,10.0,10.0,6,1.0,1.0,1.0,1,118,0.40972222222222227,9.25,1.0,1.75,0.8333333333333334,0.8333333333333334,12.109217171717171,13.066164959855895,13.888888888888888,6.0
119,9.916666666666666,9.916666666666666,0,9.916666666666666,09:54,23.36623856314929,14.419291550051323,8.946947013097969,1,0,1,1,1,0,1,1,0,15,20.0,40.0,6,1.0,26.261455044680154,40.0,25.0,1,capacity_drop,1,0,8.0,10.0,5.0,6,1.0,1.0,1.0,1,119,0.4131944444444444,10.166666666666666,1.0,1.75,0.8333333333333334,0.8333333333333334,12.83838383838384,12.608626536058622,15.138888888888891,6.0
120,10.0,10.0,0,10.0,10:00,22.844144365874875,13.931804403464822,8.912339962410053,0,0,0,8,5,3,2,2,0,7,13.571428571428571,25.0,12,1.0,31.321226400874174,35.0,32.5,0,none,0,-1,-1.0,-1.0,0.0,12,1.0,1.0,1.0,0,120,0.4166666666666667,10.25,1.0,1.5833333333333333,1.5,1.0,13.066558441558442,15.21872873613147,18.055555555555557,6.5
121,10.083333333333334,10.083333333333334,0,10.083333333333334,10:05,22.344392882550014,13.469059414244787,8.875333468305227,1,0,1,1,1,0,1,1,0,7,14.285714285714286,25.0,12,1.0,30.238908042219386,30.0,30.0,0,none,0,-1,-1.0,-1.0,0.0,12,1.0,1.0,1.0,0,121,0.4201388888888889,10.416666666666666,1.0,1.6666666666666667,1.5,1.0,13.173701298701298,15.67251636871842,18.055555555555557,7.0
122,10.166666666666666,10.166666666666666,0,10.166666666666666,10:09,21.869155832367476,13.032197906976,8.836957925391475,2,1,1,2,2,0,2,1,1,7,11.428571428571429,20.0,12,1.0,29.823710346852984,27.5,27.5,0,none,0,-1,-1.0,-1.0,0.0,12,1.0,1.0,1.0,0,122,0.4236111111111111,10.583333333333334,1.0,1.6666666666666667,1.5,1.0,13.542748917748916,16.06471556905368,18.055555555555557,7.5
123,10.25,10.25,0,10.25,10:15,21.420234058650554,12.621989361614977,8.798244697035576,0,0,0,0,0,0,0,0,0,7,16.428571428571427,25.0,12,1.0,0.0,0.0,0.0,0,none,0,-1,-1.0,-1.0,0.0,12,1.0,1.0,1.0,0,123,0.4270833333333333,10.416666666666666,1.0,1.3333333333333333,1.5,1.0,14.356240981240981,16.06471556905368,18.055555555555557,8.0
124,10.333333333333334,10.333333333333334,0,10.333333333333334,10:20,20.99905350219605,12.238858365423972,8.760195136772076,0,0,0,0,0,0,0,0,0,7,21.428571428571427,30.0,12,1.0,0.0,0.0,0.0,0,none,0,-1,-1.0,-1.0,0.0,12,1.0,1.0,1.0,0,124,0.4305555555555556,10.083333333333334,1.0,1.1666666666666667,1.5,1.0,15.34650072150072,16.06471556905368,18.055555555555557,8.5
125,10.416666666666666,10.416666666666666,0,10.416666666666666,10:24,20.606666267184455,11.882913826299536,8.723752440884919,0,0,0,3,2,1,3,1,2,4,20.0,30.0,12,1.0,33.19099412917142,35.0,40.0,0,none,0,-1,-1.0,-1.0,0.0,12,1.0,1.0,1.0,0,125,0.43402777777777773,9.5,1.0,1.1666666666666667,1.75,1.25,15.801046176046176,18.83063174648463,20.972222222222225,9.0
126,10.5,10.5,0,10.5,10:30,20.243756577299482,11.55397948099992,8.689777096299562,1,1,0,1,0,1,1,1,0,4,16.25,25.0,12,1.0,20.048599321752597,35.0,25.0,0,none,0,-1,-1.0,-1.0,0.0,12,1.0,1.0,1.0,0,126,0.4375,9.0,1.0,1.0833333333333333,1.5833333333333333,1.0833333333333333,16.155212842712842,18.011288570446784,21.25,9.5
127,10.583333333333334,10.583333333333334,0,10.583333333333334,10:35,19.910651360575347,11.251624864288175,8.659026496287172,0,0,0,3,1,2,3,2,1,1,5.0,5.0,12,1.0,34.93384922423818,26.666666666666668,28.333333333333332,0,none,0,-1,-1.0,-1.0,0.0,12,1.0,1.0,1.0,0,127,0.44097222222222227,8.083333333333334,1.0,0.8333333333333334,1.75,1.25,15.564935064935064,19.394960712444583,21.38888888888889,10.0
128,10.666666666666666,10.666666666666666,0,10.666666666666666,10:39,19.607335150113403,10.975196048358073,8.63213910175533,0,0,0,1,1,0,3,3,0,0,0.0,0.0,10,0.8333333333333334,15.351764926762195,10.0,33.333333333333336,0,none,0,-1,-1.0,-1.0,0.0,12,1.0,1.0,1.0,0,128,0.4444444444444444,7.166666666666667,0.986111111111111,0.75,1.6666666666666667,1.3333333333333333,14.428571428571429,18.43087561971259,19.930555555555557,10.5
129,10.75,10.75,0,10.75,10:45,19.333468944368136,10.723845607532295,8.60962333683584,2,0,2,2,0,2,2,2,0,0,0.0,0.0,10,0.8333333333333334,25.884230603907508,0.0,37.5,0,none,0,-1,-1.0,-1.0,0.0,12,1.0,1.0,1.0,0,129,0.4479166666666667,6.166666666666667,0.9722222222222222,0.8333333333333334,1.8333333333333333,1.5,13.004960317460316,20.587894836704884,19.930555555555557,11.0
130,10.833333333333334,10.833333333333334,0,10.833333333333334,10:50,19.088412635182163,10.496561403697479,8.591851231484684,2,1,1,2,1,1,0,0,0,0,0.0,0.0,12,1.0,27.996009964492636,0.0,0.0,0,none,0,-1,-1.0,-1.0,0.0,12,1.0,1.0,1.0,0,130,0.4513888888888889,4.916666666666667,0.9722222222222222,0.75,2.0,1.5,11.532738095238095,22.920895667079268,19.930555555555557,11.5
131,10.916666666666666,10.916666666666666,0,10.916666666666666,10:54,18.871250583960503,10.292193917243159,8.579056666717344,0,0,0,0,0,0,3,1,2,0,0.0,0.0,9,0.75,0.0,0.0,35.0,0,none,0,-1,-1.0,-1.0,0.0,12,1.0,1.0,1.0,0,131,0.4548611111111111,3.6666666666666665,0.9513888888888888,0.6666666666666666,1.9166666666666667,1.6666666666666667,9.866071428571429,20.732441080022593,16.597222222222225,12.0
132,11.0,11.0,0,11.0,11:00,18.68081990598018,10.109481961899167,8.571337944081012,3,1,2,3,1,2,1,1,0,0,0.0,0.0,11,0.9166666666666666,27.23306507945119,0.0,10.0,0,none,0,-1,-1.0,-1.0,0.0,12,1.0,1.0,1.0,0,132,0.4583333333333333,3.0833333333333335,0.9444444444444443,0.9166666666666666,1.5,1.5833333333333333,8.735119047619047,20.39176096990401,13.680555555555557,12.0
133,11.083333333333334,11.083333333333334,0,11.083333333333334,11:05,18.51574100938189,9.947076716859609,8.568664292522282,0,0,0,0,0,0,1,0,1,0,0.0,0.0,10,0.8333333333333334,0.0,0.0,0.0,0,none,0,-1,-1.0,-1.0,0.0,12,1.0,1.0,1.0,0,133,0.4618055555555556,2.5,0.9305555555555555,0.8333333333333334,1.4166666666666667,1.5833333333333333,7.544642857142857,17.871851966385726,11.180555555555557,12.0
134,11.166666666666666,11.166666666666666,0,11.166666666666666,11:09,18.374449928351616,9.803564084452125,8.570885843899491,0,0,0,0,0,0,3,2,1,0,0.0,0.0,7,0.5833333333333334,0.0,0.0,30.0,0,none,0,-1,-1.0,-1.0,0.0,12,1.0,1.0,1.0,0,134,0.46527777777777773,1.9166666666666667,0.8958333333333334,0.6666666666666666,1.25,1.6666666666666667,6.592261904761904,15.386542770814644,8.88888888888889,12.0
135,11.25,11.25,0,11.25,11:15,18.25523198878499,9.677485436192194,8.577746552592794,2,1,1,2,1,1,0,0,0,0,0.0,0.0,9,0.75,22.350442718097117,0.0,0.0,0,none,0,-1,-1.0,-1.0,0.0,12,1.0,1.0,1.0,0,135,0.46875,1.3333333333333333,0.875,0.8333333333333334,1.4166666666666667,1.6666666666666667,5.223214285714286,17.249079663989406,8.88888888888889,12.0
136,11.333333333333334,11.333333333333334,0,11.333333333333334,11:20,18.156256348724316,9.567356845303244,8.588899503421072,0,0,0,0,0,0,5,1,4,0,0.0,0.0,4,0.3333333333333333,0.0,0.0,5.0,0,none,0,-1,-1.0,-1.0,0.0,12,1.0,1.0,1.0,0,136,0.47222222222222227,0.75,0.8194444444444443,0.8333333333333334,1.4166666666666667,2.0833333333333335,3.4375,17.249079663989406,8.88888888888889,12.0
137,11.416666666666666,11.416666666666666,0,11.416666666666666,11:24,18.075610964452643,9.471686921513752,8.60392404293889,0,0,0,0,0,0,0,0,0,0,0.0,0.0,4,0.3333333333333333,0.0,0.0,0.0,0,none,0,-1,-1.0,-1.0,0.0,12,1.0,1.0,1.0,0,137,0.4756944444444444,0.4166666666666667,0.7638888888888888,0.8333333333333334,1.1666666666666667,1.8333333333333333,1.7708333333333333,14.483163486558453,5.972222222222222,12.0
138,11.5,11.5,0,11.5,11:30,18.011337545728793,9.388993366620257,8.622344179108536,3,2,1,3,2,1,1,1,0,0,0.0,0.0,6,0.5,34.90512136547525,0.0,0.0,0,none,0,-1,-1.0,-1.0,0.0,12,1.0,1.0,1.0,0,138,0.4791666666666667,0.08333333333333333,0.7222222222222222,1.0,1.3333333333333333,1.8333333333333333,0.4166666666666667,15.721206990202006,3.055555555555556,12.0
139,11.583333333333334,11.583333333333334,0,11.583333333333334,11:35,17.961466079692393,9.317818359768713,8.64364771992368,1,0,1,1,0,1,0,0,0,0,0.0,0.0,7,0.5833333333333334,37.55937021602538,0.0,0.0,0,none,0,-1,-1.0,-1.0,0.0,12,1.0,1.0,1.0,0,139,0.4826388888888889,0.0,0.6875,1.0833333333333333,1.1666666666666667,1.5833333333333333,0.0,15.940000406184273,0.8333333333333334,12.0
140,11.666666666666666,11.666666666666666,0,11.666666666666666,11:39,17.924048521947235,9.25674286264822,8.667305659299014,0,0,0,0,0,0,3,1,2,0,0.0,0.0,4,0.3333333333333333,0.0,0.0,0.0,0,none,0,-1,-1.0,-1.0,0.0,12,1.0,1.0,1.0,0,140,0.4861111111111111,0.0,0.6458333333333334,1.0833333333333333,1.0833333333333333,1.5833333333333333,0.0,14.660686662287425,0.0,12.0
141,11.75,11.75,0,11.75,11:45,17.897191274787914,9.204399909759529,8.692791365028386,1,0,1,1,0,1,0,0,0,0,0.0,0.0,5,0.4166666666666667,32.24851347957967,0.0,0.0,0,none,0,-1,-1.0,-1.0,0.0,12,1.0,1.0,1.0,0,141,0.4895833333333333,0.0,0.611111111111111,1.0,1.0,1.4166666666666667,0.0,15.191043568593436,0.0,12.0
142,11.833333333333334,11.833333333333334,0,11.833333333333334,11:50,17.879086096068907,9.1594869203623,8.719599175706607,0,0,0,0,0,0,0,0,0,0,0.0,0.0,5,0.4166666666666667,0.0,0.0,0.0,0,none,0,-1,-1.0,-1.0,0.0,12,1.0,1.0,1.0,0,142,0.4930555555555556,0.0,0.5625,0.8333333333333334,0.8333333333333334,1.4166666666666667,0.0,12.85804273821905,0.0,12.0
143,11.916666666666666,11.916666666666666,0,11.916666666666666,11:54,17.868039107484766,9.12077703904663,8.747262068438136,1,1,0,1,1,0,0,0,0,0,0.0,0.0,6,0.5,28.180861783398335,0.0,0.0,0,none,0,-1,-1.0,-1.0,0.0,12,1.0,1.0,1.0,0,143,0.49652777777777773,0.0,0.5416666666666666,0.9166666666666666,0.9166666666666666,1.1666666666666667,0.0,15.206447886835578,0.0,12.0
144,12.0,12.0,0,12.0,12:00,17.86249759774826,9.0871294831504,8.775368114597859,2,0,2,2,0,2,0,0,0,0,0.0,0.0,8,0.6666666666666666,32.303029770394346,0.0,0.0,0,none,0,-1,-1.0,-1.0,0.0,12,1.0,1.0,1.0,0,144,0.5,0.0,0.5208333333333334,0.8333333333333334,0.8333333333333334,1.0833333333333333,0.0,15.628944944414174,0.0,12.0
145,12.083333333333334,12.083333333333334,0,12.083333333333334,12:05,17.86107434408185,9.057498849062302,8.803575495019548,2,2,0,2,2,0,2,1,1,0,0.0,0.0,8,0.6666666666666666,27.36273133545469,0.0,0.0,0,none,0,-1,-1.0,-1.0,0.0,12,1.0,1.0,1.0,0,145,0.5034722222222222,0.0,0.5069444444444443,1.0,1.0,1.1666666666666667,0.0,17.909172555702067,0.0,12.0
146,12.166666666666666,12.166666666666666,0,12.166666666666666,12:09,17.86256920438291,9.030943306994764,8.831625897388147,0,0,0,0,0,0,1,1,0,0,0.0,0.0,7,0.5833333333333334,0.0,0.0,0.0,0,none,0,-1,-1.0,-1.0,0.0,12,1.0,1.0,1.0,0,146,0.5069444444444444,0.0,0.5069444444444444,1.0,1.0,1.0,0.0,17.909172555702067,0.0,12.0
147,12.25,12.25,0,12.25,12:15,17.86598776222676,9.006631595875712,8.859356166351047,0,0,0,0,0,0,1,0,1,0,0.0,0.0,6,0.5,0.0,0.0,0.0,0,none,0,-1,-1.0,-1.0,0.0,12,1.0,1.0,1.0,0,147,0.5104166666666666,0.0,0.4861111111111111,0.8333333333333334,0.8333333333333334,1.0833333333333333,0.0,16.046635662527308,0.0,12.0
148,12.333333333333334,12.333333333333334,0,12.333333333333334,12:20,17.870556837404767,8.983848717050272,8.886708120354495,0,0,0,0,0,0,1,0,1,0,0.0,0.0,5,0.4166666666666667,0.0,0.0,0.0,0,none,0,-1,-1.0,-1.0,0.0,12,1.0,1.0,1.0,0,148,0.513888888888889,0.0,0.4930555555555556,0.8333333333333334,0.8333333333333334,0.75,0.0,16.046635662527308,0.0,12.0
149,12.416666666666666,12.416666666666666,0,12.416666666666666,12:24,17.87573670585183,8.962000217697103,8.913736488154726,1,0,1,1,0,1,1,1,0,0,0.0,0.0,5,0.4166666666666667,40.39374844306454,0.0,0.0,0,none,0,-1,-1.0,-1.0,0.0,12,1.0,1.0,1.0,0,149,0.517361111111111,0.0,0.5,0.9166666666666666,0.9166666666666666,0.8333333333333334,0.0,19.41278136611602,0.0,12.0
150,12.5,12.5,0,12.5,12:30,17.88122990450794,8.94061495225397,8.94061495225397,0,0,0,0,0,0,1,1,0,0,0.0,0.0,4,0.3333333333333333,0.0,0.0,0.0,0,none,0,-1,-1.0,-1.0,0.0,12,1.0,1.0,1.0,0,150,0.5208333333333334,0.0,0.48611111111111116,0.6666666666666666,0.6666666666666666,0.8333333333333334,0.0,16.504021252326414,0.0,12.0
151,12.583333333333334,12.583333333333334,0,12.583333333333334,12:35,17.886986528804712,8.919346212609193,8.96764031619552,1,1,0,1,1,0,2,0,2,0,0.0,0.0,3,0.25,42.91440989003981,0.0,0.0,0,none,0,-1,-1.0,-1.0,0.0,12,1.0,1.0,1.0,0,151,0.5243055555555556,0.0,0.4583333333333333,0.6666666666666666,0.6666666666666666,1.0,0.0,16.950274558494282,0.0,12.0
152,12.666666666666666,12.666666666666666,0,12.666666666666666,12:39,17.893205962998053,8.89797112520432,8.995234837793733,2,1,1,2,1,1,1,1,0,0,0.0,0.0,4,0.3333333333333333,34.556408484685,0.0,0.0,0,none,0,-1,-1.0,-1.0,0.0,12,1.0,1.0,1.0,0,152,0.5277777777777778,0.0,0.4583333333333333,0.8333333333333334,0.8333333333333334,0.8333333333333334,0.0,19.829975265551365,0.0,12.0
153,12.75,12.75,0,12.75,12:45,17.900335016416467,8.876388225381456,9.02394679103501,1,0,1,1,0,1,0,0,0,0,0.0,0.0,5,0.4166666666666667,37.13482507543977,0.0,0.0,0,none,0,-1,-1.0,-1.0,0.0,12,1.0,1.0,1.0,0,153,0.53125,0.0,0.4583333333333333,0.8333333333333334,0.8333333333333334,0.8333333333333334,0.0,20.23716789853971,0.0,12.0
154,12.833333333333334,12.833333333333334,0,12.833333333333334,12:50,17.90906247179544,8.854613136224648,9.054449335570792,0,0,0,0,0,0,0,0,0,0,0.0,0.0,5,0.4166666666666667,0.0,0.0,0.0,0,none,0,-1,-1.0,-1.0,0.0,12,1.0,1.0,1.0,0,154,0.5347222222222222,0.0,0.45833333333333326,0.8333333333333334,0.8333333333333334,0.8333333333333334,0.0,20.23716789853971,0.0,12.0
155,12.916666666666666,12.916666666666666,0,12.916666666666666,12:54,17.920310085157453,8.832772300794856,9.087537784362597,0,0,0,0,0,0,0,0,0,0,0.0,0.0,5,0.4166666666666667,0.0,0.0,0.0,0,none,0,-1,-1.0,-1.0,0.0,12,1.0,1.0,1.0,0,155,0.5381944444444444,0.0,0.45138888888888884,0.75,0.75,0.8333333333333334,0.0,17.888762749923178,0.0,12.0
156,13.0,13.0,0,13.0,13:00,17.935220110106556,8.811094743120563,9.124125366985993,1,0,1,1,0,1,0,0,0,0,0.0,0.0,6,0.5,33.457334539389734,0.0,0.0,0,none,0,-1,-1.0,-1.0,0.0,12,1.0,1.0,1.0,0,156,0.5416666666666666,0.0,0.4375,0.6666666666666666,0.6666666666666666,0.8333333333333334,0.0,17.98495481400613,0.0,12.0
157,13.083333333333334,13.083333333333334,0,13.083333333333334,13:05,17.955139452865332,8.78990186470857,9.165237588156762,4,2,2,4,2,2,0,0,0,0,0.0,0.0,10,0.8333333333333334,33.290874226091006,0.0,0.0,0,none,0,-1,-1.0,-1.0,0.0,12,1.0,1.0,1.0,0,157,0.545138888888889,0.0,0.45138888888888884,0.8333333333333334,0.8333333333333334,0.6666666666666666,0.0,18.478966721559157,0.0,12.0
158,13.166666666666666,13.166666666666666,0,13.166666666666666,13:09,17.981600597810417,8.769595319809286,9.212005278001131,1,0,1,1,0,1,2,1,1,0,0.0,0.0,9,0.75,18.32041091744908,0.0,0.0,0,none,0,-1,-1.0,-1.0,0.0,12,1.0,1.0,1.0,0,158,0.548611111111111,0.0,0.46527777777777773,0.9166666666666666,0.9166666666666666,0.75,0.0,20.00566763134658,0.0,12.0
159,13.25,13.25,0,13.25,13:15,18.01629947657129,8.750643054272226,9.265656422299063,1,1,0,1,1,0,0,0,0,0,0.0,0.0,10,0.8333333333333334,24.150678693069004,0.0,0.0,0,none,0,-1,-1.0,-1.0,0.0,12,1.0,1.0,1.0,0,159,0.5520833333333334,0.0,0.4930555555555556,1.0,1.0,0.6666666666666666,0.0,22.018224189102327,0.0,12.0
160,13.333333333333334,13.333333333333334,0,13.333333333333334,13:20,18.061070486838766,8.73356363948125,9.327506847357515,0,0,0,0,0,0,1,1,0,0,0.0,0.0,9,0.75,0.0,0.0,0.0,0,none,0,-1,-1.0,-1.0,0.0,12,1.0,1.0,1.0,0,160,0.5555555555555556,0.0,0.5208333333333334,1.0,1.0,0.6666666666666666,0.0,22.018224189102327,0.0,12.0
161,13.416666666666666,13.416666666666666,0,13.416666666666666,13:24,18.117858899756435,8.71890908425559,9.398949815500846,1,1,0,1,1,0,2,0,2,0,0.0,0.0,8,0.6666666666666666,33.33190620400851,0.0,0.0,0,none,0,-1,-1.0,-1.0,0.0,12,1.0,1.0,1.0,0,161,0.5590277777777778,0.0,0.5416666666666666,1.0,1.0,0.75,0.0,21.42973733584766,0.0,12.0
162,13.5,13.5,0,13.5,13:30,18.188690926982243,8.707246363114217,9.481444563868026,2,2,0,2,2,0,2,1,1,0,0.0,0.0,8,0.6666666666666666,34.488598010902564,0.0,0.0,0,none,0,-1,-1.0,-1.0,0.0,12,1.0,1.0,1.0,0,162,0.5625,0.0,0.5694444444444444,1.1666666666666667,1.1666666666666667,0.8333333333333334,0.0,24.30378717008954,0.0,12.0
163,13.583333333333334,13.583333333333334,0,13.583333333333334,13:35,18.275641750014426,8.699137957899087,9.57650379211534,0,0,0,0,0,0,2,0,2,0,0.0,0.0,6,0.5,0.0,0.0,0.0,0,none,0,-1,-1.0,-1.0,0.0,12,1.0,1.0,1.0,0,163,0.5659722222222222,0.0,0.5902777777777778,1.0833333333333333,1.0833333333333333,0.8333333333333334,0.0,20.72758634591956,0.0,12.0
164,13.666666666666666,13.666666666666666,0,13.666666666666666,13:39,18.38080184493627,8.695121769942759,9.68568007499351,1,1,0,1,1,0,2,2,0,0,0.0,0.0,5,0.4166666666666667,29.51152870427477,0.0,0.0,0,none,0,-1,-1.0,-1.0,0.0,12,1.0,1.0,1.0,0,164,0.5694444444444444,0.0,0.5972222222222222,1.0,1.0,0.9166666666666666,0.0,20.307179697552037,0.0,12.0
165,13.75,13.75,0,13.75,13:45,18.506241965056223,8.69569081974589,9.810551145310333,1,1,0,1,1,0,0,0,0,0,0.0,0.0,6,0.5,19.636777330687107,0.0,0.0,0,none,0,-1,-1.0,-1.0,0.0,12,1.0,1.0,1.0,0,165,0.5729166666666666,0.0,0.6041666666666666,1.0,1.0,0.9166666666666666,0.0,18.84900905215598,0.0,12.0
166,13.833333333333334,13.833333333333334,0,13.833333333333334,13:50,18.65397717165216,8.701273207980098,9.952703963672061,1,0,1,1,0,1,0,0,0,0,0.0,0.0,7,0.5833333333333334,31.952688432041644,0.0,0.0,0,none,0,-1,-1.0,-1.0,0.0,12,1.0,1.0,1.0,0,166,0.576388888888889,0.0,0.6180555555555555,1.0833333333333333,1.0833333333333333,0.9166666666666666,0.0,21.511733088159456,0.0,12.0
167,13.916666666666666,13.916666666666666,0,13.916666666666666,13:54,18.8259303287559,8.712212862546842,10.113717466209057,0,0,0,0,0,0,1,0,1,0,0.0,0.0,6,0.5,0.0,0.0,0.0,0,none,0,-1,-1.0,-1.0,0.0,12,1.0,1.0,1.0,0,167,0.579861111111111,0.0,0.625,1.0833333333333333,1.0833333333333333,1.0,0.0,21.511733088159456,0.0,12.0
168,14.0,14.0,0,14.0,14:00,19.023895501153813,8.72875163798738,10.295143863166434,1,1,0,1,1,0,1,1,0,0,0.0,0.0,6,0.5,29.463471030903193,0.0,0.0,0,none,0,-1,-1.0,-1.0,0.0,12,1.0,1.0,1.0,0,168,0.5833333333333334,0.0,0.625,1.0833333333333333,1.0833333333333333,1.0833333333333333,0.0,21.178911129118905,0.0,12.0
169,14.083333333333334,14.083333333333334,0,14.083333333333334,14:05,19.24950171498294,8.751013362054193,10.498488352928748,1,1,0,1,1,0,2,2,0,0,0.0,0.0,5,0.4166666666666667,34.676073592130805,0.0,0.0,0,none,0,-1,-1.0,-1.0,0.0,12,1.0,1.0,1.0,0,169,0.5868055555555556,0.0,0.5902777777777778,0.8333333333333334,0.8333333333333334,1.25,0.0,21.294344409622223,0.0,12.0
170,14.166666666666666,14.166666666666666,0,14.166666666666666,14:09,19.50417755685996,8.778990435911853,10.725187120948108,0,0,0,0,0,0,2,2,0,0,0.0,0.0,3,0.25,0.0,0.0,0.0,0,none,0,-1,-1.0,-1.0,0.0,12,1.0,1.0,1.0,0,170,0.5902777777777778,0.0,0.548611111111111,0.75,0.75,1.25,0.0,19.7676434998348,0.0,12.0
171,14.25,14.25,0,14.25,14:15,19.789117099729374,8.812533585538368,10.976583514191006,4,2,2,4,2,2,0,0,0,0,0.0,0.0,7,0.5833333333333334,33.26699819163832,0.0,0.0,0,none,0,-1,-1.0,-1.0,0.0,12,1.0,1.0,1.0,0,171,0.59375,0.0,0.5277777777777778,1.0,1.0,1.25,0.0,20.527336791382243,0.0,12.0
172,14.333333333333334,14.333333333333334,0,14.333333333333334,14:20,20.105247650857034,8.851345329119532,11.253902321737502,1,1,0,1,1,0,0,0,0,0,0.0,0.0,8,0.6666666666666666,17.98151971031576,0.0,0.0,0,none,0,-1,-1.0,-1.0,0.0,12,1.0,1.0,1.0,0,172,0.5972222222222222,0.0,0.5208333333333334,1.0833333333333333,1.0833333333333333,1.1666666666666667,0.0,22.02579676724189,0.0,12.0
173,14.416666666666666,14.416666666666666,0,14.416666666666666,14:24,20.45319981890424,8.894977665895409,11.558222153008831,3,1,2,3,1,2,1,0,1,0,0.0,0.0,10,0.8333333333333334,27.574975539624802,0.0,0.0,0,none,0,-1,-1.0,-1.0,0.0,12,1.0,1.0,1.0,0,173,0.6006944444444444,0.0,0.5347222222222222,1.25,1.25,1.0833333333333333,0.0,21.546052545209914,0.0,12.0
174,14.5,14.5,0,14.5,14:30,20.833280392079033,8.942834404306268,11.890445987772763,1,0,1,1,0,1,1,1,0,0,0.0,0.0,10,0.8333333333333334,43.46964507485485,0.0,0.0,0,none,0,-1,-1.0,-1.0,0.0,12,1.0,1.0,1.0,0,174,0.6041666666666666,0.0,0.548611111111111,1.1666666666666667,1.1666666666666667,1.0,0.0,22.294473133872604,0.0,12.0
175,14.583333333333334,14.583333333333334,0,14.583333333333334,14:35,21.245448507288454,8.994178430904247,12.251270076384207,2,0,2,2,0,2,0,0,0,0,0.0,0.0,12,1.0,36.77441351066737,0.0,0.0,0,none,0,-1,-1.0,-1.0,0.0,12,1.0,1.0,1.0,0,175,0.607638888888889,0.0,0.5902777777777778,1.3333333333333333,1.3333333333333333,0.8333333333333334,0.0,25.359007593094887,0.0,12.0
176,14.666666666666666,14.666666666666666,0,14.666666666666666,14:39,21.68929557038579,9.048144077343085,12.641151493042706,2,0,2,2,0,2,3,2,1,0,0.0,0.0,11,0.9166666666666666,33.784003159371366,0.0,0.0,0,none,0,-1,-1.0,-1.0,0.0,12,1.0,1.0,1.0,0,176,0.611111111111111,0.0,0.6319444444444444,1.4166666666666667,1.4166666666666667,0.9166666666666666,0.0,25.715047131019602,0.0,12.0
177,14.75,14.75,0,14.75,14:45,22.164029359491966,9.103754573509828,13.060274785982138,2,1,1,1,0,1,0,0,0,1,0.0,0.0,12,1.0,32.96562804959858,0.0,0.0,0,none,0,-1,-1.0,-1.0,0.0,12,1.0,1.0,1.0,0,177,0.6145833333333334,0.08333333333333333,0.673611111111111,1.5,1.4166666666666667,0.9166666666666666,0.0,26.825784690928888,0.0,12.0
178,14.833333333333334,14.833333333333334,0,14.833333333333334,14:50,22.668462706575397,9.159944384996713,13.508518321578686,1,0,1,1,1,0,1,0,1,1,0.0,0.0,12,1.0,34.0763065579623,5.0,0.0,0,none,0,-1,-1.0,-1.0,0.0,12,1.0,1.0,1.0,0,178,0.6180555555555556,0.16666666666666666,0.7083333333333334,1.5,1.4166666666666667,1.0,0.0,27.002752868088944,0.4166666666666667,12.0
179,14.916666666666666,14.916666666666666,0,14.916666666666666,14:54,23.201007106769826,9.215586028918848,13.985421077850978,3,2,1,4,2,2,5,3,2,0,0.0,0.0,11,0.9166666666666666,30.56568547137945,1.25,0.0,0,none,0,-1,-1.0,-1.0,0.0,12,1.0,1.0,1.0,0,179,0.6215277777777778,0.16666666666666666,0.7430555555555555,1.75,1.75,1.3333333333333333,0.0,29.54989332403723,0.5208333333333334,12.0
180,15.0,15.0,0,15.0,15:00,23.759671550263715,9.26952075156188,14.490150798701835,3,0,3,1,0,1,0,0,0,2,0.0,0.0,12,1.0,27.359998078729234,0.0,0.0,0,none,0,-1,-1.0,-1.0,0.0,12,1.0,1.0,1.0,0,180,0.625,0.3333333333333333,0.7847222222222222,1.9166666666666667,1.75,1.25,0.0,29.374603911356072,0.5208333333333334,12.0
181,15.083333333333334,15.083333333333334,0,15.083333333333334,15:05,24.342066808205345,9.320592243964095,15.02147456424125,2,1,1,1,0,1,1,0,1,3,1.6666666666666667,5.0,12,1.0,29.45448370193161,5.0,0.0,0,none,0,-1,-1.0,-1.0,0.0,12,1.0,1.0,1.0,0,181,0.6284722222222222,0.5833333333333334,0.8333333333333334,2.0,1.75,1.1666666666666667,0.1388888888888889,28.939471420506138,0.9375,12.0
182,15.166666666666666,15.166666666666666,0,15.166666666666666,15:09,24.94541533238444,9.367682377874381,15.577732954510058,0,0,0,1,0,1,1,0,1,2,5.0,5.0,12,1.0,15.0,10.0,0.0,0,none,0,-1,-1.0,-1.0,0.0,12,1.0,1.0,1.0,0,182,0.6319444444444444,0.75,0.8958333333333334,2.0,1.8333333333333333,1.0833333333333333,0.5555555555555556,30.189471420506134,1.7708333333333333,12.0
183,15.25,15.25,0,15.25,15:15,25.566566849190355,9.409747775764568,16.156819073425787,1,0,1,1,0,1,1,0,1,2,5.0,10.0,12,1.0,29.719044018011992,10.0,0.0,0,none,0,-1,-1.0,-1.0,0.0,12,1.0,1.0,1.0,0,183,0.6354166666666666,0.9166666666666666,0.9305555555555555,1.75,1.5833333333333333,1.1666666666666667,0.9722222222222223,29.893808572703943,2.6041666666666665,12.0
184,15.333333333333334,15.333333333333334,0,15.333333333333334,15:20,26.20201964250461,9.445855895902431,16.756163746602176,4,1,3,3,1,2,3,0,3,3,0.0,0.0,12,1.0,28.400780045099566,6.666666666666667,1.6666666666666667,0,none,0,-1,-1.0,-1.0,0.0,12,1.0,1.0,1.0,0,184,0.638888888888889,1.1666666666666667,0.9583333333333334,2.0,1.75,1.4166666666666667,0.9722222222222223,30.76208026726926,3.159722222222222,12.0
185,15.416666666666666,15.416666666666666,0,15.416666666666666,15:24,26.84794742903174,9.475219227424235,17.372728201607508,1,0,1,4,1,3,5,2,3,0,0.0,0.0,11,0.9166666666666666,34.05592509325664,3.75,3.0,0,none,0,-1,-1.0,-1.0,0.0,12,1.0,1.0,1.0,0,185,0.642361111111111,1.1666666666666667,0.9652777777777778,1.8333333333333333,1.8333333333333333,1.75,0.9722222222222223,31.302159396738578,3.472222222222222,12.0
186,15.5,15.5,0,15.5,15:30,27.500231634640805,9.497226159997263,18.003005474643544,0,0,0,0,0,0,1,0,1,0,0.0,0.0,10,0.8333333333333334,0.0,0.0,0.0,0,none,0,-1,-1.0,-1.0,0.0,12,1.0,1.0,1.0,0,186,0.6458333333333334,1.1666666666666667,0.9652777777777777,1.75,1.75,1.75,0.9722222222222223,27.679688973834008,3.472222222222222,12.0
187,15.583333333333334,15.583333333333334,0,15.583333333333334,15:35,28.15449878335403,9.51146712503016,18.64303165832387,1,0,1,1,0,1,1,0,1,0,0.0,0.0,10,0.8333333333333334,28.46759563899157,0.0,5.0,0,none,0,-1,-1.0,-1.0,0.0,12,1.0,1.0,1.0,0,187,0.6493055555555556,1.1666666666666667,0.9513888888888888,1.6666666666666667,1.6666666666666667,1.8333333333333333,0.9722222222222223,26.987454151194356,3.472222222222222,12.0
188,15.666666666666666,15.666666666666666,0,15.666666666666666,15:39,28.806162613663684,9.517754704692791,19.288407908970893,2,0,2,2,0,2,0,0,0,0,0.0,0.0,12,1.0,30.155930253525778,0.0,0.0,0,none,0,-1,-1.0,-1.0,0.0,12,1.0,1.0,1.0,0,188,0.6527777777777778,1.1666666666666667,0.9583333333333334,1.6666666666666667,1.6666666666666667,1.5833333333333333,0.9722222222222223,26.685114742373894,3.472222222222222,12.0
189,15.75,15.75,0,15.75,15:45,29.450470442021608,9.516136572142347,19.93433386987926,5,1,4,2,0,2,2,1,1,3,0.0,0.0,12,1.0,30.20062017769544,0.0,5.0,0,none,0,-1,-1.0,-1.0,0.0,12,1.0,1.0,1.0,0,189,0.65625,1.3333333333333333,0.9583333333333334,1.9166666666666667,1.75,1.75,0.9722222222222223,26.454697419715302,3.472222222222222,12.0
190,15.833333333333334,15.833333333333334,0,15.833333333333334,15:50,30.082553202885276,9.506900358507846,20.57565284437743,1,0,1,3,1,2,3,0,3,1,0.0,0.0,12,1.0,36.65613755150385,5.0,1.6666666666666667,0,none,0,-1,-1.0,-1.0,0.0,12,1.0,1.0,1.0,0,190,0.6597222222222222,1.3333333333333333,0.9583333333333334,1.9166666666666667,1.9166666666666667,1.9166666666666667,0.9722222222222223,26.66968333584376,3.472222222222222,12.0
191,15.916666666666666,15.916666666666666,0,15.916666666666666,15:54,30.697478510914777,9.490569832664994,21.206908678249782,4,1,3,2,0,2,2,1,1,3,0.0,0.0,12,1.0,34.91353992615639,2.5,10.0,0,none,0,-1,-1.0,-1.0,0.0,12,1.0,1.0,1.0,0,191,0.6631944444444444,1.5833333333333333,0.9652777777777778,2.0,1.75,1.6666666666666667,0.9722222222222223,27.032004540408504,3.576388888888889,12.0
192,16.0,16.0,0,16.0,16:00,31.290306016074027,9.467892118126867,21.822413897947158,1,0,1,0,0,0,0,0,0,4,3.75,5.0,12,1.0,0.0,0.0,0.0,0,none,0,-1,-1.0,-1.0,0.0,12,1.0,1.0,1.0,0,192,0.6666666666666666,1.75,0.9652777777777777,1.8333333333333333,1.6666666666666667,1.6666666666666667,1.2847222222222223,24.7520047005144,3.576388888888889,12.0
193,16.083333333333332,16.083333333333332,0,16.083333333333332,16:04,31.85614425867987,9.439816043480489,22.416328215199382,1,0,1,2,1,1,2,0,2,3,5.0,10.0,12,1.0,30.211028004159758,10.0,0.0,0,none,0,-1,-1.0,-1.0,0.0,12,1.0,1.0,1.0,0,193,0.6701388888888888,1.75,0.9652777777777777,1.75,1.75,1.75,1.5625,24.81505005903342,3.993055555555556,12.0
194,16.166666666666668,16.166666666666668,0,16.166666666666668,16:10,32.3902081808799,9.40746211180715,22.98274606907275,1,1,0,2,0,2,2,1,1,2,2.5,5.0,12,1.0,33.59211256440947,12.5,5.0,0,none,0,-1,-1.0,-1.0,0.0,12,1.0,1.0,1.0,0,194,0.6736111111111112,1.75,0.9652777777777777,1.8333333333333333,1.8333333333333333,1.8333333333333333,1.3541666666666667,26.364392772734206,4.201388888888889,12.0
195,16.25,16.25,0,16.25,16:15,32.88787641539791,9.372084961443933,23.515791453953977,3,0,3,0,0,0,0,0,0,5,3.0,10.0,12,1.0,0.0,0.0,0.0,0,none,0,-1,-1.0,-1.0,0.0,12,1.0,1.0,1.0,0,195,0.6770833333333334,2.0,0.9652777777777777,2.0,1.75,1.75,1.1875,23.887805771233204,3.368055555555556,12.0
196,16.333333333333332,16.333333333333332,0,16.333333333333332,16:19,33.344747453138154,9.335029555223219,24.009717897914935,3,0,3,4,1,3,4,0,4,4,1.25,5.0,12,1.0,26.633890767774375,8.75,1.25,0,none,0,-1,-1.0,-1.0,0.0,12,1.0,1.0,1.0,0,196,0.6805555555555555,2.0833333333333335,0.9652777777777777,1.9166666666666667,1.8333333333333333,1.8333333333333333,1.2916666666666667,23.740564998122775,3.5416666666666665,12.0
197,16.416666666666668,16.416666666666668,0,16.416666666666668,16:25,33.756693789482114,9.29768265801165,24.45901113147046,6,2,4,1,0,1,1,1,0,9,1.6666666666666667,5.0,12,1.0,22.664409669994654,10.0,5.0,0,none,0,-1,-1.0,-1.0,0.0,12,1.0,1.0,1.0,0,197,0.6840277777777778,2.8333333333333335,0.9722222222222222,2.3333333333333335,1.5833333333333333,1.5,1.4305555555555556,22.791272046184275,4.0625,12.0
198,16.5,16.5,0,16.5,16:30,34.11991316553358,9.26142142433202,24.85849174120156,1,0,1,1,0,1,1,0,1,9,5.555555555555555,10.0,12,1.0,22.361179043303466,10.0,5.0,0,none,0,-1,-1.0,-1.0,0.0,12,1.0,1.0,1.0,0,198,0.6875,3.5833333333333335,0.986111111111111,2.4166666666666665,1.6666666666666667,1.5,1.8935185185185184,24.65470363312623,4.895833333333333,12.0
199,16.583333333333332,16.583333333333332,0,16.583333333333332,16:34,34.43097605539087,9.227561102995123,25.20341495239575,0,0,0,1,0,1,1,0,1,8,10.0,15.0,12,1.0,46.88050279449922,15.0,0.0,0,none,0,-1,-1.0,-1.0,0.0,12,1.0,1.0,1.0,0,199,0.6909722222222222,4.25,1.0,2.3333333333333335,1.6666666666666667,1.5,2.7268518518518516,26.18911256275187,6.145833333333333,12.0
200,16.666666666666668,16.666666666666668,0,16.666666666666668,16:40,34.686868603495384,9.197303961535981,25.489564641959404,1,0,1,4,0,4,4,1,3,5,11.0,15.0,12,1.0,22.77859910954094,16.25,10.0,0,none,0,-1,-1.0,-1.0,0.0,12,1.0,1.0,1.0,0,200,0.6944444444444445,4.666666666666667,1.0,2.25,1.8333333333333333,1.8333333333333333,3.6435185185185186,25.574334967419798,7.5,12.0
201,16.75,16.75,0,16.75,16:45,34.88503028647547,9.171691531932606,25.713338754542864,2,0,2,2,1,1,2,1,1,5,8.0,20.0,12,1.0,29.444348265213563,20.0,12.5,0,none,0,-1,-1.0,-1.0,0.0,12,1.0,1.0,1.0,0,201,0.6979166666666666,4.833333333333333,1.0,2.0,1.8333333333333333,1.8333333333333333,4.310185185185185,25.511312308046303,9.166666666666666,12.0
202,16.833333333333332,16.833333333333332,0,16.833333333333332,16:49,35.02338566044036,9.151562177882349,25.87182348255801,3,1,2,3,1,2,3,0,3,5,2.0,5.0,12,1.0,41.37737298510839,18.333333333333332,8.333333333333334,0,none,0,-1,-1.0,-1.0,0.0,12,1.0,1.0,1.0,0,202,0.7013888888888888,5.166666666666667,1.0,2.1666666666666665,1.8333333333333333,1.8333333333333333,4.476851851851852,25.90474859418002,10.277777777777779,12.0
203,16.916666666666668,16.916666666666668,0,16.916666666666668,16:55,35.10036965568599,9.137515785653212,25.962853870032774,2,0,2,1,0,1,1,0,1,6,4.166666666666667,10.0,12,1.0,15.0,10.0,10.0,0,none,0,-1,-1.0,-1.0,0.0,12,1.0,1.0,1.0,0,203,0.7048611111111112,5.416666666666667,1.0,2.0,1.75,1.75,4.824074074074074,24.24528693366699,10.902777777777779,12.0
204,17.0,17.0,0,17.0,17:00,35.11494599413609,9.129887093561539,25.985058900574554,2,0,2,2,1,1,2,0,2,6,5.0,10.0,12,1.0,23.503517858007562,12.5,10.0,0,none,0,-1,-1.0,-1.0,0.0,12,1.0,1.0,1.0,0,204,0.7083333333333334,5.583333333333333,1.0,2.0833333333333335,1.9166666666666667,1.9166666666666667,4.928240740740741,26.203913421834283,11.944444444444445,12.0
205,17.083333333333332,17.083333333333332,0,17.083333333333332,17:04,35.06661842807187,9.128728812929904,25.937889615141966,1,0,1,3,0,3,3,0,3,4,5.0,10.0,12,1.0,20.89670731445474,13.333333333333334,16.666666666666668,0,none,0,-1,-1.0,-1.0,0.0,12,1.0,1.0,1.0,0,205,0.7118055555555555,5.666666666666667,1.0,2.0833333333333335,2.0,2.0,4.928240740740741,25.427720031025533,12.222222222222221,12.0
206,17.166666666666668,17.166666666666668,0,17.166666666666668,17:10,34.95543462901267,9.133805273824589,25.821629355188083,0,0,0,1,0,1,1,0,1,3,8.333333333333334,10.0,12,1.0,31.02201248897972,15.0,10.0,0,none,0,-1,-1.0,-1.0,0.0,12,1.0,1.0,1.0,0,206,0.7152777777777778,5.75,1.0,2.0,1.9166666666666667,1.9166666666666667,5.414351851851852,25.21354502473972,12.430555555555555,12.0
207,17.25,17.25,0,17.25,17:15,34.78198268999153,9.144596873207066,25.637385816784462,3,1,2,1,0,1,1,1,0,5,5.0,15.0,12,1.0,30.138144701013886,15.0,20.0,0,none,0,-1,-1.0,-1.0,0.0,12,1.0,1.0,1.0,0,207,0.71875,5.75,1.0,2.0,2.0,2.0,5.581018518518519,27.72505708315754,13.680555555555555,12.0
208,17.333333333333332,17.333333333333332,0,17.333333333333332,17:19,34.54738033977345,9.16031513471171,25.387065205061734,2,0,2,2,0,2,2,1,1,5,3.0,5.0,12,1.0,17.99393171785932,17.5,15.0,0,none,0,-1,-1.0,-1.0,0.0,12,1.0,1.0,1.0,0,208,0.7222222222222222,5.833333333333333,1.0,1.9166666666666667,1.8333333333333333,1.8333333333333333,5.726851851851852,27.00506049566462,14.409722222222223,12.0
209,17.416666666666668,17.416666666666668,0,17.416666666666668,17:25,34.25325710060369,9.179927732138497,25.073329368465192,1,1,0,3,1,2,3,1,2,3,3.3333333333333335,5.0,12,1.0,24.585388178112126,10.0,18.333333333333332,0,none,0,-1,-1.0,-1.0,0.0,12,1.0,1.0,1.0,0,209,0.7256944444444445,5.333333333333333,1.0,1.5,2.0,2.0,5.8657407407407405,27.165142038007744,14.409722222222223,12.0
210,17.5,17.5,0,17.5,17:30,33.90172974870734,9.202192406228747,24.699537342478592,2,0,2,3,1,2,3,0,3,2,0.0,0.0,12,1.0,23.528323294927034,8.333333333333334,13.333333333333334,0,none,0,-1,-1.0,-1.0,0.0,12,1.0,1.0,1.0,0,210,0.7291666666666666,4.75,1.0,1.5833333333333333,2.1666666666666665,2.1666666666666665,5.402777777777778,27.262404058976376,14.270833333333334,12.0
211,17.583333333333332,17.583333333333332,0,17.583333333333332,17:34,33.49537155599347,9.22569833752863,24.269673218464842,1,0,1,2,0,2,2,0,2,1,0.0,0.0,12,1.0,21.848019333809532,5.0,17.5,0,none,0,-1,-1.0,-1.0,0.0,12,1.0,1.0,1.0,0,211,0.7326388888888888,4.166666666666667,1.0,1.6666666666666667,2.25,2.25,4.569444444444445,25.176363770585567,13.4375,12.0
212,17.666666666666668,17.666666666666668,0,17.666666666666668,17:40,33.03717589948519,9.24891324489791,23.78826265458728,0,0,0,1,0,1,1,0,1,0,0.0,0.0,12,1.0,22.305765859473368,5.0,10.0,0,none,0,-1,-1.0,-1.0,0.0,12,1.0,1.0,1.0,0,212,0.7361111111111112,3.75,1.0,1.5833333333333333,2.0,2.0,3.652777777777778,25.136960999746602,12.5,12.0
213,17.75,17.75,0,17.75,17:45,32.53051491944552,9.27023427284599,23.260280646599533,3,1,2,2,0,2,2,0,2,1,0.0,0.0,12,1.0,29.491885882310594,0.0,17.5,0,none,0,-1,-1.0,-1.0,0.0,12,1.0,1.0,1.0,0,213,0.7395833333333334,3.4166666666666665,1.0,1.6666666666666667,2.0,2.0,2.986111111111111,25.140922467838024,10.833333333333334,12.0
214,17.833333333333332,17.833333333333332,0,17.833333333333332,17:49,31.979093985931627,9.288040619622178,22.69105336630945,1,0,1,2,1,1,4,1,3,0,0.0,0.0,10,0.8333333333333334,24.9093310803051,2.5,11.25,0,none,0,-1,-1.0,-1.0,0.0,12,1.0,1.0,1.0,0,214,0.7430555555555555,3.0,0.9861111111111112,1.5,1.9166666666666667,2.0833333333333335,2.8194444444444446,23.768585642437746,9.513888888888888,12.0
215,17.916666666666668,17.916666666666668,0,17.916666666666668,17:55,31.386902794955184,9.300745844635308,22.086156950319875,2,0,2,2,0,2,2,0,2,0,0.0,0.0,10,0.8333333333333334,39.137653758008454,0.0,7.5,0,none,0,-1,-1.0,-1.0,0.0,12,1.0,1.0,1.0,0,215,0.7465277777777778,2.5,0.9722222222222222,1.5,2.0,2.1666666666666665,2.4722222222222223,25.780056788938452,8.680555555555555,12.0
216,18.0,18.0,0,18.0,18:00,30.758163958405603,9.306847875653567,21.451316082752037,1,0,1,1,0,1,2,1,1,0,0.0,0.0,9,0.75,43.141651456994865,0.0,7.5,0,none,0,-1,-1.0,-1.0,0.0,12,1.0,1.0,1.0,0,216,0.75,2.0,0.9513888888888888,1.4166666666666667,1.9166666666666667,2.1666666666666665,2.055555555555556,27.416567922187397,7.638888888888888,12.0
217,18.083333333333332,18.083333333333332,0,18.083333333333332,18:04,30.09727997576591,9.304974905556126,20.792305070209785,1,0,1,1,0,1,2,0,2,0,0.0,0.0,8,0.6666666666666666,48.51857497659516,0.0,5.0,0,none,0,-1,-1.0,-1.0,0.0,12,1.0,1.0,1.0,0,217,0.7534722222222222,1.6666666666666667,0.9236111111111112,1.4166666666666667,1.75,2.0833333333333335,1.638888888888889,29.718390227365763,6.527777777777778,12.0
218,18.166666666666668,18.166666666666668,0,18.166666666666668,18:10,29.40877948029533,9.293925612955572,20.114853867339757,0,0,0,0,0,0,1,0,1,0,0.0,0.0,7,0.5833333333333334,0.0,0.0,0.0,0,none,0,-1,-1.0,-1.0,0.0,12,1.0,1.0,1.0,0,218,0.7569444444444445,1.4166666666666667,0.8888888888888888,1.4166666666666667,1.6666666666666667,2.0833333333333335,0.9444444444444445,27.133222519950788,5.277777777777778,12.0
219,18.25,18.25,0,18.25,18:15,28.697263638153192,9.272702445050424,19.424561193102768,1,0,1,1,0,1,1,0,1,0,0.0,0.0,7,0.5833333333333334,29.449585174452434,0.0,0.0,0,none,0,-1,-1.0,-1.0,0.0,12,1.0,1.0,1.0,0,219,0.7604166666666666,1.0,0.8541666666666666,1.25,1.6666666666666667,2.0833333333333335,0.5277777777777778,27.075842559404,4.027777777777778,12.0
220,18.333333333333332,18.333333333333332,0,18.333333333333332,18:19,27.967353546769075,9.240537046453097,18.72681650031598,4,0,4,4,0,4,1,0,1,0,0.0,0.0,10,0.8333333333333334,30.069767567144307,0.0,0.0,0,none,0,-1,-1.0,-1.0,0.0,12,1.0,1.0,1.0,0,220,0.7638888888888888,0.5833333333333334,0.8402777777777778,1.4166666666666667,1.8333333333333333,2.0,0.2777777777777778,28.082162213511083,2.5694444444444446,12.0
221,18.416666666666668,18.416666666666668,0,18.416666666666668,18:25,27.223639429946466,9.196907285107597,18.026732144838867,0,0,0,0,0,0,2,1,1,0,0.0,0.0,8,0.6666666666666666,0.0,0.0,2.5,0,none,0,-1,-1.0,-1.0,0.0,12,1.0,1.0,1.0,0,221,0.7673611111111112,0.3333333333333333,0.8125,1.3333333333333333,1.5833333333333333,1.9166666666666667,0.0,26.033379865335068,1.7361111111111114,12.0
222,18.5,18.5,0,18.5,18:30,26.47063236343379,9.14154569638572,17.32908666704807,3,0,3,3,0,3,0,0,0,0,0.0,0.0,11,0.9166666666666666,31.89404148158154,0.0,0.0,0,none,0,-1,-1.0,-1.0,0.0,12,1.0,1.0,1.0,0,222,0.7708333333333334,0.16666666666666666,0.8055555555555555,1.4166666666666667,1.5833333333333333,1.6666666666666667,0.0,26.73052304755628,1.0416666666666667,12.0
223,18.583333333333332,18.583333333333332,0,18.583333333333332,18:34,25.712719188060802,9.074439520771785,16.63827966728902,1,1,0,1,1,0,0,0,0,0,0.0,0.0,12,1.0,22.340925968402917,0.0,0.0,0,none,0,-1,-1.0,-1.0,0.0,12,1.0,1.0,1.0,0,223,0.7743055555555555,0.08333333333333333,0.8055555555555555,1.4166666666666667,1.5,1.5,0.0,26.771598600439063,0.625,12.0
224,18.666666666666668,18.666666666666668,0,18.666666666666668,18:40,24.95412118033061,8.995822833054307,15.958298347276303,3,2,1,0,0,0,0,0,0,3,0.0,0.0,12,1.0,0.0,0.0,0.0,0,none,0,-1,-1.0,-1.0,0.0,12,1.0,1.0,1.0,0,224,0.7777777777777778,0.3333333333333333,0.8055555555555555,1.6666666666666667,1.4166666666666667,1.4166666666666667,0.0,24.912784778816285,0.20833333333333334,12.0
225,18.75,18.75,0,18.75,18:45,24.198856955072106,8.90616153835985,15.292695416712256,2,0,2,5,2,3,5,0,5,0,0.0,0.0,12,1.0,24.70704539543898,3.0,0.0,0,none,0,-1,-1.0,-1.0,0.0,12,1.0,1.0,1.0,0,225,0.78125,0.25,0.8055555555555555,1.5833333333333333,1.6666666666666667,1.6666666666666667,0.0,24.51404807157698,0.4583333333333333,12.0
226,18.833333333333332,18.833333333333332,0,18.833333333333332,18:49,23.450709973998734,8.806132232833587,14.644577741165149,2,1,1,1,0,1,1,0,1,1,0.0,0.0,12,1.0,26.40248763314797,0.0,0.0,0,none,0,-1,-1.0,-1.0,0.0,12,1.0,1.0,1.0,0,226,0.7847222222222222,0.3333333333333333,0.8194444444444443,1.6666666666666667,1.5833333333333333,1.4166666666666667,0.0,24.63847778431389,0.25,12.0
227,18.916666666666668,18.916666666666668,0,18.916666666666668,18:55,22.71320093041409,8.696596088142153,14.016604842271937,0,0,0,1,1,0,1,0,1,0,0.0,0.0,12,1.0,42.32583972018489,5.0,0.0,0,none,0,-1,-1.0,-1.0,0.0,12,1.0,1.0,1.0,0,227,0.7881944444444445,0.3333333333333333,0.8333333333333331,1.5,1.5,1.3333333333333333,0.0,24.90415994782859,0.6666666666666666,12.0
228,19.0,19.0,0,19.0,19:00,21.989565176425764,8.57856901683194,13.410996159593822,1,0,1,1,0,1,2,1,1,0,0.0,0.0,11,0.9166666666666666,26.016837673679426,0.0,0.0,0,none,0,-1,-1.0,-1.0,0.0,12,1.0,1.0,1.0,0,228,0.7916666666666666,0.3333333333333333,0.8472222222222222,1.5,1.5,1.3333333333333333,0.0,23.4770921325523,0.6666666666666666,12.0
229,19.083333333333332,19.083333333333332,0,19.083333333333332,19:04,21.282735257331538,8.45318941103727,12.829545846294268,1,0,1,1,0,1,5,2,3,0,0.0,0.0,7,0.5833333333333334,34.7225691730866,0.0,2.0,0,none,0,-1,-1.0,-1.0,0.0,12,1.0,1.0,1.0,0,229,0.7951388888888888,0.3333333333333333,0.8402777777777777,1.5,1.5,1.5833333333333333,0.0,22.327424982259924,0.6666666666666666,12.0
230,19.166666666666668,19.166666666666668,0,19.166666666666668,19:10,20.59532852059018,8.321684724343898,12.273643796246281,2,1,1,2,1,1,1,0,1,0,0.0,0.0,8,0.6666666666666666,22.621425888175942,0.0,5.0,0,none,0,-1,-1.0,-1.0,0.0,12,1.0,1.0,1.0,0,230,0.7986111111111112,0.3333333333333333,0.8472222222222222,1.6666666666666667,1.6666666666666667,1.5833333333333333,0.0,24.21254380627458,0.6666666666666666,12.0
231,19.25,19.25,0,19.25,19:15,19.9296396760039,8.185338092596583,11.744301583407319,1,1,0,1,1,0,1,0,1,0,0.0,0.0,8,0.6666666666666666,36.5510179442836,0.0,0.0,0,none,0,-1,-1.0,-1.0,0.0,12,1.0,1.0,1.0,0,231,0.8020833333333334,0.3333333333333333,0.8541666666666666,1.6666666666666667,1.6666666666666667,1.5833333333333333,0.0,24.804329870427182,0.6666666666666666,12.0
232,19.333333333333332,19.333333333333332,0,19.333333333333332,19:19,19.28763810115783,8.045456072839656,11.242182028318176,1,0,1,1,0,1,2,0,2,0,0.0,0.0,7,0.5833333333333334,42.658153856597345,0.0,0.0,0,none,0,-1,-1.0,-1.0,0.0,12,1.0,1.0,1.0,0,232,0.8055555555555555,0.3333333333333333,0.8333333333333334,1.4166666666666667,1.4166666666666667,1.6666666666666667,0.0,25.853362061214934,0.6666666666666666,12.0
233,19.416666666666668,19.416666666666668,0,19.416666666666668,19:25,18.670969613200644,7.9033384303656025,10.767631182835041,0,0,0,0,0,0,0,0,0,0,0.0,0.0,7,0.5833333333333334,0.0,0.0,0.0,0,none,0,-1,-1.0,-1.0,0.0,12,1.0,1.0,1.0,0,233,0.8090277777777778,0.3333333333333333,0.8263888888888888,1.4166666666666667,1.4166666666666667,1.5,0.0,25.853362061214934,0.6666666666666666,12.0
234,19.5,19.5,0,19.5,19:30,18.080962365783023,7.760250732515361,10.320711633267662,0,0,0,0,0,0,2,1,1,0,0.0,0.0,5,0.4166666666666667,0.0,0.0,0.0,0,none,0,-1,-1.0,-1.0,0.0,12,1.0,1.0,1.0,0,234,0.8125,0.3333333333333333,0.7847222222222222,1.1666666666666667,1.1666666666666667,1.6666666666666667,0.0,23.195525271083138,0.6666666666666666,12.0
235,19.583333333333332,19.583333333333332,0,19.583333333333332,19:34,17.518636479126254,7.617400324809062,9.901236154317193,0,0,0,0,0,0,0,0,0,0,0.0,0.0,5,0.4166666666666667,0.0,0.0,0.0,0,none,0,-1,-1.0,-1.0,0.0,12,1.0,1.0,1.0,0,235,0.8159722222222222,0.3333333333333333,0.736111111111111,1.0833333333333333,1.0833333333333333,1.6666666666666667,0.0,21.333781440382893,0.6666666666666666,12.0
236,19.666666666666668,19.666666666666668,0,19.666666666666668,19:40,16.984716972152874,7.4759160798967965,9.508800892256076,2,1,1,2,1,1,3,1,2,0,0.0,0.0,4,0.3333333333333333,17.26721623048468,0.0,1.6666666666666667,0,none,0,-1,-1.0,-1.0,0.0,12,1.0,1.0,1.0,0,236,0.8194444444444445,0.08333333333333333,0.6805555555555555,1.0,1.25,1.9166666666666667,0.0,22.772716126256615,0.6666666666666666,12.0
237,19.75,19.75,0,19.75,19:45,16.479649538420226,7.336832131294739,9.142817407125486,2,1,1,2,1,1,0,0,0,0,0.0,0.0,6,0.5,45.446389857418104,0.0,0.0,0,none,0,-1,-1.0,-1.0,0.0,12,1.0,1.0,1.0,0,237,0.8229166666666666,0.08333333333333333,0.6388888888888888,1.0,1.0,1.5,0.0,24.500994831421547,0.4166666666666667,12.0
238,19.833333333333332,19.833333333333332,0,19.833333333333332,19:49,16.003618691996355,7.201075639059797,8.802543052936556,2,2,0,2,2,0,0,0,0,0,0.0,0.0,8,0.6666666666666666,29.02203772080812,0.0,0.0,0,none,0,-1,-1.0,-1.0,0.0,12,1.0,1.0,1.0,0,238,0.8263888888888888,0.0,0.611111111111111,1.0,1.0833333333333333,1.4166666666666667,0.0,24.719290672059888,0.4166666666666667,12.0
239,19.916666666666668,19.916666666666668,0,19.916666666666668,19:55,15.556567804863045,7.069458488968005,8.48710931589504,3,2,1,3,2,1,2,1,1,0,0.0,0.0,9,0.75,29.964558801785085,0.0,0.0,0,none,0,-1,-1.0,-1.0,0.0,12,1.0,1.0,1.0,0,239,0.8298611111111112,0.0,0.5902777777777778,1.25,1.25,1.5,0.0,23.689183928859908,0.0,12.0
240,20.0,20.0,0,20.0,20:00,15.138220563138113,6.942672704205335,8.195547858932777,0,0,0,0,0,0,1,1,0,0,0.0,0.0,8,0.6666666666666666,0.0,0.0,0.0,0,none,0,-1,-1.0,-1.0,0.0,12,1.0,1.0,1.0,0,240,0.8333333333333334,0.0,0.5694444444444443,1.1666666666666667,1.1666666666666667,1.4166666666666667,0.0,21.521114122719954,0.0,12.0
241,20.083333333333332,20.083333333333332,0,20.083333333333332,20:04,14.748103384393719,6.821289251199,7.926814133194719,0,0,0,0,0,0,1,0,1,0,0.0,0.0,7,0.5833333333333334,0.0,0.0,0.0,0,none,0,-1,-1.0,-1.0,0.0,12,1.0,1.0,1.0,0,241,0.8368055555555555,0.0,0.5694444444444444,1.0833333333333333,1.0833333333333333,1.0833333333333333,0.0,18.627566691629408,0.0,12.0
242,20.166666666666668,20.166666666666668,0,20.166666666666668,20:10,14.385568361469629,6.705759849625692,7.6798085118439365,0,0,0,0,0,0,0,0,0,0,0.0,0.0,7,0.5833333333333334,0.0,0.0,0.0,0,none,0,-1,-1.0,-1.0,0.0,12,1.0,1.0,1.0,0,242,0.8402777777777778,0.0,0.5624999999999999,0.9166666666666666,0.9166666666666666,1.0,0.0,16.742447867614747,0.0,12.0
243,20.25,20.25,0,20.25,20:15,14.04981632818525,6.596421350111682,7.453394978073567,1,1,0,1,1,0,0,0,0,0,0.0,0.0,8,0.6666666666666666,34.31370746928762,0.0,0.0,0,none,0,-1,-1.0,-1.0,0.0,12,1.0,1.0,1.0,0,243,0.84375,0.0,0.5624999999999999,0.9166666666666666,0.9166666666666666,0.9166666666666666,0.0,16.556005328031745,0.0,12.0
244,20.333333333333332,20.333333333333332,0,20.333333333333332,20:19,13.739919677927578,6.493502219886455,7.2464174580411225,1,1,0,1,1,0,1,1,0,0,0.0,0.0,8,0.6666666666666666,18.451390819155144,0.0,0.0,0,none,0,-1,-1.0,-1.0,0.0,12,1.0,1.0,1.0,0,244,0.8472222222222222,0.0,0.5694444444444443,0.9166666666666666,0.9166666666666666,0.8333333333333334,0.0,14.538775074911564,0.0,12.0
245,20.416666666666668,20.416666666666668,0,20.416666666666668,20:25,13.45484460589288,6.397130674047498,7.057713931845384,1,1,0,1,1,0,2,2,0,0,0.0,0.0,7,0.5833333333333334,24.45559819823824,0.0,0.0,0,none,0,-1,-1.0,-1.0,0.0,12,1.0,1.0,1.0,0,245,0.8506944444444445,0.0,0.5694444444444444,1.0,1.0,1.0,0.0,16.576741591431418,0.0,12.0
246,20.5,20.5,0,20.5,20:30,13.193472488465396,6.3073440049750635,6.8861284834903325,0,0,0,0,0,0,3,2,1,0,0.0,0.0,4,0.3333333333333333,0.0,0.0,0.0,0,none,0,-1,-1.0,-1.0,0.0,12,1.0,1.0,1.0,0,246,0.8541666666666666,0.0,0.5624999999999999,1.0,1.0,1.0833333333333333,0.0,16.576741591431414,0.0,12.0
247,20.583333333333332,20.583333333333332,0,20.583333333333332,20:34,12.954620157558598,6.224098691349158,6.7305214662094395,1,1,0,1,1,0,1,0,1,0,0.0,0.0,4,0.3333333333333333,49.79017995957136,0.0,0.0,0,none,0,-1,-1.0,-1.0,0.0,12,1.0,1.0,1.0,0,247,0.8576388888888888,0.0,0.5555555555555555,1.0833333333333333,1.0833333333333333,1.1666666666666667,0.0,20.72592325472903,0.0,12.0
248,20.666666666666668,20.666666666666668,0,20.666666666666668,20:40,12.737058872538054,6.14728090765147,6.589777964886584,0,0,0,0,0,0,1,1,0,0,0.0,0.0,3,0.25,0.0,0.0,0.0,0,none,0,-1,-1.0,-1.0,0.0,12,1.0,1.0,1.0,0,248,0.8611111111111112,0.0,0.548611111111111,0.9166666666666666,0.9166666666666666,1.0,0.0,19.286988568855307,0.0,12.0
249,20.75,20.75,0,20.75,20:45,12.539531836511904,6.076717101595184,6.462814734916719,1,0,1,1,0,1,0,0,0,0,0.0,0.0,4,0.3333333333333333,19.322676230025195,0.0,0.0,0,none,0,-1,-1.0,-1.0,0.0,12,1.0,1.0,1.0,0,249,0.8645833333333334,0.0,0.5347222222222222,0.8333333333333334,0.8333333333333334,1.0,0.0,17.11001243323923,0.0,12.0
250,20.833333333333332,20.833333333333332,0,20.833333333333332,20:49,12.360770146367823,6.012184357506111,6.348585788861711,1,0,1,1,0,1,2,2,0,0,0.0,0.0,3,0.25,37.11662097782635,0.0,0.0,0,none,0,-1,-1.0,-1.0,0.0,12,1.0,1.0,1.0,0,250,0.8680555555555555,0.0,0.5,0.75,0.75,1.1666666666666667,0.0,17.78456103799075,0.0,12.0
251,20.916666666666668,20.916666666666668,0,20.916666666666668,20:55,12.199507106145443,5.953420315551106,6.2460867905943385,1,1,0,1,1,0,0,0,0,0,0.0,0.0,4,0.3333333333333333,22.568958432789994,0.0,0.0,0,none,0,-1,-1.0,-1.0,0.0,12,1.0,1.0,1.0,0,251,0.8715277777777778,0.0,0.46527777777777773,0.5833333333333334,0.5833333333333334,1.0,0.0,17.16826100724116,0.0,12.0
252,21.0,21.0,0,21.0,21:00,12.054490870500668,5.90013246759247,6.1543584029081995,0,0,0,0,0,0,0,0,0,0,0.0,0.0,4,0.3333333333333333,0.0,0.0,0.0,0,none,0,-1,-1.0,-1.0,0.0,12,1.0,1.0,1.0,0,252,0.875,0.0,0.43749999999999994,0.5833333333333334,0.5833333333333334,0.9166666666666666,0.0,17.16826100724116,0.0,12.0
253,21.083333333333332,21.083333333333332,0,21.083333333333332,21:04,11.924495418634839,5.852006698531692,6.072488720103147,1,1,0,1,1,0,1,0,1,0,0.0,0.0,4,0.3333333333333333,29.497545160898206,0.0,0.0,0,none,0,-1,-1.0,-1.0,0.0,12,1.0,1.0,1.0,0,253,0.8784722222222222,0.0,0.4166666666666667,0.6666666666666666,0.6666666666666666,0.9166666666666666,0.0,19.626389770649343,0.0,12.0
254,21.166666666666668,21.166666666666668,0,21.166666666666668,21:10,11.808329888766323,5.808714985953209,5.999614902813114,1,0,1,1,0,1,0,0,0,0,0.0,0.0,5,0.4166666666666667,28.00010909577285,0.0,0.0,0,none,0,-1,-1.0,-1.0,0.0,12,1.0,1.0,1.0,0,254,0.8819444444444445,0.0,0.4027777777777777,0.75,0.75,0.9166666666666666,0.0,21.95973219529708,0.0,12.0
255,21.25,21.25,0,21.25,21:15,11.704846328794464,5.769922209790192,5.934924119004272,1,0,1,1,0,1,0,0,0,0,0.0,0.0,6,0.5,37.51256927009203,0.0,0.0,0,none,0,-1,-1.0,-1.0,0.0,12,1.0,1.0,1.0,0,255,0.8854166666666666,0.0,0.38888888888888884,0.75,0.75,0.9166666666666666,0.0,22.22630401203078,0.0,12.0
256,21.333333333333332,21.333333333333332,0,21.333333333333332,21:19,11.6129459401572,5.735292057105528,5.877653883051672,0,0,0,0,0,0,1,1,0,0,0.0,0.0,5,0.4166666666666667,0.0,0.0,0.0,0,none,0,-1,-1.0,-1.0,0.0,12,1.0,1.0,1.0,0,256,0.8888888888888888,0.0,0.3680555555555555,0.6666666666666666,0.6666666666666666,0.9166666666666666,0.0,20.688688110434516,0.0,12.0
257,21.416666666666668,21.416666666666668,0,21.416666666666668,21:25,11.531583909042777,5.704492034744795,5.827091874297982,2,1,1,2,1,1,1,1,0,0,0.0,0.0,6,0.5,40.379957242243606,0.0,0.0,0,none,0,-1,-1.0,-1.0,0.0,12,1.0,1.0,1.0,0,257,0.8923611111111112,0.0,0.3611111111111111,0.75,0.75,0.8333333333333334,0.0,22.0157180307683,0.0,12.0
258,21.5,21.5,0,21.5,21:30,11.459772932212921,5.677197624680009,5.782575307532912,0,0,0,0,0,0,1,0,1,0,0.0,0.0,5,0.4166666666666667,0.0,0.0,0.0,0,none,0,-1,-1.0,-1.0,0.0,12,1.0,1.0,1.0,0,258,0.8958333333333334,0.0,0.3680555555555555,0.75,0.75,0.6666666666666666,0.0,22.0157180307683,0.0,12.0
259,21.583333333333332,21.583333333333332,0,21.583333333333332,21:34,11.396585553947569,5.653095633639937,5.743489920307631,1,0,1,1,0,1,1,1,0,0,0.0,0.0,5,0.4166666666666667,20.485454376387395,0.0,0.0,0,none,0,-1,-1.0,-1.0,0.0,12,1.0,1.0,1.0,0,259,0.8993055555555555,0.0,0.375,0.75,0.75,0.6666666666666666,0.0,19.573657565502966,0.0,12.0
260,21.666666666666668,21.666666666666668,0,21.666666666666668,21:40,11.34115543631557,5.6318868005808955,5.7092686357346745,2,2,0,2,2,0,1,0,1,0,0.0,0.0,6,0.5,27.121318787382705,0.0,0.0,0,none,0,-1,-1.0,-1.0,0.0,12,1.0,1.0,1.0,0,260,0.9027777777777778,0.0,0.3958333333333333,0.9166666666666666,0.9166666666666666,0.6666666666666666,0.0,21.83376746445153,0.0,12.0
261,21.75,21.75,0,21.75,21:45,11.292677687450254,5.613287733252455,5.6793899541977995,0,0,0,0,0,0,0,0,0,0,0.0,0.0,6,0.5,0.0,0.0,0.0,0,none,0,-1,-1.0,-1.0,0.0,12,1.0,1.0,1.0,0,261,0.90625,0.0,0.40972222222222227,0.8333333333333334,0.8333333333333334,0.6666666666666666,0.0,20.223544445282762,0.0,12.0
262,21.833333333333332,21.833333333333332,0,21.833333333333332,21:49,11.250408372138352,5.597032249165732,5.653376122972621,2,1,1,2,1,1,0,0,0,0,0.0,0.0,8,0.6666666666666666,18.676207687958467,0.0,0.0,0,none,0,-1,-1.0,-1.0,0.0,12,1.0,1.0,1.0,0,262,0.9097222222222222,0.0,0.4444444444444444,0.9166666666666666,0.9166666666666666,0.5,0.0,18.68684333779377,0.0,12.0
263,21.916666666666668,21.916666666666668,0,21.916666666666668,21:55,11.21366332621106,5.582872197297953,5.630791128913107,1,1,0,1,1,0,1,0,1,0,0.0,0.0,8,0.6666666666666666,33.017796114573514,0.0,0.0,0,none,0,-1,-1.0,-1.0,0.0,12,1.0,1.0,1.0,0,263,0.9131944444444445,0.0,0.47222222222222215,0.9166666666666666,0.9166666666666666,0.5833333333333334,0.0,19.55757981127573,0.0,12.0
264,22.0,22.0,0,22.0,22:00,11.181816391359748,5.570577835466623,5.611238555893125,0,0,0,0,0,0,3,2,1,0,0.0,0.0,5,0.4166666666666667,0.0,0.0,0.0,0,none,0,-1,-1.0,-1.0,0.0,12,1.0,1.0,1.0,0,264,0.9166666666666666,0.0,0.4791666666666667,0.9166666666666666,0.9166666666666666,0.8333333333333334,0.0,19.55757981127573,0.0,12.0
265,22.083333333333332,22.083333333333332,0,22.083333333333332,22:04,11.15429718048388,5.559937835039233,5.594359345444647,1,1,0,1,1,0,1,1,0,0,0.0,0.0,5,0.4166666666666667,38.89138055637739,0.0,0.0,0,none,0,-1,-1.0,-1.0,0.0,12,1.0,1.0,1.0,0,265,0.9201388888888888,0.0,0.4861111111111111,0.9166666666666666,0.9166666666666666,0.8333333333333334,0.0,20.340399427565664,0.0,12.0
266,22.166666666666668,22.166666666666668,0,22.166666666666668,22:10,11.130588475898081,5.55075898001428,5.579829495883802,1,0,1,1,0,1,0,0,0,0,0.0,0.0,6,0.5,30.97524525982815,0.0,0.0,0,none,0,-1,-1.0,-1.0,0.0,12,1.0,1.0,1.0,0,266,0.9236111111111112,0.0,0.4930555555555555,0.9166666666666666,0.9166666666666666,0.8333333333333334,0.0,20.588327441236938,0.0,12.0
267,22.25,22.25,0,22.25,22:15,11.110223354037712,5.542865621956315,5.567357732081398,0,0,0,0,0,0,2,0,2,0,0.0,0.0,4,0.3333333333333333,0.0,0.0,0.0,0,none,0,-1,-1.0,-1.0,0.0,12,1.0,1.0,1.0,0,267,0.9270833333333334,0.0,0.4791666666666667,0.8333333333333334,0.8333333333333334,1.0,0.0,17.462280002062602,0.0,12.0
268,22.333333333333332,22.333333333333332,0,22.333333333333332,22:19,11.092782121037228,5.536098946165533,5.556683174871695,0,0,0,0,0,0,1,1,0,0,0.0,0.0,3,0.25,0.0,0.0,0.0,0,none,0,-1,-1.0,-1.0,0.0,12,1.0,1.0,1.0,0,268,0.9305555555555555,0.0,0.46527777777777773,0.8333333333333334,0.8333333333333334,1.0,0.0,17.462280002062602,0.0,12.0
269,22.416666666666668,22.416666666666668,0,22.416666666666668,22:25,11.077889134007714,5.530316098118495,5.5475730358892195,0,0,0,0,0,0,0,0,0,0,0.0,0.0,3,0.25,0.0,0.0,0.0,0,none,0,-1,-1.0,-1.0,0.0,12,1.0,1.0,1.0,0,269,0.9340277777777778,0.0,0.4444444444444444,0.6666666666666666,0.6666666666666666,0.9166666666666666,0.0,14.097283565208969,0.0,12.0
270,22.5,22.5,0,22.5,22:30,11.065209573266051,5.525389212876043,5.539820360390008,0,0,0,0,0,0,1,1,0,0,0.0,0.0,2,0.16666666666666666,0.0,0.0,0.0,0,none,0,-1,-1.0,-1.0,0.0,12,1.0,1.0,1.0,0,270,0.9375,0.0,0.4236111111111111,0.6666666666666666,0.6666666666666666,0.9166666666666666,0.0,14.097283565208969,0.0,12.0
271,22.583333333333332,22.583333333333332,0,22.583333333333332,22:34,11.054446221386897,5.521204384006138,5.533241837380759,1,0,1,1,0,1,0,0,0,0,0.0,0.0,3,0.25,32.6292173838032,0.0,0.0,0,none,0,-1,-1.0,-1.0,0.0,12,1.0,1.0,1.0,0,271,0.9409722222222222,0.0,0.40972222222222215,0.6666666666666666,0.6666666666666666,0.8333333333333334,0.0,15.109263815826951,0.0,12.0
272,22.666666666666668,22.666666666666668,0,22.666666666666668,22:40,11.045336295939368,5.51766060275124,5.527675693188129,1,1,0,1,1,0,0,0,0,0,0.0,0.0,4,0.3333333333333333,18.988970790026677,0.0,0.0,0,none,0,-1,-1.0,-1.0,0.0,12,1.0,1.0,1.0,0,272,0.9444444444444445,0.0,0.3958333333333333,0.5833333333333334,0.5833333333333334,0.75,0.0,14.431568149380617,0.0,12.0
273,22.75,22.75,0,22.75,22:45,11.037648374275019,5.514668692777917,5.522979681497103,1,0,1,1,0,1,2,1,1,0,0.0,0.0,3,0.25,15.0,0.0,0.0,0,none,0,-1,-1.0,-1.0,0.0,12,1.0,1.0,1.0,0,273,0.9479166666666666,0.0,0.375,0.6666666666666666,0.6666666666666666,0.9166666666666666,0.0,15.681568149380617,0.0,12.0
274,22.833333333333332,22.833333333333332,0,22.833333333333332,22:49,11.03117944085892,5.512150260939815,5.519029179919106,0,0,0,0,0,0,0,0,0,0,0.0,0.0,3,0.25,0.0,0.0,0.0,0,none,0,-1,-1.0,-1.0,0.0,12,1.0,1.0,1.0,0,274,0.9513888888888888,0.0,0.34027777777777773,0.5,0.5,0.9166666666666666,0.0,14.125217508717412,0.0,12.0
275,22.916666666666668,22.916666666666668,0,22.916666666666668,22:55,11.025752080455069,5.510036680094674,5.515715400360395,0,0,0,0,0,0,0,0,0,0,0.0,0.0,3,0.25,0.0,0.0,0.0,0,none,0,-1,-1.0,-1.0,0.0,12,1.0,1.0,1.0,0,275,0.9548611111111112,0.0,0.3055555555555555,0.4166666666666667,0.4166666666666667,0.8333333333333334,0.0,11.37373449916962,0.0,12.0
276,23.0,23.0,0,23.0,23:00,11.021211834035757,5.508268116149105,5.512943717886652,0,0,0,0,0,0,2,1,1,0,0.0,0.0,1,0.08333333333333333,0.0,0.0,0.0,0,none,0,-1,-1.0,-1.0,0.0,12,1.0,1.0,1.0,0,276,0.9583333333333334,0.0,0.27777777777777773,0.4166666666666667,0.4166666666666667,0.75,0.0,11.37373449916962,0.0,12.0
277,23.083333333333332,23.083333333333332,0,23.083333333333332,23:04,11.017424728600275,5.5067926081511045,5.510632120449171,0,0,0,0,0,0,0,0,0,0,0.0,0.0,1,0.08333333333333333,0.0,0.0,0.0,0,none,0,-1,-1.0,-1.0,0.0,12,1.0,1.0,1.0,0,277,0.9618055555555555,0.0,0.24999999999999997,0.3333333333333333,0.3333333333333333,0.6666666666666666,0.0,8.132786119471502,0.0,12.0
278,23.166666666666668,23.166666666666668,0,23.166666666666668,23:10,11.014274987158913,5.505565207387003,5.508709779771911,2,1,1,2,1,1,1,0,1,0,0.0,0.0,2,0.16666666666666666,30.861893613265863,0.0,0.0,0,none,0,-1,-1.0,-1.0,0.0,12,1.0,1.0,1.0,0,278,0.9652777777777778,0.0,0.2222222222222222,0.4166666666666667,0.4166666666666667,0.75,0.0,8.123340148924646,0.0,12.0
279,23.25,23.25,0,23.25,23:15,11.011662920942175,5.5045471790343425,5.507115741907833,0,0,0,0,0,0,0,0,0,0,0.0,0.0,2,0.16666666666666666,0.0,0.0,0.0,0,none,0,-1,-1.0,-1.0,0.0,12,1.0,1.0,1.0,0,279,0.96875,0.0,0.2083333333333333,0.4166666666666667,0.4166666666666667,0.5833333333333334,0.0,8.123340148924646,0.0,12.0
280,23.333333333333332,23.333333333333332,0,23.333333333333332,23:19,11.00950300239716,5.503705267937626,5.505797734459534,1,1,0,1,1,0,0,0,0,0,0.0,0.0,3,0.25,26.62027732090284,0.0,0.0,0,none,0,-1,-1.0,-1.0,0.0,12,1.0,1.0,1.0,0,280,0.9722222222222222,0.0,0.2083333333333333,0.5,0.5,0.5,0.0,10.341696592333216,0.0,12.0
281,23.416666666666668,23.416666666666668,0,23.416666666666668,23:25,11.007722114686809,5.503011028468728,5.504711086218081,0,0,0,0,0,0,0,0,0,0,0.0,0.0,3,0.25,0.0,0.0,0.0,0,none,0,-1,-1.0,-1.0,0.0,12,1.0,1.0,1.0,0,281,0.9756944444444445,0.0,0.2083333333333333,0.5,0.5,0.5,0.0,10.341696592333216,0.0,12.0
282,23.5,23.5,0,23.5,23:30,11.006257971159055,5.502440217165992,5.503817753993062,0,0,0,0,0,0,0,0,0,0,0.0,0.0,3,0.25,0.0,0.0,0.0,0,none,0,-1,-1.0,-1.0,0.0,12,1.0,1.0,1.0,0,282,0.9791666666666666,0.0,0.21527777777777776,0.5,0.5,0.4166666666666667,0.0,10.341696592333216,0.0,12.0
283,23.583333333333332,23.583333333333332,0,23.583333333333332,23:34,11.005057696542984,5.501972245873942,5.503085450669041,0,0,0,0,0,0,0,0,0,0,0.0,0.0,3,0.25,0.0,0.0,0.0,0,none,0,-1,-1.0,-1.0,0.0,12,1.0,1.0,1.0,0,283,0.9826388888888888,0.0,0.21527777777777776,0.4166666666666667,0.4166666666666667,0.4166666666666667,0.0,7.622595143682948,0.0,12.0
284,23.666666666666668,23.666666666666668,0,23.666666666666668,23:40,11.004076560396394,5.5015896923886345,5.502486868007759,0,0,0,0,0,0,1,0,1,0,0.0,0.0,2,0.16666666666666666,0.0,0.0,0.0,0,none,0,-1,-1.0,-1.0,0.0,12,1.0,1.0,1.0,0,284,0.9861111111111112,0.0,0.20138888888888884,0.3333333333333333,0.3333333333333333,0.5,0.0,6.040180911180726,0.0,12.0
285,23.75,23.75,0,23.75,23:45,11.003276852512217,5.5012778651142815,5.501998987397935,0,0,0,0,0,0,1,1,0,0,0.0,0.0,1,0.08333333333333333,0.0,0.0,0.0,0,none,0,-1,-1.0,-1.0,0.0,12,1.0,1.0,1.0,0,285,0.9895833333333334,0.0,0.18749999999999997,0.25,0.25,0.4166666666666667,0.0,4.790180911180726,0.0,12.0
286,23.833333333333332,23.833333333333332,0,23.833333333333332,23:49,11.002626889529498,5.5010244179194245,5.501602471610074,2,2,0,2,2,0,1,1,0,0,0.0,0.0,2,0.16666666666666666,27.525663519128308,0.0,0.0,0,none,0,-1,-1.0,-1.0,0.0,12,1.0,1.0,1.0,0,286,0.9930555555555555,0.0,0.1805555555555555,0.4166666666666667,0.4166666666666667,0.5,0.0,7.083986204441417,0.0,12.0
287,23.916666666666668,23.916666666666668,0,23.916666666666668,23:55,11.002100141830912,5.5008190112139035,5.501281130617009,0,0,0,0,0,0,0,0,0,0,0.0,0.0,2,0.16666666666666666,0.0,0.0,0.0,0,none,0,-1,-1.0,-1.0,0.0,12,1.0,1.0,1.0,0,287,0.9965277777777778,0.0,0.17361111111111108,0.4166666666666667,0.4166666666666667,0.5,0.0,7.083986204441417,0.0,12.0
288,24.0,24.0,1,0.0,00:00,11.00008198637012,5.5000508316227625,5.500031154747357,1,1,0,1,1,0,0,0,0,0,0.0,0.0,3,0.25,25.092354590576953,0.0,0.0,0,none,0,-1,-1.0,-1.0,0.0,12,1.0,1.0,1.0,0,0,0.0,0.0,0.18749999999999997,0.5,0.5,0.3333333333333333,0.0,9.175015753656163,0.0,12.0
289,24.083333333333332,24.083333333333332,1,0.08333333333333215,00:04,11.000106230721423,5.50006586317033,5.500040367551093,0,0,0,0,0,0,0,0,0,0,0.0,0.0,3,0.25,0.0,0.0,0.0,0,none,0,-1,-1.0,-1.0,0.0,12,1.0,1.0,1.0,0,1,0.003472222222222173,0.0,0.20138888888888884,0.5,0.5,0.3333333333333333,0.0,9.175015753656163,0.0,12.0
290,24.166666666666668,24.166666666666668,1,0.16666666666666785,00:10,11.000137271539305,5.500085108559844,5.500052162979461,0,0,0,0,0,0,0,0,0,0,0.0,0.0,3,0.25,0.0,0.0,0.0,0,none,0,-1,-1.0,-1.0,0.0,12,1.0,1.0,1.0,0,2,0.0069444444444444935,0.0,0.2083333333333333,0.3333333333333333,0.3333333333333333,0.25,0.0,6.603191285884009,0.0,12.0
291,24.25,24.25,1,0.25,00:15,11.000176902014061,5.5001096795899755,5.500067222424086,0,0,0,0,0,0,0,0,0,0,0.0,0.0,3,0.25,0.0,0.0,0.0,0,none,0,-1,-1.0,-1.0,0.0,12,1.0,1.0,1.0,0,3,0.010416666666666666,0.0,0.21527777777777776,0.3333333333333333,0.3333333333333333,0.25,0.0,6.603191285884009,0.0,12.0
292,24.333333333333332,24.333333333333332,1,0.33333333333333215,00:19,11.000227356278621,5.500140961456445,5.500086394822176,0,0,0,0,0,0,2,2,0,0,0.0,0.0,1,0.08333333333333333,0.0,0.0,0.0,0,none,0,-1,-1.0,-1.0,0.0,12,1.0,1.0,1.0,0,4,0.01388888888888884,0.0,0.20138888888888887,0.25,0.25,0.4166666666666667,0.0,4.384834842475438,0.0,12.0
293,24.416666666666668,24.416666666666668,1,0.41666666666666785,00:25,11.000291409044976,5.50018067453398,5.500110734510996,1,0,1,1,0,1,0,0,0,0,0.0,0.0,2,0.16666666666666666,18.862243680094757,0.0,0.0,0,none,0,-1,-1.0,-1.0,0.0,12,1.0,1.0,1.0,0,5,0.01736111111111116,0.0,0.19444444444444442,0.3333333333333333,0.3333333333333333,0.4166666666666667,0.0,5.956688482483334,0.0,12.0
294,24.5,24.5,1,0.5,00:30,11.000372495477256,5.500230948709127,5.500141546768129,0,0,0,0,0,0,1,1,0,0,0.0,0.0,1,0.08333333333333333,0.0,0.0,0.0,0,none,0,-1,-1.0,-1.0,0.0,12,1.0,1.0,1.0,0,6,0.020833333333333332,0.0,0.18055555555555555,0.3333333333333333,0.3333333333333333,0.5,0.0,5.956688482483334,0.0,12.0
295,24.583333333333332,24.583333333333332,1,0.5833333333333321,00:34,11.000474854853564,5.5002944124684205,5.500180442385144,0,0,0,0,0,0,0,0,0,0,0.0,0.0,1,0.08333333333333333,0.0,0.0,0.0,0,none,0,-1,-1.0,-1.0,0.0,12,1.0,1.0,1.0,0,7,0.024305555555555507,0.0,0.16666666666666666,0.3333333333333333,0.3333333333333333,0.5,0.0,5.956688482483334,0.0,12.0
296,24.666666666666668,24.666666666666668,1,0.6666666666666679,00:40,11.000603702062527,5.500374299253697,5.50022940280883,2,1,1,2,1,1,0,0,0,0,0.0,0.0,3,0.25,24.987098201477252,0.0,0.0,0,none,0,-1,-1.0,-1.0,0.0,12,1.0,1.0,1.0,0,8,0.02777777777777783,0.0,0.17361111111111108,0.5,0.5,0.4166666666666667,0.0,8.038946665939772,0.0,12.0
297,24.75,24.75,1,0.75,00:45,11.000765431513953,5.500474573928727,5.500290857585226,1,1,0,1,1,0,1,0,1,0,0.0,0.0,3,0.25,25.703804190094846,0.0,0.0,0,none,0,-1,-1.0,-1.0,0.0,12,1.0,1.0,1.0,0,9,0.03125,0.0,0.18749999999999997,0.5833333333333334,0.5833333333333334,0.4166666666666667,0.0,10.180930348447676,0.0,12.0
298,24.833333333333332,24.833333333333332,1,0.8333333333333321,00:49,11.000967858612453,5.500600082556764,5.50036777605569,1,0,1,1,0,1,0,0,0,0,0.0,0.0,4,0.3333333333333333,31.215700677176077,0.0,0.0,0,none,0,-1,-1.0,-1.0,0.0,12,1.0,1.0,1.0,0,10,0.034722222222222175,0.0,0.20138888888888887,0.5,0.5,0.3333333333333333,0.0,10.488433444951658,0.0,12.0
299,24.916666666666668,24.916666666666668,1,0.9166666666666679,00:55,11.00122050454246,5.500756729063854,5.500463775478606,0,0,0,0,0,0,0,0,0,0,0.0,0.0,4,0.3333333333333333,0.0,0.0,0.0,0,none,0,-1,-1.0,-1.0,0.0,12,1.0,1.0,1.0,0,11,0.038194444444444496,0.0,0.21527777777777776,0.5,0.5,0.3333333333333333,0.0,10.488433444951658,0.0,12.0
300,25.0,25.0,1,1.0,01:00,11.001534930734644,5.5009516827530724,5.500583247981572,0,0,0,0,0,0,0,0,0,0,0.0,0.0,4,0.3333333333333333,0.0,0.0,0.0,0,none,0,-1,-1.0,-1.0,0.0,12,1.0,1.0,1.0,0,12,0.041666666666666664,0.0,0.22222222222222218,0.4166666666666667,0.4166666666666667,0.3333333333333333,0.0,8.397403895736911,0.0,12.0
301,25.083333333333332,25.083333333333332,1,1.0833333333333321,01:04,11.001925130016067,5.501193621034091,5.500731508981977,0,0,0,0,0,0,1,0,1,0,0.0,0.0,3,0.25,0.0,0.0,0.0,0,none,0,-1,-1.0,-1.0,0.0,12,1.0,1.0,1.0,0,13,0.04513888888888884,0.0,0.22222222222222218,0.4166666666666667,0.4166666666666667,0.4166666666666667,0.0,8.397403895736911,0.0,12.0
302,25.166666666666668,25.166666666666668,1,1.1666666666666679,01:10,11.002407982075074,5.501493012132404,5.500914969942669,0,0,0,0,0,0,1,1,0,0,0.0,0.0,2,0.16666666666666666,0.0,0.0,0.0,0,none,0,-1,-1.0,-1.0,0.0,12,1.0,1.0,1.0,0,14,0.04861111111111116,0.0,0.21527777777777776,0.4166666666666667,0.4166666666666667,0.5,0.0,8.397403895736911,0.0,12.0
303,25.25,25.25,1,1.25,01:15,11.003003781478727,5.501862442933056,5.501141338545671,1,0,1,1,0,1,1,1,0,0,0.0,0.0,2,0.16666666666666666,20.92985995427397,0.0,0.0,0,none,0,-1,-1.0,-1.0,0.0,12,1.0,1.0,1.0,0,15,0.052083333333333336,0.0,0.2083333333333333,0.5,0.5,0.5833333333333334,0.0,10.141558891926408,0.0,12.0
304,25.333333333333332,25.333333333333332,1,1.3333333333333321,01:19,11.003736847043271,5.502316997482579,5.501419849560692,1,1,0,1,1,0,0,0,0,0,0.0,0.0,3,0.25,38.49316558048813,0.0,0.0,0,none,0,-1,-1.0,-1.0,0.0,12,1.0,1.0,1.0,0,16,0.055555555555555504,0.0,0.2222222222222222,0.5833333333333334,0.5833333333333334,0.4166666666666667,0.0,13.349322690300419,0.0,12.0
305,25.416666666666668,25.416666666666668,1,1.4166666666666679,01:25,11.004636221850088,5.502874692005684,5.501761529844404,0,0,0,0,0,0,1,0,1,0,0.0,0.0,2,0.16666666666666666,0.0,0.0,0.0,0,none,0,-1,-1.0,-1.0,0.0,12,1.0,1.0,1.0,0,17,0.059027777777777825,0.0,0.22222222222222218,0.5,0.5,0.5,0.0,11.777469050292522,0.0,12.0
306,25.5,25.5,1,1.5,01:30,11.005736473589717,5.503556972573228,5.50217950101649,1,0,1,1,0,1,0,0,0,0,0.0,0.0,3,0.25,19.423729607372245,0.0,0.0,0,none,0,-1,-1.0,-1.0,0.0,12,1.0,1.0,1.0,0,18,0.0625,0.0,0.23611111111111108,0.5833333333333334,0.5833333333333334,0.4166666666666667,0.0,13.396113184240209,0.0,12.0
307,25.583333333333332,25.583333333333332,1,1.5833333333333321,01:34,11.007078605168505,5.5043892817663895,5.502689323402116,1,1,0,1,1,0,0,0,0,0,0.0,0.0,4,0.3333333333333333,17.255391002614296,0.0,0.0,0,none,0,-1,-1.0,-1.0,0.0,12,1.0,1.0,1.0,0,19,0.06597222222222217,0.0,0.2569444444444444,0.6666666666666666,0.6666666666666666,0.4166666666666667,0.0,14.834062434458067,0.0,12.0
308,25.666666666666668,25.666666666666668,1,1.6666666666666679,01:40,11.008711085586196,5.505401700798184,5.503309384788012,1,1,0,1,1,0,1,0,1,0,0.0,0.0,4,0.3333333333333333,17.199296160112937,0.0,0.0,0,none,0,-1,-1.0,-1.0,0.0,12,1.0,1.0,1.0,0,20,0.06944444444444449,0.0,0.26388888888888884,0.5833333333333334,0.5833333333333334,0.5,0.0,14.185078931011041,0.0,12.0
309,25.75,25.75,1,1.75,01:45,11.010691010942473,5.5066296735548965,5.504061337387577,2,0,2,2,0,2,0,0,0,0,0.0,0.0,6,0.5,31.076324729748467,0.0,0.0,0,none,0,-1,-1.0,-1.0,0.0,12,1.0,1.0,1.0,0,21,0.07291666666666667,0.0,0.28472222222222215,0.6666666666666666,0.6666666666666666,0.4166666666666667,0.0,14.632788975982178,0.0,12.0
310,25.833333333333332,25.833333333333332,1,1.8333333333333321,01:49,11.013085405007352,5.5081148188834455,5.504970586123907,0,0,0,0,0,0,1,0,1,0,0.0,0.0,5,0.4166666666666667,0.0,0.0,0.0,0,none,0,-1,-1.0,-1.0,0.0,12,1.0,1.0,1.0,0,22,0.07638888888888884,0.0,0.29166666666666663,0.5833333333333334,0.5833333333333334,0.5,0.0,12.031480586217505,0.0,12.0
311,25.916666666666668,25.916666666666668,1,1.9166666666666679,01:55,11.015972668041416,5.509905837152156,5.506066830889259,0,0,0,0,0,0,1,1,0,0,0.0,0.0,4,0.3333333333333333,0.0,0.0,0.0,0,none,0,-1,-1.0,-1.0,0.0,12,1.0,1.0,1.0,0,23,0.07986111111111116,0.0,0.2916666666666667,0.5833333333333334,0.5833333333333334,0.5833333333333334,0.0,12.031480586217505,0.0,12.0
312,26.0,26.0,1,2.0,02:00,11.019444181421887,5.512059516628226,5.507384664793661,1,0,1,1,0,1,2,2,0,0,0.0,0.0,3,0.25,27.705127318380043,0.0,0.0,0,none,0,-1,-1.0,-1.0,0.0,12,1.0,1.0,1.0,0,24,0.08333333333333333,0.0,0.28472222222222215,0.6666666666666666,0.6666666666666666,0.75,0.0,14.34024119608251,0.0,12.0
313,26.083333333333332,26.083333333333332,1,2.083333333333332,02:04,11.023606074063139,5.514641844523217,5.508964229539922,0,0,0,0,0,0,0,0,0,0,0.0,0.0,3,0.25,0.0,0.0,0.0,0,none,0,-1,-1.0,-1.0,0.0,12,1.0,1.0,1.0,0,25,0.08680555555555551,0.0,0.28472222222222215,0.6666666666666666,0.6666666666666666,0.6666666666666666,0.0,14.34024119608251,0.0,12.0
314,26.166666666666668,26.166666666666668,1,2.166666666666668,02:10,11.02858115455895,5.517729226638116,5.510851927920833,0,0,0,0,0,0,0,0,0,0,0.0,0.0,3,0.25,0.0,0.0,0.0,0,none,0,-1,-1.0,-1.0,0.0,12,1.0,1.0,1.0,0,26,0.09027777777777783,0.0,0.2916666666666667,0.6666666666666666,0.6666666666666666,0.5833333333333334,0.0,14.34024119608251,0.0,12.0
315,26.25,26.25,1,2.25,02:15,11.03451101036479,5.5214098183757105,5.5131011919890796,0,0,0,0,0,0,1,0,1,0,0.0,0.0,2,0.16666666666666666,0.0,0.0,0.0,0,none,0,-1,-1.0,-1.0,0.0,12,1.0,1.0,1.0,0,27,0.09375,0.0,0.29166666666666663,0.5833333333333334,0.5833333333333334,0.5833333333333334,0.0,12.59608619989301,0.0,12.0
316,26.333333333333332,26.333333333333332,1,2.333333333333332,02:19,11.041558272131947,5.525784968468751,5.515773303663196,0,0,0,0,0,0,0,0,0,0,0.0,0.0,2,0.16666666666666666,0.0,0.0,0.0,0,none,0,-1,-1.0,-1.0,0.0,12,1.0,1.0,1.0,0,28,0.09722222222222217,0.0,0.2847222222222222,0.5,0.5,0.5833333333333334,0.0,9.388322401519,0.0,12.0
317,26.416666666666668,26.416666666666668,1,2.416666666666668,02:25,11.049909037458988,5.530970775092245,5.518938262366743,2,1,1,2,1,1,1,0,1,0,0.0,0.0,3,0.25,30.699064167898285,0.0,0.0,0,none,0,-1,-1.0,-1.0,0.0,12,1.0,1.0,1.0,0,29,0.10069444444444449,0.0,0.29166666666666663,0.6666666666666666,0.6666666666666666,0.5833333333333334,0.0,11.946577748843856,0.0,12.0
318,26.5,26.5,1,2.5,02:30,11.059775443807403,5.537099752089127,5.522675691718276,0,0,0,0,0,0,1,0,1,0,0.0,0.0,2,0.16666666666666666,0.0,0.0,0.0,0,none,0,-1,-1.0,-1.0,0.0,12,1.0,1.0,1.0,0,30,0.10416666666666667,0.0,0.28472222222222215,0.5833333333333334,0.5833333333333334,0.6666666666666666,0.0,10.32793361489617,0.0,12.0
319,26.583333333333332,26.583333333333332,1,2.583333333333332,02:34,11.071398375117802,5.5443226008501485,5.5270757742676535,0,0,0,0,0,0,0,0,0,0,0.0,0.0,2,0.16666666666666666,0.0,0.0,0.0,0,none,0,-1,-1.0,-1.0,0.0,12,1.0,1.0,1.0,0,31,0.10763888888888884,0.0,0.2708333333333333,0.5,0.5,0.6666666666666666,0.0,8.88998436467831,0.0,12.0
320,26.666666666666668,26.666666666666668,1,2.666666666666668,02:40,11.085050280758281,5.552810080969729,5.532240199788553,0,0,0,0,0,0,0,0,0,0,0.0,0.0,2,0.16666666666666666,0.0,0.0,0.0,0,none,0,-1,-1.0,-1.0,0.0,12,1.0,1.0,1.0,0,32,0.11111111111111116,0.0,0.2569444444444444,0.4166666666666667,0.4166666666666667,0.5833333333333334,0.0,7.4567096846688985,0.0,12.0
321,26.75,26.75,1,2.75,02:45,11.101038078854435,5.562754970176136,5.538283108678299,0,0,0,0,0,0,0,0,0,0,0.0,0.0,2,0.16666666666666666,0.0,0.0,0.0,0,none,0,-1,-1.0,-1.0,0.0,12,1.0,1.0,1.0,0,33,0.11458333333333333,0.0,0.22916666666666663,0.25,0.25,0.5833333333333334,0.0,4.86701595718986,0.0,12.0
322,26.833333333333332,26.833333333333332,1,2.833333333333332,02:49,11.119706108831988,5.574374101241199,5.545332007590789,0,0,0,0,0,0,1,1,0,0,0.0,0.0,1,0.08333333333333333,0.0,0.0,0.0,0,none,0,-1,-1.0,-1.0,0.0,12,1.0,1.0,1.0,0,34,0.11805555555555551,0.0,0.20138888888888887,0.25,0.25,0.5833333333333334,0.0,4.86701595718986,0.0,12.0
323,26.916666666666668,26.916666666666668,1,2.916666666666668,02:55,11.141439090215899,5.587910460652416,5.553528629563483,0,0,0,0,0,0,0,0,0,0,0.0,0.0,1,0.08333333333333333,0.0,0.0,0.0,0,none,0,-1,-1.0,-1.0,0.0,12,1.0,1.0,1.0,0,35,0.12152777777777783,0.0,0.18055555555555555,0.25,0.25,0.5,0.0,4.86701595718986,0.0,12.0
324,27.0,27.0,1,3.0,03:00,11.166665036471228,5.60363533082227,5.563029705648958,0,0,0,0,0,0,0,0,0,0,0.0,0.0,1,0.08333333333333333,0.0,0.0,0.0,0,none,0,-1,-1.0,-1.0,0.0,12,1.0,1.0,1.0,0,36,0.125,0.0,0.16666666666666666,0.16666666666666666,0.16666666666666666,0.3333333333333333,0.0,2.5582553473248573,0.0,12.0
325,27.083333333333332,27.083333333333332,1,3.083333333333332,03:04,11.195858064071931,5.621850454560361,5.57400760951157,1,0,1,1,0,1,1,0,1,0,0.0,0.0,1,0.08333333333333333,30.174878964943986,0.0,0.0,0,none,0,-1,-1.0,-1.0,0.0,12,1.0,1.0,1.0,0,37,0.12847222222222218,0.0,0.15277777777777776,0.25,0.25,0.4166666666666667,0.0,5.072828594403522,0.0,12.0
326,27.166666666666668,27.166666666666668,1,3.166666666666668,03:10,11.22954102820767,5.642890197482154,5.5866508307255165,0,0,0,0,0,0,0,0,0,0,0.0,0.0,1,0.08333333333333333,0.0,0.0,0.0,0,none,0,-1,-1.0,-1.0,0.0,12,1.0,1.0,1.0,0,38,0.1319444444444445,0.0,0.13888888888888887,0.25,0.25,0.4166666666666667,0.0,5.072828594403522,0.0,12.0
327,27.25,27.25,1,3.25,03:15,11.268287907786952,5.667123681003905,5.601164226783047,1,0,1,1,0,1,0,0,0,0,0.0,0.0,2,0.16666666666666666,34.33035870081571,0.0,0.0,0,none,0,-1,-1.0,-1.0,0.0,12,1.0,1.0,1.0,0,39,0.13541666666666666,0.0,0.13888888888888887,0.3333333333333333,0.3333333333333333,0.3333333333333333,0.0,7.933691819471498,0.0,12.0
328,27.333333333333332,27.333333333333332,1,3.333333333333332,03:19,11.312725853902098,5.6949568555891945,5.617768998312903,3,2,1,3,2,1,0,0,0,0,0.0,0.0,5,0.4166666666666667,22.38449558596557,0.0,0.0,0,none,0,-1,-1.0,-1.0,0.0,12,1.0,1.0,1.0,0,40,0.13888888888888884,0.0,0.1597222222222222,0.5833333333333334,0.5833333333333334,0.3333333333333333,0.0,9.799066451635296,0.0,12.0
329,27.416666666666668,27.416666666666668,1,3.416666666666668,03:25,11.363536807958473,5.72683448095971,5.636702326998764,1,0,1,1,0,1,0,0,0,0,0.0,0.0,6,0.5,29.170814018144682,0.0,0.0,0,none,0,-1,-1.0,-1.0,0.0,12,1.0,1.0,1.0,0,41,0.14236111111111116,0.0,0.18055555555555555,0.5,0.5,0.25,0.0,9.671712272489161,0.0,12.0
330,27.5,27.5,1,3.5,03:30,11.421458588538663,5.76324197702404,5.658216611514622,1,0,1,1,0,1,0,0,0,0,0.0,0.0,7,0.5833333333333334,41.00849245912797,0.0,0.0,0,none,0,-1,-1.0,-1.0,0.0,12,1.0,1.0,1.0,0,42,0.14583333333333334,0.0,0.21527777777777776,0.5833333333333334,0.5833333333333334,0.16666666666666666,0.0,13.08908664408316,0.0,12.0
331,27.583333333333332,27.583333333333332,1,3.583333333333332,03:34,11.487285340100797,5.8047071062417555,5.682578233859042,2,2,0,2,2,0,0,0,0,0,0.0,0.0,9,0.75,33.358814341178146,0.0,0.0,0,none,0,-1,-1.0,-1.0,0.0,12,1.0,1.0,1.0,0,43,0.1493055555555555,0.0,0.2638888888888889,0.75,0.75,0.16666666666666666,0.0,15.868987839181338,0.0,12.0
332,27.666666666666668,27.666666666666668,1,3.666666666666668,03:40,11.561867232150437,5.851801444918895,5.710065787231542,0,0,0,0,0,0,2,0,2,0,0.0,0.0,7,0.5833333333333334,0.0,0.0,0.0,0,none,0,-1,-1.0,-1.0,0.0,12,1.0,1.0,1.0,0,44,0.15277777777777782,0.0,0.2986111111111111,0.75,0.75,0.3333333333333333,0.0,15.868987839181338,0.0,12.0
333,27.75,27.75,1,3.75,03:45,11.646109294941454,5.905141597380265,5.740967697561189,1,0,1,1,0,1,1,1,0,0,0.0,0.0,7,0.5833333333333334,30.13873806093348,0.0,0.0,0,none,0,-1,-1.0,-1.0,0.0,12,1.0,1.0,1.0,0,45,0.15625,0.0,0.3333333333333333,0.8333333333333334,0.8333333333333334,0.4166666666666667,0.0,18.38054934425913,0.0,12.0
334,27.833333333333332,27.833333333333332,1,3.833333333333332,03:49,11.740969277423115,5.9653901029062455,5.77557917451687,1,0,1,1,0,1,2,1,1,0,0.0,0.0,6,0.5,35.20955911265944,0.0,0.0,0,none,0,-1,-1.0,-1.0,0.0,12,1.0,1.0,1.0,0,46,0.15972222222222218,0.0,0.3680555555555555,0.9166666666666666,0.9166666666666666,0.5,0.0,21.314679270314084,0.0,12.0
335,27.916666666666668,27.916666666666668,1,3.916666666666668,03:55,11.847454415420112,6.033255980554623,5.814198434865489,0,0,0,0,0,0,1,0,1,0,0.0,0.0,5,0.4166666666666667,0.0,0.0,0.0,0,none,0,-1,-1.0,-1.0,0.0,12,1.0,1.0,1.0,0,47,0.1631944444444445,0.0,0.3958333333333333,0.9166666666666666,0.9166666666666666,0.5833333333333334,0.0,21.314679270314084,0.0,12.0
336,28.0,28.0,1,4.0,04:00,11.966617003253864,6.109494851299408,5.8571221519544565,1,0,1,1,0,1,0,0,0,0,0.0,0.0,6,0.5,24.3832501738041,0.0,0.0,0,none,0,-1,-1.0,-1.0,0.0,12,1.0,1.0,1.0,0,48,0.16666666666666666,0.0,0.4305555555555556,1.0,1.0,0.5833333333333334,0.0,23.34661678479776,0.0,12.0
337,28.083333333333332,28.083333333333332,1,4.083333333333332,04:04,12.09954867049691,6.194908570107195,5.904640100389715,0,0,0,0,0,0,0,0,0,0,0.0,0.0,6,0.5,0.0,0.0,0.0,0,none,0,-1,-1.0,-1.0,0.0,12,1.0,1.0,1.0,0,49,0.17013888888888884,0.0,0.46527777777777773,0.9166666666666666,0.9166666666666666,0.5,0.0,20.83204353771909,0.0,12.0
338,28.166666666666668,28.166666666666668,1,4.166666666666668,04:10,12.247373277560241,6.290344292475276,5.957028985084965,0,0,0,0,0,0,2,2,0,0,0.0,0.0,4,0.3333333333333333,0.0,0.0,0.0,0,none,0,-1,-1.0,-1.0,0.0,12,1.0,1.0,1.0,0,50,0.17361111111111116,0.0,0.4861111111111111,0.9166666666666666,0.9166666666666666,0.6666666666666666,0.0,20.83204353771909,0.0,12.0
339,28.25,28.25,1,4.25,04:15,12.411238359545287,6.396692890485549,6.014545469059738,1,1,0,1,1,0,1,0,1,0,0.0,0.0,4,0.3333333333333333,28.8964326414659,0.0,0.0,0,none,0,-1,-1.0,-1.0,0.0,12,1.0,1.0,1.0,0,51,0.17708333333333334,0.0,0.5,0.9166666666666666,0.9166666666666666,0.75,0.0,20.379216366106608,0.0,12.0
340,28.333333333333332,28.333333333333332,1,4.333333333333332,04:19,12.592305067367626,6.514886622608012,6.077418444759614,0,0,0,0,0,0,1,0,1,0,0.0,0.0,3,0.25,0.0,0.0,0.0,0,none,0,-1,-1.0,-1.0,0.0,12,1.0,1.0,1.0,0,52,0.1805555555555555,0.0,0.48611111111111116,0.6666666666666666,0.6666666666666666,0.8333333333333334,0.0,18.51384173394281,0.0,12.0
341,28.416666666666668,28.416666666666668,1,4.416666666666668,04:25,12.791736578604722,6.645895949497363,6.145840629107359,0,0,0,0,0,0,1,0,1,0,0.0,0.0,2,0.16666666666666666,0.0,0.0,0.0,0,none,0,-1,-1.0,-1.0,0.0,12,1.0,1.0,1.0,0,53,0.18402777777777782,0.0,0.4583333333333333,0.5833333333333334,0.5833333333333334,0.9166666666666666,0.0,16.082940565764087,0.0,12.0
342,28.5,28.5,1,4.5,04:30,13.01068497775341,6.790725375245666,6.219959602507744,2,1,1,2,1,1,1,0,1,0,0.0,0.0,3,0.25,33.550029115158,0.0,0.0,0,none,0,-1,-1.0,-1.0,0.0,12,1.0,1.0,1.0,0,54,0.1875,0.0,0.4305555555555555,0.6666666666666666,0.6666666666666666,1.0,0.0,15.46140195376659,0.0,12.0
343,28.583333333333332,28.583333333333332,1,4.583333333333332,04:34,13.25027663640336,6.950408180603695,6.299868455799665,2,2,0,2,2,0,0,0,0,0,0.0,0.0,5,0.4166666666666667,34.76439177437639,0.0,0.0,0,none,0,-1,-1.0,-1.0,0.0,12,1.0,1.0,1.0,0,55,0.19097222222222218,0.0,0.40277777777777773,0.6666666666666666,0.6666666666666666,1.0,0.0,15.57853340653311,0.0,12.0
344,28.666666666666668,28.666666666666668,1,4.666666666666668,04:40,13.511596157908453,7.1259999024562894,6.385596255452164,2,1,1,2,1,1,0,0,0,0,0.0,0.0,7,0.5833333333333334,38.585464511164176,0.0,0.0,0,none,0,-1,-1.0,-1.0,0.0,12,1.0,1.0,1.0,0,56,0.1944444444444445,0.0,0.40277777777777773,0.8333333333333334,0.8333333333333334,0.8333333333333334,0.0,18.793988782463458,0.0,12.0
345,28.75,28.75,1,4.75,04:45,13.795668988004156,7.318570403520486,6.47709858448367,3,2,1,3,2,1,1,1,0,0,0.0,0.0,9,0.75,28.898633160681197,0.0,0.0,0,none,0,-1,-1.0,-1.0,0.0,12,1.0,1.0,1.0,0,57,0.19791666666666666,0.0,0.4166666666666666,1.0,1.0,0.8333333333333334,0.0,18.690646707442433,0.0,12.0
346,28.833333333333332,28.833333333333332,1,4.833333333333332,04:49,14.103442831869671,7.529194369309711,6.57424846255996,1,1,0,1,1,0,0,0,0,0,0.0,0.0,10,0.8333333333333334,35.89742262406904,0.0,0.0,0,none,0,-1,-1.0,-1.0,0.0,12,1.0,1.0,1.0,0,58,0.20138888888888884,0.0,0.4444444444444444,1.0,1.0,0.6666666666666666,0.0,18.747968666726567,0.0,12.0
347,28.916666666666668,28.916666666666668,1,4.916666666666668,04:55,14.435768058628607,7.758940067625667,6.67682799100294,1,0,1,1,0,1,0,0,0,0,0.0,0.0,11,0.9166666666666666,21.083519395048775,0.0,0.0,0,none,0,-1,-1.0,-1.0,0.0,12,1.0,1.0,1.0,0,59,0.20486111111111116,0.0,0.4861111111111111,1.0833333333333333,1.0833333333333333,0.5833333333333334,0.0,20.504928616313965,0.0,12.0
348,29.0,29.0,1,5.0,05:00,14.793377315351826,8.008856211174379,6.784521104177447,2,2,0,1,1,0,0,0,0,1,0.0,0.0,12,1.0,25.419858154578574,0.0,0.0,0,none,0,-1,-1.0,-1.0,0.0,12,1.0,1.0,1.0,0,60,0.20833333333333334,0.08333333333333333,0.5277777777777778,1.1666666666666667,1.0833333333333333,0.5833333333333334,0.0,20.591312614711835,0.0,12.0
349,29.083333333333332,29.083333333333332,1,5.083333333333332,05:04,15.176864613283552,8.279956778461814,6.896907834821737,0,0,0,1,1,0,2,1,1,0,0.0,0.0,11,0.9166666666666666,19.079641911890327,5.0,0.0,0,none,0,-1,-1.0,-1.0,0.0,12,1.0,1.0,1.0,0,61,0.2118055555555555,0.08333333333333333,0.5625,1.1666666666666667,1.1666666666666667,0.75,0.0,22.18128277403603,0.4166666666666667,12.0
350,29.166666666666668,29.166666666666668,1,5.166666666666668,05:10,15.586664188169646,8.573203674031838,7.013460514137807,1,1,0,1,1,0,2,1,1,0,0.0,0.0,10,0.8333333333333334,26.425909495387295,0.0,0.0,0,none,0,-1,-1.0,-1.0,0.0,12,1.0,1.0,1.0,0,62,0.21527777777777782,0.08333333333333333,0.6041666666666666,1.25,1.25,0.75,0.0,24.38344189865164,0.4166666666666667,12.0
351,29.25,29.25,1,5.25,05:15,16.023029473063175,8.88948714835656,7.133542324706616,0,0,0,0,0,0,1,1,0,0,0.0,0.0,9,0.75,0.0,0.0,0.0,0,none,0,-1,-1.0,-1.0,0.0,12,1.0,1.0,1.0,0,63,0.21875,0.08333333333333333,0.6388888888888888,1.1666666666666667,1.1666666666666667,0.75,0.0,21.97540584519615,0.4166666666666667,12.0
352,29.333333333333332,29.333333333333332,1,5.333333333333332,05:19,16.486012554603974,9.229603951951692,7.256408602652283,1,1,0,1,1,0,4,2,2,0,0.0,0.0,6,0.5,35.270291268569096,0.0,0.0,0,none,0,-1,-1.0,-1.0,0.0,12,1.0,1.0,1.0,0,64,0.22222222222222218,0.08333333333333333,0.6597222222222222,1.25,1.25,1.0,0.0,24.91459678424357,0.4166666666666667,12.0
353,29.416666666666668,29.416666666666668,1,5.416666666666668,05:25,16.975444511287378,9.594233268726793,7.3812112425605845,3,2,1,3,2,1,2,2,0,0,0.0,0.0,7,0.5833333333333334,31.00615668924981,0.0,2.5,0,none,0,-1,-1.0,-1.0,0.0,12,1.0,1.0,1.0,0,65,0.2256944444444445,0.08333333333333333,0.6944444444444443,1.5,1.5,1.0833333333333333,0.0,27.49844317501439,0.4166666666666667,12.0
354,29.5,29.5,1,5.5,05:30,17.490917053446246,9.983910560626,7.507006492820245,0,0,0,0,0,0,2,2,0,0,0.0,0.0,5,0.4166666666666667,0.0,0.0,0.0,0,none,0,-1,-1.0,-1.0,0.0,12,1.0,1.0,1.0,0,66,0.22916666666666666,0.08333333333333333,0.7083333333333334,1.3333333333333333,1.3333333333333333,1.1666666666666667,0.0,24.70260741541789,0.4166666666666667,12.0
355,29.583333333333332,29.583333333333332,1,5.583333333333332,05:34,18.03176589842134,10.39899955876687,7.63276633965447,1,0,1,1,0,1,0,0,0,0,0.0,0.0,6,0.5,37.97197517831401,0.0,0.0,0,none,0,-1,-1.0,-1.0,0.0,12,1.0,1.0,1.0,0,67,0.23263888888888884,0.08333333333333333,0.7152777777777778,1.25,1.25,1.1666666666666667,0.0,24.96990603241269,0.4166666666666667,12.0
356,29.666666666666668,29.666666666666668,1,5.666666666666668,05:40,18.597056319640426,10.839662753923824,7.757393565716604,1,0,1,1,0,1,1,1,0,0,0.0,0.0,6,0.5,34.188317524558464,0.0,0.0,0,none,0,-1,-1.0,-1.0,0.0,12,1.0,1.0,1.0,0,68,0.23611111111111116,0.08333333333333333,0.7083333333333334,1.1666666666666667,1.1666666666666667,1.25,0.0,24.60347711686222,0.4166666666666667,12.0
357,29.75,29.75,1,5.75,05:45,19.185571304165776,11.305830868451876,7.879740435713901,3,3,0,3,3,0,1,1,0,0,0.0,0.0,8,0.6666666666666666,30.07807430914797,0.0,0.0,0,none,0,-1,-1.0,-1.0,0.0,12,1.0,1.0,1.0,0,69,0.23958333333333334,0.08333333333333333,0.7013888888888888,1.1666666666666667,1.1666666666666667,1.25,0.0,24.701763879234445,0.4166666666666667,12.0
358,29.833333333333332,29.833333333333332,1,5.833333333333332,05:49,19.795802738980807,11.797171928386625,7.9986308105941815,0,0,0,0,0,0,0,0,0,0,0.0,0.0,8,0.6666666666666666,0.0,0.0,0.0,0,none,0,-1,-1.0,-1.0,0.0,12,1.0,1.0,1.0,0,70,0.2430555555555555,0.08333333333333333,0.6875,1.0833333333333333,1.0833333333333333,1.25,0.0,21.71031199389536,0.4166666666666667,12.0
359,29.916666666666668,29.916666666666668,1,5.916666666666668,05:55,20.425946021372972,12.31306069293245,8.112885328440523,1,0,1,1,0,1,0,0,0,0,0.0,0.0,9,0.75,16.867720289058862,0.0,0.0,0,none,0,-1,-1.0,-1.0,0.0,12,1.0,1.0,1.0,0,71,0.24652777777777782,0.08333333333333333,0.673611111111111,1.0833333333333333,1.0833333333333333,1.25,0.0,21.358995401729533,0.4166666666666667,12.0
360,30.0,30.0,1,6.0,06:00,21.073898452991536,12.852549332068135,8.221349120923401,2,1,1,2,1,1,2,2,0,0,0.0,0.0,9,0.75,30.30377474463347,0.0,0.0,0,none,0,-1,-1.0,-1.0,0.0,12,1.0,1.0,1.0,0,72,0.25,0.0,0.6527777777777778,1.0833333333333333,1.1666666666666667,1.4166666666666667,0.0,21.765988450900775,0.4166666666666667,12.0
361,30.083333333333332,30.083333333333332,1,6.083333333333332,06:04,21.737261730557623,13.414340363725726,8.322921366831897,3,2,1,3,2,1,0,0,0,0,0.0,0.0,12,1.0,26.503583662641375,0.0,0.0,0,none,0,-1,-1.0,-1.0,0.0,12,1.0,1.0,1.0,0,73,0.25347222222222215,0.0,0.6597222222222222,1.3333333333333333,1.3333333333333333,1.25,0.0,22.38465026346336,0.0,12.0
362,30.166666666666668,30.166666666666668,1,6.166666666666668,06:10,22.413348789126825,13.996762961383732,8.416585827743093,0,0,0,0,0,0,1,0,1,0,0.0,0.0,11,0.9166666666666666,0.0,0.0,0.0,0,none,0,-1,-1.0,-1.0,0.0,12,1.0,1.0,1.0,0,74,0.2569444444444445,0.0,0.6666666666666666,1.25,1.25,1.1666666666666667,0.0,20.182491138847755,0.0,12.0
363,30.25,30.25,1,6.25,06:15,23.099195186920248,14.597753812116144,8.501441374804104,1,0,1,1,0,1,4,1,3,0,0.0,0.0,8,0.6666666666666666,38.52299171537863,0.0,0.0,0,none,0,-1,-1.0,-1.0,0.0,12,1.0,1.0,1.0,0,75,0.2604166666666667,0.0,0.6597222222222222,1.3333333333333333,1.3333333333333333,1.4166666666666667,0.0,23.392740448462643,0.0,12.0
364,30.333333333333332,30.333333333333332,1,6.333333333333332,06:19,23.79157514503051,15.214843735523216,8.576731409507294,2,1,1,2,1,1,2,2,0,0,0.0,0.0,8,0.6666666666666666,30.46588594197598,0.0,0.0,0,none,0,-1,-1.0,-1.0,0.0,12,1.0,1.0,1.0,0,76,0.26388888888888884,0.0,0.673611111111111,1.4166666666666667,1.4166666666666667,1.25,0.0,22.99237333791321,0.0,12.0
365,30.416666666666668,30.416666666666668,1,6.416666666666668,06:25,24.487022272072142,15.845151257710995,8.641871014361147,1,1,0,1,1,0,0,0,0,0,0.0,0.0,9,0.75,20.09498761934733,0.0,0.0,0,none,0,-1,-1.0,-1.0,0.0,12,1.0,1.0,1.0,0,77,0.26736111111111116,0.0,0.6875,1.25,1.25,1.0833333333333333,0.0,22.08310924875467,0.0,12.0
366,30.5,30.5,1,6.5,06:30,25.18185491467317,16.48538426517569,8.696470649497481,0,0,0,0,0,0,0,0,0,0,0.0,0.0,9,0.75,0.0,0.0,0.0,0,none,0,-1,-1.0,-1.0,0.0,12,1.0,1.0,1.0,0,78,0.2708333333333333,0.0,0.7152777777777777,1.25,1.25,0.9166666666666666,0.0,22.08310924875467,0.0,12.0
367,30.583333333333332,30.583333333333332,1,6.583333333333332,06:34,25.87220598144596,17.131850736701498,8.74035524474446,3,1,2,3,1,2,5,3,2,0,0.0,0.0,7,0.5833333333333334,31.851728996396428,0.0,0.0,0,none,0,-1,-1.0,-1.0,0.0,12,1.0,1.0,1.0,0,79,0.2743055555555555,0.0,0.7222222222222222,1.4166666666666667,1.4166666666666667,1.3333333333333333,0.0,21.573088733594876,0.0,12.0
368,30.666666666666668,30.666666666666668,1,6.666666666666668,06:40,26.55405699280673,17.780479365401785,8.773577627404945,0,0,0,0,0,0,0,0,0,0,0.0,0.0,7,0.5833333333333334,0.0,0.0,0.0,0,none,0,-1,-1.0,-1.0,0.0,12,1.0,1.0,1.0,0,80,0.27777777777777785,0.0,0.7291666666666666,1.3333333333333333,1.3333333333333333,1.25,0.0,18.724062273215004,0.0,12.0
369,30.75,30.75,1,6.75,06:45,27.223276013981916,18.426850639071922,8.796425374909996,2,2,0,2,2,0,1,0,1,0,0.0,0.0,8,0.6666666666666666,34.845190614110194,0.0,0.0,0,none,0,-1,-1.0,-1.0,0.0,12,1.0,1.0,1.0,0,81,0.28125,0.0,0.7291666666666666,1.25,1.25,1.25,0.0,19.12132196529519,0.0,12.0
370,30.833333333333332,30.833333333333332,1,6.833333333333332,06:49,27.87565903610472,19.06623864967703,8.809420386427695,3,3,0,3,3,0,1,1,0,0,0.0,0.0,10,0.8333333333333334,31.627698335270367,0.0,0.0,0,none,0,-1,-1.0,-1.0,0.0,12,1.0,1.0,1.0,0,82,0.28472222222222215,0.0,0.7430555555555557,1.5,1.5,1.3333333333333333,0.0,21.756963493234384,0.0,12.0
371,30.916666666666668,30.916666666666668,1,6.916666666666668,06:55,28.506974282872847,19.69366356014148,8.813310722731366,0,0,0,0,0,0,1,0,1,0,0.0,0.0,9,0.75,0.0,0.0,0.0,0,none,0,-1,-1.0,-1.0,0.0,12,1.0,1.0,1.0,0,83,0.2881944444444445,0.0,0.7430555555555557,1.4166666666666667,1.4166666666666667,1.4166666666666667,0.0,20.351320135812813,0.0,12.0
372,31.0,31.0,1,7.0,07:00,29.1130088401957,20.303954280090416,8.809054560105285,2,0,2,2,0,2,1,1,0,0,0.0,0.0,10,0.8333333333333334,20.211029210328434,0.0,0.0,0,none,0,-1,-1.0,-1.0,0.0,12,1.0,1.0,1.0,0,84,0.2916666666666667,0.0,0.75,1.4166666666666667,1.4166666666666667,1.3333333333333333,0.0,19.51025800795406,0.0,12.0
373,31.083333333333332,31.083333333333332,1,7.083333333333332,07:04,29.689616935891436,20.891820506302672,8.797796429588766,1,1,0,1,1,0,0,0,0,0,0.0,0.0,11,0.9166666666666666,40.59127033780819,0.0,0.0,0,none,0,-1,-1.0,-1.0,0.0,12,1.0,1.0,1.0,0,85,0.29513888888888884,0.0,0.7430555555555555,1.25,1.25,1.3333333333333333,0.0,20.684231897551296,0.0,12.0
374,31.166666666666668,31.166666666666668,1,7.166666666666668,07:10,30.232769137920037,21.451932885329732,8.780836252590307,2,1,1,2,1,1,3,1,2,0,0.0,0.0,10,0.8333333333333334,23.6394944996243,0.0,0.0,0,none,0,-1,-1.0,-1.0,0.0,12,1.0,1.0,1.0,0,86,0.29861111111111116,0.0,0.736111111111111,1.4166666666666667,1.4166666666666667,1.5,0.0,22.654189772519988,0.0,12.0
375,31.25,31.25,1,7.25,07:15,30.73860169473985,21.979009673661682,8.759592021078165,0,0,0,0,0,0,1,1,0,0,0.0,0.0,9,0.75,0.0,0.0,0.0,0,none,0,-1,-1.0,-1.0,0.0,12,1.0,1.0,1.0,0,87,0.3020833333333333,0.0,0.7430555555555555,1.3333333333333333,1.3333333333333333,1.25,0.0,19.4439404629051,0.0,12.0
376,31.333333333333332,31.333333333333332,1,7.333333333333332,07:19,31.203465211722794,22.467907924336398,8.735557287386397,2,1,1,2,1,1,2,1,1,0,0.0,0.0,9,0.75,24.375359283113838,0.0,0.0,0,none,0,-1,-1.0,-1.0,0.0,12,1.0,1.0,1.0,0,88,0.3055555555555555,0.0,0.75,1.3333333333333333,1.3333333333333333,1.25,0.0,18.93639657466659,0.0,12.0
377,31.416666666666668,31.416666666666668,1,7.416666666666668,07:25,31.623971844371184,22.9137169369745,8.710254907396683,4,2,2,4,2,2,2,1,1,0,0.0,0.0,11,0.9166666666666666,27.754607064388313,0.0,0.0,0,none,0,-1,-1.0,-1.0,0.0,12,1.0,1.0,1.0,0,89,0.30902777777777785,0.0,0.763888888888889,1.5833333333333333,1.5833333333333333,1.4166666666666667,0.0,19.574698195086672,0.0,12.0
378,31.5,31.5,1,7.5,07:30,31.997040193149484,23.311851488333524,8.68518870481596,0,0,0,0,0,0,3,2,1,0,0.0,0.0,8,0.6666666666666666,0.0,0.0,0.0,0,none,0,-1,-1.0,-1.0,0.0,12,1.0,1.0,1.0,0,90,0.3125,0.0,0.7569444444444445,1.5833333333333333,1.5833333333333333,1.6666666666666667,0.0,19.574698195086672,0.0,12.0
379,31.583333333333332,31.583333333333332,1,7.583333333333332,07:34,32.31993710643412,23.658142227397708,8.66179487903641,2,2,0,2,2,0,0,0,0,0,0.0,0.0,10,0.8333333333333334,33.68801765782268,0.0,0.0,0,none,0,-1,-1.0,-1.0,0.0,12,1.0,1.0,1.0,0,91,0.31597222222222215,0.0,0.7777777777777778,1.5,1.5,1.25,0.0,19.727722250205527,0.0,12.0
380,31.666666666666668,31.666666666666668,1,7.666666666666668,07:40,32.590315637283716,23.948920583849123,8.641395053434593,3,3,0,3,3,0,1,1,0,0,0.0,0.0,12,1.0,31.37292998826638,0.0,0.0,0,none,0,-1,-1.0,-1.0,0.0,12,1.0,1.0,1.0,0,92,0.3194444444444445,0.0,0.8125,1.75,1.75,1.3333333333333333,0.0,22.34213308256106,0.0,12.0
381,31.75,31.75,1,7.75,07:45,32.80624845586041,24.181095608048782,8.62515284781163,3,2,1,1,1,0,1,0,1,2,0.0,0.0,12,1.0,15.88213476453587,0.0,0.0,0,none,0,-1,-1.0,-1.0,0.0,12,1.0,1.0,1.0,0,93,0.3229166666666667,0.16666666666666666,0.8402777777777778,1.8333333333333333,1.6666666666666667,1.3333333333333333,0.0,20.761878428429863,0.0,12.0
382,31.833333333333332,31.833333333333332,1,7.833333333333332,07:49,32.96625609134107,24.352220335784285,8.614035755556788,3,2,1,4,2,2,4,4,0,1,0.0,0.0,12,1.0,27.031547871913936,2.5,0.0,0,none,0,-1,-1.0,-1.0,0.0,12,1.0,1.0,1.0,0,94,0.32638888888888884,0.25,0.8541666666666666,1.8333333333333333,1.75,1.5833333333333333,0.0,20.37886588981683,0.20833333333333334,12.0
383,31.916666666666668,31.916666666666668,1,7.916666666666668,07:55,33.0693294635577,24.460545547952474,8.608783915605228,2,2,0,1,1,0,1,0,1,2,0.0,0.0,12,1.0,24.170443092447606,5.0,0.0,0,none,0,-1,-1.0,-1.0,0.0,12,1.0,1.0,1.0,0,95,0.32986111111111116,0.4166666666666667,0.875,2.0,1.8333333333333333,1.5833333333333333,0.0,22.393069480854127,0.625,12.0
384,32.0,32.0,1,8.0,08:00,33.11494626351003,24.505059164561004,8.609887098949025,2,1,1,0,0,0,0,0,0,4,2.5,5.0,12,1.0,0.0,0.0,0.0,0,none,0,-1,-1.0,-1.0,0.0,12,1.0,1.0,1.0,0,96,0.3333333333333333,0.75,0.888888888888889,2.0,1.6666666666666667,1.5,0.20833333333333334,20.70881704666009,0.625,12.0
385,32.083333333333336,32.083333333333336,1,8.083333333333336,08:05,33.10308085105868,24.48550995942837,8.617570891630306,0,0,0,4,3,1,4,2,2,0,0.0,0.0,12,1.0,29.303104336719358,7.5,1.25,0,none,0,-1,-1.0,-1.0,0.0,12,1.0,1.0,1.0,0,97,0.33680555555555564,0.75,0.8958333333333334,1.9166666666666667,1.9166666666666667,1.8333333333333333,0.20833333333333334,19.768136546569355,1.25,12.0
386,32.166666666666664,32.166666666666664,1,8.166666666666664,08:09,33.03420745500948,24.402414787887224,8.631792667122253,1,0,1,0,0,0,0,0,0,1,0.0,0.0,12,1.0,0.0,0.0,0.0,0,none,0,-1,-1.0,-1.0,0.0,12,1.0,1.0,1.0,0,98,0.3402777777777777,0.8333333333333334,0.9097222222222223,1.8333333333333333,1.75,1.5833333333333333,0.20833333333333334,17.798178671600663,1.25,12.0
387,32.25,32.25,1,8.25,08:15,32.909296582700236,24.25704906246724,8.652247520232999,2,1,1,3,1,2,5,5,0,0,0.0,0.0,10,0.8333333333333334,30.519503534450326,1.6666666666666667,0.0,0,none,0,-1,-1.0,-1.0,0.0,12,1.0,1.0,1.0,0,99,0.34375,0.8333333333333334,0.9166666666666666,2.0,2.0,1.9166666666666667,0.20833333333333334,20.34147063280486,1.388888888888889,12.0
388,32.333333333333336,32.333333333333336,1,8.333333333333336,08:20,32.72980467023149,24.051420766661572,8.678383903569918,1,1,0,1,1,0,2,1,1,0,0.0,0.0,9,0.75,28.36168618251126,0.0,2.5,0,none,0,-1,-1.0,-1.0,0.0,12,1.0,1.0,1.0,0,100,0.3472222222222223,0.8333333333333334,0.9166666666666666,1.9166666666666667,1.9166666666666667,1.9166666666666667,0.20833333333333334,20.673664541087977,1.388888888888889,12.0
389,32.416666666666664,32.416666666666664,1,8.416666666666664,08:24,32.4976571277268,23.788228839436016,8.70942828829078,1,0,1,1,0,1,0,0,0,0,0.0,0.0,10,0.8333333333333334,22.215714509687004,0.0,0.0,0,none,0,-1,-1.0,-1.0,0.0,12,1.0,1.0,1.0,0,101,0.35069444444444436,0.8333333333333334,0.9097222222222222,1.6666666666666667,1.6666666666666667,1.75,0.20833333333333334,20.212090161529535,1.388888888888889,12.0
390,32.5,32.5,1,8.5,08:30,32.215225053589485,23.470807268775776,8.744417784813711,1,1,0,1,1,0,2,1,1,0,0.0,0.0,9,0.75,18.77172820740808,0.0,5.0,0,none,0,-1,-1.0,-1.0,0.0,12,1.0,1.0,1.0,0,102,0.3541666666666667,0.8333333333333334,0.9166666666666666,1.75,1.75,1.6666666666666667,0.20833333333333334,21.77640084548021,1.388888888888889,12.0
391,32.583333333333336,32.583333333333336,1,8.583333333333336,08:35,31.88529600489135,23.103056678994534,8.782239325896816,1,0,1,1,0,1,2,2,0,0,0.0,0.0,8,0.6666666666666666,16.138712392884173,0.0,7.5,0,none,0,-1,-1.0,-1.0,0.0,12,1.0,1.0,1.0,0,103,0.357638888888889,0.8333333333333334,0.9027777777777777,1.6666666666666667,1.6666666666666667,1.8333333333333333,0.20833333333333334,20.313958740068667,1.388888888888889,12.0
392,32.666666666666664,32.666666666666664,1,8.666666666666664,08:39,31.511039315232892,22.68936556475991,8.821673750472984,4,2,2,4,2,2,1,1,0,0,0.0,0.0,11,0.9166666666666666,31.316148650443793,0.0,0.0,0,none,0,-1,-1.0,-1.0,0.0,12,1.0,1.0,1.0,0,104,0.361111111111111,0.8333333333333334,0.8958333333333334,1.75,1.75,1.8333333333333333,0.20833333333333334,20.309226961916785,1.388888888888889,12.0
393,32.75,32.75,1,8.75,08:45,31.09596654438335,22.234523600145966,8.861442944237385,0,0,0,0,0,0,1,0,1,0,0.0,0.0,10,0.8333333333333334,0.0,0.0,5.0,0,none,0,-1,-1.0,-1.0,0.0,12,1.0,1.0,1.0,0,105,0.3645833333333333,0.6666666666666666,0.8819444444444443,1.5,1.6666666666666667,1.8333333333333333,0.20833333333333334,18.985715731538797,1.388888888888889,12.0
394,32.833333333333336,32.833333333333336,1,8.833333333333336,08:50,30.64388772380226,21.743629623876984,8.900258099925276,1,0,1,1,0,1,3,2,1,0,0.0,0.0,8,0.6666666666666666,33.170132922965955,0.0,0.0,0,none,0,-1,-1.0,-1.0,0.0,12,1.0,1.0,1.0,0,106,0.36805555555555564,0.5833333333333334,0.8541666666666666,1.3333333333333333,1.4166666666666667,1.75,0.20833333333333334,19.497264485793128,1.1805555555555556,12.0
395,32.916666666666664,32.916666666666664,1,8.916666666666664,08:54,30.158864127210023,21.221996968102584,8.93686715910744,4,4,0,4,4,0,2,1,1,0,0.0,0.0,10,0.8333333333333334,23.078466497717756,0.0,5.0,0,none,0,-1,-1.0,-1.0,0.0,12,1.0,1.0,1.0,0,107,0.3715277777777777,0.4166666666666667,0.8402777777777777,1.5,1.6666666666666667,1.8333333333333333,0.20833333333333334,19.40626643623231,0.7638888888888888,12.0
396,33.0,33.0,1,9.0,09:00,29.645158344583038,20.6750587588802,8.970099585702838,0,0,0,0,0,0,1,0,1,0,0.0,0.0,9,0.75,0.0,0.0,0.0,0,none,0,-1,-1.0,-1.0,0.0,12,1.0,1.0,1.0,0,108,0.375,0.08333333333333333,0.8194444444444443,1.3333333333333333,1.6666666666666667,1.9166666666666667,0.0,19.40626643623231,0.7638888888888888,12.0
397,33.083333333333336,33.083333333333336,1,9.083333333333336,09:05,29.1071824706093,20.108275678599686,8.998906792009613,3,2,1,3,2,1,2,1,1,0,0.0,0.0,10,0.8333333333333334,28.399161907890925,0.0,0.0,0,none,0,-1,-1.0,-1.0,0.0,12,1.0,1.0,1.0,0,109,0.3784722222222223,0.08333333333333333,0.8055555555555555,1.5833333333333333,1.5833333333333333,1.75,0.0,19.330937900496608,0.1388888888888889,12.0
398,33.166666666666664,33.166666666666664,1,9.166666666666664,09:09,28.54944523450868,19.527048455065156,9.022396779443524,3,1,2,2,1,1,0,0,0,1,0.0,0.0,12,1.0,33.11365070763443,0.0,0.0,0,none,0,-1,-1.0,-1.0,0.0,12,1.0,1.0,1.0,0,110,0.38194444444444436,0.08333333333333333,0.8055555555555555,1.75,1.75,1.75,0.0,22.090408792799476,0.1388888888888889,12.0
399,33.25,33.25,1,9.25,09:15,27.97649889740076,18.936637043846602,9.039861853554159,2,2,0,1,0,1,1,1,0,2,0.0,0.0,12,1.0,29.646469272604207,5.0,0.0,0,none,0,-1,-1.0,-1.0,0.0,12,1.0,1.0,1.0,0,111,0.3854166666666667,0.25,0.8194444444444443,1.75,1.5833333333333333,1.4166666666666667,0.0,22.017655937645632,0.4166666666666667,12.0
400,33.333333333333336,33.333333333333336,1,9.333333333333336,09:20,27.392886726700688,18.342088117568867,9.05079860913182,2,2,0,2,2,0,2,2,0,2,0.0,0.0,12,1.0,37.23985264257431,5.0,0.0,0,none,0,-1,-1.0,-1.0,0.0,12,1.0,1.0,1.0,0,112,0.388888888888889,0.4166666666666667,0.8402777777777777,1.8333333333333333,1.6666666666666667,1.4166666666666667,0.0,22.757503142650886,0.8333333333333334,12.0
401,33.416666666666664,33.416666666666664,1,9.416666666666664,09:24,26.803091825334036,17.748172087371692,9.054919737962344,0,0,0,2,2,0,5,3,2,0,0.0,0.0,9,0.75,28.8040808321652,5.0,0.0,0,none,0,-1,-1.0,-1.0,0.0,12,1.0,1.0,1.0,0,113,0.392361111111111,0.4166666666666667,0.8333333333333334,1.75,1.75,1.8333333333333333,0.0,23.306533669524068,1.25,12.0
402,33.5,33.5,1,9.5,09:30,26.21148804821528,17.15933047764443,9.05215757057085,2,2,0,2,2,0,1,0,1,0,0.0,0.0,10,0.8333333333333334,30.344883661186408,0.0,0.0,0,none,0,-1,-1.0,-1.0,0.0,12,1.0,1.0,1.0,0,114,0.3958333333333333,0.4166666666666667,0.8402777777777778,1.8333333333333333,1.8333333333333333,1.75,0.0,24.27096329067226,1.25,12.0
403,33.583333333333336,33.583333333333336,1,9.583333333333336,09:35,25.62229368103432,16.579634074411178,9.042659606623143,1,1,0,1,1,0,0,0,0,0,0.0,0.0,11,0.9166666666666666,31.658987327269063,0.0,0.0,0,none,0,-1,-1.0,-1.0,0.0,12,1.0,1.0,1.0,0,115,0.39930555555555564,0.4166666666666667,0.8611111111111112,1.8333333333333333,1.8333333333333333,1.5833333333333333,0.0,25.564319535204337,1.25,12.0
404,33.666666666666664,33.666666666666664,1,9.666666666666664,09:39,25.03952848876275,16.012751887827882,9.026776600934866,0,0,0,0,0,0,1,1,0,0,0.0,0.0,10,0.8333333333333334,0.0,0.0,0.0,0,none,0,-1,-1.0,-1.0,0.0,12,1.0,1.0,1.0,0,116,0.4027777777777777,0.4166666666666667,0.8541666666666666,1.5,1.5,1.5833333333333333,0.0,22.95464048100069,1.25,12.0
405,33.75,33.75,1,9.75,09:45,24.466974665405278,15.461930625056299,9.005044040348979,0,0,0,0,0,0,2,0,2,0,0.0,0.0,8,0.6666666666666666,0.0,0.0,2.5,0,none,0,-1,-1.0,-1.0,0.0,12,1.0,1.0,1.0,0,117,0.40625,0.4166666666666667,0.8402777777777778,1.5,1.5,1.6666666666666667,0.0,22.95464048100069,1.25,12.0
406,33.833333333333336,33.833333333333336,1,9.833333333333336,09:50,23.908142134435682,14.929984073073737,8.978158061361945,2,1,1,2,1,1,1,1,0,0,0.0,0.0,9,0.75,33.43023257173721,0.0,5.0,0,none,0,-1,-1.0,-1.0,0.0,12,1.0,1.0,1.0,0,118,0.4097222222222223,0.4166666666666667,0.8472222222222222,1.5833333333333333,1.5833333333333333,1.5,0.0,22.976315451731622,1.25,12.0
407,33.916666666666664,33.916666666666664,1,9.916666666666664,09:54,23.366238563149302,14.419291550051335,8.946947013097967,2,2,0,2,2,0,1,1,0,0,0.0,0.0,10,0.8333333333333334,28.03578774701728,0.0,5.0,0,none,0,-1,-1.0,-1.0,0.0,12,1.0,1.0,1.0,0,119,0.41319444444444436,0.4166666666666667,0.8472222222222222,1.4166666666666667,1.4166666666666667,1.4166666666666667,0.0,23.38942555583992,1.25,12.0
408,34.0,34.0,1,10.0,10:00,22.844144365874875,13.931804403464822,8.912339962410053,0,0,0,0,0,0,3,3,0,0,0.0,0.0,7,0.5833333333333334,0.0,0.0,1.6666666666666667,0,none,0,-1,-1.0,-1.0,0.0,12,1.0,1.0,1.0,0,120,0.4166666666666667,0.4166666666666667,0.8333333333333334,1.4166666666666667,1.4166666666666667,1.5833333333333333,0.0,23.38942555583992,1.25,12.0
409,34.083333333333336,34.083333333333336,1,10.083333333333336,10:05,22.344392882550007,13.46905941424478,8.875333468305227,0,0,0,0,0,0,2,2,0,0,0.0,0.0,5,0.4166666666666667,0.0,0.0,2.5,0,none,0,-1,-1.0,-1.0,0.0,12,1.0,1.0,1.0,0,121,0.420138888888889,0.4166666666666667,0.7986111111111112,1.1666666666666667,1.1666666666666667,1.5833333333333333,0.0,21.022828730182344,1.25,12.0
410,34.166666666666664,34.166666666666664,1,10.166666666666664,10:09,21.869155832367486,13.032197906976009,8.836957925391477,2,2,0,2,2,0,1,1,0,0,0.0,0.0,6,0.5,35.45231118172721,0.0,0.0,0,none,0,-1,-1.0,-1.0,0.0,12,1.0,1.0,1.0,0,122,0.423611111111111,0.3333333333333333,0.7569444444444445,1.0833333333333333,1.1666666666666667,1.6666666666666667,0.0,21.217717103023407,1.25,12.0
411,34.25,34.25,1,10.25,10:15,21.420234058650554,12.621989361614977,8.798244697035576,2,2,0,2,2,0,0,0,0,0,0.0,0.0,8,0.6666666666666666,37.802847977713874,0.0,0.0,0,none,0,-1,-1.0,-1.0,0.0,12,1.0,1.0,1.0,0,123,0.4270833333333333,0.16666666666666666,0.7291666666666666,1.0833333333333333,1.25,1.5833333333333333,0.0,21.897415328449213,0.8333333333333334,12.0
412,34.333333333333336,34.333333333333336,1,10.333333333333336,10:20,20.999053502196038,12.238858365423964,8.760195136772074,2,2,0,2,2,0,2,1,1,0,0.0,0.0,8,0.6666666666666666,32.639817088644705,0.0,0.0,0,none,0,-1,-1.0,-1.0,0.0,12,1.0,1.0,1.0,0,124,0.43055555555555564,0.0,0.7013888888888888,1.0833333333333333,1.25,1.5833333333333333,0.0,21.51407903228841,0.4166666666666667,12.0
413,34.416666666666664,34.416666666666664,1,10.416666666666664,10:24,20.606666267184465,11.882913826299545,8.72375244088492,1,0,1,1,0,1,0,0,0,0,0.0,0.0,9,0.75,29.477882953466654,0.0,0.0,0,none,0,-1,-1.0,-1.0,0.0,12,1.0,1.0,1.0,0,125,0.4340277777777777,0.0,0.7013888888888888,1.1666666666666667,1.1666666666666667,1.1666666666666667,0.0,21.57022920906353,0.0,12.0
414,34.5,34.5,1,10.5,10:30,20.243756577299482,11.55397948099992,8.689777096299562,0,0,0,0,0,0,2,2,0,0,0.0,0.0,7,0.5833333333333334,0.0,0.0,0.0,0,none,0,-1,-1.0,-1.0,0.0,12,1.0,1.0,1.0,0,126,0.4375,0.0,0.6805555555555555,1.0,1.0,1.25,0.0,19.041488903964666,0.0,12.0
415,34.583333333333336,34.583333333333336,1,10.583333333333336,10:35,19.91065136057534,11.25162486428817,8.65902649628717,0,0,0,0,0,0,0,0,0,0,0.0,0.0,7,0.5833333333333334,0.0,0.0,0.0,0,none,0,-1,-1.0,-1.0,0.0,12,1.0,1.0,1.0,0,127,0.4409722222222223,0.0,0.6527777777777778,0.9166666666666666,0.9166666666666666,1.25,0.0,16.403239960025576,0.0,12.0
416,34.666666666666664,34.666666666666664,1,10.666666666666664,10:39,19.60733515011341,10.975196048358079,8.632139101755332,1,1,0,1,1,0,0,0,0,0,0.0,0.0,8,0.6666666666666666,33.698700997982385,0.0,0.0,0,none,0,-1,-1.0,-1.0,0.0,12,1.0,1.0,1.0,0,128,0.44444444444444436,0.0,0.6388888888888888,1.0,1.0,1.1666666666666667,0.0,19.211465043190774,0.0,12.0
417,34.75,34.75,1,10.75,10:45,19.333468944368136,10.723845607532295,8.60962333683584,2,1,1,2,1,1,1,1,0,0,0.0,0.0,9,0.75,30.15653356418451,0.0,0.0,0,none,0,-1,-1.0,-1.0,0.0,12,1.0,1.0,1.0,0,129,0.4479166666666667,0.0,0.6458333333333334,1.1666666666666667,1.1666666666666667,1.0833333333333333,0.0,21.72450950687282,0.0,12.0
418,34.833333333333336,34.833333333333336,1,10.833333333333336,10:50,19.08841263518216,10.496561403697475,8.591851231484684,0,0,0,0,0,0,3,3,0,0,0.0,0.0,6,0.5,0.0,0.0,0.0,0,none,0,-1,-1.0,-1.0,0.0,12,1.0,1.0,1.0,0,130,0.451388888888889,0.0,0.625,1.0,1.0,1.25,0.0,18.938656792561385,0.0,12.0
419,34.916666666666664,34.916666666666664,1,10.916666666666664,10:54,18.87125058396051,10.292193917243164,8.579056666717346,0,0,0,0,0,0,1,0,1,0,0.0,0.0,5,0.4166666666666667,0.0,0.0,0.0,0,none,0,-1,-1.0,-1.0,0.0,12,1.0,1.0,1.0,0,131,0.454861111111111,0.0,0.5902777777777778,0.8333333333333334,0.8333333333333334,1.25,0.0,16.60234114697661,0.0,12.0
420,35.0,35.0,1,11.0,11:00,18.68081990598018,10.109481961899167,8.571337944081012,0,0,0,0,0,0,2,2,0,0,0.0,0.0,3,0.25,0.0,0.0,0.0,0,none,0,-1,-1.0,-1.0,0.0,12,1.0,1.0,1.0,0,132,0.4583333333333333,0.0,0.5625,0.8333333333333334,0.8333333333333334,1.1666666666666667,0.0,16.60234114697661,0.0,12.0
421,35.083333333333336,35.083333333333336,1,11.083333333333336,11:05,18.51574100938189,9.947076716859607,8.568664292522284,0,0,0,0,0,0,0,0,0,0,0.0,0.0,3,0.25,0.0,0.0,0.0,0,none,0,-1,-1.0,-1.0,0.0,12,1.0,1.0,1.0,0,133,0.46180555555555564,0.0,0.548611111111111,0.8333333333333334,0.8333333333333334,1.0,0.0,16.60234114697661,0.0,12.0
422,35.166666666666664,35.166666666666664,1,11.166666666666664,11:09,18.374449928351616,9.803564084452127,8.57088584389949,0,0,0,0,0,0,0,0,0,0,0.0,0.0,3,0.25,0.0,0.0,0.0,0,none,0,-1,-1.0,-1.0,0.0,12,1.0,1.0,1.0,0,134,0.4652777777777777,0.0,0.5277777777777778,0.6666666666666666,0.6666666666666666,0.9166666666666666,0.0,13.647981881832678,0.0,12.0
423,35.25,35.25,1,11.25,11:15,18.25523198878499,9.677485436192194,8.577746552592794,3,2,1,3,2,1,2,1,1,0,0.0,0.0,4,0.3333333333333333,29.164280446749828,0.0,0.0,0,none,0,-1,-1.0,-1.0,0.0,12,1.0,1.0,1.0,0,135,0.46875,0.0,0.49999999999999994,0.75,0.75,1.0833333333333333,0.0,12.92810125425234,0.0,12.0
424,35.333333333333336,35.333333333333336,1,11.333333333333336,11:20,18.156256348724312,9.567356845303241,8.588899503421072,1,0,1,1,0,1,1,1,0,0,0.0,0.0,4,0.3333333333333333,36.17720972415078,0.0,0.0,0,none,0,-1,-1.0,-1.0,0.0,12,1.0,1.0,1.0,0,136,0.4722222222222223,0.0,0.47222222222222215,0.6666666666666666,0.6666666666666666,1.0,0.0,13.222883973877847,0.0,12.0
425,35.416666666666664,35.416666666666664,1,11.416666666666664,11:24,18.075610964452643,9.471686921513756,8.603924042938887,2,2,0,2,2,0,0,0,0,0,0.0,0.0,6,0.5,37.89310083147224,0.0,0.0,0,none,0,-1,-1.0,-1.0,0.0,12,1.0,1.0,1.0,0,137,0.47569444444444436,0.0,0.45138888888888884,0.75,0.75,1.0,0.0,13.924152130378312,0.0,12.0
426,35.5,35.5,1,11.5,11:30,18.011337545728793,9.388993366620257,8.622344179108536,1,1,0,1,1,0,0,0,0,0,0.0,0.0,7,0.5833333333333334,39.03076713464828,0.0,0.0,0,none,0,-1,-1.0,-1.0,0.0,12,1.0,1.0,1.0,0,138,0.4791666666666667,0.0,0.45138888888888884,0.8333333333333334,0.8333333333333334,0.8333333333333334,0.0,17.17671605826567,0.0,12.0
427,35.583333333333336,35.583333333333336,1,11.583333333333336,11:35,17.961466079692393,9.317818359768712,8.643647719923681,2,0,2,2,0,2,0,0,0,0,0.0,0.0,9,0.75,26.64697737391747,0.0,0.0,0,none,0,-1,-1.0,-1.0,0.0,12,1.0,1.0,1.0,0,139,0.482638888888889,0.0,0.46527777777777773,1.0,1.0,0.8333333333333334,0.0,19.397297506092123,0.0,12.0
428,35.666666666666664,35.666666666666664,1,11.666666666666664,11:39,17.924048521947235,9.25674286264822,8.667305659299014,1,1,0,1,1,0,2,1,1,0,0.0,0.0,8,0.6666666666666666,39.61890297891975,0.0,0.0,0,none,0,-1,-1.0,-1.0,0.0,12,1.0,1.0,1.0,0,140,0.486111111111111,0.0,0.4652777777777777,1.0,1.0,1.0,0.0,19.89064767117024,0.0,12.0
429,35.75,35.75,1,11.75,11:45,17.897191274787914,9.204399909759529,8.692791365028386,0,0,0,0,0,0,0,0,0,0,0.0,0.0,8,0.6666666666666666,0.0,0.0,0.0,0,none,0,-1,-1.0,-1.0,0.0,12,1.0,1.0,1.0,0,141,0.4895833333333333,0.0,0.45833333333333326,0.8333333333333334,0.8333333333333334,0.9166666666666666,0.0,17.377603207488196,0.0,12.0
430,35.833333333333336,35.833333333333336,1,11.833333333333336,11:50,17.879086096068907,9.1594869203623,8.719599175706607,1,1,0,1,1,0,0,0,0,0,0.0,0.0,9,0.75,44.173569092299914,0.0,0.0,0,none,0,-1,-1.0,-1.0,0.0,12,1.0,1.0,1.0,0,142,0.49305555555555564,0.0,0.4791666666666667,0.9166666666666666,0.9166666666666666,0.6666666666666666,0.0,21.058733965179854,0.0,12.0
431,35.916666666666664,35.916666666666664,1,11.916666666666664,11:54,17.868039107484766,9.12077703904663,8.747262068438136,0,0,0,0,0,0,0,0,0,0,0.0,0.0,9,0.75,0.0,0.0,0.0,0,none,0,-1,-1.0,-1.0,0.0,12,1.0,1.0,1.0,0,143,0.4965277777777777,0.0,0.5069444444444444,0.9166666666666666,0.9166666666666666,0.5833333333333334,0.0,21.058733965179854,0.0,12.0
432,36.0,36.0,1,12.0,12:00,17.86249759774826,9.0871294831504,8.775368114597859,1,0,1,0,0,0,3,1,2,1,0.0,0.0,6,1.0,0.0,0.0,0.0,1,capacity_drop,1,1,12.0,14.0,120.0,6,1.0,1.0,1.0,1,144,0.5,0.08333333333333333,0.5694444444444444,1.0,0.9166666666666666,0.6666666666666666,0.0,21.058733965179854,0.0,11.5
433,36.083333333333336,36.083333333333336,1,12.083333333333336,12:05,17.86107434408185,9.057498849062302,8.803575495019548,1,0,1,2,0,2,3,2,1,0,0.0,0.0,5,0.8333333333333334,21.240081753354396,2.5,0.0,1,capacity_drop,1,1,12.0,14.0,115.0,6,1.0,1.0,1.0,1,145,0.5034722222222223,0.08333333333333333,0.6180555555555555,1.0833333333333333,1.0833333333333333,0.9166666666666666,0.0,22.828740777959386,0.20833333333333334,11.0
434,36.166666666666664,36.166666666666664,1,12.166666666666664,12:09,17.86256920438291,9.030943306994764,8.831625897388147,0,0,0,0,0,0,1,1,0,0,0.0,0.0,4,0.6666666666666666,0.0,0.0,0.0,1,capacity_drop,1,1,12.0,14.0,110.0,6,1.0,1.0,1.0,1,146,0.5069444444444443,0.08333333333333333,0.6527777777777778,1.0833333333333333,1.0833333333333333,1.0,0.0,22.828740777959386,0.20833333333333334,10.5
435,36.25,36.25,1,12.25,12:15,17.86598776222676,9.006631595875712,8.859356166351047,1,1,0,1,1,0,0,0,0,0,0.0,0.0,5,0.8333333333333334,26.224678505702503,0.0,0.0,1,capacity_drop,1,1,12.0,14.0,105.0,6,1.0,1.0,1.0,1,147,0.5104166666666666,0.08333333333333333,0.6944444444444445,0.9166666666666666,0.9166666666666666,0.8333333333333334,0.0,22.583773949538777,0.20833333333333334,10.0
436,36.333333333333336,36.333333333333336,1,12.333333333333336,12:20,17.870556837404763,8.98384871705027,8.886708120354493,0,0,0,0,0,0,1,1,0,0,0.0,0.0,4,0.6666666666666666,0.0,0.0,0.0,1,capacity_drop,1,1,12.0,14.0,100.0,6,1.0,1.0,1.0,1,148,0.513888888888889,0.08333333333333333,0.7222222222222222,0.8333333333333334,0.8333333333333334,0.8333333333333334,0.0,19.569006472526212,0.20833333333333334,9.5
437,36.416666666666664,36.416666666666664,1,12.416666666666664,12:24,17.87573670585183,8.962000217697103,8.913736488154726,1,1,0,1,1,0,1,0,1,0,0.0,0.0,4,0.6666666666666666,30.434962006001147,0.0,5.0,1,capacity_drop,1,1,12.0,14.0,95.0,6,1.0,1.0,1.0,1,149,0.517361111111111,0.08333333333333333,0.736111111111111,0.75,0.75,0.9166666666666666,0.0,18.947494903736956,0.20833333333333334,9.0
438,36.5,36.5,1,12.5,12:30,17.88122990450794,8.94061495225397,8.94061495225397,2,0,2,2,0,2,1,0,1,0,0.0,0.0,5,0.8333333333333334,33.264495887522195,0.0,0.0,1,capacity_drop,1,1,12.0,14.0,90.0,6,1.0,1.0,1.0,1,150,0.5208333333333334,0.08333333333333333,0.7569444444444443,0.8333333333333334,0.8333333333333334,1.0,0.0,18.46697229980978,0.20833333333333334,8.5
439,36.583333333333336,36.583333333333336,1,12.583333333333336,12:35,17.886986528804712,8.919346212609192,8.96764031619552,0,0,0,0,0,0,1,1,0,0,0.0,0.0,4,0.6666666666666666,0.0,0.0,0.0,1,capacity_drop,1,1,12.0,14.0,85.0,6,1.0,1.0,1.0,1,151,0.5243055555555557,0.08333333333333333,0.7499999999999999,0.6666666666666666,0.6666666666666666,1.0833333333333333,0.0,16.246390851983325,0.20833333333333334,8.0
440,36.666666666666664,36.666666666666664,1,12.666666666666664,12:39,17.893205962998053,8.897971125204322,8.995234837793733,0,0,0,0,0,0,0,0,0,0,0.0,0.0,4,0.6666666666666666,0.0,0.0,0.0,1,capacity_drop,1,1,12.0,14.0,80.0,6,1.0,1.0,1.0,1,152,0.5277777777777777,0.08333333333333333,0.75,0.5833333333333334,0.5833333333333334,0.9166666666666666,0.0,12.944815603740011,0.20833333333333334,7.5
441,36.75,36.75,1,12.75,12:45,17.900335016416467,8.876388225381456,9.02394679103501,1,0,1,1,0,1,1,1,0,0,0.0,0.0,4,0.6666666666666666,16.616106801725067,0.0,0.0,1,capacity_drop,1,1,12.0,14.0,75.0,6,1.0,1.0,1.0,1,153,0.53125,0.08333333333333333,0.75,0.6666666666666666,0.6666666666666666,1.0,0.0,14.329491170550433,0.20833333333333334,7.0
442,36.833333333333336,36.833333333333336,1,12.833333333333336,12:50,17.909062471795444,8.85461313622465,9.054449335570794,1,1,0,1,1,0,0,0,0,0,0.0,0.0,5,0.8333333333333334,20.77789094810761,0.0,0.0,1,capacity_drop,1,1,12.0,14.0,70.0,6,1.0,1.0,1.0,1,154,0.5347222222222223,0.08333333333333333,0.7569444444444445,0.6666666666666666,0.6666666666666666,1.0,0.0,12.379851325201075,0.20833333333333334,6.5
443,36.916666666666664,36.916666666666664,1,12.916666666666664,12:54,17.920310085157453,8.832772300794858,9.087537784362596,0,0,0,0,0,0,0,0,0,0,0.0,0.0,5,0.8333333333333334,0.0,0.0,0.0,1,capacity_drop,1,1,12.0,14.0,65.0,6,1.0,1.0,1.0,1,155,0.5381944444444443,0.08333333333333333,0.7638888888888888,0.6666666666666666,0.6666666666666666,1.0,0.0,12.379851325201075,0.20833333333333334,6.0
444,37.0,37.0,1,13.0,13:00,17.935220110106556,8.811094743120563,9.124125366985993,1,0,1,1,0,1,2,1,1,0,0.0,0.0,4,0.6666666666666666,31.61795179500339,0.0,0.0,1,capacity_drop,1,1,12.0,14.0,60.0,6,1.0,1.0,1.0,1,156,0.5416666666666666,0.0,0.7361111111111112,0.6666666666666666,0.75,0.9166666666666666,0.0,15.014680641451358,0.20833333333333334,6.0
445,37.083333333333336,37.083333333333336,1,13.083333333333336,13:05,17.955139452865332,8.78990186470857,9.165237588156762,1,0,1,1,0,1,1,0,1,0,0.0,0.0,4,0.6666666666666666,42.187693063396075,0.0,0.0,1,capacity_drop,1,1,12.0,14.0,55.0,6,1.0,1.0,1.0,1,157,0.545138888888889,0.0,0.7222222222222222,0.6666666666666666,0.6666666666666666,0.75,0.0,16.760314917288166,0.0,6.0
446,37.166666666666664,37.166666666666664,1,13.166666666666664,13:09,17.981600597810417,8.769595319809286,9.212005278001131,2,0,2,2,0,2,1,0,1,0,0.0,0.0,5,0.8333333333333334,24.658699637096532,0.0,0.0,1,capacity_drop,1,1,12.0,14.0,50.0,6,1.0,1.0,1.0,1,158,0.548611111111111,0.0,0.7361111111111112,0.8333333333333334,0.8333333333333334,0.75,0.0,18.81520655371288,0.0,6.0
447,37.25,37.25,1,13.25,13:15,18.01629947657129,8.750643054272226,9.265656422299063,0,0,0,0,0,0,1,1,0,0,0.0,0.0,4,0.6666666666666666,0.0,0.0,0.0,1,capacity_drop,1,1,12.0,14.0,45.0,6,1.0,1.0,1.0,1,159,0.5520833333333334,0.0,0.7222222222222222,0.75,0.75,0.8333333333333334,0.0,16.62981667823767,0.0,6.0
448,37.333333333333336,37.333333333333336,1,13.333333333333336,13:20,18.061070486838766,8.73356363948125,9.327506847357515,0,0,0,0,0,0,0,0,0,0,0.0,0.0,4,0.6666666666666666,0.0,0.0,0.0,1,capacity_drop,1,1,12.0,14.0,40.0,6,1.0,1.0,1.0,1,160,0.5555555555555557,0.0,0.7222222222222222,0.75,0.75,0.75,0.0,16.62981667823767,0.0,6.0
449,37.416666666666664,37.416666666666664,1,13.416666666666664,13:24,18.11785889975643,8.71890908425559,9.398949815500842,1,1,0,1,1,0,0,0,0,0,0.0,0.0,5,0.8333333333333334,15.0,0.0,0.0,1,capacity_drop,1,1,12.0,14.0,35.0,6,1.0,1.0,1.0,1,161,0.5590277777777777,0.0,0.736111111111111,0.75,0.75,0.6666666666666666,0.0,15.343569844404238,0.0,6.0
450,37.5,37.5,1,13.5,13:30,18.188690926982243,8.707246363114217,9.481444563868026,2,1,1,1,1,0,0,0,0,1,0.0,0.0,6,1.0,33.523180837398,0.0,0.0,1,capacity_drop,1,1,12.0,14.0,30.0,6,1.0,1.0,1.0,1,162,0.5625,0.08333333333333333,0.7499999999999999,0.75,0.6666666666666666,0.5833333333333334,0.0,15.365126923560558,0.0,6.0
451,37.583333333333336,37.583333333333336,1,13.583333333333336,13:35,18.275641750014422,8.699137957899083,9.576503792115341,0,0,0,1,0,1,2,0,2,0,0.0,0.0,5,0.8333333333333334,33.00045163888017,5.0,0.0,1,capacity_drop,1,1,12.0,14.0,25.0,6,1.0,1.0,1.0,1,163,0.5659722222222223,0.08333333333333333,0.7638888888888888,0.75,0.75,0.6666666666666666,0.0,18.115164560133902,0.4166666666666667,6.0
452,37.666666666666664,37.666666666666664,1,13.666666666666664,13:39,18.380801844936265,8.695121769942759,9.685680074993506,0,0,0,0,0,0,2,1,1,0,0.0,0.0,3,0.5,0.0,0.0,0.0,1,capacity_drop,1,1,12.0,14.0,20.0,6,1.0,1.0,1.0,1,164,0.5694444444444443,0.08333333333333333,0.75,0.75,0.75,0.8333333333333334,0.0,18.115164560133902,0.4166666666666667,6.0
453,37.75,37.75,1,13.75,13:45,18.506241965056223,8.69569081974589,9.810551145310333,2,0,2,2,0,2,0,0,0,0,0.0,0.0,5,0.8333333333333334,29.149014195012253,0.0,0.0,1,capacity_drop,1,1,12.0,14.0,15.0,6,1.0,1.0,1.0,1,165,0.5729166666666666,0.08333333333333333,0.7638888888888888,0.8333333333333334,0.8333333333333334,0.75,0.0,19.159573509574503,0.4166666666666667,6.0
454,37.833333333333336,37.833333333333336,1,13.833333333333336,13:50,18.653977171652162,8.701273207980098,9.952703963672064,1,0,1,1,0,1,1,0,1,0,0.0,0.0,5,0.8333333333333334,35.67455104628919,0.0,0.0,1,capacity_drop,1,1,12.0,14.0,10.0,6,1.0,1.0,1.0,1,166,0.576388888888889,0.08333333333333333,0.7638888888888888,0.8333333333333334,0.8333333333333334,0.8333333333333334,0.0,20.400961851089637,0.4166666666666667,6.0
455,37.916666666666664,37.916666666666664,1,13.916666666666664,13:54,18.825930328755895,8.71221286254684,10.113717466209055,1,1,0,1,1,0,0,0,0,0,0.0,0.0,6,1.0,31.840538608523207,0.0,0.0,1,capacity_drop,1,1,12.0,14.0,5.0,6,1.0,1.0,1.0,1,167,0.579861111111111,0.08333333333333333,0.7777777777777777,0.9166666666666666,0.9166666666666666,0.8333333333333334,0.0,23.05434006846657,0.4166666666666667,6.0
456,38.0,38.0,1,14.0,14:00,19.023895501153813,8.72875163798738,10.295143863166434,0,0,0,0,0,0,0,0,0,0,0.0,0.0,6,0.5,0.0,0.0,0.0,0,none,0,-1,-1.0,-1.0,0.0,12,1.0,1.0,1.0,0,168,0.5833333333333334,0.08333333333333333,0.763888888888889,0.8333333333333334,0.8333333333333334,0.6666666666666666,0.0,20.419510752216286,0.4166666666666667,6.5
457,38.083333333333336,38.083333333333336,1,14.083333333333336,14:05,19.249501714982948,8.751013362054195,10.498488352928753,1,1,0,1,1,0,1,1,0,0,0.0,0.0,6,0.5,18.44046977759041,0.0,0.0,0,none,0,-1,-1.0,-1.0,0.0,12,1.0,1.0,1.0,0,169,0.5868055555555557,0.08333333333333333,0.75,0.8333333333333334,0.8333333333333334,0.6666666666666666,0.0,18.44057547839915,0.4166666666666667,7.0
458,38.166666666666664,38.166666666666664,1,14.166666666666664,14:09,19.504177556859954,8.778990435911853,10.725187120948101,0,0,0,0,0,0,2,0,2,0,0.0,0.0,4,0.3333333333333333,0.0,0.0,2.5,0,none,0,-1,-1.0,-1.0,0.0,12,1.0,1.0,1.0,0,170,0.5902777777777777,0.08333333333333333,0.7083333333333334,0.6666666666666666,0.6666666666666666,0.75,0.0,16.385683841974437,0.4166666666666667,7.5
459,38.25,38.25,1,14.25,14:15,19.789117099729374,8.812533585538368,10.976583514191006,3,1,2,3,1,2,0,0,0,0,0.0,0.0,7,0.5833333333333334,25.594659996820912,0.0,0.0,0,none,0,-1,-1.0,-1.0,0.0,12,1.0,1.0,1.0,0,171,0.59375,0.08333333333333333,0.7013888888888888,0.9166666666666666,0.9166666666666666,0.6666666666666666,0.0,18.518572175042845,0.4166666666666667,8.0
460,38.333333333333336,38.333333333333336,1,14.333333333333336,14:20,20.10524765085704,8.851345329119534,11.253902321737508,0,0,0,0,0,0,1,0,1,0,0.0,0.0,6,0.5,0.0,0.0,0.0,0,none,0,-1,-1.0,-1.0,0.0,12,1.0,1.0,1.0,0,172,0.5972222222222223,0.08333333333333333,0.6875,0.9166666666666666,0.9166666666666666,0.75,0.0,18.518572175042845,0.4166666666666667,8.5
461,38.416666666666664,38.416666666666664,1,14.416666666666664,14:24,20.453199818904228,8.894977665895407,11.55822215300882,0,0,0,0,0,0,1,1,0,0,0.0,0.0,5,0.4166666666666667,0.0,0.0,0.0,0,none,0,-1,-1.0,-1.0,0.0,12,1.0,1.0,1.0,0,173,0.6006944444444443,0.08333333333333333,0.6527777777777778,0.8333333333333334,0.8333333333333334,0.8333333333333334,0.0,17.268572175042845,0.4166666666666667,9.0
462,38.5,38.5,1,14.5,14:30,20.833280392079033,8.942834404306268,11.890445987772763,0,0,0,0,0,0,2,1,1,0,0.0,0.0,3,0.25,0.0,0.0,0.0,0,none,0,-1,-1.0,-1.0,0.0,12,1.0,1.0,1.0,0,174,0.6041666666666666,0.0,0.5902777777777777,0.6666666666666666,0.75,1.0,0.0,14.474973771926344,0.4166666666666667,9.5
463,38.583333333333336,38.583333333333336,1,14.583333333333336,14:35,21.245448507288465,8.994178430904247,12.251270076384218,1,0,1,1,0,1,0,0,0,0,0.0,0.0,4,0.3333333333333333,42.33959965984521,0.0,0.0,0,none,0,-1,-1.0,-1.0,0.0,12,1.0,1.0,1.0,0,175,0.607638888888889,0.0,0.548611111111111,0.75,0.75,0.8333333333333334,0.0,15.253236107006765,0.0,10.0
464,38.666666666666664,38.666666666666664,1,14.666666666666664,14:39,21.68929557038578,9.048144077343084,12.641151493042695,0,0,0,0,0,0,1,1,0,0,0.0,0.0,3,0.25,0.0,0.0,0.0,0,none,0,-1,-1.0,-1.0,0.0,12,1.0,1.0,1.0,0,176,0.611111111111111,0.0,0.5277777777777778,0.75,0.75,0.75,0.0,15.253236107006765,0.0,10.5
465,38.75,38.75,1,14.75,14:45,22.164029359491966,9.103754573509828,13.060274785982138,0,0,0,0,0,0,2,0,2,0,0.0,0.0,1,0.08333333333333333,0.0,0.0,0.0,0,none,0,-1,-1.0,-1.0,0.0,12,1.0,1.0,1.0,0,177,0.6145833333333334,0.0,0.46527777777777773,0.5833333333333334,0.5833333333333334,0.9166666666666666,0.0,12.824151590755745,0.0,11.0
466,38.833333333333336,38.833333333333336,1,14.833333333333336,14:50,22.668462706575408,9.159944384996713,13.508518321578695,2,1,1,2,1,1,0,0,0,0,0.0,0.0,3,0.25,25.51319670245927,0.0,0.0,0,none,0,-1,-1.0,-1.0,0.0,12,1.0,1.0,1.0,0,178,0.6180555555555557,0.0,0.4166666666666666,0.6666666666666666,0.6666666666666666,0.8333333333333334,0.0,11.977372062103251,0.0,11.5
467,38.916666666666664,38.916666666666664,1,14.916666666666664,14:54,23.201007106769815,9.215586028918846,13.985421077850969,1,0,1,1,0,1,0,0,0,0,0.0,0.0,4,0.3333333333333333,28.56256353210253,0.0,0.0,0,none,0,-1,-1.0,-1.0,0.0,12,1.0,1.0,1.0,0,179,0.6215277777777777,0.0,0.3611111111111111,0.6666666666666666,0.6666666666666666,0.8333333333333334,0.0,11.704207472401528,0.0,12.0
468,39.0,39.0,1,15.0,15:00,23.759671550263715,9.26952075156188,14.490150798701835,2,1,1,2,1,1,0,0,0,0,0.0,0.0,6,0.5,32.466536606339766,0.0,0.0,0,none,0,-1,-1.0,-1.0,0.0,12,1.0,1.0,1.0,0,180,0.625,0.0,0.3611111111111111,0.8333333333333334,0.8333333333333334,0.8333333333333334,0.0,14.409752189596508,0.0,12.0
469,39.083333333333336,39.083333333333336,1,15.083333333333336,15:05,24.34206680820536,9.320592243964095,15.021474564241263,3,1,2,3,1,2,0,0,0,0,0.0,0.0,9,0.75,30.892405243348833,0.0,0.0,0,none,0,-1,-1.0,-1.0,0.0,12,1.0,1.0,1.0,0,181,0.6284722222222223,0.0,0.3819444444444444,1.0,1.0,0.75,0.0,15.44741347840971,0.0,12.0
470,39.166666666666664,39.166666666666664,1,15.166666666666664,15:09,24.945415332384425,9.367682377874381,15.577732954510044,2,1,1,2,1,1,0,0,0,0,0.0,0.0,11,0.9166666666666666,34.37433593980667,0.0,0.0,0,none,0,-1,-1.0,-1.0,0.0,12,1.0,1.0,1.0,0,182,0.6319444444444443,0.0,0.4305555555555555,1.1666666666666667,1.1666666666666667,0.5833333333333334,0.0,18.3119414733936,0.0,12.0
471,39.25,39.25,1,15.25,15:15,25.566566849190355,9.409747775764568,16.156819073425787,3,1,2,2,1,1,1,0,1,1,0.0,0.0,12,1.0,32.02524166855392,0.0,0.0,0,none,0,-1,-1.0,-1.0,0.0,12,1.0,1.0,1.0,0,183,0.6354166666666666,0.08333333333333333,0.4652777777777777,1.1666666666666667,1.0833333333333333,0.6666666666666666,0.0,18.84782327937135,0.0,12.0
472,39.333333333333336,39.333333333333336,1,15.333333333333336,15:20,26.202019642504617,9.44585589590243,16.756163746602187,2,1,1,2,0,2,2,1,1,1,0.0,0.0,12,1.0,32.13596395632064,2.5,0.0,0,none,0,-1,-1.0,-1.0,0.0,12,1.0,1.0,1.0,0,184,0.638888888888889,0.16666666666666666,0.5069444444444443,1.3333333333333333,1.25,0.75,0.0,21.5258202757314,0.20833333333333334,12.0
473,39.416666666666664,39.416666666666664,1,15.416666666666664,15:24,26.847947429031734,9.475219227424237,17.372728201607497,0,0,0,1,1,0,1,0,1,0,0.0,0.0,12,1.0,35.48775533745727,5.0,0.0,0,none,0,-1,-1.0,-1.0,0.0,12,1.0,1.0,1.0,0,185,0.642361111111111,0.16666666666666666,0.5555555555555555,1.3333333333333333,1.3333333333333333,0.75,0.0,24.48313322051951,0.625,12.0
474,39.5,39.5,1,15.5,15:30,27.500231634640805,9.497226159997263,18.003005474643544,2,1,1,2,1,1,2,1,1,0,0.0,0.0,12,1.0,31.95285342178046,0.0,0.0,0,none,0,-1,-1.0,-1.0,0.0,12,1.0,1.0,1.0,0,186,0.6458333333333334,0.16666666666666666,0.6180555555555555,1.5,1.5,0.75,0.0,27.145871005667882,0.625,12.0
475,39.583333333333336,39.583333333333336,1,15.583333333333336,15:35,28.154498783354047,9.511467125030162,18.643031658323885,1,1,0,0,0,0,0,0,0,1,0.0,0.0,12,1.0,0.0,0.0,0.0,0,none,0,-1,-1.0,-1.0,0.0,12,1.0,1.0,1.0,0,187,0.6493055555555557,0.25,0.673611111111111,1.5,1.4166666666666667,0.75,0.0,23.617571034014116,0.625,12.0
476,39.666666666666664,39.666666666666664,1,15.666666666666664,15:39,28.80616261366367,9.517754704692791,19.28840790897088,2,1,1,3,2,1,3,1,2,0,0.0,0.0,12,1.0,29.45893960142689,1.6666666666666667,0.0,0,none,0,-1,-1.0,-1.0,0.0,12,1.0,1.0,1.0,0,188,0.6527777777777777,0.25,0.736111111111111,1.6666666666666667,1.6666666666666667,0.9166666666666666,0.0,26.072482667466357,0.7638888888888888,12.0
477,39.75,39.75,1,15.75,15:45,29.450470442021608,9.516136572142347,19.93433386987926,1,1,0,1,1,0,2,1,1,0,0.0,0.0,11,0.9166666666666666,31.76293316424147,0.0,0.0,0,none,0,-1,-1.0,-1.0,0.0,12,1.0,1.0,1.0,0,189,0.65625,0.25,0.8055555555555555,1.75,1.75,0.9166666666666666,0.0,28.71939376448648,0.7638888888888888,12.0
478,39.833333333333336,39.833333333333336,1,15.833333333333336,15:50,30.082553202885293,9.506900358507847,20.575652844377444,3,1,2,3,1,2,2,0,2,0,0.0,0.0,12,1.0,29.97005186008586,0.0,0.0,0,none,0,-1,-1.0,-1.0,0.0,12,1.0,1.0,1.0,0,190,0.6597222222222223,0.25,0.8680555555555555,1.8333333333333333,1.8333333333333333,1.0833333333333333,0.0,29.090798360955358,0.7638888888888888,12.0
479,39.916666666666664,39.916666666666664,1,15.916666666666664,15:54,30.69747851091476,9.490569832664995,21.206908678249764,1,0,1,1,0,1,2,1,1,0,0.0,0.0,11,0.9166666666666666,37.6764389127618,0.0,0.0,0,none,0,-1,-1.0,-1.0,0.0,12,1.0,1.0,1.0,0,191,0.6631944444444443,0.25,0.9166666666666666,1.8333333333333333,1.8333333333333333,1.25,0.0,29.850287976010296,0.7638888888888888,12.0
480,40.0,40.0,1,16.0,16:00,31.290306016074027,9.467892118126867,21.822413897947158,3,0,3,3,0,3,2,1,1,0,0.0,0.0,12,1.0,28.51267433673057,0.0,2.5,0,none,0,-1,-1.0,-1.0,0.0,12,1.0,1.0,1.0,0,192,0.6666666666666666,0.25,0.9583333333333334,1.9166666666666667,1.9166666666666667,1.4166666666666667,0.0,29.520799453542864,0.7638888888888888,12.0
481,40.083333333333336,40.083333333333336,1,16.083333333333336,16:05,31.856144258679898,9.43981604348049,22.416328215199407,2,1,1,1,0,1,1,1,0,1,0.0,0.0,12,1.0,35.01581602391244,0.0,5.0,0,none,0,-1,-1.0,-1.0,0.0,12,1.0,1.0,1.0,0,193,0.670138888888889,0.3333333333333333,0.9791666666666666,1.8333333333333333,1.75,1.5,0.0,29.864417018589833,0.7638888888888888,12.0
482,40.166666666666664,40.166666666666664,1,16.166666666666664,16:09,32.390208180879874,9.40746211180715,22.98274606907272,2,0,2,1,1,0,1,0,1,2,0.0,0.0,12,1.0,29.440469495464956,5.0,0.0,0,none,0,-1,-1.0,-1.0,0.0,12,1.0,1.0,1.0,0,194,0.673611111111111,0.5,0.986111111111111,1.8333333333333333,1.6666666666666667,1.5833333333333333,0.0,29.453261481561356,1.1805555555555556,12.0
483,40.25,40.25,1,16.25,16:15,32.88787641539791,9.372084961443933,23.515791453953977,1,0,1,1,0,1,1,1,0,2,2.5,5.0,12,1.0,35.877437947716196,5.0,0.0,0,none,0,-1,-1.0,-1.0,0.0,12,1.0,1.0,1.0,0,195,0.6770833333333334,0.5833333333333334,0.986111111111111,1.6666666666666667,1.5833333333333333,1.5833333333333333,0.20833333333333334,29.774277838158213,1.5972222222222223,12.0
484,40.333333333333336,40.333333333333336,1,16.333333333333336,16:20,33.34474745313816,9.335029555223215,24.009717897914946,0,0,0,2,0,2,4,1,3,0,0.0,0.0,10,0.8333333333333334,35.76464437169415,7.5,0.0,0,none,0,-1,-1.0,-1.0,0.0,12,1.0,1.0,1.0,0,196,0.6805555555555557,0.5,0.9722222222222222,1.5,1.5833333333333333,1.75,0.20833333333333334,30.076667872772674,2.013888888888889,12.0
485,40.416666666666664,40.416666666666664,1,16.416666666666664,16:24,33.75669378948209,9.297682658011649,24.459011131470444,3,1,2,3,1,2,2,2,0,0,0.0,0.0,11,0.9166666666666666,25.020047100575052,0.0,2.5,0,none,0,-1,-1.0,-1.0,0.0,12,1.0,1.0,1.0,0,197,0.6840277777777777,0.5,0.9652777777777778,1.75,1.75,1.8333333333333333,0.20833333333333334,29.20435885303249,1.5972222222222223,12.0
486,40.5,40.5,1,16.5,16:30,34.11991316553358,9.26142142433202,24.85849174120156,1,1,0,1,1,0,0,0,0,0,0.0,0.0,12,1.0,24.355741226077157,0.0,0.0,0,none,0,-1,-1.0,-1.0,0.0,12,1.0,1.0,1.0,0,198,0.6875,0.5,0.9652777777777777,1.6666666666666667,1.6666666666666667,1.6666666666666667,0.20833333333333334,28.571266170057214,1.5972222222222223,12.0
487,40.583333333333336,40.583333333333336,1,16.583333333333336,16:35,34.43097605539088,9.22756110299512,25.20341495239576,1,0,1,1,0,1,3,0,3,0,0.0,0.0,10,0.8333333333333334,38.234066328769615,0.0,0.0,0,none,0,-1,-1.0,-1.0,0.0,12,1.0,1.0,1.0,0,199,0.6909722222222223,0.4166666666666667,0.9513888888888888,1.6666666666666667,1.75,1.9166666666666667,0.20833333333333334,31.757438364121345,1.5972222222222223,12.0
488,40.666666666666664,40.666666666666664,1,16.666666666666664,16:39,34.68686860349537,9.197303961535981,25.489564641959387,2,0,2,2,0,2,2,1,1,0,0.0,0.0,10,0.8333333333333334,28.112940486931777,0.0,2.5,0,none,0,-1,-1.0,-1.0,0.0,12,1.0,1.0,1.0,0,200,0.6944444444444443,0.4166666666666667,0.9375,1.6666666666666667,1.6666666666666667,1.8333333333333333,0.20833333333333334,31.645271771246755,1.4583333333333333,12.0
489,40.75,40.75,1,16.75,16:45,34.88503028647547,9.171691531932606,25.713338754542864,1,0,1,1,0,1,1,0,1,0,0.0,0.0,10,0.8333333333333334,42.00958805137405,0.0,0.0,0,none,0,-1,-1.0,-1.0,0.0,12,1.0,1.0,1.0,0,201,0.6979166666666666,0.4166666666666667,0.9305555555555555,1.6666666666666667,1.6666666666666667,1.75,0.20833333333333334,32.4991596785078,1.4583333333333333,12.0
490,40.833333333333336,40.833333333333336,1,16.833333333333336,16:50,35.02338566044037,9.151562177882349,25.87182348255802,5,1,4,3,1,2,1,0,1,2,0.0,0.0,12,1.0,25.826804595061787,0.0,5.0,0,none,0,-1,-1.0,-1.0,0.0,12,1.0,1.0,1.0,0,202,0.701388888888889,0.5833333333333334,0.9305555555555555,1.8333333333333333,1.6666666666666667,1.6666666666666667,0.20833333333333334,32.153889073089125,1.4583333333333333,12.0
491,40.916666666666664,40.916666666666664,1,16.916666666666664,16:54,35.10036965568598,9.13751578565321,25.96285387003277,1,0,1,3,0,3,3,2,1,0,0.0,0.0,12,1.0,29.177523391307346,3.3333333333333335,1.6666666666666667,0,none,0,-1,-1.0,-1.0,0.0,12,1.0,1.0,1.0,0,203,0.704861111111111,0.5833333333333334,0.9375,1.8333333333333333,1.8333333333333333,1.75,0.20833333333333334,31.445646112967925,1.736111111111111,12.0
492,41.0,41.0,1,17.0,17:00,35.11494599413609,9.129887093561539,25.985058900574554,3,2,1,1,0,1,1,0,1,2,0.0,0.0,12,1.0,44.599360765214044,0.0,0.0,0,none,0,-1,-1.0,-1.0,0.0,12,1.0,1.0,1.0,0,204,0.7083333333333334,0.75,0.9375,1.8333333333333333,1.6666666666666667,1.6666666666666667,0.20833333333333334,32.786203315341545,1.736111111111111,12.0
493,41.083333333333336,41.083333333333336,1,17.083333333333336,17:05,35.06661842807186,9.128728812929902,25.93788961514196,1,1,0,1,1,0,1,0,1,2,2.5,5.0,12,1.0,32.57804066843222,5.0,10.0,0,none,0,-1,-1.0,-1.0,0.0,12,1.0,1.0,1.0,0,205,0.7118055555555557,0.8333333333333334,0.9375,1.75,1.6666666666666667,1.6666666666666667,0.4166666666666667,32.58305536905153,2.1527777777777777,12.0
494,41.166666666666664,41.166666666666664,1,17.166666666666664,17:09,34.95543462901268,9.13380527382459,25.821629355188087,2,0,2,3,2,1,3,0,3,1,0.0,0.0,12,1.0,30.094136902212398,5.0,0.0,0,none,0,-1,-1.0,-1.0,0.0,12,1.0,1.0,1.0,0,206,0.7152777777777777,0.75,0.9375,1.75,1.8333333333333333,1.8333333333333333,0.4166666666666667,32.63752765294715,2.1527777777777777,12.0
495,41.25,41.25,1,17.25,17:15,34.78198268999153,9.144596873207066,25.637385816784462,0,0,0,1,0,1,3,1,2,0,0.0,0.0,10,0.8333333333333334,45.243366319941536,5.0,0.0,0,none,0,-1,-1.0,-1.0,0.0,12,1.0,1.0,1.0,0,207,0.71875,0.5833333333333334,0.9236111111111112,1.6666666666666667,1.8333333333333333,2.0,0.20833333333333334,33.418021683965925,2.1527777777777777,12.0
496,41.333333333333336,41.333333333333336,1,17.333333333333336,17:20,34.54738033977343,9.16031513471171,25.38706520506172,1,1,0,1,1,0,1,0,1,0,0.0,0.0,10,0.8333333333333334,15.0,0.0,5.0,0,none,0,-1,-1.0,-1.0,0.0,12,1.0,1.0,1.0,0,208,0.7222222222222223,0.5833333333333334,0.923611111111111,1.75,1.75,1.75,0.20833333333333334,31.687634652991417,1.5277777777777777,12.0
497,41.416666666666664,41.416666666666664,1,17.416666666666664,17:24,34.2532571006037,9.179927732138495,25.073329368465203,0,0,0,0,0,0,0,0,0,0,0.0,0.0,10,0.8333333333333334,0.0,0.0,0.0,0,none,0,-1,-1.0,-1.0,0.0,12,1.0,1.0,1.0,0,209,0.7256944444444443,0.5833333333333334,0.9166666666666666,1.5,1.5,1.5833333333333333,0.20833333333333334,29.60263072794349,1.5277777777777777,12.0
498,41.5,41.5,1,17.5,17:30,33.90172974870734,9.202192406228747,24.699537342478592,2,1,1,2,1,1,2,0,2,0,0.0,0.0,10,0.8333333333333334,25.067751468579573,0.0,0.0,0,none,0,-1,-1.0,-1.0,0.0,12,1.0,1.0,1.0,0,210,0.7291666666666666,0.5833333333333334,0.9027777777777778,1.5833333333333333,1.5833333333333333,1.75,0.20833333333333334,29.661964914818693,1.5277777777777777,12.0
499,41.583333333333336,41.583333333333336,1,17.583333333333336,17:35,33.49537155599346,9.225698337528634,24.269673218464824,1,1,0,1,1,0,1,1,0,0,0.0,0.0,10,0.8333333333333334,39.5276222164683,0.0,0.0,0,none,0,-1,-1.0,-1.0,0.0,12,1.0,1.0,1.0,0,211,0.732638888888889,0.5833333333333334,0.9027777777777777,1.5833333333333333,1.5833333333333333,1.5833333333333333,0.20833333333333334,29.76976123879359,1.5277777777777777,12.0
500,41.666666666666664,41.666666666666664,1,17.666666666666664,17:39,33.03717589948521,9.248913244897908,23.788262654587303,1,0,1,1,0,1,3,3,0,0,0.0,0.0,8,0.6666666666666666,18.250428713595287,0.0,6.666666666666667,0,none,0,-1,-1.0,-1.0,0.0,12,1.0,1.0,1.0,0,212,0.736111111111111,0.5833333333333334,0.888888888888889,1.5,1.5,1.6666666666666667,0.20833333333333334,28.947885257682213,1.5277777777777777,12.0
501,41.75,41.75,1,17.75,17:45,32.53051491944552,9.27023427284599,23.260280646599533,0,0,0,0,0,0,2,0,2,0,0.0,0.0,6,0.5,0.0,0.0,2.5,0,none,0,-1,-1.0,-1.0,0.0,12,1.0,1.0,1.0,0,213,0.7395833333333334,0.5833333333333334,0.8611111111111112,1.4166666666666667,1.4166666666666667,1.75,0.20833333333333334,25.44708625340104,1.5277777777777777,12.0
502,41.833333333333336,41.833333333333336,1,17.833333333333336,17:50,31.979093985931605,9.288040619622178,22.691053366309426,3,2,1,3,2,1,1,0,1,0,0.0,0.0,8,0.6666666666666666,38.402626527918876,0.0,0.0,0,none,0,-1,-1.0,-1.0,0.0,12,1.0,1.0,1.0,0,214,0.7430555555555557,0.4166666666666667,0.8333333333333334,1.25,1.4166666666666667,1.75,0.20833333333333334,26.495071414472466,1.5277777777777777,12.0
503,41.916666666666664,41.916666666666664,1,17.916666666666664,17:54,31.386902794955205,9.300745844635307,22.086156950319896,2,0,2,2,0,2,1,0,1,0,0.0,0.0,9,0.75,34.119040696332775,0.0,0.0,0,none,0,-1,-1.0,-1.0,0.0,12,1.0,1.0,1.0,0,215,0.7465277777777777,0.4166666666666667,0.8125,1.3333333333333333,1.3333333333333333,1.5833333333333333,0.20833333333333334,26.906864523224584,1.25,12.0
504,42.0,42.0,1,18.0,18:00,30.758163958405603,9.306847875653567,21.451316082752037,2,2,0,2,2,0,2,1,1,0,0.0,0.0,9,0.75,32.02096886453856,0.0,0.0,0,none,0,-1,-1.0,-1.0,0.0,12,1.0,1.0,1.0,0,216,0.75,0.25,0.7916666666666666,1.25,1.4166666666666667,1.6666666666666667,0.20833333333333334,25.858665198168296,1.25,12.0
505,42.083333333333336,42.083333333333336,1,18.083333333333336,18:05,30.097279975765876,9.304974905556122,20.792305070209753,0,0,0,0,0,0,1,0,1,0,0.0,0.0,8,0.6666666666666666,0.0,0.0,5.0,0,none,0,-1,-1.0,-1.0,0.0,12,1.0,1.0,1.0,0,217,0.7534722222222223,0.08333333333333333,0.7638888888888888,1.1666666666666667,1.3333333333333333,1.6666666666666667,0.0,23.143828475798944,0.8333333333333334,12.0
506,42.166666666666664,42.166666666666664,1,18.166666666666664,18:09,29.40877948029537,9.293925612955576,20.114853867339793,3,2,1,3,2,1,0,0,0,0,0.0,0.0,11,0.9166666666666666,27.23848043033404,0.0,0.0,0,none,0,-1,-1.0,-1.0,0.0,12,1.0,1.0,1.0,0,218,0.7569444444444443,0.0,0.7569444444444445,1.25,1.3333333333333333,1.4166666666666667,0.0,22.90585710314241,0.4166666666666667,12.0
507,42.25,42.25,1,18.25,18:15,28.697263638153192,9.272702445050424,19.424561193102768,1,0,1,1,0,1,1,1,0,0,0.0,0.0,11,0.9166666666666666,29.81055179173522,0.0,0.0,0,none,0,-1,-1.0,-1.0,0.0,12,1.0,1.0,1.0,0,219,0.7604166666666666,0.0,0.7638888888888888,1.3333333333333333,1.3333333333333333,1.25,0.0,21.619789225791887,0.0,12.0
508,42.333333333333336,42.333333333333336,1,18.333333333333336,18:20,27.96735354676904,9.240537046453095,18.726816500315945,1,1,0,1,1,0,0,0,0,0,0.0,0.0,12,1.0,39.872494824412364,0.0,0.0,0,none,0,-1,-1.0,-1.0,0.0,12,1.0,1.0,1.0,0,220,0.763888888888889,0.0,0.7777777777777777,1.3333333333333333,1.3333333333333333,1.1666666666666667,0.0,23.692497127826254,0.0,12.0
509,42.416666666666664,42.416666666666664,1,18.416666666666664,18:24,27.223639429946502,9.196907285107601,18.0267321448389,1,1,0,1,1,0,1,1,0,0,0.0,0.0,12,1.0,22.566154055044777,0.0,0.0,0,none,0,-1,-1.0,-1.0,0.0,12,1.0,1.0,1.0,0,221,0.767361111111111,0.0,0.7916666666666666,1.4166666666666667,1.4166666666666667,1.25,0.0,25.57300996574665,0.0,12.0
510,42.5,42.5,1,18.5,18:30,26.47063236343379,9.14154569638572,17.32908666704807,4,1,3,4,1,3,4,2,2,0,0.0,0.0,12,1.0,30.460347093170057,0.0,0.0,0,none,0,-1,-1.0,-1.0,0.0,12,1.0,1.0,1.0,0,222,0.7708333333333334,0.0,0.8055555555555555,1.5833333333333333,1.5833333333333333,1.4166666666666667,0.0,26.022392934462527,0.0,12.0
511,42.583333333333336,42.583333333333336,1,18.583333333333336,18:35,25.712719188060767,9.074439520771781,16.638279667288987,2,0,2,2,0,2,2,1,1,0,0.0,0.0,12,1.0,22.424595192042315,0.0,0.0,0,none,0,-1,-1.0,-1.0,0.0,12,1.0,1.0,1.0,0,223,0.7743055555555557,0.0,0.8194444444444443,1.6666666666666667,1.6666666666666667,1.5,0.0,24.59714068242702,0.0,12.0
512,42.666666666666664,42.666666666666664,1,18.666666666666664,18:39,24.95412118033064,8.995822833054309,15.958298347276333,1,1,0,1,1,0,2,1,1,0,0.0,0.0,11,0.9166666666666666,34.60601746372653,0.0,0.0,0,none,0,-1,-1.0,-1.0,0.0,12,1.0,1.0,1.0,0,224,0.7777777777777777,0.0,0.8402777777777777,1.6666666666666667,1.6666666666666667,1.4166666666666667,0.0,25.960106411604627,0.0,12.0
513,42.75,42.75,1,18.75,18:45,24.198856955072106,8.90616153835985,15.292695416712256,1,0,1,1,0,1,1,0,1,0,0.0,0.0,11,0.9166666666666666,27.347217763997463,0.0,0.0,0,none,0,-1,-1.0,-1.0,0.0,12,1.0,1.0,1.0,0,225,0.78125,0.0,0.875,1.75,1.75,1.3333333333333333,0.0,28.23904122527108,0.0,12.0
514,42.833333333333336,42.833333333333336,1,18.833333333333336,18:50,23.450709973998705,8.806132232833583,14.64457774116512,0,0,0,0,0,0,3,1,2,0,0.0,0.0,8,0.6666666666666666,0.0,0.0,0.0,0,none,0,-1,-1.0,-1.0,0.0,12,1.0,1.0,1.0,0,226,0.7847222222222223,0.0,0.875,1.5,1.5,1.5,0.0,25.038822347944507,0.0,12.0
515,42.916666666666664,42.916666666666664,1,18.916666666666664,18:54,22.71320093041412,8.69659608814216,14.016604842271962,1,0,1,1,0,1,1,1,0,0,0.0,0.0,8,0.6666666666666666,18.341948580248385,0.0,0.0,0,none,0,-1,-1.0,-1.0,0.0,12,1.0,1.0,1.0,0,227,0.7881944444444443,0.0,0.8680555555555555,1.4166666666666667,1.4166666666666667,1.5,0.0,23.724064671604143,0.0,12.0
516,43.0,43.0,1,19.0,19:00,21.989565176425764,8.57856901683194,13.410996159593822,2,1,1,2,1,1,1,1,0,0,0.0,0.0,9,0.75,36.26673342337147,0.0,0.0,0,none,0,-1,-1.0,-1.0,0.0,12,1.0,1.0,1.0,0,228,0.7916666666666666,0.0,0.8680555555555555,1.4166666666666667,1.4166666666666667,1.4166666666666667,0.0,24.07787838484022,0.0,12.0
517,43.083333333333336,43.083333333333336,1,19.083333333333336,19:05,21.28273525733151,8.453189411037265,12.829545846294245,1,0,1,1,0,1,3,0,3,0,0.0,0.0,7,0.5833333333333334,29.59597995108312,0.0,0.0,0,none,0,-1,-1.0,-1.0,0.0,12,1.0,1.0,1.0,0,229,0.795138888888889,0.0,0.861111111111111,1.5,1.5,1.5833333333333333,0.0,26.54421004743048,0.0,12.0
518,43.166666666666664,43.166666666666664,1,19.166666666666664,19:09,20.595328520590208,8.321684724343905,12.273643796246303,0,0,0,0,0,0,1,1,0,0,0.0,0.0,6,0.5,0.0,0.0,0.0,0,none,0,-1,-1.0,-1.0,0.0,12,1.0,1.0,1.0,0,230,0.798611111111111,0.0,0.8263888888888888,1.25,1.25,1.6666666666666667,0.0,24.274336678235972,0.0,12.0
519,43.25,43.25,1,19.25,19:15,19.9296396760039,8.185338092596583,11.744301583407319,1,0,1,1,0,1,3,1,2,0,0.0,0.0,4,0.3333333333333333,31.00919607468332,0.0,0.0,0,none,0,-1,-1.0,-1.0,0.0,12,1.0,1.0,1.0,0,231,0.8020833333333334,0.0,0.7777777777777778,1.25,1.25,1.8333333333333333,0.0,24.374223701814984,0.0,12.0
520,43.333333333333336,43.333333333333336,1,19.333333333333336,19:20,19.287638101157803,8.04545607283965,11.242182028318155,2,0,2,2,0,2,0,0,0,0,0.0,0.0,6,0.5,30.117709988951017,0.0,0.0,0,none,0,-1,-1.0,-1.0,0.0,12,1.0,1.0,1.0,0,232,0.8055555555555557,0.0,0.7361111111111112,1.3333333333333333,1.3333333333333333,1.8333333333333333,0.0,23.561324965526538,0.0,12.0
521,43.416666666666664,43.416666666666664,1,19.416666666666664,19:24,18.670969613200672,7.903338430365608,10.767631182835064,1,1,0,1,1,0,0,0,0,0,0.0,0.0,7,0.5833333333333334,43.93211019811217,0.0,0.0,0,none,0,-1,-1.0,-1.0,0.0,12,1.0,1.0,1.0,0,233,0.8090277777777777,0.0,0.7013888888888888,1.3333333333333333,1.3333333333333333,1.75,0.0,25.341821310782155,0.0,12.0
522,43.5,43.5,1,19.5,19:30,18.080962365783023,7.760250732515361,10.320711633267662,0,0,0,0,0,0,0,0,0,0,0.0,0.0,7,0.5833333333333334,0.0,0.0,0.0,0,none,0,-1,-1.0,-1.0,0.0,12,1.0,1.0,1.0,0,234,0.8125,0.0,0.6666666666666666,1.0,1.0,1.4166666666666667,0.0,22.803459053017985,0.0,12.0
523,43.583333333333336,43.583333333333336,1,19.583333333333336,19:35,17.51863647912623,7.617400324809055,9.901236154317173,0,0,0,0,0,0,2,0,2,0,0.0,0.0,5,0.4166666666666667,0.0,0.0,0.0,0,none,0,-1,-1.0,-1.0,0.0,12,1.0,1.0,1.0,0,235,0.8159722222222223,0.0,0.6180555555555556,0.8333333333333334,0.8333333333333334,1.4166666666666667,0.0,20.934742787014457,0.0,12.0
524,43.666666666666664,43.666666666666664,1,19.666666666666664,19:39,16.984716972152892,7.475916079896802,9.50880089225609,2,0,2,2,0,2,1,1,0,0,0.0,0.0,6,0.5,24.774877563220805,0.0,0.0,0,none,0,-1,-1.0,-1.0,0.0,12,1.0,1.0,1.0,0,236,0.8194444444444443,0.0,0.5833333333333334,0.9166666666666666,0.9166666666666666,1.3333333333333333,0.0,20.11548112863898,0.0,12.0
525,43.75,43.75,1,19.75,19:45,16.479649538420226,7.336832131294739,9.142817407125486,0,0,0,0,0,0,1,0,1,0,0.0,0.0,5,0.4166666666666667,0.0,0.0,0.0,0,none,0,-1,-1.0,-1.0,0.0,12,1.0,1.0,1.0,0,237,0.8229166666666666,0.0,0.5416666666666666,0.8333333333333334,0.8333333333333334,1.3333333333333333,0.0,17.836546314972523,0.0,12.0
526,43.833333333333336,43.833333333333336,1,19.833333333333336,19:50,16.003618691996333,7.201075639059791,8.802543052936542,1,0,1,1,0,1,1,0,1,0,0.0,0.0,5,0.4166666666666667,50.0,0.0,0.0,0,none,0,-1,-1.0,-1.0,0.0,12,1.0,1.0,1.0,0,238,0.826388888888889,0.0,0.5208333333333334,0.9166666666666666,0.9166666666666666,1.1666666666666667,0.0,22.00321298163919,0.0,12.0
527,43.916666666666664,43.916666666666664,1,19.916666666666664,19:54,15.556567804863064,7.069458488968011,8.487109315895054,1,0,1,1,0,1,0,0,0,0,0.0,0.0,6,0.5,36.27863689373861,0.0,0.0,0,none,0,-1,-1.0,-1.0,0.0,12,1.0,1.0,1.0,0,239,0.829861111111111,0.0,0.5069444444444444,0.9166666666666666,0.9166666666666666,1.0833333333333333,0.0,23.49793700776338,0.0,12.0
528,44.0,44.0,1,20.0,20:00,15.138220563138113,6.942672704205335,8.195547858932777,2,1,1,2,1,1,1,0,1,0,0.0,0.0,7,0.5833333333333334,27.130207508237092,0.0,0.0,0,none,0,-1,-1.0,-1.0,0.0,12,1.0,1.0,1.0,0,240,0.8333333333333334,0.0,0.4930555555555555,0.9166666666666666,0.9166666666666666,1.0833333333333333,0.0,22.73655984816884,0.0,12.0
529,44.083333333333336,44.083333333333336,1,20.083333333333336,20:05,14.748103384393705,6.821289251198996,7.926814133194708,0,0,0,0,0,0,1,0,1,0,0.0,0.0,6,0.5,0.0,0.0,0.0,0,none,0,-1,-1.0,-1.0,0.0,12,1.0,1.0,1.0,0,241,0.8368055555555557,0.0,0.4861111111111111,0.8333333333333334,0.8333333333333334,0.9166666666666666,0.0,20.270228185578585,0.0,12.0
530,44.166666666666664,44.166666666666664,1,20.166666666666664,20:09,14.385568361469645,6.705759849625697,7.679808511843948,0,0,0,0,0,0,2,1,1,0,0.0,0.0,4,0.3333333333333333,0.0,0.0,0.0,0,none,0,-1,-1.0,-1.0,0.0,12,1.0,1.0,1.0,0,242,0.8402777777777777,0.0,0.47222222222222227,0.8333333333333334,0.8333333333333334,1.0,0.0,20.270228185578585,0.0,12.0
531,44.25,44.25,1,20.25,20:15,14.04981632818525,6.596421350111682,7.453394978073567,0,0,0,0,0,0,0,0,0,0,0.0,0.0,4,0.3333333333333333,0.0,0.0,0.0,0,none,0,-1,-1.0,-1.0,0.0,12,1.0,1.0,1.0,0,243,0.84375,0.0,0.47222222222222215,0.75,0.75,0.75,0.0,17.68612851268831,0.0,12.0
532,44.333333333333336,44.333333333333336,1,20.333333333333336,20:20,13.739919677927565,6.493502219886451,7.2464174580411145,1,0,1,1,0,1,0,0,0,0,0.0,0.0,5,0.4166666666666667,34.7185306280676,0.0,0.0,0,none,0,-1,-1.0,-1.0,0.0,12,1.0,1.0,1.0,0,244,0.8472222222222223,0.0,0.46527777777777773,0.6666666666666666,0.6666666666666666,0.75,0.0,18.06953023261469,0.0,12.0
533,44.416666666666664,44.416666666666664,1,20.416666666666664,20:24,13.454844605892891,6.397130674047501,7.057713931845389,0,0,0,0,0,0,1,1,0,0,0.0,0.0,4,0.3333333333333333,0.0,0.0,0.0,0,none,0,-1,-1.0,-1.0,0.0,12,1.0,1.0,1.0,0,245,0.8506944444444443,0.0,0.4444444444444444,0.5833333333333334,0.5833333333333334,0.8333333333333334,0.0,14.408521049438676,0.0,12.0
534,44.5,44.5,1,20.5,20:30,13.193472488465396,6.3073440049750635,6.8861284834903325,0,0,0,0,0,0,1,0,1,0,0.0,0.0,3,0.25,0.0,0.0,0.0,0,none,0,-1,-1.0,-1.0,0.0,12,1.0,1.0,1.0,0,246,0.8541666666666666,0.0,0.4166666666666667,0.5833333333333334,0.5833333333333334,0.9166666666666666,0.0,14.408521049438676,0.0,12.0
535,44.583333333333336,44.583333333333336,1,20.583333333333336,20:35,12.954620157558587,6.2240986913491545,6.730521466209432,2,2,0,2,2,0,1,0,1,0,0.0,0.0,4,0.3333333333333333,36.40526263990324,0.0,0.0,0,none,0,-1,-1.0,-1.0,0.0,12,1.0,1.0,1.0,0,247,0.857638888888889,0.0,0.40972222222222215,0.75,0.75,0.8333333333333334,0.0,17.442292936097278,0.0,12.0
536,44.666666666666664,44.666666666666664,1,20.666666666666664,20:39,12.73705887253806,6.147280907651473,6.589777964886588,1,0,1,1,0,1,1,0,1,0,0.0,0.0,4,0.3333333333333333,24.911014715013337,0.0,0.0,0,none,0,-1,-1.0,-1.0,0.0,12,1.0,1.0,1.0,0,248,0.861111111111111,0.0,0.3958333333333333,0.6666666666666666,0.6666666666666666,0.8333333333333334,0.0,17.453637698746657,0.0,12.0
537,44.75,44.75,1,20.75,20:45,12.539531836511904,6.076717101595184,6.462814734916719,0,0,0,0,0,0,0,0,0,0,0.0,0.0,4,0.3333333333333333,0.0,0.0,0.0,0,none,0,-1,-1.0,-1.0,0.0,12,1.0,1.0,1.0,0,249,0.8645833333333334,0.0,0.38888888888888884,0.6666666666666666,0.6666666666666666,0.75,0.0,17.453637698746657,0.0,12.0
538,44.833333333333336,44.833333333333336,1,20.833333333333336,20:50,12.360770146367816,6.012184357506109,6.348585788861707,1,1,0,1,1,0,0,0,0,0,0.0,0.0,5,0.4166666666666667,30.516820655114948,0.0,0.0,0,none,0,-1,-1.0,-1.0,0.0,12,1.0,1.0,1.0,0,250,0.8680555555555557,0.0,0.38888888888888884,0.6666666666666666,0.6666666666666666,0.6666666666666666,0.0,15.830039420006235,0.0,12.0
539,44.916666666666664,44.916666666666664,1,20.916666666666664,20:54,12.19950710614545,5.953420315551108,6.246086790594342,0,0,0,0,0,0,1,0,1,0,0.0,0.0,4,0.3333333333333333,0.0,0.0,0.0,0,none,0,-1,-1.0,-1.0,0.0,12,1.0,1.0,1.0,0,251,0.8715277777777777,0.0,0.375,0.5833333333333334,0.5833333333333334,0.75,0.0,12.806819678861352,0.0,12.0
540,45.0,45.0,1,21.0,21:00,12.054490870500668,5.90013246759247,6.1543584029081995,2,1,1,2,1,1,0,0,0,0,0.0,0.0,6,0.5,29.711287517468584,0.0,0.0,0,none,0,-1,-1.0,-1.0,0.0,12,1.0,1.0,1.0,0,252,0.875,0.0,0.3680555555555555,0.5833333333333334,0.5833333333333334,0.6666666666666666,0.0,13.02190967963064,0.0,12.0
541,45.083333333333336,45.083333333333336,1,21.083333333333336,21:05,11.924495418634834,5.8520066985316905,6.072488720103144,0,0,0,0,0,0,1,0,1,0,0.0,0.0,5,0.4166666666666667,0.0,0.0,0.0,0,none,0,-1,-1.0,-1.0,0.0,12,1.0,1.0,1.0,0,253,0.8784722222222223,0.0,0.361111111111111,0.5833333333333334,0.5833333333333334,0.6666666666666666,0.0,13.02190967963064,0.0,12.0
542,45.166666666666664,45.166666666666664,1,21.166666666666664,21:09,11.80832988876633,5.808714985953212,5.999614902813118,2,1,1,2,1,1,1,1,0,0,0.0,0.0,6,0.5,24.550800882315663,0.0,0.0,0,none,0,-1,-1.0,-1.0,0.0,12,1.0,1.0,1.0,0,254,0.8819444444444443,0.0,0.375,0.75,0.75,0.5833333333333334,0.0,15.067809753156945,0.0,12.0
543,45.25,45.25,1,21.25,21:15,11.704846328794464,5.769922209790192,5.934924119004272,1,1,0,1,1,0,1,1,0,0,0.0,0.0,6,0.5,46.09668178055587,0.0,0.0,0,none,0,-1,-1.0,-1.0,0.0,12,1.0,1.0,1.0,0,255,0.8854166666666666,0.0,0.38888888888888884,0.8333333333333334,0.8333333333333334,0.6666666666666666,0.0,18.909199901536603,0.0,12.0
544,45.333333333333336,45.333333333333336,1,21.333333333333336,21:20,11.612945940157196,5.735292057105526,5.87765388305167,0,0,0,0,0,0,0,0,0,0,0.0,0.0,6,0.5,0.0,0.0,0.0,0,none,0,-1,-1.0,-1.0,0.0,12,1.0,1.0,1.0,0,256,0.888888888888889,0.0,0.3958333333333333,0.75,0.75,0.6666666666666666,0.0,16.015989015864303,0.0,12.0
545,45.416666666666664,45.416666666666664,1,21.416666666666664,21:24,11.53158390904278,5.7044920347447965,5.827091874297984,0,0,0,0,0,0,1,1,0,0,0.0,0.0,5,0.4166666666666667,0.0,0.0,0.0,0,none,0,-1,-1.0,-1.0,0.0,12,1.0,1.0,1.0,0,257,0.892361111111111,0.0,0.40277777777777773,0.75,0.75,0.6666666666666666,0.0,16.015989015864303,0.0,12.0
546,45.5,45.5,1,21.5,21:30,11.459772932212921,5.677197624680009,5.782575307532912,1,1,0,1,1,0,2,0,2,0,0.0,0.0,4,0.3333333333333333,34.696891400390456,0.0,0.0,0,none,0,-1,-1.0,-1.0,0.0,12,1.0,1.0,1.0,0,258,0.8958333333333334,0.0,0.40972222222222215,0.8333333333333334,0.8333333333333334,0.75,0.0,18.907396632563508,0.0,12.0
547,45.583333333333336,45.583333333333336,1,21.583333333333336,21:35,11.396585553947567,5.6530956336399365,5.74348992030763,0,0,0,0,0,0,1,1,0,0,0.0,0.0,3,0.25,0.0,0.0,0.0,0,none,0,-1,-1.0,-1.0,0.0,12,1.0,1.0,1.0,0,259,0.8993055555555557,0.0,0.4027777777777777,0.6666666666666666,0.6666666666666666,0.75,0.0,15.873624745904905,0.0,12.0
548,45.666666666666664,45.666666666666664,1,21.666666666666664,21:39,11.34115543631557,5.631886800580896,5.709268635734675,0,0,0,0,0,0,1,1,0,0,0.0,0.0,2,0.16666666666666666,0.0,0.0,0.0,0,none,0,-1,-1.0,-1.0,0.0,12,1.0,1.0,1.0,0,260,0.9027777777777777,0.0,0.38888888888888884,0.5833333333333334,0.5833333333333334,0.75,0.0,13.797706852987126,0.0,12.0
549,45.75,45.75,1,21.75,21:45,11.292677687450254,5.613287733252455,5.6793899541977995,1,1,0,1,1,0,0,0,0,0,0.0,0.0,3,0.25,40.56645670244978,0.0,0.0,0,none,0,-1,-1.0,-1.0,0.0,12,1.0,1.0,1.0,0,261,0.90625,0.0,0.3819444444444444,0.6666666666666666,0.6666666666666666,0.75,0.0,17.178244911524608,0.0,12.0
550,45.833333333333336,45.833333333333336,1,21.833333333333336,21:50,11.250408372138352,5.597032249165731,5.65337612297262,0,0,0,0,0,0,0,0,0,0,0.0,0.0,3,0.25,0.0,0.0,0.0,0,none,0,-1,-1.0,-1.0,0.0,12,1.0,1.0,1.0,0,262,0.9097222222222223,0.0,0.3680555555555555,0.5833333333333334,0.5833333333333334,0.75,0.0,14.635176523598362,0.0,12.0
551,45.916666666666664,45.916666666666664,1,21.916666666666664,21:54,11.213663326211062,5.582872197297954,5.630791128913109,0,0,0,0,0,0,0,0,0,0,0.0,0.0,3,0.25,0.0,0.0,0.0,0,none,0,-1,-1.0,-1.0,0.0,12,1.0,1.0,1.0,0,263,0.9131944444444443,0.0,0.3611111111111111,0.5833333333333334,0.5833333333333334,0.6666666666666666,0.0,14.635176523598362,0.0,12.0
552,46.0,46.0,1,22.0,22:00,11.181816391359748,5.570577835466623,5.611238555893125,0,0,0,0,0,0,0,0,0,0,0.0,0.0,3,0.25,0.0,0.0,0.0,0,none,0,-1,-1.0,-1.0,0.0,12,1.0,1.0,1.0,0,264,0.9166666666666666,0.0,0.34027777777777773,0.4166666666666667,0.4166666666666667,0.6666666666666666,0.0,12.159235897142649,0.0,12.0
553,46.083333333333336,46.083333333333336,1,22.083333333333336,22:05,11.15429718048388,5.559937835039233,5.594359345444647,0,0,0,0,0,0,2,2,0,0,0.0,0.0,1,0.08333333333333333,0.0,0.0,0.0,0,none,0,-1,-1.0,-1.0,0.0,12,1.0,1.0,1.0,0,265,0.920138888888889,0.0,0.31249999999999994,0.4166666666666667,0.4166666666666667,0.75,0.0,12.159235897142649,0.0,12.0
554,46.166666666666664,46.166666666666664,1,22.166666666666664,22:09,11.130588475898081,5.55075898001428,5.579829495883802,0,0,0,0,0,0,0,0,0,0,0.0,0.0,1,0.08333333333333333,0.0,0.0,0.0,0,none,0,-1,-1.0,-1.0,0.0,12,1.0,1.0,1.0,0,266,0.923611111111111,0.0,0.27777777777777773,0.25,0.25,0.6666666666666666,0.0,10.11333582361634,0.0,12.0
555,46.25,46.25,1,22.25,22:15,11.110223354037712,5.542865621956315,5.567357732081398,0,0,0,0,0,0,0,0,0,0,0.0,0.0,1,0.08333333333333333,0.0,0.0,0.0,0,none,0,-1,-1.0,-1.0,0.0,12,1.0,1.0,1.0,0,267,0.9270833333333334,0.0,0.2430555555555555,0.16666666666666666,0.16666666666666666,0.5833333333333334,0.0,6.271945675236687,0.0,12.0
556,46.333333333333336,46.333333333333336,1,22.333333333333336,22:20,11.092782121037228,5.5360989461655326,5.5566831748716945,0,0,0,0,0,0,0,0,0,0,0.0,0.0,1,0.08333333333333333,0.0,0.0,0.0,0,none,0,-1,-1.0,-1.0,0.0,12,1.0,1.0,1.0,0,268,0.9305555555555557,0.0,0.2083333333333333,0.16666666666666666,0.16666666666666666,0.5833333333333334,0.0,6.271945675236687,0.0,12.0
557,46.416666666666664,46.416666666666664,1,22.416666666666664,22:24,11.077889134007714,5.530316098118494,5.54757303588922,0,0,0,0,0,0,0,0,0,0,0.0,0.0,1,0.08333333333333333,0.0,0.0,0.0,0,none,0,-1,-1.0,-1.0,0.0,12,1.0,1.0,1.0,0,269,0.9340277777777777,0.0,0.18055555555555555,0.16666666666666666,0.16666666666666666,0.5,0.0,6.271945675236687,0.0,12.0
558,46.5,46.5,1,22.5,22:30,11.065209573266051,5.525389212876043,5.539820360390008,2,1,1,2,1,1,1,1,0,0,0.0,0.0,2,0.16666666666666666,34.797742990631306,0.0,0.0,0,none,0,-1,-1.0,-1.0,0.0,12,1.0,1.0,1.0,0,270,0.9375,0.0,0.16666666666666663,0.25,0.25,0.4166666666666667,0.0,6.280349974423423,0.0,12.0
559,46.583333333333336,46.583333333333336,1,22.583333333333336,22:35,11.054446221386895,5.521204384006137,5.533241837380758,0,0,0,0,0,0,0,0,0,0,0.0,0.0,2,0.16666666666666666,0.0,0.0,0.0,0,none,0,-1,-1.0,-1.0,0.0,12,1.0,1.0,1.0,0,271,0.9409722222222223,0.0,0.15972222222222218,0.25,0.25,0.3333333333333333,0.0,6.280349974423423,0.0,12.0
560,46.666666666666664,46.666666666666664,1,22.666666666666664,22:39,11.045336295939368,5.51766060275124,5.527675693188129,1,1,0,1,1,0,0,0,0,0,0.0,0.0,3,0.25,29.635951453344788,0.0,0.0,0,none,0,-1,-1.0,-1.0,0.0,12,1.0,1.0,1.0,0,272,0.9444444444444443,0.0,0.16666666666666663,0.3333333333333333,0.3333333333333333,0.25,0.0,8.75001259553549,0.0,12.0
561,46.75,46.75,1,22.75,22:45,11.037648374275019,5.514668692777917,5.522979681497103,0,0,0,0,0,0,0,0,0,0,0.0,0.0,3,0.25,0.0,0.0,0.0,0,none,0,-1,-1.0,-1.0,0.0,12,1.0,1.0,1.0,0,273,0.9479166666666666,0.0,0.16666666666666663,0.25,0.25,0.25,0.0,5.369474536998008,0.0,12.0
562,46.833333333333336,46.833333333333336,1,22.833333333333336,22:50,11.03117944085892,5.512150260939815,5.519029179919106,1,0,1,1,0,1,0,0,0,0,0.0,0.0,4,0.3333333333333333,32.88274172907322,0.0,0.0,0,none,0,-1,-1.0,-1.0,0.0,12,1.0,1.0,1.0,0,274,0.951388888888889,0.0,0.17361111111111108,0.3333333333333333,0.3333333333333333,0.25,0.0,8.109703014420775,0.0,12.0
563,46.916666666666664,46.916666666666664,1,22.916666666666664,22:54,11.025752080455069,5.510036680094674,5.515715400360395,0,0,0,0,0,0,0,0,0,0,0.0,0.0,4,0.3333333333333333,0.0,0.0,0.0,0,none,0,-1,-1.0,-1.0,0.0,12,1.0,1.0,1.0,0,275,0.954861111111111,0.0,0.1805555555555555,0.3333333333333333,0.3333333333333333,0.25,0.0,8.109703014420775,0.0,12.0
564,47.0,47.0,1,23.0,23:00,11.021211834035757,5.508268116149105,5.512943717886652,0,0,0,0,0,0,1,1,0,0,0.0,0.0,3,0.25,0.0,0.0,0.0,0,none,0,-1,-1.0,-1.0,0.0,12,1.0,1.0,1.0,0,276,0.9583333333333334,0.0,0.1805555555555555,0.3333333333333333,0.3333333333333333,0.3333333333333333,0.0,8.109703014420775,0.0,12.0
565,47.083333333333336,47.083333333333336,1,23.083333333333336,23:05,11.017424728600275,5.5067926081511045,5.510632120449171,1,1,0,1,1,0,0,0,0,0,0.0,0.0,4,0.3333333333333333,40.56734473053384,0.0,0.0,0,none,0,-1,-1.0,-1.0,0.0,12,1.0,1.0,1.0,0,277,0.9618055555555557,0.0,0.20138888888888884,0.4166666666666667,0.4166666666666667,0.16666666666666666,0.0,11.490315075298597,0.0,12.0
566,47.166666666666664,47.166666666666664,1,23.166666666666664,23:09,11.014274987158913,5.505565207387003,5.508709779771911,0,0,0,0,0,0,1,1,0,0,0.0,0.0,3,0.25,0.0,0.0,0.0,0,none,0,-1,-1.0,-1.0,0.0,12,1.0,1.0,1.0,0,278,0.9652777777777777,0.0,0.2152777777777777,0.4166666666666667,0.4166666666666667,0.25,0.0,11.490315075298597,0.0,12.0
567,47.25,47.25,1,23.25,23:15,11.011662920942175,5.5045471790343425,5.507115741907833,0,0,0,0,0,0,1,0,1,0,0.0,0.0,2,0.16666666666666666,0.0,0.0,0.0,0,none,0,-1,-1.0,-1.0,0.0,12,1.0,1.0,1.0,0,279,0.96875,0.0,0.22222222222222218,0.4166666666666667,0.4166666666666667,0.3333333333333333,0.0,11.490315075298597,0.0,12.0
568,47.333333333333336,47.333333333333336,1,23.333333333333336,23:20,11.00950300239716,5.503705267937626,5.505797734459534,1,0,1,1,0,1,0,0,0,0,0.0,0.0,3,0.25,31.166580636710105,0.0,0.0,0,none,0,-1,-1.0,-1.0,0.0,12,1.0,1.0,1.0,0,280,0.9722222222222223,0.0,0.23611111111111108,0.5,0.5,0.3333333333333333,0.0,14.08753012835777,0.0,12.0
569,47.416666666666664,47.416666666666664,1,23.416666666666664,23:24,11.007722114686809,5.503011028468728,5.504711086218081,0,0,0,0,0,0,1,0,1,0,0.0,0.0,2,0.16666666666666666,0.0,0.0,0.0,0,none,0,-1,-1.0,-1.0,0.0,12,1.0,1.0,1.0,0,281,0.9756944444444443,0.0,0.2430555555555555,0.5,0.5,0.4166666666666667,0.0,14.08753012835777,0.0,12.0
570,47.5,47.5,1,23.5,23:30,11.006257971159055,5.502440217165992,5.503817753993062,1,1,0,1,1,0,0,0,0,0,0.0,0.0,3,0.25,22.03444780781419,0.0,0.0,0,none,0,-1,-1.0,-1.0,0.0,12,1.0,1.0,1.0,0,282,0.9791666666666666,0.0,0.24999999999999997,0.4166666666666667,0.4166666666666667,0.3333333333333333,0.0,13.023922196456345,0.0,12.0
571,47.583333333333336,47.583333333333336,1,23.583333333333336,23:35,11.005057696542984,5.501972245873942,5.503085450669041,0,0,0,0,0,0,0,0,0,0,0.0,0.0,3,0.25,0.0,0.0,0.0,0,none,0,-1,-1.0,-1.0,0.0,12,1.0,1.0,1.0,0,283,0.982638888888889,0.0,0.2569444444444444,0.4166666666666667,0.4166666666666667,0.3333333333333333,0.0,13.023922196456345,0.0,12.0
572,47.666666666666664,47.666666666666664,1,23.666666666666664,23:39,11.004076560396394,5.5015896923886345,5.502486868007759,0,0,0,0,0,0,0,0,0,0,0.0,0.0,3,0.25,0.0,0.0,0.0,0,none,0,-1,-1.0,-1.0,0.0,12,1.0,1.0,1.0,0,284,0.986111111111111,0.0,0.2569444444444444,0.3333333333333333,0.3333333333333333,0.3333333333333333,0.0,10.554259575344279,0.0,12.0
573,47.75,47.75,1,23.75,23:45,11.003276852512217,5.5012778651142815,5.501998987397935,0,0,0,0,0,0,0,0,0,0,0.0,0.0,3,0.25,0.0,0.0,0.0,0,none,0,-1,-1.0,-1.0,0.0,12,1.0,1.0,1.0,0,285,0.9895833333333334,0.0,0.2569444444444444,0.3333333333333333,0.3333333333333333,0.3333333333333333,0.0,10.55425957534428,0.0,12.0
574,47.833333333333336,47.833333333333336,1,23.833333333333336,23:50,11.002626889529498,5.5010244179194245,5.501602471610074,0,0,0,0,0,0,1,1,0,0,0.0,0.0,2,0.16666666666666666,0.0,0.0,0.0,0,none,0,-1,-1.0,-1.0,0.0,12,1.0,1.0,1.0,0,286,0.9930555555555557,0.0,0.2430555555555555,0.25,0.25,0.4166666666666667,0.0,7.814031097921512,0.0,12.0
575,47.916666666666664,47.916666666666664,1,23.916666666666664,23:54,11.002100141830912,5.5008190112139035,5.501281130617009,0,0,0,0,0,0,2,1,1,0,0.0,0.0,0,0.0,0.0,0.0,0.0,0,none,0,-1,-1.0,-1.0,0.0,12,1.0,1.0,1.0,0,287,0.9965277777777777,0.0,0.21527777777777776,0.25,0.25,0.5833333333333334,0.0,7.814031097921512,0.0,12.0
576,48.0,48.0,2,0.0,00:00,11.00008198637012,5.5000508316227625,5.500031154747357,0,0,0,0,0,0,0,0,0,0,0.0,0.0,0,0.0,0.0,0.0,0.0,0,none,0,-1,-1.0,-1.0,0.0,12,1.0,1.0,1.0,0,0,0.0,0.0,0.19444444444444442,0.25,0.25,0.5,0.0,7.814031097921512,0.0,12.0
577,48.083333333333336,48.083333333333336,2,0.0833333333333357,00:05,11.000106230721423,5.50006586317033,5.500040367551093,0,0,0,0,0,0,0,0,0,0,0.0,0.0,0,0.0,0.0,0.0,0.0,0,none,0,-1,-1.0,-1.0,0.0,12,1.0,1.0,1.0,0,1,0.003472222222222321,0.0,0.16666666666666663,0.16666666666666666,0.16666666666666666,0.5,0.0,4.4334190370436914,0.0,12.0
578,48.166666666666664,48.166666666666664,2,0.1666666666666643,00:09,11.000137271539305,5.500085108559844,5.500052162979461,0,0,0,0,0,0,0,0,0,0,0.0,0.0,0,0.0,0.0,0.0,0.0,0,none,0,-1,-1.0,-1.0,0.0,12,1.0,1.0,1.0,0,2,0.006944444444444346,0.0,0.1458333333333333,0.16666666666666666,0.16666666666666666,0.4166666666666667,0.0,4.4334190370436914,0.0,12.0
579,48.25,48.25,2,0.25,00:15,11.000176902014061,5.5001096795899755,5.500067222424086,0,0,0,0,0,0,0,0,0,0,0.0,0.0,0,0.0,0.0,0.0,0.0,0,none,0,-1,-1.0,-1.0,0.0,12,1.0,1.0,1.0,0,3,0.010416666666666666,0.0,0.1319444444444444,0.16666666666666666,0.16666666666666666,0.3333333333333333,0.0,4.4334190370436914,0.0,12.0
580,48.333333333333336,48.333333333333336,2,0.3333333333333357,00:20,11.000227356278621,5.500140961456445,5.500086394822176,0,0,0,0,0,0,0,0,0,0,0.0,0.0,0,0.0,0.0,0.0,0.0,0,none,0,-1,-1.0,-1.0,0.0,12,1.0,1.0,1.0,0,4,0.013888888888888987,0.0,0.11111111111111106,0.08333333333333333,0.08333333333333333,0.3333333333333333,0.0,1.8362039839845157,0.0,12.0
581,48.416666666666664,48.416666666666664,2,0.4166666666666643,00:24,11.000291409044976,5.50018067453398,5.500110734510996,0,0,0,0,0,0,0,0,0,0,0.0,0.0,0,0.0,0.0,0.0,0.0,0,none,0,-1,-1.0,-1.0,0.0,12,1.0,1.0,1.0,0,5,0.01736111111111101,0.0,0.09722222222222217,0.08333333333333333,0.08333333333333333,0.25,0.0,1.8362039839845157,0.0,12.0
582,48.5,48.5,2,0.5,00:30,11.000372495477256,5.500230948709127,5.500141546768129,1,0,1,1,0,1,0,0,0,0,0.0,0.0,1,0.08333333333333333,34.22070652825452,0.0,0.0,0,none,0,-1,-1.0,-1.0,0.0,12,1.0,1.0,1.0,0,6,0.020833333333333332,0.0,0.0833333333333333,0.08333333333333333,0.08333333333333333,0.25,0.0,2.85172554402121,0.0,12.0
583,48.583333333333336,48.583333333333336,2,0.5833333333333357,00:35,11.000474854853564,5.5002944124684205,5.500180442385144,2,2,0,2,2,0,0,0,0,0,0.0,0.0,3,0.25,29.58270218870447,0.0,0.0,0,none,0,-1,-1.0,-1.0,0.0,12,1.0,1.0,1.0,0,7,0.024305555555555653,0.0,0.0833333333333333,0.25,0.25,0.25,0.0,5.316950726413249,0.0,12.0
584,48.666666666666664,48.666666666666664,2,0.6666666666666643,00:39,11.000603702062527,5.500374299253697,5.50022940280883,2,1,1,2,1,1,0,0,0,0,0.0,0.0,5,0.4166666666666667,25.568731409410027,0.0,0.0,0,none,0,-1,-1.0,-1.0,0.0,12,1.0,1.0,1.0,0,8,0.02777777777777768,0.0,0.0972222222222222,0.4166666666666667,0.4166666666666667,0.25,0.0,7.447678343864085,0.0,12.0
585,48.75,48.75,2,0.75,00:45,11.000765431513953,5.500474573928727,5.500290857585226,1,1,0,1,1,0,0,0,0,0,0.0,0.0,6,0.5,22.09540007944232,0.0,0.0,0,none,0,-1,-1.0,-1.0,0.0,12,1.0,1.0,1.0,0,9,0.03125,0.0,0.11805555555555552,0.5,0.5,0.25,0.0,9.288961683817611,0.0,12.0
586,48.833333333333336,48.833333333333336,2,0.8333333333333357,00:50,11.000967858612453,5.500600082556764,5.50036777605569,0,0,0,0,0,0,0,0,0,0,0.0,0.0,6,0.5,0.0,0.0,0.0,0,none,0,-1,-1.0,-1.0,0.0,12,1.0,1.0,1.0,0,10,0.03472222222222232,0.0,0.1458333333333333,0.5,0.5,0.16666666666666666,0.0,9.288961683817611,0.0,12.0
587,48.916666666666664,48.916666666666664,2,0.9166666666666643,00:54,11.00122050454246,5.500756729063854,5.500463775478606,0,0,0,0,0,0,0,0,0,0,0.0,0.0,6,0.5,0.0,0.0,0.0,0,none,0,-1,-1.0,-1.0,0.0,12,1.0,1.0,1.0,0,11,0.03819444444444434,0.0,0.18749999999999997,0.5,0.5,0.0,0.0,9.288961683817611,0.0,12.0
588,49.0,49.0,2,1.0,01:00,11.001534930734644,5.5009516827530724,5.500583247981572,0,0,0,0,0,0,1,1,0,0,0.0,0.0,5,0.4166666666666667,0.0,0.0,0.0,0,none,0,-1,-1.0,-1.0,0.0,12,1.0,1.0,1.0,0,12,0.041666666666666664,0.0,0.22222222222222218,0.5,0.5,0.08333333333333333,0.0,9.288961683817611,0.0,12.0
589,49.083333333333336,49.083333333333336,2,1.0833333333333357,01:05,11.001925130016067,5.501193621034091,5.500731508981977,1,1,0,1,1,0,1,0,1,0,0.0,0.0,5,0.4166666666666667,38.330415148350376,0.0,0.0,0,none,0,-1,-1.0,-1.0,0.0,12,1.0,1.0,1.0,0,13,0.045138888888888985,0.0,0.2569444444444444,0.5833333333333334,0.5833333333333334,0.16666666666666666,0.0,12.483162946180144,0.0,12.0
590,49.166666666666664,49.166666666666664,2,1.1666666666666643,01:09,11.002407982075074,5.501493012132404,5.500914969942669,1,1,0,1,1,0,3,2,1,0,0.0,0.0,3,0.25,31.929780754387817,0.0,0.0,0,none,0,-1,-1.0,-1.0,0.0,12,1.0,1.0,1.0,0,14,0.048611111111111015,0.0,0.27777777777777773,0.6666666666666666,0.6666666666666666,0.4166666666666667,0.0,15.143978009045794,0.0,12.0
591,49.25,49.25,2,1.25,01:15,11.003003781478727,5.501862442933056,5.501141338545671,1,1,0,1,1,0,1,1,0,0,0.0,0.0,3,0.25,30.036768641027603,0.0,0.0,0,none,0,-1,-1.0,-1.0,0.0,12,1.0,1.0,1.0,0,15,0.052083333333333336,0.0,0.2986111111111111,0.75,0.75,0.5,0.0,17.64704206246476,0.0,12.0
592,49.333333333333336,49.333333333333336,2,1.3333333333333357,01:20,11.003736847043271,5.502316997482579,5.501419849560692,0,0,0,0,0,0,0,0,0,0,0.0,0.0,3,0.25,0.0,0.0,0.0,0,none,0,-1,-1.0,-1.0,0.0,12,1.0,1.0,1.0,0,16,0.05555555555555566,0.0,0.3194444444444444,0.75,0.75,0.5,0.0,17.64704206246476,0.0,12.0
593,49.416666666666664,49.416666666666664,2,1.4166666666666643,01:24,11.004636221850088,5.502874692005684,5.501761529844404,0,0,0,0,0,0,0,0,0,0,0.0,0.0,3,0.25,0.0,0.0,0.0,0,none,0,-1,-1.0,-1.0,0.0,12,1.0,1.0,1.0,0,17,0.05902777777777768,0.0,0.34027777777777773,0.75,0.75,0.5,0.0,17.64704206246476,0.0,12.0
594,49.5,49.5,2,1.5,01:30,11.005736473589717,5.503556972573228,5.50217950101649,0,0,0,0,0,0,0,0,0,0,0.0,0.0,3,0.25,0.0,0.0,0.0,0,none,0,-1,-1.0,-1.0,0.0,12,1.0,1.0,1.0,0,18,0.0625,0.0,0.3541666666666667,0.6666666666666666,0.6666666666666666,0.5,0.0,14.795316518443551,0.0,12.0
595,49.583333333333336,49.583333333333336,2,1.5833333333333357,01:35,11.007078605168505,5.5043892817663895,5.502689323402116,1,0,1,1,0,1,0,0,0,0,0.0,0.0,4,0.3333333333333333,20.010224884203527,0.0,0.0,0,none,0,-1,-1.0,-1.0,0.0,12,1.0,1.0,1.0,0,19,0.06597222222222232,0.0,0.3611111111111111,0.5833333333333334,0.5833333333333334,0.5,0.0,13.997610076401806,0.0,12.0
596,49.666666666666664,49.666666666666664,2,1.6666666666666643,01:39,11.008711085586196,5.505401700798184,5.503309384788012,2,2,0,2,2,0,0,0,0,0,0.0,0.0,6,0.5,31.40793247624227,0.0,0.0,0,none,0,-1,-1.0,-1.0,0.0,12,1.0,1.0,1.0,0,20,0.06944444444444435,0.0,0.3680555555555555,0.5833333333333334,0.5833333333333334,0.5,0.0,14.484210165304495,0.0,12.0
597,49.75,49.75,2,1.75,01:45,11.010691010942473,5.5066296735548965,5.504061337387577,0,0,0,0,0,0,2,2,0,0,0.0,0.0,4,0.3333333333333333,0.0,0.0,0.0,0,none,0,-1,-1.0,-1.0,0.0,12,1.0,1.0,1.0,0,21,0.07291666666666667,0.0,0.3541666666666666,0.5,0.5,0.6666666666666666,0.0,12.642926825350967,0.0,12.0
598,49.833333333333336,49.833333333333336,2,1.8333333333333357,01:50,11.013085405007352,5.5081148188834455,5.504970586123907,1,1,0,1,1,0,1,1,0,0,0.0,0.0,4,0.3333333333333333,36.00661800957842,0.0,0.0,0,none,0,-1,-1.0,-1.0,0.0,12,1.0,1.0,1.0,0,22,0.07638888888888899,0.0,0.34027777777777773,0.5833333333333334,0.5833333333333334,0.75,0.0,15.64347832614917,0.0,12.0
599,49.916666666666664,49.916666666666664,2,1.9166666666666643,01:54,11.015972668041416,5.509905837152156,5.506066830889259,0,0,0,0,0,0,0,0,0,0,0.0,0.0,4,0.3333333333333333,0.0,0.0,0.0,0,none,0,-1,-1.0,-1.0,0.0,12,1.0,1.0,1.0,0,23,0.07986111111111101,0.0,0.32638888888888884,0.5833333333333334,0.5833333333333334,0.75,0.0,15.64347832614917,0.0,12.0
600,50.0,50.0,2,2.0,02:00,11.019444181421887,5.512059516628226,5.507384664793661,0,0,0,0,0,0,1,0,1,0,0.0,0.0,3,0.25,0.0,0.0,0.0,0,none,0,-1,-1.0,-1.0,0.0,12,1.0,1.0,1.0,0,24,0.08333333333333333,0.0,0.31249999999999994,0.5833333333333334,0.5833333333333334,0.75,0.0,15.64347832614917,0.0,12.0
601,50.083333333333336,50.083333333333336,2,2.0833333333333357,02:05,11.023606074063139,5.514641844523217,5.508964229539922,0,0,0,0,0,0,0,0,0,0,0.0,0.0,3,0.25,0.0,0.0,0.0,0,none,0,-1,-1.0,-1.0,0.0,12,1.0,1.0,1.0,0,25,0.08680555555555565,0.0,0.29861111111111105,0.5,0.5,0.6666666666666666,0.0,12.449277063786639,0.0,12.0
602,50.166666666666664,50.166666666666664,2,2.1666666666666643,02:09,11.02858115455895,5.517729226638116,5.510851927920833,0,0,0,0,0,0,1,1,0,0,0.0,0.0,2,0.16666666666666666,0.0,0.0,0.0,0,none,0,-1,-1.0,-1.0,0.0,12,1.0,1.0,1.0,0,26,0.09027777777777768,0.0,0.2916666666666666,0.4166666666666667,0.4166666666666667,0.5,0.0,9.788462000920985,0.0,12.0
603,50.25,50.25,2,2.25,02:15,11.03451101036479,5.5214098183757105,5.5131011919890796,2,1,1,2,1,1,0,0,0,0,0.0,0.0,4,0.3333333333333333,26.338508642119386,0.0,0.0,0,none,0,-1,-1.0,-1.0,0.0,12,1.0,1.0,1.0,0,27,0.09375,0.0,0.29861111111111105,0.5,0.5,0.4166666666666667,0.0,9.480273667678633,0.0,12.0
604,50.333333333333336,50.333333333333336,2,2.3333333333333357,02:20,11.041558272131947,5.525784968468751,5.515773303663196,0,0,0,0,0,0,1,1,0,0,0.0,0.0,3,0.25,0.0,0.0,0.0,0,none,0,-1,-1.0,-1.0,0.0,12,1.0,1.0,1.0,0,28,0.09722222222222232,0.0,0.29861111111111105,0.5,0.5,0.5,0.0,9.480273667678633,0.0,12.0
605,50.416666666666664,50.416666666666664,2,2.4166666666666643,02:24,11.049909037458988,5.530970775092245,5.518938262366743,0,0,0,0,0,0,0,0,0,0,0.0,0.0,3,0.25,0.0,0.0,0.0,0,none,0,-1,-1.0,-1.0,0.0,12,1.0,1.0,1.0,0,29,0.10069444444444435,0.0,0.29861111111111105,0.5,0.5,0.5,0.0,9.480273667678633,0.0,12.0
606,50.5,50.5,2,2.5,02:30,11.059775443807403,5.537099752089127,5.522675691718276,1,1,0,1,1,0,1,1,0,0,0.0,0.0,3,0.25,40.93662175356303,0.0,0.0,0,none,0,-1,-1.0,-1.0,0.0,12,1.0,1.0,1.0,0,30,0.10416666666666667,0.0,0.29861111111111105,0.5833333333333334,0.5833333333333334,0.5833333333333334,0.0,12.891658813808887,0.0,12.0
607,50.583333333333336,50.583333333333336,2,2.5833333333333357,02:35,11.071398375117802,5.5443226008501485,5.5270757742676535,0,0,0,0,0,0,0,0,0,0,0.0,0.0,3,0.25,0.0,0.0,0.0,0,none,0,-1,-1.0,-1.0,0.0,12,1.0,1.0,1.0,0,31,0.10763888888888899,0.0,0.29166666666666663,0.5,0.5,0.5833333333333334,0.0,11.224140073458592,0.0,12.0
608,50.666666666666664,50.666666666666664,2,2.6666666666666643,02:39,11.085050280758281,5.552810080969729,5.532240199788553,0,0,0,0,0,0,1,0,1,0,0.0,0.0,2,0.16666666666666666,0.0,0.0,0.0,0,none,0,-1,-1.0,-1.0,0.0,12,1.0,1.0,1.0,0,32,0.11111111111111101,0.0,0.26388888888888884,0.3333333333333333,0.3333333333333333,0.6666666666666666,0.0,8.60681236710507,0.0,12.0
609,50.75,50.75,2,2.75,02:45,11.101038078854435,5.562754970176136,5.538283108678299,1,1,0,1,1,0,0,0,0,0,0.0,0.0,3,0.25,32.39805292732542,0.0,0.0,0,none,0,-1,-1.0,-1.0,0.0,12,1.0,1.0,1.0,0,33,0.11458333333333333,0.0,0.25694444444444436,0.4166666666666667,0.4166666666666667,0.5,0.0,11.306650111048855,0.0,12.0
610,50.833333333333336,50.833333333333336,2,2.8333333333333357,02:50,11.11970610883199,5.5743741012412,5.5453320075907895,1,0,1,1,0,1,1,1,0,0,0.0,0.0,3,0.25,46.6446922510288,0.0,0.0,0,none,0,-1,-1.0,-1.0,0.0,12,1.0,1.0,1.0,0,34,0.11805555555555565,0.0,0.24999999999999992,0.4166666666666667,0.4166666666666667,0.5,0.0,12.193156297836387,0.0,12.0
611,50.916666666666664,50.916666666666664,2,2.9166666666666643,02:54,11.141439090215897,5.587910460652415,5.553528629563482,2,1,1,2,1,1,0,0,0,0,0.0,0.0,5,0.4166666666666667,30.651892356130816,0.0,0.0,0,none,0,-1,-1.0,-1.0,0.0,12,1.0,1.0,1.0,0,35,0.12152777777777768,0.0,0.2569444444444444,0.5833333333333334,0.5833333333333334,0.5,0.0,14.747480660847287,0.0,12.0
612,51.0,51.0,2,3.0,03:00,11.166665036471228,5.60363533082227,5.563029705648958,2,0,2,2,0,2,0,0,0,0,0.0,0.0,7,0.5833333333333334,36.77120419113525,0.0,0.0,0,none,0,-1,-1.0,-1.0,0.0,12,1.0,1.0,1.0,0,36,0.125,0.0,0.28472222222222215,0.75,0.75,0.4166666666666667,0.0,17.811747676775227,0.0,12.0
613,51.083333333333336,51.083333333333336,2,3.0833333333333357,03:05,11.195858064071933,5.621850454560362,5.574007609511571,0,0,0,0,0,0,0,0,0,0,0.0,0.0,7,0.5833333333333334,0.0,0.0,0.0,0,none,0,-1,-1.0,-1.0,0.0,12,1.0,1.0,1.0,0,37,0.12847222222222232,0.0,0.31249999999999994,0.75,0.75,0.4166666666666667,0.0,17.811747676775227,0.0,12.0
614,51.166666666666664,51.166666666666664,2,3.1666666666666643,03:09,11.229541028207668,5.642890197482153,5.586650830725516,0,0,0,0,0,0,0,0,0,0,0.0,0.0,7,0.5833333333333334,0.0,0.0,0.0,0,none,0,-1,-1.0,-1.0,0.0,12,1.0,1.0,1.0,0,38,0.13194444444444434,0.0,0.34722222222222215,0.75,0.75,0.3333333333333333,0.0,17.811747676775227,0.0,12.0
615,51.25,51.25,2,3.25,03:15,11.268287907786952,5.667123681003905,5.601164226783047,0,0,0,0,0,0,1,1,0,0,0.0,0.0,6,0.5,0.0,0.0,0.0,0,none,0,-1,-1.0,-1.0,0.0,12,1.0,1.0,1.0,0,39,0.13541666666666666,0.0,0.3611111111111111,0.5833333333333334,0.5833333333333334,0.4166666666666667,0.0,15.61687195659861,0.0,12.0
616,51.333333333333336,51.333333333333336,2,3.3333333333333357,03:20,11.3127258539021,5.694956855589195,5.617768998312904,1,0,1,1,0,1,2,2,0,0,0.0,0.0,5,0.4166666666666667,26.601926407601404,0.0,0.0,0,none,0,-1,-1.0,-1.0,0.0,12,1.0,1.0,1.0,0,40,0.13888888888888898,0.0,0.375,0.6666666666666666,0.6666666666666666,0.5,0.0,17.833699157232058,0.0,12.0
617,51.416666666666664,51.416666666666664,2,3.4166666666666643,03:24,11.363536807958472,5.726834480959709,5.636702326998763,0,0,0,0,0,0,0,0,0,0,0.0,0.0,5,0.4166666666666667,0.0,0.0,0.0,0,none,0,-1,-1.0,-1.0,0.0,12,1.0,1.0,1.0,0,41,0.14236111111111102,0.0,0.38888888888888884,0.6666666666666666,0.6666666666666666,0.5,0.0,17.833699157232058,0.0,12.0
618,51.5,51.5,2,3.5,03:30,11.421458588538663,5.76324197702404,5.658216611514622,0,0,0,0,0,0,0,0,0,0,0.0,0.0,5,0.4166666666666667,0.0,0.0,0.0,0,none,0,-1,-1.0,-1.0,0.0,12,1.0,1.0,1.0,0,42,0.14583333333333334,0.0,0.40277777777777773,0.5833333333333334,0.5833333333333334,0.4166666666666667,0.0,14.422314011101806,0.0,12.0
619,51.583333333333336,51.583333333333336,2,3.5833333333333357,03:35,11.4872853401008,5.804707106241757,5.682578233859044,0,0,0,0,0,0,1,0,1,0,0.0,0.0,4,0.3333333333333333,0.0,0.0,0.0,0,none,0,-1,-1.0,-1.0,0.0,12,1.0,1.0,1.0,0,43,0.14930555555555566,0.0,0.40972222222222215,0.5833333333333334,0.5833333333333334,0.5,0.0,14.422314011101806,0.0,12.0
620,51.666666666666664,51.666666666666664,2,3.6666666666666643,03:39,11.561867232150433,5.851801444918893,5.710065787231541,0,0,0,0,0,0,3,0,3,0,0.0,0.0,1,0.08333333333333333,0.0,0.0,0.0,0,none,0,-1,-1.0,-1.0,0.0,12,1.0,1.0,1.0,0,44,0.15277777777777768,0.0,0.40277777777777773,0.5833333333333334,0.5833333333333334,0.6666666666666666,0.0,14.422314011101806,0.0,12.0
621,51.75,51.75,2,3.75,03:45,11.646109294941454,5.905141597380265,5.740967697561189,0,0,0,0,0,0,0,0,0,0,0.0,0.0,1,0.08333333333333333,0.0,0.0,0.0,0,none,0,-1,-1.0,-1.0,0.0,12,1.0,1.0,1.0,0,45,0.15625,0.0,0.38888888888888884,0.5,0.5,0.6666666666666666,0.0,11.722476267158022,0.0,12.0
622,51.833333333333336,51.833333333333336,2,3.8333333333333357,03:50,11.740969277423119,5.965390102906249,5.77557917451687,0,0,0,0,0,0,1,0,1,0,0.0,0.0,0,0.0,0.0,0.0,0.0,0,none,0,-1,-1.0,-1.0,0.0,12,1.0,1.0,1.0,0,46,0.15972222222222232,0.0,0.3680555555555555,0.4166666666666667,0.4166666666666667,0.6666666666666666,0.0,7.835418579572289,0.0,12.0
623,51.916666666666664,51.916666666666664,2,3.9166666666666643,03:54,11.847454415420106,6.03325598055462,5.814198434865486,0,0,0,0,0,0,0,0,0,0,0.0,0.0,0,0.0,0.0,0.0,0.0,0,none,0,-1,-1.0,-1.0,0.0,12,1.0,1.0,1.0,0,47,0.16319444444444434,0.0,0.3333333333333333,0.25,0.25,0.6666666666666666,0.0,5.281094216561388,0.0,12.0
624,52.0,52.0,2,4.0,04:00,11.966617003253864,6.109494851299408,5.8571221519544565,1,1,0,1,1,0,0,0,0,0,0.0,0.0,1,0.08333333333333333,15.0,0.0,0.0,0,none,0,-1,-1.0,-1.0,0.0,12,1.0,1.0,1.0,0,48,0.16666666666666666,0.0,0.29166666666666663,0.16666666666666666,0.16666666666666666,0.6666666666666666,0.0,3.46682720063345,0.0,12.0
625,52.083333333333336,52.083333333333336,2,4.083333333333336,04:05,12.099548670496915,6.194908570107198,5.9046401003897175,0,0,0,0,0,0,0,0,0,0,0.0,0.0,1,0.08333333333333333,0.0,0.0,0.0,0,none,0,-1,-1.0,-1.0,0.0,12,1.0,1.0,1.0,0,49,0.17013888888888898,0.0,0.24999999999999997,0.16666666666666666,0.16666666666666666,0.6666666666666666,0.0,3.46682720063345,0.0,12.0
626,52.166666666666664,52.166666666666664,2,4.166666666666664,04:09,12.247373277560236,6.2903442924752735,5.957028985084962,1,0,1,1,0,1,0,0,0,0,0.0,0.0,2,0.16666666666666666,22.254052569992016,0.0,0.0,0,none,0,-1,-1.0,-1.0,0.0,12,1.0,1.0,1.0,0,50,0.17361111111111102,0.0,0.21527777777777776,0.25,0.25,0.6666666666666666,0.0,5.321331581466119,0.0,12.0
627,52.25,52.25,2,4.25,04:15,12.411238359545287,6.396692890485549,6.014545469059738,0,0,0,0,0,0,1,1,0,0,0.0,0.0,1,0.08333333333333333,0.0,0.0,0.0,0,none,0,-1,-1.0,-1.0,0.0,12,1.0,1.0,1.0,0,51,0.17708333333333334,0.0,0.1805555555555555,0.25,0.25,0.6666666666666666,0.0,5.321331581466119,0.0,12.0
628,52.333333333333336,52.333333333333336,2,4.333333333333336,04:20,12.592305067367635,6.514886622608017,6.077418444759617,0,0,0,0,0,0,0,0,0,0,0.0,0.0,1,0.08333333333333333,0.0,0.0,0.0,0,none,0,-1,-1.0,-1.0,0.0,12,1.0,1.0,1.0,0,52,0.18055555555555566,0.0,0.15277777777777773,0.16666666666666666,0.16666666666666666,0.5,0.0,3.1045043808326676,0.0,12.0
629,52.416666666666664,52.416666666666664,2,4.416666666666664,04:24,12.791736578604713,6.645895949497357,6.145840629107356,1,1,0,1,1,0,0,0,0,0,0.0,0.0,2,0.16666666666666666,24.430174713650203,0.0,0.0,0,none,0,-1,-1.0,-1.0,0.0,12,1.0,1.0,1.0,0,53,0.18402777777777768,0.0,0.1319444444444444,0.25,0.25,0.5,0.0,5.140352273636851,0.0,12.0
630,52.5,52.5,2,4.5,04:30,13.01068497775341,6.790725375245666,6.219959602507744,2,1,1,2,1,1,0,0,0,0,0.0,0.0,4,0.3333333333333333,37.41383824599743,0.0,0.0,0,none,0,-1,-1.0,-1.0,0.0,12,1.0,1.0,1.0,0,54,0.1875,0.0,0.12499999999999996,0.4166666666666667,0.4166666666666667,0.5,0.0,8.25817212746997,0.0,12.0
631,52.583333333333336,52.583333333333336,2,4.583333333333336,04:35,13.25027663640337,6.950408180603702,6.299868455799668,0,0,0,0,0,0,1,0,1,0,0.0,0.0,3,0.25,0.0,0.0,0.0,0,none,0,-1,-1.0,-1.0,0.0,12,1.0,1.0,1.0,0,55,0.19097222222222232,0.0,0.11805555555555551,0.4166666666666667,0.4166666666666667,0.5,0.0,8.25817212746997,0.0,12.0
632,52.666666666666664,52.666666666666664,2,4.666666666666664,04:39,13.511596157908443,7.125999902456282,6.38559625545216,1,0,1,1,0,1,0,0,0,0,0.0,0.0,4,0.3333333333333333,26.954074866463948,0.0,0.0,0,none,0,-1,-1.0,-1.0,0.0,12,1.0,1.0,1.0,0,56,0.19444444444444434,0.0,0.13888888888888884,0.5,0.5,0.25,0.0,10.504345033008633,0.0,12.0
633,52.75,52.75,2,4.75,04:45,13.795668988004156,7.318570403520486,6.47709858448367,0,0,0,0,0,0,0,0,0,0,0.0,0.0,4,0.3333333333333333,0.0,0.0,0.0,0,none,0,-1,-1.0,-1.0,0.0,12,1.0,1.0,1.0,0,57,0.19791666666666666,0.0,0.15972222222222218,0.5,0.5,0.25,0.0,10.504345033008633,0.0,12.0
634,52.833333333333336,52.833333333333336,2,4.833333333333336,04:50,14.103442831869685,7.52919436930972,6.574248462559965,1,0,1,1,0,1,1,1,0,0,0.0,0.0,4,0.3333333333333333,29.382887191858945,0.0,0.0,0,none,0,-1,-1.0,-1.0,0.0,12,1.0,1.0,1.0,0,58,0.20138888888888898,0.0,0.18749999999999997,0.5833333333333334,0.5833333333333334,0.25,0.0,12.952918965663544,0.0,12.0
635,52.916666666666664,52.916666666666664,2,4.916666666666664,04:54,14.435768058628593,7.758940067625658,6.676827991002935,2,2,0,2,2,0,0,0,0,0,0.0,0.0,6,0.5,28.951127491518008,0.0,0.0,0,none,0,-1,-1.0,-1.0,0.0,12,1.0,1.0,1.0,0,59,0.20486111111111102,0.0,0.22916666666666663,0.75,0.75,0.25,0.0,15.365512923290046,0.0,12.0
636,53.0,53.0,2,5.0,05:00,14.793377315351826,8.008856211174379,6.784521104177447,0,0,0,0,0,0,0,0,0,0,0.0,0.0,6,0.5,0.0,0.0,0.0,0,none,0,-1,-1.0,-1.0,0.0,12,1.0,1.0,1.0,0,60,0.20833333333333334,0.0,0.26388888888888884,0.6666666666666666,0.6666666666666666,0.25,0.0,14.115512923290046,0.0,12.0
637,53.083333333333336,53.083333333333336,2,5.083333333333336,05:05,15.176864613283568,8.279956778461827,6.896907834821741,0,0,0,0,0,0,1,1,0,0,0.0,0.0,5,0.4166666666666667,0.0,0.0,0.0,0,none,0,-1,-1.0,-1.0,0.0,12,1.0,1.0,1.0,0,61,0.21180555555555566,0.0,0.29166666666666663,0.6666666666666666,0.6666666666666666,0.3333333333333333,0.0,14.115512923290046,0.0,12.0
638,53.166666666666664,53.166666666666664,2,5.166666666666664,05:09,15.586664188169628,8.573203674031825,7.013460514137804,1,1,0,1,1,0,1,0,1,0,0.0,0.0,5,0.4166666666666667,40.21293567995207,0.0,0.0,0,none,0,-1,-1.0,-1.0,0.0,12,1.0,1.0,1.0,0,62,0.21527777777777768,0.0,0.31249999999999994,0.6666666666666666,0.6666666666666666,0.4166666666666667,0.0,15.61208651578672,0.0,12.0
639,53.25,53.25,2,5.25,05:15,16.023029473063175,8.88948714835656,7.133542324706616,1,0,1,1,0,1,1,0,1,0,0.0,0.0,5,0.4166666666666667,25.109417896812076,0.0,0.0,0,none,0,-1,-1.0,-1.0,0.0,12,1.0,1.0,1.0,0,63,0.21875,0.0,0.34027777777777773,0.75,0.75,0.4166666666666667,0.0,17.704538007187725,0.0,12.0
640,53.333333333333336,53.333333333333336,2,5.333333333333336,05:20,16.486012554603995,9.229603951951706,7.2564086026522885,0,0,0,0,0,0,2,1,1,0,0.0,0.0,3,0.25,0.0,0.0,0.0,0,none,0,-1,-1.0,-1.0,0.0,12,1.0,1.0,1.0,0,64,0.22222222222222232,0.0,0.3541666666666667,0.75,0.75,0.5833333333333334,0.0,17.704538007187725,0.0,12.0
641,53.416666666666664,53.416666666666664,2,5.416666666666664,05:24,16.975444511287357,9.594233268726777,7.381211242560579,4,1,3,4,1,3,0,0,0,0,0.0,0.0,7,0.5833333333333334,32.71733829329135,0.0,0.0,0,none,0,-1,-1.0,-1.0,0.0,12,1.0,1.0,1.0,0,65,0.22569444444444434,0.0,0.38888888888888884,1.0,1.0,0.5833333333333334,0.0,18.39513497215782,0.0,12.0
642,53.5,53.5,2,5.5,05:30,17.490917053446246,9.983910560626,7.507006492820245,0,0,0,0,0,0,0,0,0,0,0.0,0.0,7,0.5833333333333334,0.0,0.0,0.0,0,none,0,-1,-1.0,-1.0,0.0,12,1.0,1.0,1.0,0,66,0.22916666666666666,0.0,0.40972222222222215,0.8333333333333334,0.8333333333333334,0.5833333333333334,0.0,15.2773151183247,0.0,12.0
643,53.583333333333336,53.583333333333336,2,5.583333333333336,05:35,18.031765898421366,10.39899955876689,7.6327663396544745,1,0,1,1,0,1,1,1,0,0,0.0,0.0,7,0.5833333333333334,27.850839327387906,0.0,0.0,0,none,0,-1,-1.0,-1.0,0.0,12,1.0,1.0,1.0,0,67,0.23263888888888898,0.0,0.4375,0.9166666666666666,0.9166666666666666,0.5833333333333334,0.0,17.598218395607024,0.0,12.0
644,53.666666666666664,53.666666666666664,2,5.666666666666664,05:39,18.5970563196404,10.839662753923804,7.7573935657165975,2,2,0,2,2,0,0,0,0,0,0.0,0.0,9,0.75,33.340758426073855,0.0,0.0,0,none,0,-1,-1.0,-1.0,0.0,12,1.0,1.0,1.0,0,68,0.23611111111111102,0.0,0.47222222222222227,1.0,1.0,0.5833333333333334,0.0,18.13044202557452,0.0,12.0
645,53.75,53.75,2,5.75,05:45,19.185571304165776,11.305830868451876,7.879740435713901,1,1,0,1,1,0,1,0,1,0,0.0,0.0,9,0.75,26.836892456285963,0.0,0.0,0,none,0,-1,-1.0,-1.0,0.0,12,1.0,1.0,1.0,0,69,0.23958333333333334,0.0,0.5069444444444444,1.0833333333333333,1.0833333333333333,0.6666666666666666,0.0,20.366849730265013,0.0,12.0
646,53.833333333333336,53.833333333333336,2,5.833333333333336,05:50,19.795802738980836,11.79717192838665,7.998630810594187,2,2,0,2,2,0,0,0,0,0,0.0,0.0,11,0.9166666666666666,29.141730506644734,0.0,0.0,0,none,0,-1,-1.0,-1.0,0.0,12,1.0,1.0,1.0,0,70,0.24305555555555566,0.0,0.5555555555555555,1.1666666666666667,1.1666666666666667,0.5833333333333334,0.0,20.346753339830496,0.0,12.0
647,53.916666666666664,53.916666666666664,2,5.916666666666664,05:54,20.425946021372948,12.31306069293243,8.112885328440518,3,3,0,3,3,0,2,1,1,0,0.0,0.0,12,1.0,35.78451270193647,0.0,0.0,0,none,0,-1,-1.0,-1.0,0.0,12,1.0,1.0,1.0,0,71,0.24652777777777768,0.0,0.5972222222222222,1.25,1.25,0.75,0.0,20.91620210736537,0.0,12.0
648,54.0,54.0,2,6.0,06:00,21.073898452991536,12.852549332068135,8.221349120923401,0,0,0,0,0,0,2,0,2,0,0.0,0.0,10,0.8333333333333334,0.0,0.0,0.0,0,none,0,-1,-1.0,-1.0,0.0,12,1.0,1.0,1.0,0,72,0.25,0.0,0.625,1.25,1.25,0.9166666666666666,0.0,20.91620210736537,0.0,12.0
649,54.083333333333336,54.083333333333336,2,6.083333333333336,06:05,21.737261730557652,13.41434036372575,8.322921366831903,0,0,0,0,0,0,1,0,1,0,0.0,0.0,9,0.75,0.0,0.0,0.0,0,none,0,-1,-1.0,-1.0,0.0,12,1.0,1.0,1.0,0,73,0.2534722222222223,0.0,0.6527777777777778,1.25,1.25,0.9166666666666666,0.0,20.91620210736537,0.0,12.0
650,54.166666666666664,54.166666666666664,2,6.166666666666664,06:09,22.413348789126797,13.996762961383707,8.41658582774309,2,2,0,2,2,0,1,1,0,0,0.0,0.0,10,0.8333333333333334,22.53934533854325,0.0,0.0,0,none,0,-1,-1.0,-1.0,0.0,12,1.0,1.0,1.0,0,74,0.25694444444444436,0.0,0.6875,1.3333333333333333,1.3333333333333333,0.9166666666666666,0.0,19.44340291224797,0.0,12.0
651,54.25,54.25,2,6.25,06:15,23.099195186920248,14.597753812116144,8.501441374804104,2,1,1,2,1,1,2,2,0,0,0.0,0.0,10,0.8333333333333334,29.228139031700355,0.0,0.0,0,none,0,-1,-1.0,-1.0,0.0,12,1.0,1.0,1.0,0,75,0.2604166666666667,0.0,0.7222222222222222,1.4166666666666667,1.4166666666666667,1.0,0.0,19.786629673488658,0.0,12.0
652,54.333333333333336,54.333333333333336,2,6.333333333333336,06:20,23.79157514503054,15.214843735523242,8.576731409507296,1,0,1,1,0,1,2,2,0,0,0.0,0.0,9,0.75,37.36782075873787,0.0,0.0,0,none,0,-1,-1.0,-1.0,0.0,12,1.0,1.0,1.0,0,76,0.263888888888889,0.0,0.7638888888888888,1.5,1.5,1.0,0.0,22.900614736716815,0.0,12.0
653,54.416666666666664,54.416666666666664,2,6.416666666666664,06:24,24.487022272072114,15.845151257710969,8.641871014361145,3,2,1,3,2,1,1,1,0,0,0.0,0.0,11,0.9166666666666666,28.831378430174343,0.0,0.0,0,none,0,-1,-1.0,-1.0,0.0,12,1.0,1.0,1.0,0,77,0.267361111111111,0.0,0.7916666666666666,1.4166666666666667,1.4166666666666667,1.0833333333333333,0.0,22.57678474812373,0.0,12.0
654,54.5,54.5,2,6.5,06:30,25.18185491467317,16.48538426517569,8.696470649497481,1,1,0,1,1,0,1,1,0,0,0.0,0.0,11,0.9166666666666666,35.601339137114216,0.0,0.0,0,none,0,-1,-1.0,-1.0,0.0,12,1.0,1.0,1.0,0,78,0.2708333333333333,0.0,0.8194444444444445,1.5,1.5,1.1666666666666667,0.0,25.543563009549914,0.0,12.0
655,54.583333333333336,54.583333333333336,2,6.583333333333336,06:35,25.87220598144599,17.131850736701526,8.740355244744464,0,0,0,0,0,0,3,3,0,0,0.0,0.0,8,0.6666666666666666,0.0,0.0,0.0,0,none,0,-1,-1.0,-1.0,0.0,12,1.0,1.0,1.0,0,79,0.27430555555555564,0.0,0.8263888888888888,1.4166666666666667,1.4166666666666667,1.3333333333333333,0.0,23.222659732267587,0.0,12.0
656,54.666666666666664,54.666666666666664,2,6.666666666666664,06:39,26.5540569928067,17.780479365401757,8.773577627404944,0,0,0,0,0,0,2,1,1,0,0.0,0.0,6,0.5,0.0,0.0,0.0,0,none,0,-1,-1.0,-1.0,0.0,12,1.0,1.0,1.0,0,80,0.2777777777777777,0.0,0.8055555555555555,1.25,1.25,1.5,0.0,20.44426319676143,0.0,12.0
657,54.75,54.75,2,6.75,06:45,27.223276013981916,18.426850639071922,8.796425374909996,0,0,0,0,0,0,0,0,0,0,0.0,0.0,6,0.5,0.0,0.0,0.0,0,none,0,-1,-1.0,-1.0,0.0,12,1.0,1.0,1.0,0,81,0.28125,0.0,0.7847222222222222,1.1666666666666667,1.1666666666666667,1.4166666666666667,0.0,18.207855492070937,0.0,12.0
658,54.833333333333336,54.833333333333336,2,6.833333333333336,06:50,27.87565903610475,19.066238649677057,8.809420386427695,3,1,2,3,1,2,0,0,0,0,0.0,0.0,9,0.75,29.738502826914186,0.0,0.0,0,none,0,-1,-1.0,-1.0,0.0,12,1.0,1.0,1.0,0,82,0.2847222222222223,0.0,0.7708333333333334,1.25,1.25,1.4166666666666667,0.0,18.25758651876006,0.0,12.0
659,54.916666666666664,54.916666666666664,2,6.916666666666664,06:54,28.506974282872825,19.69366356014146,8.813310722731364,2,1,1,2,1,1,3,2,1,0,0.0,0.0,8,0.6666666666666666,31.07495353679998,0.0,0.0,0,none,0,-1,-1.0,-1.0,0.0,12,1.0,1.0,1.0,0,83,0.28819444444444436,0.0,0.7430555555555555,1.1666666666666667,1.1666666666666667,1.5,0.0,17.865123254998682,0.0,12.0
660,55.0,55.0,2,7.0,07:00,29.1130088401957,20.303954280090416,8.809054560105285,1,1,0,1,1,0,2,1,1,0,0.0,0.0,7,0.5833333333333334,15.031151293171193,0.0,0.0,0,none,0,-1,-1.0,-1.0,0.0,12,1.0,1.0,1.0,0,84,0.2916666666666667,0.0,0.7222222222222222,1.25,1.25,1.5,0.0,19.117719196096285,0.0,12.0
661,55.083333333333336,55.083333333333336,2,7.083333333333336,07:05,29.689616935891465,20.891820506302697,8.797796429588768,2,2,0,2,2,0,0,0,0,0,0.0,0.0,9,0.75,32.932303356757515,0.0,0.0,0,none,0,-1,-1.0,-1.0,0.0,12,1.0,1.0,1.0,0,85,0.295138888888889,0.0,0.7222222222222222,1.4166666666666667,1.4166666666666667,1.4166666666666667,0.0,21.862077809159405,0.0,12.0
662,55.166666666666664,55.166666666666664,2,7.166666666666664,07:09,30.232769137920016,21.45193288532971,8.780836252590307,1,1,0,1,1,0,1,1,0,0,0.0,0.0,9,0.75,30.383269727136717,0.0,0.0,0,none,0,-1,-1.0,-1.0,0.0,12,1.0,1.0,1.0,0,86,0.298611111111111,0.0,0.7152777777777777,1.3333333333333333,1.3333333333333333,1.4166666666666667,0.0,22.515738174875533,0.0,12.0
663,55.25,55.25,2,7.25,07:15,30.73860169473985,21.979009673661682,8.759592021078165,0,0,0,0,0,0,0,0,0,0,0.0,0.0,9,0.75,0.0,0.0,0.0,0,none,0,-1,-1.0,-1.0,0.0,12,1.0,1.0,1.0,0,87,0.3020833333333333,0.0,0.7083333333333334,1.1666666666666667,1.1666666666666667,1.25,0.0,20.080059922233833,0.0,12.0
664,55.333333333333336,55.333333333333336,2,7.333333333333336,07:20,31.20346521172281,22.467907924336416,8.735557287386396,2,1,1,2,1,1,3,2,1,0,0.0,0.0,8,0.6666666666666666,25.15048725685407,0.0,0.0,0,none,0,-1,-1.0,-1.0,0.0,12,1.0,1.0,1.0,0,88,0.30555555555555564,0.0,0.7013888888888888,1.25,1.25,1.3333333333333333,0.0,19.06194879707685,0.0,12.0
665,55.416666666666664,55.416666666666664,2,7.416666666666664,07:24,31.623971844371166,22.91371693697448,8.710254907396685,4,3,1,4,3,1,1,0,1,0,0.0,0.0,11,0.9166666666666666,28.921137180539063,0.0,0.0,0,none,0,-1,-1.0,-1.0,0.0,12,1.0,1.0,1.0,0,89,0.3090277777777777,0.0,0.7013888888888888,1.3333333333333333,1.3333333333333333,1.3333333333333333,0.0,19.06942869294058,0.0,12.0
666,55.5,55.5,2,7.5,07:30,31.997040193149484,23.311851488333524,8.68518870481596,5,3,2,3,3,0,2,1,1,2,0.0,0.0,12,1.0,32.99006435743885,0.0,0.0,0,none,0,-1,-1.0,-1.0,0.0,12,1.0,1.0,1.0,0,90,0.3125,0.16666666666666666,0.7083333333333334,1.6666666666666667,1.5,1.4166666666666667,0.0,18.851822461300966,0.0,12.0
667,55.583333333333336,55.583333333333336,2,7.583333333333336,07:35,32.319937106434125,23.658142227397715,8.661794879036409,1,1,0,1,0,1,1,1,0,2,2.5,5.0,12,1.0,22.121170157689242,5.0,0.0,0,none,0,-1,-1.0,-1.0,0.0,12,1.0,1.0,1.0,0,91,0.3159722222222223,0.3333333333333333,0.736111111111111,1.75,1.5833333333333333,1.25,0.20833333333333334,20.69525330777507,0.4166666666666667,12.0
668,55.666666666666664,55.666666666666664,2,7.666666666666664,07:39,32.5903156372837,23.94892058384911,8.641395053434593,0,0,0,0,0,0,0,0,0,2,7.5,10.0,12,1.0,0.0,0.0,0.0,0,none,0,-1,-1.0,-1.0,0.0,12,1.0,1.0,1.0,0,92,0.31944444444444436,0.5,0.7777777777777777,1.75,1.5833333333333333,1.0833333333333333,0.8333333333333334,20.695253307775065,0.4166666666666667,12.0
669,55.75,55.75,2,7.75,07:45,32.80624845586041,24.181095608048782,8.62515284781163,1,1,0,3,2,1,3,3,0,0,0.0,0.0,12,1.0,27.662996932566926,8.333333333333334,0.0,0,none,0,-1,-1.0,-1.0,0.0,12,1.0,1.0,1.0,0,93,0.3229166666666667,0.5,0.8194444444444443,1.8333333333333333,1.8333333333333333,1.3333333333333333,0.8333333333333334,23.000503052155647,1.1111111111111112,12.0
670,55.833333333333336,55.833333333333336,2,7.833333333333336,07:50,32.96625609134107,24.352220335784285,8.614035755556788,1,1,0,1,1,0,3,2,1,0,0.0,0.0,10,0.8333333333333334,27.137764973919012,0.0,0.0,0,none,0,-1,-1.0,-1.0,0.0,12,1.0,1.0,1.0,0,94,0.326388888888889,0.5,0.8263888888888888,1.6666666666666667,1.6666666666666667,1.5833333333333333,0.8333333333333334,22.78377489773938,1.1111111111111112,12.0
671,55.916666666666664,55.916666666666664,2,7.916666666666664,07:54,33.0693294635577,24.460545547952474,8.608783915605228,3,3,0,3,3,0,2,1,1,0,0.0,0.0,11,0.9166666666666666,33.29867705211398,0.0,0.0,0,none,0,-1,-1.0,-1.0,0.0,12,1.0,1.0,1.0,0,95,0.329861111111111,0.5,0.8472222222222222,1.75,1.75,1.5,0.8333333333333334,22.96908519068221,1.1111111111111112,12.0
672,56.0,56.0,2,8.0,08:00,33.11494626351003,24.505059164561004,8.609887098949025,2,2,0,2,2,0,1,0,1,0,0.0,0.0,12,1.0,35.31547236570832,0.0,5.0,0,none,0,-1,-1.0,-1.0,0.0,12,1.0,1.0,1.0,0,96,0.3333333333333333,0.5,0.8819444444444443,1.8333333333333333,1.8333333333333333,1.4166666666666667,0.8333333333333334,24.659445280060307,1.1111111111111112,12.0
673,56.083333333333336,56.083333333333336,2,8.083333333333336,08:05,33.10308085105868,24.48550995942837,8.617570891630306,4,3,1,2,2,0,2,2,0,2,0.0,0.0,12,1.0,30.800194716622556,0.0,0.0,0,none,0,-1,-1.0,-1.0,0.0,12,1.0,1.0,1.0,0,97,0.33680555555555564,0.6666666666666666,0.9027777777777777,2.0,1.8333333333333333,1.5833333333333333,0.8333333333333334,24.481769560049063,1.1111111111111112,12.0
674,56.166666666666664,56.166666666666664,2,8.166666666666664,08:09,33.03420745500948,24.402414787887224,8.631792667122253,1,0,1,2,1,1,2,2,0,1,0.0,0.0,12,1.0,26.665201107025396,5.0,5.0,0,none,0,-1,-1.0,-1.0,0.0,12,1.0,1.0,1.0,0,98,0.3402777777777777,0.75,0.923611111111111,2.0,1.9166666666666667,1.6666666666666667,0.8333333333333334,24.17193050837312,1.527777777777778,12.0
675,56.25,56.25,2,8.25,08:15,32.909296582700236,24.25704906246724,8.652247520232999,2,1,1,0,0,0,0,0,0,3,1.6666666666666667,5.0,12,1.0,0.0,0.0,0.0,0,none,0,-1,-1.0,-1.0,0.0,12,1.0,1.0,1.0,0,99,0.34375,1.0,0.9444444444444443,2.1666666666666665,1.9166666666666667,1.6666666666666667,0.9722222222222222,24.17193050837312,1.527777777777778,12.0
676,56.333333333333336,56.333333333333336,2,8.333333333333336,08:20,32.72980467023149,24.051420766661572,8.678383903569918,2,1,1,2,1,1,2,2,0,3,1.6666666666666667,5.0,12,1.0,29.81907742117868,7.5,0.0,0,none,0,-1,-1.0,-1.0,0.0,12,1.0,1.0,1.0,0,100,0.3472222222222223,1.25,0.9722222222222222,2.1666666666666665,1.9166666666666667,1.5833333333333333,1.1111111111111112,24.5609796887335,2.152777777777778,12.0
677,56.416666666666664,56.416666666666664,2,8.416666666666664,08:24,32.4976571277268,23.788228839436016,8.70942828829078,1,1,0,2,1,1,2,1,1,2,2.5,5.0,12,1.0,35.08888248079644,7.5,7.5,0,none,0,-1,-1.0,-1.0,0.0,12,1.0,1.0,1.0,0,101,0.35069444444444436,1.4166666666666667,0.9791666666666666,1.9166666666666667,1.75,1.6666666666666667,1.3194444444444444,25.07495846375495,2.777777777777778,12.0
678,56.5,56.5,2,8.5,08:30,32.215225053589485,23.470807268775776,8.744417784813711,1,1,0,3,2,1,4,3,1,0,0.0,0.0,11,0.9166666666666666,31.638477153474838,5.0,1.25,0,none,0,-1,-1.0,-1.0,0.0,12,1.0,1.0,1.0,0,102,0.3541666666666667,1.25,0.9722222222222223,1.5833333333333333,1.75,1.8333333333333333,1.3194444444444444,24.962326196757953,3.1944444444444446,12.0
679,56.583333333333336,56.583333333333336,2,8.583333333333336,08:35,31.88529600489135,23.103056678994534,8.782239325896816,1,0,1,1,0,1,1,1,0,0,0.0,0.0,11,0.9166666666666666,30.29181922397051,0.0,0.0,0,none,0,-1,-1.0,-1.0,0.0,12,1.0,1.0,1.0,0,103,0.357638888888889,1.0833333333333333,0.9652777777777778,1.5833333333333333,1.75,1.8333333333333333,1.1111111111111112,25.643213618948053,2.777777777777778,12.0
680,56.666666666666664,56.666666666666664,2,8.666666666666664,08:39,31.511039315232892,22.68936556475991,8.821673750472984,2,1,1,1,0,1,0,0,0,1,0.0,0.0,12,1.0,34.73031838248203,0.0,0.0,0,none,0,-1,-1.0,-1.0,0.0,12,1.0,1.0,1.0,0,104,0.361111111111111,1.0,0.9652777777777777,1.75,1.8333333333333333,1.8333333333333333,0.48611111111111116,28.537406817488222,2.777777777777778,12.0
681,56.75,56.75,2,8.75,08:45,31.09596654438335,22.234523600145966,8.861442944237385,3,3,0,2,2,0,2,2,0,2,0.0,0.0,12,1.0,36.841562861135834,2.5,2.5,0,none,0,-1,-1.0,-1.0,0.0,12,1.0,1.0,1.0,0,105,0.3645833333333333,1.1666666666666667,0.9652777777777777,1.9166666666666667,1.75,1.75,0.48611111111111116,29.302287311535636,2.2916666666666665,12.0
682,56.833333333333336,56.833333333333336,2,8.833333333333336,08:50,30.64388772380226,21.743629623876984,8.900258099925276,3,1,2,3,2,1,3,3,0,2,0.0,0.0,12,1.0,28.72650579181124,3.3333333333333335,3.3333333333333335,0,none,0,-1,-1.0,-1.0,0.0,12,1.0,1.0,1.0,0,106,0.36805555555555564,1.3333333333333333,0.9791666666666666,2.0833333333333335,1.9166666666666667,1.75,0.48611111111111116,29.434682379693324,2.569444444444444,12.0
683,56.916666666666664,56.916666666666664,2,8.916666666666664,08:54,30.158864127210023,21.221996968102584,8.93686715910744,2,2,0,1,1,0,1,0,1,3,1.6666666666666667,5.0,12,1.0,25.173178354751926,5.0,10.0,0,none,0,-1,-1.0,-1.0,0.0,12,1.0,1.0,1.0,0,107,0.3715277777777777,1.5833333333333333,0.986111111111111,2.0,1.75,1.6666666666666667,0.625,28.75755748824648,2.986111111111111,12.0
684,57.0,57.0,2,9.0,09:00,29.645158344583038,20.6750587588802,8.970099585702838,2,2,0,1,0,1,1,0,1,4,2.5,5.0,12,1.0,41.200572098222565,10.0,10.0,0,none,0,-1,-1.0,-1.0,0.0,12,1.0,1.0,1.0,0,108,0.375,1.9166666666666667,0.986111111111111,2.0,1.6666666666666667,1.6666666666666667,0.8333333333333334,29.247982465956003,3.8194444444444446,12.0
685,57.083333333333336,57.083333333333336,2,9.083333333333336,09:05,29.1071824706093,20.108275678599686,8.998906792009613,0,0,0,2,2,0,2,2,0,2,5.0,5.0,12,1.0,31.651634618137663,10.0,2.5,0,none,0,-1,-1.0,-1.0,0.0,12,1.0,1.0,1.0,0,109,0.3784722222222223,1.9166666666666667,0.986111111111111,1.6666666666666667,1.6666666666666667,1.6666666666666667,1.25,29.318935791082264,4.652777777777778,12.0
686,57.166666666666664,57.166666666666664,2,9.166666666666664,09:09,28.54944523450868,19.527048455065156,9.022396779443524,4,3,1,1,1,0,1,0,1,5,2.0,10.0,12,1.0,21.96491300961143,10.0,0.0,0,none,0,-1,-1.0,-1.0,0.0,12,1.0,1.0,1.0,0,110,0.38194444444444436,2.25,0.986111111111111,1.9166666666666667,1.5833333333333333,1.5833333333333333,1.4166666666666667,28.927245116297765,5.069444444444445,12.0
687,57.25,57.25,2,9.25,09:15,27.97649889740076,18.936637043846602,9.039861853554159,2,1,1,2,2,0,2,0,2,5,3.0,5.0,12,1.0,28.301738492682247,10.0,5.0,0,none,0,-1,-1.0,-1.0,0.0,12,1.0,1.0,1.0,0,111,0.3854166666666667,2.4166666666666665,0.986111111111111,1.9166666666666667,1.75,1.75,1.527777777777778,31.285723324021287,5.902777777777779,12.0
688,57.333333333333336,57.333333333333336,2,9.333333333333336,09:20,27.392886726700688,18.342088117568867,9.05079860913182,0,0,0,3,2,1,3,2,1,2,5.0,5.0,12,1.0,32.42769784812572,10.0,1.6666666666666667,0,none,0,-1,-1.0,-1.0,0.0,12,1.0,1.0,1.0,0,112,0.388888888888889,2.3333333333333335,0.986111111111111,1.75,1.8333333333333333,1.8333333333333333,1.8055555555555554,31.503108359600205,6.111111111111112,12.0
689,57.416666666666664,57.416666666666664,2,9.416666666666664,09:24,26.803091825334036,17.748172087371692,9.054919737962344,2,1,1,2,1,1,2,2,0,2,0.0,0.0,12,1.0,33.981049971255416,10.0,5.0,0,none,0,-1,-1.0,-1.0,0.0,12,1.0,1.0,1.0,0,113,0.392361111111111,2.3333333333333335,0.986111111111111,1.8333333333333333,1.8333333333333333,1.8333333333333333,1.597222222222222,31.41078898380512,6.3194444444444455,12.0
690,57.5,57.5,2,9.5,09:30,26.21148804821528,17.15933047764443,9.05215757057085,0,0,0,1,1,0,1,1,0,1,5.0,5.0,12,1.0,31.692488524216945,5.0,5.0,0,none,0,-1,-1.0,-1.0,0.0,12,1.0,1.0,1.0,0,114,0.3958333333333333,2.4166666666666665,0.9930555555555555,1.75,1.6666666666666667,1.5833333333333333,2.013888888888889,31.41528993136696,6.3194444444444455,12.0
691,57.583333333333336,57.583333333333336,2,9.583333333333336,09:35,25.62229368103432,16.579634074411178,9.042659606623143,0,0,0,1,0,1,3,3,0,0,0.0,0.0,10,0.8333333333333334,25.99488189677526,10.0,8.333333333333334,0,none,0,-1,-1.0,-1.0,0.0,12,1.0,1.0,1.0,0,115,0.39930555555555564,2.4166666666666665,0.9861111111111112,1.6666666666666667,1.6666666666666667,1.75,2.013888888888889,31.05721182076736,7.152777777777779,12.0
692,57.666666666666664,57.666666666666664,2,9.666666666666664,09:39,25.03952848876275,16.012751887827882,9.026776600934866,2,2,0,2,2,0,2,2,0,0,0.0,0.0,10,0.8333333333333334,36.12201242516021,0.0,10.0,0,none,0,-1,-1.0,-1.0,0.0,12,1.0,1.0,1.0,0,116,0.4027777777777777,2.3333333333333335,0.9722222222222222,1.6666666666666667,1.75,1.9166666666666667,2.013888888888889,31.17318632432387,7.152777777777779,12.0
693,57.75,57.75,2,9.75,09:45,24.466974665405278,15.461930625056299,9.005044040348979,1,1,0,1,1,0,1,0,1,0,0.0,0.0,10,0.8333333333333334,33.02822703354123,0.0,10.0,0,none,0,-1,-1.0,-1.0,0.0,12,1.0,1.0,1.0,0,117,0.40625,2.1666666666666665,0.9583333333333334,1.5,1.6666666666666667,1.8333333333333333,2.013888888888889,30.85540833869099,6.9444444444444455,12.0
694,57.833333333333336,57.833333333333336,2,9.833333333333336,09:50,23.908142134435682,14.929984073073737,8.978158061361945,0,0,0,0,0,0,0,0,0,0,0.0,0.0,10,0.8333333333333334,0.0,0.0,0.0,0,none,0,-1,-1.0,-1.0,0.0,12,1.0,1.0,1.0,0,118,0.4097222222222223,2.0,0.9444444444444445,1.25,1.4166666666666667,1.5833333333333333,2.013888888888889,28.461532856040048,6.666666666666667,12.0
695,57.916666666666664,57.916666666666664,2,9.916666666666664,09:54,23.366238563149302,14.419291550051335,8.946947013097967,2,2,0,2,2,0,0,0,0,0,0.0,0.0,12,1.0,37.23083380949645,0.0,0.0,0,none,0,-1,-1.0,-1.0,0.0,12,1.0,1.0,1.0,0,119,0.41319444444444436,1.75,0.9444444444444445,1.25,1.5,1.5,1.875,29.466337477268763,6.25,12.0
696,58.0,58.0,2,10.0,10:00,22.844144365874875,13.931804403464822,8.912339962410053,1,1,0,1,1,0,3,3,0,0,0.0,0.0,10,0.8333333333333334,31.92599147667514,0.0,11.666666666666666,0,none,0,-1,-1.0,-1.0,0.0,12,1.0,1.0,1.0,0,120,0.4166666666666667,1.4166666666666667,0.9305555555555555,1.1666666666666667,1.5,1.6666666666666667,1.6666666666666667,28.693455758806476,5.416666666666667,12.0
697,58.083333333333336,58.083333333333336,2,10.083333333333336,10:05,22.344392882550007,13.46905941424478,8.875333468305227,3,2,1,3,2,1,4,1,3,0,0.0,0.0,9,0.75,24.614070321343046,0.0,8.75,0,none,0,-1,-1.0,-1.0,0.0,12,1.0,1.0,1.0,0,121,0.420138888888889,1.25,0.9097222222222222,1.4166666666666667,1.5833333333333333,1.8333333333333333,1.25,28.10699206740692,4.583333333333333,12.0
698,58.166666666666664,58.166666666666664,2,10.166666666666664,10:09,21.869155832367486,13.032197906976009,8.836957925391477,3,2,1,3,2,1,0,0,0,0,0.0,0.0,12,1.0,26.59577985788756,0.0,0.0,0,none,0,-1,-1.0,-1.0,0.0,12,1.0,1.0,1.0,0,122,0.423611111111111,0.8333333333333334,0.9097222222222222,1.3333333333333333,1.75,1.75,1.0833333333333333,28.492897638096604,3.75,12.0
699,58.25,58.25,2,10.25,10:15,21.420234058650554,12.621989361614977,8.798244697035576,1,0,1,1,0,1,1,1,0,0,0.0,0.0,12,1.0,32.30646189123122,0.0,0.0,0,none,0,-1,-1.0,-1.0,0.0,12,1.0,1.0,1.0,0,123,0.4270833333333333,0.4166666666666667,0.9097222222222222,1.25,1.6666666666666667,1.6666666666666667,0.8333333333333334,28.826624587975683,2.9166666666666665,12.0
700,58.333333333333336,58.333333333333336,2,10.333333333333336,10:20,20.999053502196038,12.238858365423964,8.760195136772074,2,2,0,2,2,0,2,2,0,0,0.0,0.0,12,1.0,28.934727836310326,0.0,0.0,0,none,0,-1,-1.0,-1.0,0.0,12,1.0,1.0,1.0,0,124,0.43055555555555564,0.25,0.9097222222222222,1.4166666666666667,1.5833333333333333,1.5833333333333333,0.4166666666666667,28.535543753657734,2.0833333333333335,12.0
701,58.416666666666664,58.416666666666664,2,10.416666666666664,10:24,20.606666267184465,11.882913826299545,8.72375244088492,2,2,0,1,1,0,1,1,0,1,0.0,0.0,12,1.0,50.0,0.0,0.0,0,none,0,-1,-1.0,-1.0,0.0,12,1.0,1.0,1.0,0,125,0.4340277777777777,0.16666666666666666,0.9097222222222222,1.4166666666666667,1.5,1.5,0.4166666666666667,29.870456256053117,1.25,12.0
702,58.5,58.5,2,10.5,10:30,20.243756577299482,11.55397948099992,8.689777096299562,0,0,0,0,0,0,0,0,0,1,5.0,5.0,12,1.0,0.0,0.0,0.0,0,none,0,-1,-1.0,-1.0,0.0,12,1.0,1.0,1.0,0,126,0.4375,0.16666666666666666,0.9097222222222222,1.4166666666666667,1.4166666666666667,1.4166666666666667,0.4166666666666667,27.229415545701702,0.8333333333333334,12.0
703,58.583333333333336,58.583333333333336,2,10.583333333333336,10:35,19.91065136057534,11.25162486428817,8.65902649628717,3,3,0,4,4,0,6,5,1,0,0.0,0.0,10,0.8333333333333334,23.945089353681347,2.5,0.0,0,none,0,-1,-1.0,-1.0,0.0,12,1.0,1.0,1.0,0,127,0.4409722222222223,0.16666666666666666,0.9097222222222222,1.6666666666666667,1.6666666666666667,1.6666666666666667,0.4166666666666667,27.058599500443876,0.20833333333333334,12.0
704,58.666666666666664,58.666666666666664,2,10.666666666666664,10:39,19.60733515011341,10.975196048358079,8.632139101755332,0,0,0,0,0,0,1,0,1,0,0.0,0.0,9,0.75,0.0,0.0,0.0,0,none,0,-1,-1.0,-1.0,0.0,12,1.0,1.0,1.0,0,128,0.44444444444444436,0.16666666666666666,0.9027777777777777,1.5,1.5,1.5833333333333333,0.4166666666666667,24.048431798347195,0.20833333333333334,12.0
705,58.75,58.75,2,10.75,10:45,19.333468944368136,10.723845607532295,8.60962333683584,0,0,0,0,0,0,2,2,0,0,0.0,0.0,7,0.5833333333333334,0.0,0.0,0.0,0,none,0,-1,-1.0,-1.0,0.0,12,1.0,1.0,1.0,0,129,0.4479166666666667,0.16666666666666666,0.8819444444444445,1.4166666666666667,1.4166666666666667,1.6666666666666667,0.4166666666666667,21.296079545552093,0.20833333333333334,12.0
706,58.833333333333336,58.833333333333336,2,10.833333333333336,10:50,19.08841263518216,10.496561403697475,8.591851231484684,1,1,0,1,1,0,1,0,1,0,0.0,0.0,7,0.5833333333333334,23.860997694417925,0.0,0.0,0,none,0,-1,-1.0,-1.0,0.0,12,1.0,1.0,1.0,0,130,0.451388888888889,0.16666666666666666,0.861111111111111,1.5,1.5,1.75,0.4166666666666667,23.28449602008692,0.20833333333333334,12.0
707,58.916666666666664,58.916666666666664,2,10.916666666666664,10:54,18.87125058396051,10.292193917243164,8.579056666717346,2,2,0,2,2,0,2,2,0,0,0.0,0.0,7,0.5833333333333334,15.579748060367635,0.0,0.0,0,none,0,-1,-1.0,-1.0,0.0,12,1.0,1.0,1.0,0,131,0.454861111111111,0.16666666666666666,0.8263888888888888,1.5,1.5,1.9166666666666667,0.4166666666666667,21.480238874326187,0.20833333333333334,12.0
708,59.0,59.0,2,11.0,11:00,18.68081990598018,10.109481961899167,8.571337944081012,2,2,0,2,2,0,1,1,0,0,0.0,0.0,8,0.6666666666666666,34.192426127634576,0.0,0.0,0,none,0,-1,-1.0,-1.0,0.0,12,1.0,1.0,1.0,0,132,0.4583333333333333,0.16666666666666666,0.8124999999999999,1.5833333333333333,1.5833333333333333,1.75,0.4166666666666667,21.6691084285728,0.20833333333333334,12.0
709,59.083333333333336,59.083333333333336,2,11.083333333333336,11:05,18.51574100938189,9.947076716859607,8.568664292522284,0,0,0,0,0,0,1,1,0,0,0.0,0.0,7,0.5833333333333334,0.0,0.0,0.0,0,none,0,-1,-1.0,-1.0,0.0,12,1.0,1.0,1.0,0,133,0.46180555555555564,0.16666666666666666,0.798611111111111,1.3333333333333333,1.3333333333333333,1.5,0.4166666666666667,19.617935901794215,0.20833333333333334,12.0
710,59.166666666666664,59.166666666666664,2,11.166666666666664,11:09,18.374449928351616,9.803564084452127,8.57088584389949,1,1,0,1,1,0,2,2,0,0,0.0,0.0,6,0.5,26.78483008383262,0.0,5.0,0,none,0,-1,-1.0,-1.0,0.0,12,1.0,1.0,1.0,0,134,0.4652777777777777,0.16666666666666666,0.7569444444444443,1.1666666666666667,1.1666666666666667,1.6666666666666667,0.4166666666666667,19.633690087289636,0.20833333333333334,12.0
711,59.25,59.25,2,11.25,11:15,18.25523198878499,9.677485436192194,8.577746552592794,0,0,0,0,0,0,3,3,0,0,0.0,0.0,3,0.25,0.0,0.0,0.0,0,none,0,-1,-1.0,-1.0,0.0,12,1.0,1.0,1.0,0,135,0.46875,0.16666666666666666,0.6944444444444443,1.0833333333333333,1.0833333333333333,1.8333333333333333,0.4166666666666667,16.941484929687036,0.20833333333333334,12.0
712,59.333333333333336,59.333333333333336,2,11.333333333333336,11:20,18.156256348724312,9.567356845303241,8.588899503421072,1,1,0,1,1,0,0,0,0,0,0.0,0.0,4,0.3333333333333333,18.212851576080894,0.0,0.0,0,none,0,-1,-1.0,-1.0,0.0,12,1.0,1.0,1.0,0,136,0.4722222222222223,0.16666666666666666,0.6388888888888888,1.0,1.0,1.6666666666666667,0.4166666666666667,16.047995241334586,0.20833333333333334,12.0
713,59.416666666666664,59.416666666666664,2,11.416666666666664,11:24,18.075610964452643,9.471686921513756,8.603924042938887,1,0,1,1,0,1,0,0,0,0,0.0,0.0,5,0.4166666666666667,40.731844104599745,0.0,0.0,0,none,0,-1,-1.0,-1.0,0.0,12,1.0,1.0,1.0,0,137,0.47569444444444436,0.08333333333333333,0.5902777777777778,0.9166666666666666,1.0,1.5833333333333333,0.4166666666666667,15.275648916717897,0.20833333333333334,12.0
714,59.5,59.5,2,11.5,11:30,18.011337545728793,9.388993366620257,8.622344179108536,0,0,0,0,0,0,0,0,0,0,0.0,0.0,5,0.4166666666666667,0.0,0.0,0.0,0,none,0,-1,-1.0,-1.0,0.0,12,1.0,1.0,1.0,0,138,0.4791666666666667,0.0,0.5416666666666666,0.9166666666666666,1.0,1.5833333333333333,0.0,15.275648916717893,0.20833333333333334,12.0
715,59.583333333333336,59.583333333333336,2,11.583333333333336,11:35,17.961466079692393,9.317818359768712,8.643647719923681,1,0,1,1,0,1,1,1,0,0,0.0,0.0,5,0.4166666666666667,37.902251457365516,0.0,0.0,0,none,0,-1,-1.0,-1.0,0.0,12,1.0,1.0,1.0,0,139,0.482638888888889,0.0,0.5069444444444444,0.75,0.75,1.1666666666666667,0.0,16.438745758691574,0.0,12.0
716,59.666666666666664,59.666666666666664,2,11.666666666666664,11:39,17.924048521947235,9.25674286264822,8.667305659299014,0,0,0,0,0,0,3,3,0,0,0.0,0.0,2,0.16666666666666666,0.0,0.0,0.0,0,none,0,-1,-1.0,-1.0,0.0,12,1.0,1.0,1.0,0,140,0.486111111111111,0.0,0.4583333333333333,0.75,0.75,1.3333333333333333,0.0,16.438745758691574,0.0,12.0
717,59.75,59.75,2,11.75,11:45,17.897191274787914,9.204399909759529,8.692791365028386,0,0,0,0,0,0,0,0,0,0,0.0,0.0,2,0.16666666666666666,0.0,0.0,0.0,0,none,0,-1,-1.0,-1.0,0.0,12,1.0,1.0,1.0,0,141,0.4895833333333333,0.0,0.4236111111111111,0.75,0.75,1.1666666666666667,0.0,16.438745758691574,0.0,12.0
718,59.833333333333336,59.833333333333336,2,11.833333333333336,11:50,17.879086096068907,9.1594869203623,8.719599175706607,1,1,0,1,1,0,0,0,0,0,0.0,0.0,3,0.25,24.392476189970306,0.0,0.0,0,none,0,-1,-1.0,-1.0,0.0,12,1.0,1.0,1.0,0,142,0.49305555555555564,0.0,0.3958333333333333,0.75,0.75,1.0833333333333333,0.0,16.48303563332094,0.0,12.0
719,59.916666666666664,59.916666666666664,2,11.916666666666664,11:54,17.868039107484766,9.12077703904663,8.747262068438136,1,1,0,1,1,0,0,0,0,0,0.0,0.0,4,0.3333333333333333,28.331582881020278,0.0,0.0,0,none,0,-1,-1.0,-1.0,0.0,12,1.0,1.0,1.0,0,143,0.4965277777777777,0.0,0.37499999999999994,0.6666666666666666,0.6666666666666666,0.9166666666666666,0.0,17.545688535041993,0.0,12.0
720,60.0,60.0,2,12.0,12:00,17.86249759774826,9.0871294831504,8.775368114597859,1,1,0,1,1,0,0,0,0,0,0.0,0.0,5,0.4166666666666667,25.514561025640933,0.0,0.0,0,none,0,-1,-1.0,-1.0,0.0,12,1.0,1.0,1.0,0,144,0.5,0.0,0.3541666666666667,0.5833333333333334,0.5833333333333334,0.8333333333333334,0.0,16.82253310987586,0.0,12.0
721,60.083333333333336,60.083333333333336,2,12.083333333333336,12:05,17.86107434408185,9.057498849062302,8.803575495019548,0,0,0,0,0,0,0,0,0,0,0.0,0.0,5,0.4166666666666667,0.0,0.0,0.0,0,none,0,-1,-1.0,-1.0,0.0,12,1.0,1.0,1.0,0,145,0.5034722222222223,0.0,0.34027777777777773,0.5833333333333334,0.5833333333333334,0.75,0.0,16.82253310987586,0.0,12.0
722,60.166666666666664,60.166666666666664,2,12.166666666666664,12:09,17.86256920438291,9.030943306994764,8.831625897388147,0,0,0,0,0,0,1,0,1,0,0.0,0.0,4,0.3333333333333333,0.0,0.0,0.0,0,none,0,-1,-1.0,-1.0,0.0,12,1.0,1.0,1.0,0,146,0.5069444444444443,0.0,0.32638888888888884,0.5,0.5,0.6666666666666666,0.0,14.59046393622314,0.0,12.0
723,60.25,60.25,2,12.25,12:15,17.86598776222676,9.006631595875712,8.859356166351047,0,0,0,0,0,0,2,1,1,0,0.0,0.0,2,0.16666666666666666,0.0,0.0,0.0,0,none,0,-1,-1.0,-1.0,0.0,12,1.0,1.0,1.0,0,147,0.5104166666666666,0.0,0.3194444444444444,0.5,0.5,0.5833333333333334,0.0,14.59046393622314,0.0,12.0
724,60.333333333333336,60.333333333333336,2,12.333333333333336,12:20,17.870556837404763,8.98384871705027,8.886708120354493,1,1,0,1,1,0,0,0,0,0,0.0,0.0,3,0.25,15.343198761520082,0.0,0.0,0,none,0,-1,-1.0,-1.0,0.0,12,1.0,1.0,1.0,0,148,0.513888888888889,0.0,0.31249999999999994,0.5,0.5,0.5833333333333334,0.0,14.351326201676406,0.0,12.0
725,60.416666666666664,60.416666666666664,2,12.416666666666664,12:24,17.87573670585183,8.962000217697103,8.913736488154726,1,0,1,1,0,1,1,1,0,0,0.0,0.0,3,0.25,23.52844861116923,0.0,0.0,0,none,0,-1,-1.0,-1.0,0.0,12,1.0,1.0,1.0,0,149,0.517361111111111,0.0,0.2986111111111111,0.5,0.5,0.6666666666666666,0.0,12.917709910557194,0.0,12.0
726,60.5,60.5,2,12.5,12:30,17.88122990450794,8.94061495225397,8.94061495225397,2,1,1,2,1,1,1,1,0,0,0.0,0.0,4,0.3333333333333333,29.710722733130336,0.0,0.0,0,none,0,-1,-1.0,-1.0,0.0,12,1.0,1.0,1.0,0,150,0.5208333333333334,0.0,0.29166666666666663,0.6666666666666666,0.6666666666666666,0.75,0.0,15.39360347165139,0.0,12.0
727,60.583333333333336,60.583333333333336,2,12.583333333333336,12:35,17.886986528804712,8.919346212609192,8.96764031619552,1,1,0,1,1,0,0,0,0,0,0.0,0.0,5,0.4166666666666667,18.666301254922,0.0,0.0,0,none,0,-1,-1.0,-1.0,0.0,12,1.0,1.0,1.0,0,151,0.5243055555555557,0.0,0.29166666666666663,0.6666666666666666,0.6666666666666666,0.6666666666666666,0.0,13.790607621447764,0.0,12.0
728,60.666666666666664,60.666666666666664,2,12.666666666666664,12:39,17.893205962998053,8.897971125204322,8.995234837793733,1,1,0,1,1,0,1,1,0,0,0.0,0.0,5,0.4166666666666667,36.40172242963444,0.0,0.0,0,none,0,-1,-1.0,-1.0,0.0,12,1.0,1.0,1.0,0,152,0.5277777777777777,0.0,0.31249999999999994,0.75,0.75,0.5,0.0,16.824084490583967,0.0,12.0
729,60.75,60.75,2,12.75,12:45,17.900335016416467,8.876388225381456,9.02394679103501,2,1,1,2,1,1,0,0,0,0,0.0,0.0,7,0.5833333333333334,29.555246876253822,0.0,0.0,0,none,0,-1,-1.0,-1.0,0.0,12,1.0,1.0,1.0,0,153,0.53125,0.0,0.34722222222222215,0.9166666666666666,0.9166666666666666,0.5,0.0,19.287021730271785,0.0,12.0
730,60.833333333333336,60.833333333333336,2,12.833333333333336,12:50,17.909062471795444,8.85461313622465,9.054449335570794,0,0,0,0,0,0,2,0,2,0,0.0,0.0,5,0.4166666666666667,0.0,0.0,0.0,0,none,0,-1,-1.0,-1.0,0.0,12,1.0,1.0,1.0,0,154,0.5347222222222223,0.0,0.3611111111111111,0.8333333333333334,0.8333333333333334,0.6666666666666666,0.0,17.25431538110759,0.0,12.0
731,60.916666666666664,60.916666666666664,2,12.916666666666664,12:54,17.920310085157453,8.832772300794858,9.087537784362596,1,1,0,1,1,0,1,1,0,0,0.0,0.0,5,0.4166666666666667,33.18287348445283,0.0,0.0,0,none,0,-1,-1.0,-1.0,0.0,12,1.0,1.0,1.0,0,155,0.5381944444444443,0.0,0.3680555555555555,0.8333333333333334,0.8333333333333334,0.75,0.0,17.658589598060306,0.0,12.0
732,61.0,61.0,2,13.0,13:00,17.935220110106556,8.811094743120563,9.124125366985993,1,0,1,1,0,1,0,0,0,0,0.0,0.0,6,0.5,31.032422190751305,0.0,0.0,0,none,0,-1,-1.0,-1.0,0.0,12,1.0,1.0,1.0,0,156,0.5416666666666666,0.0,0.375,0.8333333333333334,0.8333333333333334,0.75,0.0,18.1184113618195,0.0,12.0
733,61.083333333333336,61.083333333333336,2,13.083333333333336,13:05,17.955139452865332,8.78990186470857,9.165237588156762,1,0,1,1,0,1,1,1,0,0,0.0,0.0,6,0.5,19.179959690625324,0.0,0.0,0,none,0,-1,-1.0,-1.0,0.0,12,1.0,1.0,1.0,0,157,0.545138888888889,0.0,0.3819444444444444,0.9166666666666666,0.9166666666666666,0.8333333333333334,0.0,19.71674133603828,0.0,12.0
734,61.166666666666664,61.166666666666664,2,13.166666666666664,13:09,17.981600597810417,8.769595319809286,9.212005278001131,2,0,2,2,0,2,0,0,0,0,0.0,0.0,8,0.6666666666666666,31.788836621493985,0.0,0.0,0,none,0,-1,-1.0,-1.0,0.0,12,1.0,1.0,1.0,0,158,0.548611111111111,0.0,0.40972222222222215,1.0833333333333333,1.0833333333333333,0.75,0.0,22.36581105449611,0.0,12.0
735,61.25,61.25,2,13.25,13:15,18.01629947657129,8.750643054272226,9.265656422299063,1,0,1,1,0,1,1,1,0,0,0.0,0.0,8,0.6666666666666666,23.515149366957594,0.0,0.0,0,none,0,-1,-1.0,-1.0,0.0,12,1.0,1.0,1.0,0,159,0.5520833333333334,0.0,0.45138888888888884,1.1666666666666667,1.1666666666666667,0.6666666666666666,0.0,24.32540683507591,0.0,12.0
736,61.333333333333336,61.333333333333336,2,13.333333333333336,13:20,18.061070486838766,8.73356363948125,9.327506847357515,0,0,0,0,0,0,1,1,0,0,0.0,0.0,7,0.5833333333333334,0.0,0.0,0.0,0,none,0,-1,-1.0,-1.0,0.0,12,1.0,1.0,1.0,0,160,0.5555555555555557,0.0,0.4791666666666666,1.0833333333333333,1.0833333333333333,0.75,0.0,23.04680693828257,0.0,12.0
737,61.416666666666664,61.416666666666664,2,13.416666666666664,13:24,18.11785889975643,8.71890908425559,9.398949815500842,0,0,0,0,0,0,2,0,2,0,0.0,0.0,5,0.4166666666666667,0.0,0.0,0.0,0,none,0,-1,-1.0,-1.0,0.0,12,1.0,1.0,1.0,0,161,0.5590277777777777,0.0,0.4930555555555555,1.0,1.0,0.8333333333333334,0.0,21.086102887351803,0.0,12.0
738,61.5,61.5,2,13.5,13:30,18.188690926982243,8.707246363114217,9.481444563868026,0,0,0,0,0,0,1,1,0,0,0.0,0.0,4,0.3333333333333333,0.0,0.0,0.0,0,none,0,-1,-1.0,-1.0,0.0,12,1.0,1.0,1.0,0,162,0.5625,0.0,0.4930555555555555,0.8333333333333334,0.8333333333333334,0.8333333333333334,0.0,18.610209326257607,0.0,12.0
739,61.583333333333336,61.583333333333336,2,13.583333333333336,13:35,18.275641750014422,8.699137957899083,9.576503792115341,2,2,0,2,2,0,1,0,1,0,0.0,0.0,5,0.4166666666666667,30.983153582729077,0.0,0.0,0,none,0,-1,-1.0,-1.0,0.0,12,1.0,1.0,1.0,0,163,0.5659722222222223,0.0,0.4930555555555555,0.9166666666666666,0.9166666666666666,0.9166666666666666,0.0,19.6366136869082,0.0,12.0
740,61.666666666666664,61.666666666666664,2,13.666666666666664,13:39,18.380801844936265,8.695121769942759,9.685680074993506,0,0,0,0,0,0,2,0,2,0,0.0,0.0,3,0.25,0.0,0.0,0.0,0,none,0,-1,-1.0,-1.0,0.0,12,1.0,1.0,1.0,0,164,0.5694444444444443,0.0,0.4791666666666667,0.8333333333333334,0.8333333333333334,1.0,0.0,16.603136817771993,0.0,12.0
741,61.75,61.75,2,13.75,13:45,18.506241965056223,8.69569081974589,9.810551145310333,0,0,0,0,0,0,0,0,0,0,0.0,0.0,3,0.25,0.0,0.0,0.0,0,none,0,-1,-1.0,-1.0,0.0,12,1.0,1.0,1.0,0,165,0.5729166666666666,0.0,0.45138888888888884,0.6666666666666666,0.6666666666666666,1.0,0.0,14.140199578084177,0.0,12.0
742,61.833333333333336,61.833333333333336,2,13.833333333333336,13:50,18.653977171652162,8.701273207980098,9.952703963672064,2,0,2,2,0,2,1,0,1,0,0.0,0.0,4,0.3333333333333333,30.736137132044135,0.0,0.0,0,none,0,-1,-1.0,-1.0,0.0,12,1.0,1.0,1.0,0,166,0.576388888888889,0.0,0.44444444444444436,0.8333333333333334,0.8333333333333334,0.9166666666666666,0.0,16.701544339087853,0.0,12.0
743,61.916666666666664,61.916666666666664,2,13.916666666666664,13:54,18.825930328755895,8.71221286254684,10.113717466209055,0,0,0,0,0,0,0,0,0,0,0.0,0.0,4,0.3333333333333333,0.0,0.0,0.0,0,none,0,-1,-1.0,-1.0,0.0,12,1.0,1.0,1.0,0,167,0.579861111111111,0.0,0.4375,0.75,0.75,0.8333333333333334,0.0,13.936304882050118,0.0,12.0
744,62.0,62.0,2,14.0,14:00,19.023895501153813,8.72875163798738,10.295143863166434,0,0,0,0,0,0,0,0,0,0,0.0,0.0,4,0.3333333333333333,0.0,0.0,0.0,0,none,0,-1,-1.0,-1.0,0.0,12,1.0,1.0,1.0,0,168,0.5833333333333334,0.0,0.4236111111111111,0.6666666666666666,0.6666666666666666,0.8333333333333334,0.0,11.350269699487507,0.0,12.0
745,62.083333333333336,62.083333333333336,2,14.083333333333336,14:05,19.249501714982948,8.751013362054195,10.498488352928753,0,0,0,0,0,0,0,0,0,0,0.0,0.0,4,0.3333333333333333,0.0,0.0,0.0,0,none,0,-1,-1.0,-1.0,0.0,12,1.0,1.0,1.0,0,169,0.5868055555555557,0.0,0.40972222222222215,0.5833333333333334,0.5833333333333334,0.75,0.0,9.751939725268732,0.0,12.0
746,62.166666666666664,62.166666666666664,2,14.166666666666664,14:09,19.504177556859954,8.778990435911853,10.725187120948101,1,0,1,1,0,1,2,2,0,0,0.0,0.0,3,0.25,27.175517399674494,0.0,0.0,0,none,0,-1,-1.0,-1.0,0.0,12,1.0,1.0,1.0,0,170,0.5902777777777777,0.0,0.37499999999999994,0.5,0.5,0.9166666666666666,0.0,9.367496456783774,0.0,12.0
747,62.25,62.25,2,14.25,14:15,19.789117099729374,8.812533585538368,10.976583514191006,1,1,0,1,1,0,0,0,0,0,0.0,0.0,4,0.3333333333333333,33.354132394821,0.0,0.0,0,none,0,-1,-1.0,-1.0,0.0,12,1.0,1.0,1.0,0,171,0.59375,0.0,0.34722222222222215,0.5,0.5,0.8333333333333334,0.0,10.187411709105724,0.0,12.0
748,62.333333333333336,62.333333333333336,2,14.333333333333336,14:20,20.10524765085704,8.851345329119534,11.253902321737508,1,0,1,1,0,1,1,0,1,0,0.0,0.0,4,0.3333333333333333,32.21827342865069,0.0,0.0,0,none,0,-1,-1.0,-1.0,0.0,12,1.0,1.0,1.0,0,172,0.5972222222222223,0.0,0.32638888888888884,0.5833333333333334,0.5833333333333334,0.8333333333333334,0.0,12.872267828159949,0.0,12.0
749,62.416666666666664,62.416666666666664,2,14.416666666666664,14:24,20.453199818904228,8.894977665895407,11.55822215300882,0,0,0,0,0,0,0,0,0,0,0.0,0.0,4,0.3333333333333333,0.0,0.0,0.0,0,none,0,-1,-1.0,-1.0,0.0,12,1.0,1.0,1.0,0,173,0.6006944444444443,0.0,0.3194444444444444,0.5833333333333334,0.5833333333333334,0.6666666666666666,0.0,12.872267828159949,0.0,12.0
750,62.5,62.5,2,14.5,14:30,20.833280392079033,8.942834404306268,11.890445987772763,2,1,1,2,1,1,1,0,1,0,0.0,0.0,5,0.4166666666666667,27.923288602920294,0.0,0.0,0,none,0,-1,-1.0,-1.0,0.0,12,1.0,1.0,1.0,0,174,0.6041666666666666,0.0,0.32638888888888884,0.75,0.75,0.6666666666666666,0.0,15.199208545069974,0.0,12.0
751,62.583333333333336,62.583333333333336,2,14.583333333333336,14:35,21.245448507288465,8.994178430904247,12.251270076384218,0,0,0,0,0,0,0,0,0,0,0.0,0.0,5,0.4166666666666667,0.0,0.0,0.0,0,none,0,-1,-1.0,-1.0,0.0,12,1.0,1.0,1.0,0,175,0.607638888888889,0.0,0.32638888888888884,0.5833333333333334,0.5833333333333334,0.5833333333333334,0.0,12.617279079842552,0.0,12.0
752,62.666666666666664,62.666666666666664,2,14.666666666666664,14:39,21.68929557038578,9.048144077343084,12.641151493042695,1,0,1,1,0,1,1,0,1,0,0.0,0.0,5,0.4166666666666667,32.34523736571501,0.0,0.0,0,none,0,-1,-1.0,-1.0,0.0,12,1.0,1.0,1.0,0,176,0.611111111111111,0.0,0.34027777777777773,0.6666666666666666,0.6666666666666666,0.5,0.0,15.31271552698547,0.0,12.0
753,62.75,62.75,2,14.75,14:45,22.164029359491966,9.103754573509828,13.060274785982138,2,1,1,2,1,1,0,0,0,0,0.0,0.0,7,0.5833333333333334,34.027176592048534,0.0,0.0,0,none,0,-1,-1.0,-1.0,0.0,12,1.0,1.0,1.0,0,177,0.6145833333333334,0.0,0.3680555555555555,0.8333333333333334,0.8333333333333334,0.5,0.0,18.148313576322845,0.0,12.0
754,62.833333333333336,62.833333333333336,2,14.833333333333336,14:50,22.668462706575408,9.159944384996713,13.508518321578695,1,1,0,1,1,0,1,1,0,0,0.0,0.0,7,0.5833333333333334,33.691676688892734,0.0,0.0,0,none,0,-1,-1.0,-1.0,0.0,12,1.0,1.0,1.0,0,178,0.6180555555555557,0.0,0.3888888888888889,0.75,0.75,0.5,0.0,18.394608539393563,0.0,12.0
755,62.916666666666664,62.916666666666664,2,14.916666666666664,14:54,23.201007106769815,9.215586028918846,13.985421077850969,0,0,0,0,0,0,2,1,1,0,0.0,0.0,5,0.4166666666666667,0.0,0.0,0.0,0,none,0,-1,-1.0,-1.0,0.0,12,1.0,1.0,1.0,0,179,0.6215277777777777,0.0,0.39583333333333326,0.75,0.75,0.6666666666666666,0.0,18.394608539393563,0.0,12.0
756,63.0,63.0,2,15.0,15:00,23.759671550263715,9.26952075156188,14.490150798701835,2,1,1,2,1,1,0,0,0,0,0.0,0.0,7,0.5833333333333334,30.4919706966822,0.0,0.0,0,none,0,-1,-1.0,-1.0,0.0,12,1.0,1.0,1.0,0,180,0.625,0.0,0.4166666666666667,0.9166666666666666,0.9166666666666666,0.6666666666666666,0.0,20.935606097450414,0.0,12.0
757,63.083333333333336,63.083333333333336,2,15.083333333333336,15:05,24.34206680820536,9.320592243964095,15.021474564241263,2,1,1,2,1,1,1,0,1,0,0.0,0.0,8,0.6666666666666666,29.047589864130988,0.0,0.0,0,none,0,-1,-1.0,-1.0,0.0,12,1.0,1.0,1.0,0,181,0.6284722222222223,0.0,0.4444444444444444,1.0833333333333333,1.0833333333333333,0.75,0.0,23.356238586127997,0.0,12.0
758,63.166666666666664,63.166666666666664,2,15.166666666666664,15:09,24.945415332384425,9.367682377874381,15.577732954510044,2,0,2,2,0,2,0,0,0,0,0.0,0.0,10,0.8333333333333334,30.04354521069549,0.0,0.0,0,none,0,-1,-1.0,-1.0,0.0,12,1.0,1.0,1.0,0,182,0.6319444444444443,0.0,0.4930555555555556,1.1666666666666667,1.1666666666666667,0.5833333333333334,0.0,23.595240903713076,0.0,12.0
759,63.25,63.25,2,15.25,15:15,25.566566849190355,9.409747775764568,16.156819073425787,1,0,1,1,0,1,1,0,1,0,0.0,0.0,10,0.8333333333333334,32.28429577186347,0.0,0.0,0,none,0,-1,-1.0,-1.0,0.0,12,1.0,1.0,1.0,0,183,0.6354166666666666,0.0,0.5347222222222222,1.1666666666666667,1.1666666666666667,0.6666666666666666,0.0,23.50608785179995,0.0,12.0
760,63.333333333333336,63.333333333333336,2,15.333333333333336,15:20,26.202019642504617,9.44585589590243,16.756163746602187,4,1,3,4,1,3,2,1,1,0,0.0,0.0,12,1.0,28.57193975382236,0.0,0.0,0,none,0,-1,-1.0,-1.0,0.0,12,1.0,1.0,1.0,0,184,0.638888888888889,0.0,0.5902777777777778,1.4166666666666667,1.4166666666666667,0.75,0.0,23.202226712230924,0.0,12.0
761,63.416666666666664,63.416666666666664,2,15.416666666666664,15:24,26.847947429031734,9.475219227424237,17.372728201607497,1,0,1,1,0,1,1,1,0,0,0.0,0.0,12,1.0,24.95132502930208,0.0,0.0,0,none,0,-1,-1.0,-1.0,0.0,12,1.0,1.0,1.0,0,185,0.642361111111111,0.0,0.6458333333333334,1.5,1.5,0.8333333333333334,0.0,25.2815037980061,0.0,12.0
762,63.5,63.5,2,15.5,15:30,27.500231634640805,9.497226159997263,18.003005474643544,1,1,0,1,1,0,2,2,0,0,0.0,0.0,11,0.9166666666666666,15.256669119355655,0.0,0.0,0,none,0,-1,-1.0,-1.0,0.0,12,1.0,1.0,1.0,0,186,0.6458333333333334,0.0,0.6875,1.4166666666666667,1.4166666666666667,0.9166666666666666,0.0,24.22595217437571,0.0,12.0
763,63.583333333333336,63.583333333333336,2,15.583333333333336,15:35,28.154498783354047,9.511467125030162,18.643031658323885,1,0,1,1,0,1,2,0,2,0,0.0,0.0,10,0.8333333333333334,27.575721995402645,0.0,0.0,0,none,0,-1,-1.0,-1.0,0.0,12,1.0,1.0,1.0,0,187,0.6493055555555557,0.0,0.7222222222222222,1.5,1.5,1.0833333333333333,0.0,26.52392900732593,0.0,12.0
764,63.666666666666664,63.666666666666664,2,15.666666666666664,15:39,28.80616261366367,9.517754704692791,19.28840790897088,0,0,0,0,0,0,2,0,2,0,0.0,0.0,8,0.6666666666666666,0.0,0.0,0.0,0,none,0,-1,-1.0,-1.0,0.0,12,1.0,1.0,1.0,0,188,0.6527777777777777,0.0,0.7430555555555555,1.4166666666666667,1.4166666666666667,1.1666666666666667,0.0,23.82849256018301,0.0,12.0
765,63.75,63.75,2,15.75,15:45,29.450470442021608,9.516136572142347,19.93433386987926,3,1,2,3,1,2,0,0,0,0,0.0,0.0,11,0.9166666666666666,34.562148590170146,0.0,0.0,0,none,0,-1,-1.0,-1.0,0.0,12,1.0,1.0,1.0,0,189,0.65625,0.0,0.7708333333333334,1.5,1.5,1.1666666666666667,0.0,23.87307356002648,0.0,12.0
766,63.833333333333336,63.833333333333336,2,15.833333333333336,15:50,30.082553202885293,9.506900358507847,20.575652844377444,2,1,1,2,1,1,5,1,4,0,0.0,0.0,8,0.6666666666666666,24.457967312079568,0.0,0.0,0,none,0,-1,-1.0,-1.0,0.0,12,1.0,1.0,1.0,0,190,0.6597222222222223,0.0,0.7777777777777777,1.5833333333333333,1.5833333333333333,1.5,0.0,23.103597778625385,0.0,12.0
767,63.916666666666664,63.916666666666664,2,15.916666666666664,15:54,30.69747851091476,9.490569832664995,21.206908678249764,1,0,1,1,0,1,1,1,0,0,0.0,0.0,8,0.6666666666666666,38.13062814889098,0.0,0.0,0,none,0,-1,-1.0,-1.0,0.0,12,1.0,1.0,1.0,0,191,0.6631944444444443,0.0,0.798611111111111,1.6666666666666667,1.6666666666666667,1.4166666666666667,0.0,26.281150124366295,0.0,12.0
768,64.0,64.0,2,16.0,16:00,31.290306016074027,9.467892118126867,21.822413897947158,1,0,1,1,0,1,1,0,1,0,0.0,0.0,8,0.6666666666666666,33.52493036835232,0.0,0.0,0,none,0,-1,-1.0,-1.0,0.0,12,1.0,1.0,1.0,0,192,0.6666666666666666,0.0,0.8055555555555555,1.5833333333333333,1.5833333333333333,1.5,0.0,26.533896763672143,0.0,12.0
769,64.08333333333333,64.08333333333333,2,16.08333333333333,16:04,31.85614425867985,9.43981604348049,22.41632821519936,1,1,0,1,1,0,2,1,1,0,0.0,0.0,7,0.5833333333333334,30.448884123788623,0.0,0.0,0,none,0,-1,-1.0,-1.0,0.0,12,1.0,1.0,1.0,0,193,0.6701388888888887,0.0,0.798611111111111,1.5,1.5,1.5833333333333333,0.0,26.650671285310278,0.0,12.0
770,64.16666666666667,64.16666666666667,2,16.16666666666667,16:10,32.390208180879924,9.407462111807149,22.98274606907277,6,1,5,5,1,4,0,0,0,1,0.0,0.0,12,1.0,34.75320129686698,0.0,0.0,0,none,0,-1,-1.0,-1.0,0.0,12,1.0,1.0,1.0,0,194,0.6736111111111113,0.08333333333333333,0.8124999999999999,1.8333333333333333,1.75,1.5833333333333333,0.0,27.043142625824572,0.0,12.0
771,64.25,64.25,2,16.25,16:15,32.88787641539791,9.372084961443933,23.515791453953977,0,0,0,0,0,0,0,0,0,1,5.0,5.0,12,1.0,0.0,0.0,0.0,0,none,0,-1,-1.0,-1.0,0.0,12,1.0,1.0,1.0,0,195,0.6770833333333334,0.16666666666666666,0.8263888888888888,1.75,1.6666666666666667,1.5,0.4166666666666667,24.35278464483595,0.0,12.0
772,64.33333333333333,64.33333333333333,2,16.33333333333333,16:19,33.34474745313813,9.33502955522322,24.009717897914914,4,1,3,1,0,1,1,0,1,4,0.0,0.0,12,1.0,17.336577559575765,10.0,0.0,0,none,0,-1,-1.0,-1.0,0.0,12,1.0,1.0,1.0,0,196,0.6805555555555554,0.5,0.8263888888888888,1.75,1.4166666666666667,1.4166666666666667,0.4166666666666667,23.41650446198206,0.8333333333333334,12.0
773,64.41666666666667,64.41666666666667,2,16.41666666666667,16:25,33.75669378948213,9.297682658011649,24.45901113147048,1,0,1,3,1,2,3,1,2,2,2.5,5.0,12,1.0,30.71492197492961,5.0,0.0,0,none,0,-1,-1.0,-1.0,0.0,12,1.0,1.0,1.0,0,197,0.684027777777778,0.6666666666666666,0.8263888888888888,1.75,1.5833333333333333,1.5833333333333333,0.625,23.896804207451023,1.25,12.0
774,64.5,64.5,2,16.5,16:30,34.11991316553358,9.26142142433202,24.85849174120156,3,2,1,0,0,0,0,0,0,5,3.0,10.0,12,1.0,0.0,0.0,0.0,0,none,0,-1,-1.0,-1.0,0.0,12,1.0,1.0,1.0,0,198,0.6875,1.0833333333333333,0.8333333333333331,1.9166666666666667,1.5,1.4166666666666667,0.875,22.625415114171386,1.25,12.0
775,64.58333333333333,64.58333333333333,2,16.58333333333333,16:34,34.430976055390865,9.227561102995125,25.20341495239574,0,0,0,3,1,2,3,0,3,2,5.0,5.0,12,1.0,24.21794665608641,10.0,0.0,0,none,0,-1,-1.0,-1.0,0.0,12,1.0,1.0,1.0,0,199,0.690972222222222,1.25,0.8472222222222222,1.8333333333333333,1.6666666666666667,1.5,1.2916666666666667,22.345600502561698,2.0833333333333335,12.0
776,64.66666666666667,64.66666666666667,2,16.66666666666667,16:40,34.6868686034954,9.19730396153598,25.489564641959415,0,0,0,2,1,1,2,1,1,0,0.0,0.0,12,1.0,37.06891044971819,10.0,5.0,0,none,0,-1,-1.0,-1.0,0.0,12,1.0,1.0,1.0,0,200,0.6944444444444446,1.25,0.8749999999999999,1.8333333333333333,1.8333333333333333,1.5,1.2916666666666667,25.43467637337155,2.9166666666666665,12.0
777,64.75,64.75,2,16.75,16:45,34.88503028647547,9.171691531932606,25.713338754542864,0,0,0,0,0,0,0,0,0,0,0.0,0.0,12,1.0,0.0,0.0,0.0,0,none,0,-1,-1.0,-1.0,0.0,12,1.0,1.0,1.0,0,201,0.6979166666666666,1.25,0.8819444444444443,1.5833333333333333,1.5833333333333333,1.5,1.2916666666666667,22.554497324190706,2.9166666666666665,12.0
778,64.83333333333333,64.83333333333333,2,16.83333333333333,16:49,35.02338566044036,9.15156217788235,25.87182348255801,0,0,0,0,0,0,4,1,3,0,0.0,0.0,8,0.6666666666666666,0.0,0.0,0.0,0,none,0,-1,-1.0,-1.0,0.0,12,1.0,1.0,1.0,0,202,0.7013888888888887,1.25,0.8819444444444445,1.4166666666666667,1.4166666666666667,1.4166666666666667,1.2916666666666667,20.51633338151741,2.9166666666666665,12.0
779,64.91666666666667,64.91666666666667,2,16.91666666666667,16:55,35.10036965568598,9.13751578565321,25.962853870032774,4,0,4,4,0,4,3,1,2,0,0.0,0.0,9,0.75,27.00746692898238,0.0,8.333333333333334,0,none,0,-1,-1.0,-1.0,0.0,12,1.0,1.0,1.0,0,203,0.7048611111111113,1.25,0.888888888888889,1.6666666666666667,1.6666666666666667,1.5833333333333333,1.2916666666666667,19.589403279858356,2.9166666666666665,12.0
780,65.0,65.0,2,17.0,17:00,35.11494599413609,9.129887093561539,25.985058900574554,1,1,0,0,0,0,1,1,0,1,0.0,0.0,8,1.3333333333333333,0.0,0.0,5.0,1,capacity_drop,1,2,17.0,19.0,120.0,6,1.0,1.0,1.0,1,204,0.7083333333333334,1.3333333333333333,0.9444444444444443,1.6666666666666667,1.5833333333333333,1.5833333333333333,1.2916666666666667,16.795659082495664,2.9166666666666665,11.5
781,65.08333333333333,65.08333333333333,2,17.08333333333333,17:04,35.06661842807187,9.128728812929904,25.937889615141966,2,1,1,0,0,0,2,1,1,3,1.6666666666666667,5.0,6,1.0,0.0,0.0,7.5,1,capacity_drop,1,2,17.0,19.0,115.0,6,1.0,1.0,1.0,1,205,0.7118055555555554,1.5833333333333333,0.9791666666666666,1.75,1.5,1.5833333333333333,1.4305555555555556,14.258252072179944,2.9166666666666665,11.0
782,65.16666666666667,65.16666666666667,2,17.16666666666667,17:10,34.955434629012665,9.13380527382459,25.821629355188072,4,1,3,1,1,0,1,0,1,6,1.6666666666666667,5.0,6,1.0,40.354308883990285,10.0,10.0,1,capacity_drop,1,2,17.0,19.0,110.0,6,1.0,1.0,1.0,1,206,0.715277777777778,2.0,0.9791666666666666,1.5833333333333333,1.1666666666666667,1.6666666666666667,1.5694444444444444,14.725011037773553,3.75,10.5
783,65.25,65.25,2,17.25,17:15,34.78198268999153,9.144596873207066,25.637385816784462,0,0,0,0,0,0,0,0,0,6,6.666666666666667,10.0,6,1.0,0.0,0.0,0.0,1,capacity_drop,1,2,17.0,19.0,105.0,6,1.0,1.0,1.0,1,207,0.71875,2.4166666666666665,0.9791666666666666,1.5833333333333333,1.1666666666666667,1.6666666666666667,1.7083333333333333,14.725011037773555,3.75,10.0
784,65.33333333333333,65.33333333333333,2,17.33333333333333,17:19,34.547380339773454,9.160315134711709,25.387065205061745,1,0,1,1,1,0,1,0,1,6,9.166666666666666,15.0,6,1.0,20.401865708063852,15.0,0.0,1,capacity_drop,1,2,17.0,19.0,100.0,6,1.0,1.0,1.0,1,208,0.722222222222222,2.5833333333333335,0.9791666666666666,1.3333333333333333,1.1666666666666667,1.6666666666666667,2.472222222222222,14.980451716814228,4.166666666666667,9.5
785,65.41666666666667,65.41666666666667,2,17.41666666666667,17:25,34.253257100603676,9.179927732138497,25.073329368465178,3,1,2,2,0,2,2,0,2,7,7.142857142857143,15.0,6,1.0,28.57445905543314,17.5,0.0,1,capacity_drop,1,2,17.0,19.0,95.0,6,1.0,1.0,1.0,1,209,0.7256944444444446,3.0,0.9791666666666666,1.5,1.0833333333333333,1.5833333333333333,2.859126984126984,14.80207980685619,5.208333333333333,9.0
786,65.5,65.5,2,17.5,17:30,33.90172974870734,9.202192406228747,24.699537342478592,1,1,0,2,1,1,2,0,2,6,7.5,20.0,6,1.0,18.56544994045034,20.0,5.0,1,capacity_drop,1,2,17.0,19.0,90.0,6,1.0,1.0,1.0,1,210,0.7291666666666666,3.0833333333333335,0.9791666666666666,1.3333333333333333,1.25,1.75,3.234126984126984,16.34920063522705,6.875,8.5
787,65.58333333333333,65.58333333333333,2,17.58333333333333,17:34,33.495371555993486,9.22569833752863,24.269673218464856,3,0,3,0,0,0,0,0,0,9,8.333333333333334,25.0,6,1.0,0.0,0.0,0.0,1,capacity_drop,1,2,17.0,19.0,85.0,6,1.0,1.0,1.0,1,211,0.7326388888888887,3.6666666666666665,0.9791666666666666,1.5833333333333333,1.0,1.5,3.5119047619047614,14.331038413886517,6.041666666666667,8.0
788,65.66666666666667,65.66666666666667,2,17.66666666666667,17:40,33.03717589948518,9.248913244897913,23.788262654587264,1,1,0,0,0,0,0,0,0,10,12.0,30.0,6,1.0,0.0,0.0,0.0,1,capacity_drop,1,2,17.0,19.0,80.0,6,1.0,1.0,1.0,1,212,0.7361111111111113,4.5,0.9791666666666666,1.6666666666666667,0.8333333333333334,1.3333333333333333,4.511904761904762,11.241962543076667,5.208333333333333,7.5
789,65.75,65.75,2,17.75,17:45,32.53051491944552,9.27023427284599,23.260280646599533,1,0,1,2,0,2,2,2,0,9,12.222222222222221,20.0,6,1.0,25.27342925169966,30.0,17.5,1,capacity_drop,1,2,17.0,19.0,75.0,6,1.0,1.0,1.0,1,213,0.7395833333333334,5.25,0.9791666666666666,1.75,1.0,1.5,5.530423280423281,13.348081647384971,7.708333333333333,7.0
790,65.83333333333333,65.83333333333333,2,17.83333333333333,17:49,31.979093985931655,9.288040619622178,22.691053366309475,1,0,1,0,0,0,0,0,0,10,15.5,25.0,6,1.0,0.0,0.0,0.0,1,capacity_drop,1,2,17.0,19.0,70.0,6,1.0,1.0,1.0,1,214,0.7430555555555554,6.083333333333333,1.0069444444444444,1.8333333333333333,1.0,1.1666666666666667,6.822089947089947,13.348081647384971,7.708333333333333,6.5
791,65.91666666666667,65.91666666666667,2,17.91666666666667,17:55,31.386902794955155,9.300745844635307,22.086156950319847,1,0,1,3,1,2,3,1,2,8,14.375,25.0,6,1.0,36.86696329435744,30.0,15.0,1,capacity_drop,1,2,17.0,19.0,65.0,6,1.0,1.0,1.0,1,215,0.746527777777778,6.75,1.0277777777777777,1.5833333333333333,0.9166666666666666,1.1666666666666667,8.020006613756614,14.16970634449956,10.208333333333334,6.0
792,66.0,66.0,2,18.0,18:00,30.758163958405603,9.306847875653567,21.451316082752037,2,1,1,1,1,0,1,0,1,9,13.88888888888889,25.0,6,1.0,39.19467287379269,30.0,20.0,1,capacity_drop,1,2,17.0,19.0,60.0,6,1.0,1.0,1.0,1,216,0.75,7.416666666666667,1.0,1.6666666666666667,1.0,1.1666666666666667,9.17741402116402,17.435929083982284,12.708333333333334,6.0
793,66.08333333333333,66.08333333333333,2,18.08333333333333,18:04,30.09727997576594,9.304974905556126,20.792305070209814,0,0,0,0,0,0,0,0,0,9,18.88888888888889,30.0,6,1.0,0.0,0.0,0.0,1,capacity_drop,1,2,17.0,19.0,55.0,6,1.0,1.0,1.0,1,217,0.753472222222222,7.916666666666667,1.0,1.5,1.0,1.0,10.612599206349206,17.435929083982284,12.708333333333334,6.0
794,66.16666666666667,66.16666666666667,2,18.16666666666667,18:10,29.408779480295305,9.293925612955572,20.114853867339733,1,0,1,1,0,1,1,0,1,9,20.0,35.0,6,1.0,26.149175890562596,35.0,35.0,1,capacity_drop,1,2,17.0,19.0,50.0,6,1.0,1.0,1.0,1,218,0.7569444444444446,8.166666666666666,1.0,1.25,1.0,1.0,12.140376984126986,16.25216800119664,14.791666666666666,6.0
795,66.25,66.25,2,18.25,18:15,28.697263638153192,9.272702445050424,19.424561193102768,1,0,1,1,0,1,1,0,1,9,20.555555555555557,40.0,6,1.0,50.0,40.0,25.0,1,capacity_drop,1,2,17.0,19.0,45.0,6,1.0,1.0,1.0,1,219,0.7604166666666666,8.416666666666666,1.0,1.3333333333333333,1.0833333333333333,1.0833333333333333,13.297784391534393,20.418834667863308,18.125,6.0
796,66.33333333333333,66.33333333333333,2,18.33333333333333,18:19,27.967353546769104,9.240537046453097,18.72681650031601,1,1,0,0,0,0,0,0,0,10,23.0,45.0,6,1.0,0.0,0.0,0.0,1,capacity_drop,1,2,17.0,19.0,40.0,6,1.0,1.0,1.0,1,220,0.7638888888888887,8.75,1.0,1.3333333333333333,1.0,1.0,14.45056216931217,18.71867919219132,16.875,6.0
797,66.41666666666667,66.41666666666667,2,18.41666666666667,18:25,27.223639429946434,9.196907285107596,18.02673214483884,1,1,0,1,0,1,1,0,1,10,23.0,45.0,6,1.0,28.38626881362324,50.0,30.0,1,capacity_drop,1,2,17.0,19.0,35.0,6,1.0,1.0,1.0,1,221,0.7673611111111113,9.0,1.0,1.1666666666666667,0.9166666666666666,0.9166666666666666,15.77199074074074,18.702996672040495,19.583333333333332,6.0
798,66.5,66.5,2,18.5,18:30,26.47063236343379,9.14154569638572,17.32908666704807,3,1,2,0,0,0,0,0,0,13,21.53846153846154,50.0,6,1.0,0.0,0.0,0.0,1,capacity_drop,1,2,17.0,19.0,30.0,6,1.0,1.0,1.0,1,222,0.7708333333333334,9.583333333333334,1.0,1.3333333333333333,0.75,0.75,16.941862535612536,17.155875843669634,17.916666666666668,6.0
799,66.58333333333333,66.58333333333333,2,18.58333333333333,18:34,25.712719188060834,9.074439520771787,16.638279667289048,3,2,1,0,0,0,0,0,0,16,21.5625,55.0,6,1.0,0.0,0.0,0.0,1,capacity_drop,1,2,17.0,19.0,25.0,6,1.0,1.0,1.0,1,223,0.7743055555555554,10.166666666666666,1.0,1.3333333333333333,0.75,0.75,18.04429309116809,17.155875843669634,17.916666666666668,6.0
800,66.66666666666667,66.66666666666667,2,18.66666666666667,18:40,24.954121180330578,8.995822833054303,15.958298347276274,0,0,0,3,1,2,3,1,2,13,20.0,45.0,6,1.0,30.502747804046916,55.0,31.666666666666668,1,capacity_drop,1,2,17.0,19.0,20.0,6,1.0,1.0,1.0,1,224,0.777777777777778,10.416666666666666,1.0,1.25,1.0,1.0,18.710959757834758,19.697771494006876,22.5,6.0
801,66.75,66.75,2,18.75,18:45,24.198856955072106,8.90616153835985,15.292695416712256,2,2,0,1,0,1,1,1,0,14,19.642857142857142,45.0,6,1.0,32.319047653308516,50.0,30.0,1,capacity_drop,1,2,17.0,19.0,15.0,6,1.0,1.0,1.0,1,225,0.78125,10.833333333333334,1.0,1.3333333333333333,0.9166666666666666,0.9166666666666666,19.329346001221,20.284906360807614,24.166666666666668,6.0
802,66.83333333333333,66.83333333333333,2,18.83333333333333,18:49,23.45070997399877,8.806132232833592,14.644577741165175,2,0,2,0,0,0,0,0,0,16,21.5625,50.0,6,1.0,0.0,0.0,0.0,1,capacity_drop,1,2,17.0,19.0,10.0,6,1.0,1.0,1.0,1,226,0.784722222222222,11.333333333333334,1.0,1.4166666666666667,0.9166666666666666,0.9166666666666666,19.834554334554337,20.284906360807614,24.166666666666668,6.0
803,66.91666666666667,66.91666666666667,2,18.91666666666667,18:55,22.713200930414057,8.69659608814215,14.016604842271908,2,0,2,1,0,1,1,0,1,17,21.764705882352942,55.0,6,1.0,30.83552883079345,55.0,50.0,1,capacity_drop,1,2,17.0,19.0,5.0,6,1.0,1.0,1.0,1,227,0.7881944444444446,12.083333333333334,1.0,1.5,0.75,0.75,20.450363158083746,19.782286822177284,26.25,6.0
804,67.0,67.0,2,19.0,19:00,21.989565176425764,8.57856901683194,13.410996159593822,2,2,0,6,3,3,0,0,0,13,15.0,30.0,12,1.0,33.583277676847175,43.333333333333336,0.0,0,none,0,-1,-1.0,-1.0,0.0,12,1.0,1.0,1.0,0,228,0.7916666666666666,12.416666666666666,1.0,1.5,1.1666666666666667,0.6666666666666666,20.542955750676338,19.314670555765158,27.36111111111111,6.5
805,67.08333333333333,67.08333333333333,2,19.08333333333333,19:04,21.282735257331566,8.453189411037275,12.829545846294291,0,0,0,1,0,1,1,0,1,12,18.75,35.0,12,1.0,24.56654639512768,35.0,40.0,0,none,0,-1,-1.0,-1.0,0.0,12,1.0,1.0,1.0,0,229,0.7951388888888887,12.666666666666666,1.0,1.5,1.25,0.75,20.531381676602265,21.361882755359133,30.277777777777775,7.0
806,67.16666666666667,67.16666666666667,2,19.16666666666667,19:10,20.59532852059015,8.321684724343893,12.273643796246258,1,1,0,2,2,0,2,1,1,11,19.09090909090909,35.0,12,1.0,29.33117158123947,37.5,57.5,0,none,0,-1,-1.0,-1.0,0.0,12,1.0,1.0,1.0,0,230,0.7986111111111113,12.833333333333334,1.0,1.5,1.3333333333333333,0.8333333333333334,20.455624100844688,21.627049062915535,30.48611111111111,7.5
807,67.25,67.25,2,19.25,19:15,19.9296396760039,8.185338092596583,11.744301583407319,0,0,0,0,0,0,0,0,0,11,24.09090909090909,40.0,12,1.0,0.0,0.0,0.0,0,none,0,-1,-1.0,-1.0,0.0,12,1.0,1.0,1.0,0,231,0.8020833333333334,13.0,1.0,1.4166666666666667,1.25,0.75,20.750236895457483,17.46038239624887,27.152777777777775,8.0
808,67.33333333333333,67.33333333333333,2,19.33333333333333,19:19,19.287638101157853,8.045456072839661,11.242182028318194,1,0,1,2,1,1,2,0,2,10,23.0,35.0,12,1.0,27.806215773689907,45.0,50.0,0,none,0,-1,-1.0,-1.0,0.0,12,1.0,1.0,1.0,0,232,0.8055555555555554,13.0,1.0,1.4166666666666667,1.4166666666666667,0.9166666666666666,20.750236895457483,19.77756704405636,30.902777777777775,8.5
809,67.41666666666667,67.41666666666667,2,19.41666666666667,19:25,18.67096961320062,7.903338430365595,10.767631182835023,0,0,0,0,0,0,0,0,0,10,28.0,40.0,12,1.0,0.0,0.0,0.0,0,none,0,-1,-1.0,-1.0,0.0,12,1.0,1.0,1.0,0,233,0.809027777777778,13.0,1.0,1.3333333333333333,1.3333333333333333,0.8333333333333334,21.16690356212415,17.412044642921092,26.73611111111111,9.0
810,67.5,67.5,2,19.5,19:30,18.080962365783023,7.760250732515361,10.320711633267662,1,0,1,5,2,3,5,2,3,6,20.833333333333332,35.0,12,1.0,26.5133331828008,41.0,40.0,0,none,0,-1,-1.0,-1.0,0.0,12,1.0,1.0,1.0,0,234,0.8125,12.416666666666666,1.0,1.1666666666666667,1.75,1.25,21.108142878363466,19.62148907482116,30.152777777777775,9.5
811,67.58333333333333,67.58333333333333,2,19.58333333333333,19:34,17.51863647912628,7.617400324809069,9.90123615431721,3,1,2,3,2,1,3,2,1,6,7.5,25.0,12,1.0,32.26228966719066,36.666666666666664,48.333333333333336,0,none,0,-1,-1.0,-1.0,0.0,12,1.0,1.0,1.0,0,235,0.815972222222222,11.583333333333334,1.0,1.1666666666666667,2.0,1.5,19.936267878363466,22.310013213753717,33.208333333333336,10.0
812,67.66666666666667,67.66666666666667,2,19.66666666666667,19:40,16.98471697215285,7.47591607989679,9.50880089225606,0,0,0,1,1,0,1,0,1,5,9.0,20.0,12,1.0,27.223984738749724,30.0,45.0,0,none,0,-1,-1.0,-1.0,0.0,12,1.0,1.0,1.0,0,236,0.8194444444444446,10.916666666666666,1.0,1.1666666666666667,1.8333333333333333,1.3333333333333333,19.0196012116968,22.036782958312283,31.125,10.5
813,67.75,67.75,2,19.75,19:45,16.479649538420226,7.336832131294739,9.142817407125486,2,1,1,1,0,1,1,0,1,6,7.5,15.0,12,1.0,23.218665426802293,25.0,45.0,0,none,0,-1,-1.0,-1.0,0.0,12,1.0,1.0,1.0,0,237,0.8229166666666666,10.25,1.0,1.1666666666666667,1.8333333333333333,1.3333333333333333,18.00769644979204,21.278417772770094,29.041666666666668,11.0
814,67.83333333333333,67.83333333333333,2,19.83333333333333,19:49,16.003618691996373,7.201075639059804,8.80254305293657,0,0,0,0,0,0,0,0,0,6,12.5,20.0,12,1.0,0.0,0.0,0.0,0,none,0,-1,-1.0,-1.0,0.0,12,1.0,1.0,1.0,0,238,0.8263888888888887,9.416666666666666,1.0,1.0,1.8333333333333333,1.3333333333333333,17.252488116458704,21.278417772770098,29.041666666666668,11.5
815,67.91666666666667,67.91666666666667,2,19.91666666666667,19:55,15.556567804863029,7.069458488968,8.487109315895028,0,0,0,3,0,3,3,2,1,3,13.333333333333334,20.0,12,1.0,27.76185378530793,21.666666666666668,38.333333333333336,0,none,0,-1,-1.0,-1.0,0.0,12,1.0,1.0,1.0,0,239,0.8298611111111113,8.25,1.0,0.8333333333333334,2.0,1.5,16.549873737373737,21.022278185646304,26.26388888888889,12.0
816,68.0,68.0,2,20.0,20:00,15.138220563138113,6.942672704205335,8.195547858932777,0,0,0,3,2,1,4,3,1,0,0.0,0.0,11,0.9166666666666666,27.93661494091212,18.333333333333332,41.25,0,none,0,-1,-1.0,-1.0,0.0,12,1.0,1.0,1.0,0,240,0.8333333333333334,7.166666666666667,0.9930555555555557,0.6666666666666666,1.75,1.8333333333333333,15.299873737373739,20.551722957651716,24.180555555555557,12.0
817,68.08333333333333,68.08333333333333,2,20.08333333333333,20:04,14.748103384393737,6.821289251199006,7.926814133194732,0,0,0,0,0,0,2,1,1,0,0.0,0.0,9,0.75,0.0,0.0,37.5,0,none,0,-1,-1.0,-1.0,0.0,12,1.0,1.0,1.0,0,241,0.8368055555555554,6.166666666666667,0.9722222222222223,0.6666666666666666,1.6666666666666667,1.9166666666666667,13.737373737373739,18.504510758057744,21.26388888888889,12.0
818,68.16666666666667,68.16666666666667,2,20.16666666666667,20:10,14.385568361469616,6.7057598496256885,7.679808511843927,0,0,0,0,0,0,2,1,1,0,0.0,0.0,7,0.5833333333333334,0.0,0.0,27.5,0,none,0,-1,-1.0,-1.0,0.0,12,1.0,1.0,1.0,0,242,0.840277777777778,5.25,0.9375,0.5833333333333334,1.5,1.9166666666666667,12.146464646464649,16.060246459621116,18.13888888888889,12.0
819,68.25,68.25,2,20.25,20:15,14.04981632818525,6.596421350111682,7.453394978073567,0,0,0,0,0,0,0,0,0,0,0.0,0.0,7,0.5833333333333334,0.0,0.0,0.0,0,none,0,-1,-1.0,-1.0,0.0,12,1.0,1.0,1.0,0,243,0.84375,4.333333333333333,0.9027777777777778,0.5833333333333334,1.5,1.9166666666666667,10.13888888888889,16.060246459621116,18.13888888888889,12.0
820,68.33333333333333,68.33333333333333,2,20.33333333333333,20:19,13.739919677927592,6.49350221988646,7.246417458041132,1,0,1,1,0,1,1,0,1,0,0.0,0.0,7,0.5833333333333334,34.11920113428528,0.0,25.0,0,none,0,-1,-1.0,-1.0,0.0,12,1.0,1.0,1.0,0,244,0.847222222222222,3.5,0.8680555555555555,0.5833333333333334,1.4166666666666667,1.8333333333333333,8.222222222222221,16.586328573004067,14.388888888888888,12.0
821,68.41666666666667,68.41666666666667,2,20.41666666666667,20:25,13.45484460589287,6.397130674047494,7.057713931845375,0,0,0,0,0,0,3,1,2,0,0.0,0.0,4,0.3333333333333333,0.0,0.0,28.333333333333332,0,none,0,-1,-1.0,-1.0,0.0,12,1.0,1.0,1.0,0,245,0.8506944444444446,2.6666666666666665,0.8125,0.5833333333333334,1.4166666666666667,2.0833333333333335,5.888888888888888,16.586328573004067,14.388888888888888,12.0
822,68.5,68.5,2,20.5,20:30,13.193472488465396,6.3073440049750635,6.8861284834903325,0,0,0,0,0,0,2,0,2,0,0.0,0.0,2,0.16666666666666666,0.0,0.0,17.5,0,none,0,-1,-1.0,-1.0,0.0,12,1.0,1.0,1.0,0,246,0.8541666666666666,2.1666666666666665,0.7430555555555557,0.5,1.0,1.8333333333333333,4.152777777777778,14.376884141104,10.972222222222221,12.0
823,68.58333333333333,68.58333333333333,2,20.58333333333333,20:34,12.954620157558606,6.224098691349161,6.730521466209446,0,0,0,0,0,0,1,1,0,0,0.0,0.0,1,0.08333333333333333,0.0,0.0,15.0,0,none,0,-1,-1.0,-1.0,0.0,12,1.0,1.0,1.0,0,247,0.8576388888888887,1.6666666666666667,0.6666666666666666,0.25,0.75,1.6666666666666667,3.5277777777777772,11.688360002171445,7.916666666666667,12.0
824,68.66666666666667,68.66666666666667,2,20.66666666666667,20:40,12.737058872538045,6.147280907651467,6.5897779648865775,0,0,0,0,0,0,0,0,0,0,0.0,0.0,1,0.08333333333333333,0.0,0.0,0.0,0,none,0,-1,-1.0,-1.0,0.0,12,1.0,1.0,1.0,0,248,0.8611111111111113,1.25,0.5902777777777778,0.25,0.6666666666666666,1.5833333333333333,2.7777777777777772,9.419694607275636,5.416666666666667,12.0
825,68.75,68.75,2,20.75,20:45,12.539531836511904,6.076717101595184,6.462814734916719,2,0,2,2,0,2,0,0,0,0,0.0,0.0,3,0.25,36.94476803772433,0.0,0.0,0,none,0,-1,-1.0,-1.0,0.0,12,1.0,1.0,1.0,0,249,0.8645833333333334,0.75,0.5277777777777778,0.25,0.75,1.5,2.152777777777778,10.56353649151914,3.3333333333333335,12.0
826,68.83333333333333,68.83333333333333,2,20.83333333333333,20:49,12.36077014636783,6.012184357506114,6.348585788861716,0,0,0,0,0,0,0,0,0,0,0.0,0.0,3,0.25,0.0,0.0,0.0,0,none,0,-1,-1.0,-1.0,0.0,12,1.0,1.0,1.0,0,250,0.8680555555555554,0.25,0.46527777777777773,0.25,0.75,1.5,1.1111111111111112,10.563536491519137,3.3333333333333335,12.0
827,68.91666666666667,68.91666666666667,2,20.91666666666667,20:55,12.199507106145438,5.953420315551104,6.246086790594334,1,0,1,1,0,1,1,0,1,0,0.0,0.0,3,0.25,21.27313624207019,0.0,0.0,0,none,0,-1,-1.0,-1.0,0.0,12,1.0,1.0,1.0,0,251,0.871527777777778,0.0,0.40277777777777773,0.3333333333333333,0.5833333333333334,1.3333333333333333,0.0,10.02281002958266,1.5277777777777777,12.0
828,69.0,69.0,2,21.0,21:00,12.054490870500668,5.90013246759247,6.1543584029081995,1,1,0,1,1,0,0,0,0,0,0.0,0.0,4,0.3333333333333333,28.41469554488456,0.0,0.0,0,none,0,-1,-1.0,-1.0,0.0,12,1.0,1.0,1.0,0,252,0.875,0.0,0.3541666666666667,0.4166666666666667,0.4166666666666667,1.0,0.0,10.062650079913697,0.0,12.0
829,69.08333333333333,69.08333333333333,2,21.08333333333333,21:04,11.924495418634844,5.852006698531694,6.072488720103149,0,0,0,0,0,0,0,0,0,0,0.0,0.0,4,0.3333333333333333,0.0,0.0,0.0,0,none,0,-1,-1.0,-1.0,0.0,12,1.0,1.0,1.0,0,253,0.878472222222222,0.0,0.3194444444444444,0.4166666666666667,0.4166666666666667,0.8333333333333334,0.0,10.062650079913697,0.0,12.0
830,69.16666666666667,69.16666666666667,2,21.16666666666667,21:10,11.80832988876632,5.808714985953208,5.999614902813112,0,0,0,0,0,0,0,0,0,0,0.0,0.0,4,0.3333333333333333,0.0,0.0,0.0,0,none,0,-1,-1.0,-1.0,0.0,12,1.0,1.0,1.0,0,254,0.8819444444444446,0.0,0.2986111111111111,0.4166666666666667,0.4166666666666667,0.6666666666666666,0.0,10.062650079913697,0.0,12.0
831,69.25,69.25,2,21.25,21:15,11.704846328794464,5.769922209790192,5.934924119004272,0,0,0,0,0,0,0,0,0,0,0.0,0.0,4,0.3333333333333333,0.0,0.0,0.0,0,none,0,-1,-1.0,-1.0,0.0,12,1.0,1.0,1.0,0,255,0.8854166666666666,0.0,0.27777777777777773,0.4166666666666667,0.4166666666666667,0.6666666666666666,0.0,10.062650079913697,0.0,12.0
832,69.33333333333333,69.33333333333333,2,21.33333333333333,21:19,11.612945940157203,5.735292057105529,5.877653883051676,0,0,0,0,0,0,2,0,2,0,0.0,0.0,2,0.16666666666666666,0.0,0.0,0.0,0,none,0,-1,-1.0,-1.0,0.0,12,1.0,1.0,1.0,0,256,0.8888888888888887,0.0,0.2430555555555555,0.3333333333333333,0.3333333333333333,0.75,0.0,7.219383318723256,0.0,12.0
833,69.41666666666667,69.41666666666667,2,21.41666666666667,21:25,11.531583909042777,5.704492034744795,5.827091874297981,2,1,1,2,1,1,1,0,1,0,0.0,0.0,3,0.25,30.79428532779969,0.0,0.0,0,none,0,-1,-1.0,-1.0,0.0,12,1.0,1.0,1.0,0,257,0.8923611111111113,0.0,0.23611111111111108,0.5,0.5,0.5833333333333334,0.0,9.785573762706564,0.0,12.0
834,69.5,69.5,2,21.5,21:30,11.459772932212921,5.677197624680009,5.782575307532912,0,0,0,0,0,0,1,1,0,0,0.0,0.0,2,0.16666666666666666,0.0,0.0,0.0,0,none,0,-1,-1.0,-1.0,0.0,12,1.0,1.0,1.0,0,258,0.8958333333333334,0.0,0.23611111111111108,0.5,0.5,0.5,0.0,9.785573762706564,0.0,12.0
835,69.58333333333333,69.58333333333333,2,21.58333333333333,21:34,11.39658555394757,5.653095633639938,5.743489920307632,0,0,0,0,0,0,0,0,0,0,0.0,0.0,2,0.16666666666666666,0.0,0.0,0.0,0,none,0,-1,-1.0,-1.0,0.0,12,1.0,1.0,1.0,0,259,0.8993055555555554,0.0,0.2430555555555555,0.5,0.5,0.4166666666666667,0.0,9.785573762706564,0.0,12.0
836,69.66666666666667,69.66666666666667,2,21.66666666666667,21:40,11.341155436315567,5.631886800580895,5.709268635734674,1,0,1,1,0,1,0,0,0,0,0.0,0.0,3,0.25,24.026548992858142,0.0,0.0,0,none,0,-1,-1.0,-1.0,0.0,12,1.0,1.0,1.0,0,260,0.902777777777778,0.0,0.25694444444444436,0.5833333333333334,0.5833333333333334,0.4166666666666667,0.0,11.787786178778077,0.0,12.0
837,69.75,69.75,2,21.75,21:45,11.292677687450254,5.613287733252455,5.6793899541977995,0,0,0,0,0,0,0,0,0,0,0.0,0.0,3,0.25,0.0,0.0,0.0,0,none,0,-1,-1.0,-1.0,0.0,12,1.0,1.0,1.0,0,261,0.90625,0.0,0.25694444444444436,0.4166666666666667,0.4166666666666667,0.4166666666666667,0.0,8.709055508967715,0.0,12.0
838,69.83333333333333,69.83333333333333,2,21.83333333333333,21:49,11.250408372138354,5.597032249165732,5.653376122972622,1,1,0,1,1,0,0,0,0,0,0.0,0.0,4,0.3333333333333333,25.89629471305956,0.0,0.0,0,none,0,-1,-1.0,-1.0,0.0,12,1.0,1.0,1.0,0,262,0.909722222222222,0.0,0.26388888888888884,0.5,0.5,0.4166666666666667,0.0,10.867080068389347,0.0,12.0
839,69.91666666666667,69.91666666666667,2,21.91666666666667,21:55,11.213663326211059,5.582872197297952,5.630791128913106,0,0,0,0,0,0,0,0,0,0,0.0,0.0,4,0.3333333333333333,0.0,0.0,0.0,0,none,0,-1,-1.0,-1.0,0.0,12,1.0,1.0,1.0,0,263,0.9131944444444446,0.0,0.27083333333333326,0.4166666666666667,0.4166666666666667,0.3333333333333333,0.0,9.094318714883496,0.0,12.0
840,70.0,70.0,2,22.0,22:00,11.181816391359748,5.570577835466623,5.611238555893125,0,0,0,0,0,0,2,1,1,0,0.0,0.0,2,0.16666666666666666,0.0,0.0,0.0,0,none,0,-1,-1.0,-1.0,0.0,12,1.0,1.0,1.0,0,264,0.9166666666666666,0.0,0.2569444444444444,0.3333333333333333,0.3333333333333333,0.5,0.0,6.72642741947645,0.0,12.0
841,70.08333333333333,70.08333333333333,2,22.08333333333333,22:04,11.154297180483882,5.559937835039234,5.594359345444648,0,0,0,0,0,0,1,0,1,0,0.0,0.0,1,0.08333333333333333,0.0,0.0,0.0,0,none,0,-1,-1.0,-1.0,0.0,12,1.0,1.0,1.0,0,265,0.9201388888888887,0.0,0.23611111111111105,0.3333333333333333,0.3333333333333333,0.5833333333333334,0.0,6.72642741947645,0.0,12.0
842,70.16666666666667,70.16666666666667,2,22.16666666666667,22:10,11.13058847589808,5.550758980014279,5.579829495883801,0,0,0,0,0,0,0,0,0,0,0.0,0.0,1,0.08333333333333333,0.0,0.0,0.0,0,none,0,-1,-1.0,-1.0,0.0,12,1.0,1.0,1.0,0,266,0.9236111111111113,0.0,0.2152777777777777,0.3333333333333333,0.3333333333333333,0.5833333333333334,0.0,6.72642741947645,0.0,12.0
843,70.25,70.25,2,22.25,22:15,11.110223354037712,5.542865621956315,5.567357732081398,0,0,0,0,0,0,0,0,0,0,0.0,0.0,1,0.08333333333333333,0.0,0.0,0.0,0,none,0,-1,-1.0,-1.0,0.0,12,1.0,1.0,1.0,0,267,0.9270833333333334,0.0,0.19444444444444442,0.3333333333333333,0.3333333333333333,0.5833333333333334,0.0,6.72642741947645,0.0,12.0
844,70.33333333333333,70.33333333333333,2,22.33333333333333,22:19,11.092782121037228,5.536098946165533,5.556683174871695,0,0,0,0,0,0,1,1,0,0,0.0,0.0,0,0.0,0.0,0.0,0.0,0,none,0,-1,-1.0,-1.0,0.0,12,1.0,1.0,1.0,0,268,0.9305555555555554,0.0,0.1805555555555555,0.3333333333333333,0.3333333333333333,0.5,0.0,6.72642741947645,0.0,12.0
845,70.41666666666667,70.41666666666667,2,22.41666666666667,22:25,11.077889134007714,5.530316098118495,5.5475730358892195,0,0,0,0,0,0,0,0,0,0,0.0,0.0,0,0.0,0.0,0.0,0.0,0,none,0,-1,-1.0,-1.0,0.0,12,1.0,1.0,1.0,0,269,0.934027777777778,0.0,0.15972222222222218,0.16666666666666666,0.16666666666666666,0.4166666666666667,0.0,4.160236975493142,0.0,12.0
846,70.5,70.5,2,22.5,22:30,11.065209573266051,5.525389212876043,5.539820360390008,0,0,0,0,0,0,0,0,0,0,0.0,0.0,0,0.0,0.0,0.0,0.0,0,none,0,-1,-1.0,-1.0,0.0,12,1.0,1.0,1.0,0,270,0.9375,0.0,0.1458333333333333,0.16666666666666666,0.16666666666666666,0.3333333333333333,0.0,4.160236975493142,0.0,12.0
847,70.58333333333333,70.58333333333333,2,22.58333333333333,22:34,11.054446221386897,5.521204384006138,5.533241837380759,4,1,3,4,1,3,0,0,0,0,0.0,0.0,4,0.3333333333333333,37.087291223391574,0.0,0.0,0,none,0,-1,-1.0,-1.0,0.0,12,1.0,1.0,1.0,0,271,0.940972222222222,0.0,0.15972222222222218,0.5,0.5,0.3333333333333333,0.0,7.2508445774424395,0.0,12.0
848,70.66666666666667,70.66666666666667,2,22.66666666666667,22:40,11.045336295939368,5.51766060275124,5.527675693188129,3,2,1,3,2,1,0,0,0,0,0.0,0.0,7,0.5833333333333334,27.461471216464645,0.0,0.0,0,none,0,-1,-1.0,-1.0,0.0,12,1.0,1.0,1.0,0,272,0.9444444444444446,0.0,0.18749999999999992,0.6666666666666666,0.6666666666666666,0.3333333333333333,0.0,7.537088096076315,0.0,12.0
849,70.75,70.75,2,22.75,22:45,11.037648374275019,5.514668692777917,5.522979681497103,1,0,1,1,0,1,0,0,0,0,0.0,0.0,8,0.6666666666666666,21.861272543330994,0.0,0.0,0,none,0,-1,-1.0,-1.0,0.0,12,1.0,1.0,1.0,0,273,0.9479166666666666,0.0,0.22222222222222218,0.75,0.75,0.3333333333333333,0.0,9.358860808020564,0.0,12.0
850,70.83333333333333,70.83333333333333,2,22.83333333333333,22:49,11.03117944085892,5.512150260939815,5.519029179919106,1,1,0,1,1,0,0,0,0,0,0.0,0.0,9,0.75,21.110562892461154,0.0,0.0,0,none,0,-1,-1.0,-1.0,0.0,12,1.0,1.0,1.0,0,274,0.9513888888888887,0.0,0.2569444444444444,0.75,0.75,0.3333333333333333,0.0,8.960049822970698,0.0,12.0
851,70.91666666666667,70.91666666666667,2,22.91666666666667,22:55,11.025752080455069,5.510036680094674,5.515715400360395,0,0,0,0,0,0,0,0,0,0,0.0,0.0,9,0.75,0.0,0.0,0.0,0,none,0,-1,-1.0,-1.0,0.0,12,1.0,1.0,1.0,0,275,0.9548611111111113,0.0,0.29166666666666663,0.75,0.75,0.3333333333333333,0.0,8.960049822970698,0.0,12.0
852,71.0,71.0,2,23.0,23:00,11.021211834035757,5.508268116149105,5.512943717886652,0,0,0,0,0,0,1,1,0,0,0.0,0.0,8,0.6666666666666666,0.0,0.0,0.0,0,none,0,-1,-1.0,-1.0,0.0,12,1.0,1.0,1.0,0,276,0.9583333333333334,0.0,0.3333333333333333,0.75,0.75,0.25,0.0,8.960049822970698,0.0,12.0
853,71.08333333333333,71.08333333333333,2,23.08333333333333,23:04,11.017424728600275,5.5067926081511045,5.510632120449171,1,0,1,1,0,1,1,1,0,0,0.0,0.0,8,0.6666666666666666,45.333526197849494,0.0,0.0,0,none,0,-1,-1.0,-1.0,0.0,12,1.0,1.0,1.0,0,277,0.9618055555555554,0.0,0.3819444444444444,0.8333333333333334,0.8333333333333334,0.25,0.0,12.73784367279149,0.0,12.0
854,71.16666666666667,71.16666666666667,2,23.16666666666667,23:10,11.014274987158913,5.505565207387003,5.508709779771911,1,1,0,1,1,0,3,1,2,0,0.0,0.0,6,0.5,29.519373931889056,0.0,0.0,0,none,0,-1,-1.0,-1.0,0.0,12,1.0,1.0,1.0,0,278,0.965277777777778,0.0,0.4166666666666667,0.9166666666666666,0.9166666666666666,0.5,0.0,15.19779150044891,0.0,12.0
855,71.25,71.25,2,23.25,23:15,11.011662920942175,5.5045471790343425,5.507115741907833,1,1,0,1,1,0,2,1,1,0,0.0,0.0,5,0.4166666666666667,27.170683615615985,0.0,0.0,0,none,0,-1,-1.0,-1.0,0.0,12,1.0,1.0,1.0,0,279,0.96875,0.0,0.44444444444444436,1.0,1.0,0.6666666666666666,0.0,17.462015135083576,0.0,12.0
856,71.33333333333333,71.33333333333333,2,23.33333333333333,23:19,11.00950300239716,5.503705267937626,5.505797734459534,3,1,2,3,1,2,0,0,0,0,0.0,0.0,8,0.6666666666666666,28.067074579936207,0.0,0.0,0,none,0,-1,-1.0,-1.0,0.0,12,1.0,1.0,1.0,0,280,0.972222222222222,0.0,0.49999999999999994,1.25,1.25,0.5833333333333334,0.0,19.800938016744926,0.0,12.0
857,71.41666666666667,71.41666666666667,2,23.41666666666667,23:25,11.007722114686809,5.503011028468728,5.504711086218081,0,0,0,0,0,0,2,0,2,0,0.0,0.0,6,0.5,0.0,0.0,0.0,0,none,0,-1,-1.0,-1.0,0.0,12,1.0,1.0,1.0,0,281,0.9756944444444446,0.0,0.5416666666666666,1.25,1.25,0.75,0.0,19.800938016744926,0.0,12.0
858,71.5,71.5,2,23.5,23:30,11.006257971159055,5.502440217165992,5.503817753993062,1,0,1,1,0,1,0,0,0,0,0.0,0.0,7,0.5833333333333334,29.713332739218437,0.0,0.0,0,none,0,-1,-1.0,-1.0,0.0,12,1.0,1.0,1.0,0,282,0.9791666666666666,0.0,0.5902777777777777,1.3333333333333333,1.3333333333333333,0.75,0.0,22.27704907834646,0.0,12.0
859,71.58333333333333,71.58333333333333,2,23.58333333333333,23:34,11.005057696542984,5.501972245873942,5.503085450669041,1,1,0,1,1,0,0,0,0,0,0.0,0.0,8,0.6666666666666666,39.23628884998918,0.0,0.0,0,none,0,-1,-1.0,-1.0,0.0,12,1.0,1.0,1.0,0,283,0.9826388888888887,0.0,0.6180555555555555,1.0833333333333333,1.0833333333333333,0.75,0.0,22.456132213896264,0.0,12.0
860,71.66666666666667,71.66666666666667,2,23.66666666666667,23:40,11.004076560396394,5.5015896923886345,5.502486868007759,2,1,1,2,1,1,1,1,0,0,0.0,0.0,9,0.75,27.264900525468235,0.0,0.0,0,none,0,-1,-1.0,-1.0,0.0,12,1.0,1.0,1.0,0,284,0.9861111111111113,0.0,0.6319444444444444,1.0,1.0,0.8333333333333334,0.0,22.439751322979898,0.0,12.0
861,71.75,71.75,2,23.75,23:45,11.003276852512217,5.5012778651142815,5.501998987397935,2,1,1,2,1,1,1,1,0,0,0.0,0.0,10,0.8333333333333334,32.43939247182394,0.0,0.0,0,none,0,-1,-1.0,-1.0,0.0,12,1.0,1.0,1.0,0,285,0.9895833333333334,0.0,0.6458333333333333,1.0833333333333333,1.0833333333333333,0.9166666666666666,0.0,23.321261317020973,0.0,12.0
862,71.83333333333333,71.83333333333333,2,23.83333333333333,23:49,11.002626889529498,5.5010244179194245,5.501602471610074,2,0,2,2,0,2,2,1,1,0,0.0,0.0,10,0.8333333333333334,23.42341233432284,0.0,0.0,0,none,0,-1,-1.0,-1.0,0.0,12,1.0,1.0,1.0,0,286,0.9930555555555554,0.0,0.6527777777777778,1.1666666666666667,1.1666666666666667,1.0833333333333333,0.0,23.51399877050945,0.0,12.0
863,71.91666666666667,71.91666666666667,2,23.91666666666667,23:55,11.002100141830912,5.5008190112139035,5.501281130617009,0,0,0,0,0,0,2,0,2,0,0.0,0.0,8,0.6666666666666666,0.0,0.0,0.0,0,none,0,-1,-1.0,-1.0,0.0,12,1.0,1.0,1.0,0,287,0.996527777777778,0.0,0.6458333333333333,1.1666666666666667,1.1666666666666667,1.25,0.0,23.51399877050945,0.0,12.0
